index ID,item ID,titles,categories
0,49,"ASUS GTX760-DC2OC-2GD5 GeForce GTX760 2GB GDDR5 256-bit, DVI-I/DVI-D/ HDMI/DP PCI-Express 3.0 SLI ready Graphic Card OC-selected 1072 MHz core","[[Electronics,Computers & Accessories,Computer Components,Graphics Cards]]"
1,126,"EN-EL15 Battery Charger for Nikon 1 V1, D60,0 D610, D800, D810, D7000, D7100 Digital SLR Camera + More!!","[[Electronics,Camera & Photo,Accessories,Batteries & Chargers,Battery Chargers,Camera]]"
2,133,"Plugable USB 2.0 Flash Memory Card Reader for Windows, Mac, Linux, and Certain Android Systems - Supports SD cards (SDHC, Mini SD, Micro SD / T-Flash, etc) and MS, MS Pro Duo, MMC, More","[[Electronics,Computers & Accessories,Cables & Accessories,Memory Card Readers]]"
3,170,Purosol All Natural Lens Cleaner 1oz.,"[[Electronics,Camera & Photo,Accessories,Cleaning Equipment,Cleaning Kits]]"
4,291,Evecase SlimBook Leather Folio Stand Case Cover for Toshiba Encore WT8 8-Inch Windows 8.1 Tablet ( Black ),"[[Electronics,Computers & Accessories,Touch Screen Tablet Accessories,Cases & Sleeves,Cases]]"
5,300,Canon EF 70-200mm f/2.8L USM Telephoto Zoom Lens for Canon SLR Cameras,"[[Electronics,Camera & Photo,Lenses,Camera Lenses,Digital Camera Lenses]]"
6,323,Microsoft Sculpt Mobile Mouse (43U-00001),"[[Electronics,Computers & Accessories,Cables & Accessories,Mice]]"
7,332,Rosewill Steel/Plastic ATX Mid Tower Computer Case Blackbone,"[[Electronics,Computers & Accessories,Computer Components,Computer Cases]]"
8,477,magicJack Plus,"[[Electronics,Portable Audio & Video,Digital Voice Recorders]]"
9,498,GoPro HERO3+: Silver Edition,"[[Electronics,Camera & Photo,Video,Sports & Action Video Cameras]]"
10,556,ATC 12 Cell NEW Li-ion Replacement Laptop Battery,"[[Electronics,Computers & Accessories,Laptop & Netbook Computer Accessories,Batteries]]"
11,584,Microsoft LifeChat LX-3000 Headset (JUG-00013),"[[Electronics,Computers & Accessories,Cables & Accessories,Headsets & Microphones,PC Headsets]]"
12,639,Kingston Digital DataTraveler SE9 8GB USB 2.0 (DTSE9H/8GBZET),"[[Electronics,Computers & Accessories,Data Storage,USB Flash Drives]]"
13,680,Wilson Electronics - Sleek 4G - Cell Phone Signal Booster for Single User - Retail Packaging - Black,"[[Cell Phones & Accessories,Accessories,Signal Boosters],[Electronics,Computers & Accessories,Computer Components]]"
14,694,Times Microwave LMR-400 PL259 Coax Ham or CB Radio Jumper Antenna Coaxial UHF VHF HF Coax Cable Jumper RF Transmission Line PL-259 Connectors - Made in USA - (3 ft US Made LMR-400 coaxial jumper),"[[Electronics,Portable Audio & Video,CB & Two-Way Radios,Accessories,Antennas]]"
15,810,AT&amp;T 90892 Noise Cancelling Headset (Cherry),"[[Electronics,Accessories & Supplies,Telephone Accessories,Headsets]]"
16,870,Cable Matters Cat6a Snagless Shielded (SSTP/SFTP) Ethernet Patch Cable in Blue 7 Feet,"[[Electronics,Computers & Accessories,Cables & Accessories,Cables & Interconnects,Ethernet Cables]]"
17,888,Photive iPad Mini Ultra Slim Folio Case with Built in Stand and Stylus Holder Designed for the New iPad mini / iPad mini Retina / iPad mini 2. Smart Cover Case Supports Sleep/Wake Feature,"[[Electronics,Computers & Accessories,Touch Screen Tablet Accessories,Cases & Sleeves,Cases]]"
18,956,Philips Branded 16X DVD-R Media 100 Pack in Spindle with Handle (DM4S6H00F/17),"[[Electronics,Accessories & Supplies,Blank Media,DVD-R Discs]]"
19,979,TopCase Rubberized Hard Case Cover for 13-Inch Macbook Air - Purple,"[[Electronics,Computers & Accessories,Laptop & Netbook Computer Accessories,Bags & Cases,Folio Cases]]"
20,1017,"Wasabi Power Battery (2-Pack) and Dual Charger for GoPro Hero3, Hero3+ and GoPro AHDBT-201, AHDBT-301, AHDBT-302, AHBBP-301, ACARC-001, AWALC-001 (with Car and US Plug)","[[Electronics,Camera & Photo,Accessories,Batteries & Chargers,Batteries,Camcorder Batteries]]"
21,1022,"Cblwhl Stereo / VCR RCA Cable, 2 RCA Audio with RCA RG59 Video Gold Plated, 6 feet","[[Electronics,Accessories & Supplies,Audio & Video Accessories,Cables & Interconnects,Audio Cables,RCA Cables]]"
22,1167,iPearl mCover Hard Shell Case with FREE keyboard cover for 15-inch Model A1398 MacBook Pro (with 15.4-inch Retina Display) - CLEAR,"[[Electronics,Computers & Accessories,Laptop & Netbook Computer Accessories,Replacement Screens]]"
23,1212,"Sony HDRPJ260V High Definition Handycam 8.9 MP Camcorder with 30x Optical Zoom, 16 GB Embedded Memory and Built-in Projector (2012 Model)","[[Electronics,Camera & Photo,Video,Camcorders]]"
24,1275,Kenwood KDC-252U In-Dash USB/CD Receiver,"[[Electronics,Car & Vehicle Electronics,Car Electronics,Car Audio,Car Stereo Receivers]]"
25,1318,"SoftRound Earpads, ear pads, ear cushion Replacement for Sony 211566803, Compatible with Sony MDR-7506, MDR-V6, MDR-CD900ST, Sony, etc. (Packaged 1 pair (2 pieces)) T018","[[Electronics,Accessories & Supplies,Audio & Video Accessories,Headphone Accessories,Earpads]]"
26,1363,Impact 60&quot; Convertible Umbrella,"[[Electronics,Camera & Photo,Lighting & Studio,Lighting,Lighting Controls & Modifiers,Umbrellas]]"
27,1444,Plugable 10 Meter (32 Foot) USB 2.0 Active Extension Cable Type A Male to A Female,"[[Electronics,Computers & Accessories,Cables & Accessories,Cables & Interconnects,USB Cables]]"
28,1450,"SMDV RFN-4s Slim Wireless Remote Shutter Cable Release, Transmitter, and Receiver Kit for Nikon Camera for Nikon D800, D800e, D4, D3, D2, D1, D300, D300s, and D200 (Replaces Nikon Cable MC-30)","[[Electronics,Camera & Photo,Accessories,Digital Camera Accessories,Shutter Release Cords]]"
29,1469,C2G / Cables to Go 03170 3.5mm Stereo Coupler  Female/Female,"[[Electronics,Accessories & Supplies,Audio & Video Accessories,Connectors & Adapters]]"
30,1488,Terrestrial Digital DB8 Multi-Directional 'Bowtie' UHF DTV Antenna,"[[Electronics,Accessories & Supplies,Audio & Video Accessories,Antennas,TV Antennas]]"
31,1499,SanDisk 32GB microSDHC Memory Card (Bulk Package),"[[Electronics,Computers & Accessories,Cables & Accessories,Memory Cards,Micro SD Cards]]"
32,1591,Micro USB Host OTG Cable with Micro USB Power for Samsung i9100 i9300 i9220 i9250 by AtomicMarket,"[[Electronics,Computers & Accessories,Cables & Accessories,Cables & Interconnects,USB Cables]]"
33,1626,MSI Computer Corp. Z87M GAMING Motherboards,"[[Electronics,Computers & Accessories,Computer Components,Motherboards]]"
34,1653,Samsung ECC1DP0UBEG OEM USB Charging Data Cable for Samsung Galaxy Tab 2 (ECC1DP0UBEG),"[[Electronics,Computers & Accessories,Touch Screen Tablet Accessories,Chargers & Adapters]]"
35,1701,Fotodiox Flash-3248-Ca 32-Inchx48-Inch Softbox with Soft Diffuser and Speedring Bracket for Canon Flash Speedlite,"[[Electronics,Camera & Photo,Lighting & Studio,Lighting,Lighting Controls & Modifiers,Soft Boxes]]"
36,1709,Case Logic LAPS-111 10 - 11.6 -Inch Chromebook/Netbook Sleeve (Black),"[[Electronics,Computers & Accessories,Laptop & Netbook Computer Accessories,Bags & Cases,Sleeves & Slipcases]]"
37,1763,AmazonBasics USB Cable - 3.0 A Male to Micro B - 6 Feet (1.8 Meters),"[[Electronics,Computers & Accessories,Cables & Accessories,Cables & Interconnects,USB Cables]]"
38,1865,"Metra 95-5026 Double DIN Installation Kit for Select 2001-up Ford, Lincoln and Mercury Vehicles -Black","[[Electronics,Car & Vehicle Electronics,Vehicle Electronics Accessories]]"
39,1885,Wacom Bamboo Feel Stylus for Microsoft Surface Pro 1 and 2 and tablets with Feel technology,"[[Electronics,Computers & Accessories,Cables & Accessories,Input Devices,Graphics Tablet Styluses]]"
40,1955,"Cable Matters 2 Pack, Gold Plated Hi-Speed USB 2.0 Type A to Micro-B Cable 6 Feet","[[Electronics,Computers & Accessories,Cables & Accessories,Cables & Interconnects,USB Cables]]"
41,2085,Joby JB01300-BWW GorillaPod Action Tripod with Mount for GoPro (Black/Red),"[[Electronics,Camera & Photo,Tripods & Monopods,Complete Tripods]]"
42,2113,Belkin Headphone Adapter with Remote for Apple iPod shuffle (Discontinued by Manufacturer),"[[Electronics,Portable Audio & Video,MP3 Players & Accessories,MP3 Player Accessories]]"
43,2134,4 Pairs of Atlona High-quality Speaker Banana Plug,"[[Electronics,Accessories & Supplies,Audio & Video Accessories,Connectors & Adapters]]"
44,2280,"Cable Matters 2 Pack, Gold Plated Hi-Speed USB 2.0 Type A to Mini-B Cable 15 Feet","[[Electronics,Computers & Accessories,Cables & Accessories,Cables & Interconnects,USB Cables]]"
45,2367,Tech Armor Nexus 7 FHD (2nd GENERATION) 2013 Tablet Premium Antiglare and Antifingerprint Screen Protector with Lifetime Replacement Warranty [3-PACK] - Retail Packaging,"[[Electronics,Computers & Accessories,Touch Screen Tablet Accessories,Screen Protectors]]"
46,2513,4-Year Desktop Plan ($700-800),"[[Electronics,Electronics Warranties]]"
47,2635,Coby MP620-4GBLU 1.8 Inch 4GB Video MP3 Player - Blue (Discontinued by Manufacturer),"[[Electronics,Portable Audio & Video,MP3 Players & Accessories,MP3 Players]]"
48,2707,Crucial Ballistix Sport Very Low Profile 8GB Kit (4GBx2) DDR3-1600 1.35V UDIMM 240-Pin Memory Modules BLS2C4G3D1609ES2LX0,"[[Electronics,Computers & Accessories,Computer Components,Memory]]"
49,2712,Canon EF 50mm f/1.4 USM Standard &amp; Medium Telephoto Lens for Canon SLR Cameras,"[[Electronics,Camera & Photo,Lenses,Camera Lenses,Digital Camera Lenses]]"
50,2806,"Silverstone Tek 3.5-Inch to 2 X 2.5-Inch Hard Drive HDD SSD Bay Converter, Silver (SDP08)","[[Electronics,Computers & Accessories,Cables & Accessories,Computer Cable Adapters]]"
51,2824,"BlueRigger High Speed HDMI Cable with Ethernet, Supports 3D and Audio Return (3 Feet)","[[Electronics,Accessories & Supplies,Audio & Video Accessories,Cables & Interconnects,Video Cables,HDMI Cables]]"
52,2849,Blueskysea 2013 New Firmware Dvr207gs Hd720p Ir Car Vehicle Dash Camera Cam DVR G-sensor M1113,"[[Electronics,Car & Vehicle Electronics,Car Electronics,Car Safety & Security,Vehicle Backup Cameras]]"
53,2876,Western Digital 1.5 TB WD Black SATA III 7200 RPM 64 MB Cache Bulk/OEM Desktop Hard Drive,"[[Electronics,Computers & Accessories,Data Storage,Internal Hard Drives]]"
54,3021,Sony Replacement NP-F550 Digital Camera Battery,"[[Electronics,Camera & Photo,Accessories,Batteries & Chargers,Batteries,Camera Batteries]]"
55,3039,Xion mATX/ITX Slim USB 3.0 Desktop Case with 5-In-1 Card-Reader and 300 Watt Power Supply XON-720P_BK - Black,"[[Electronics,Computers & Accessories,Computer Components,Computer Cases]]"
56,3075,Nikon HB-36 Bayonet Lens Hood for 70-300mm f/4.5-5.6G VR,"[[Electronics,Camera & Photo,Accessories,Lens Accessories,Lens Hoods]]"
57,3076,GTMax Micro HDMI to HDMI Male Cable -6ft for Blackberry Playbook Tablet,"[[Electronics,Accessories & Supplies,Audio & Video Accessories,Cables & Interconnects,Video Cables,HDMI Cables]]"
58,3151,"Elixir Strings Acoustic Guitar Strings, 6 String, Medium POLYWEB Coating","[[Electronics,Accessories & Supplies,Audio & Video Accessories,Cables & Interconnects,Audio Cables,Speaker Cables]]"
59,3158,Replacement Audio Cable w/ Control Talk Mic for Beats By Dr Dre Solo Studio Solohd By Ylab Audio,"[[Electronics,Accessories & Supplies,Audio & Video Accessories,Headphone Accessories,Extension Cords]]"
60,3186,ORICO BTA-402 USB Bluetooth 4.0 Micro Adapter Dongle Mini Bluetooth 4.0 Adapter Dongle With CSR8510 Controller and CSR Harmony for Windows XP Vista 2003 2008 7 and 8 32 or 64 Bit - Black,"[[Electronics,Computers & Accessories,Networking Products,Network Adapters,Bluetooth Network Adapters]]"
61,3198,RCA ANT121F High Quality Durable Passive Indoor Antenna,"[[Electronics,Accessories & Supplies,Audio & Video Accessories,Antennas,TV Antennas]]"
62,3200,Monster iCable 800 MP3 Player to Auxiliary Input Cord (3 Feet),"[[Electronics,Portable Audio & Video,MP3 Players & Accessories,MP3 Player Accessories]]"
63,3221,Apple Magic Mouse,"[[Electronics,Computers & Accessories,Cables & Accessories,Mice]]"
64,3342,Eye-Fi 16GB Pro X2 SDHC Class 10 Wireless Flash Memory Card Frustration Free Packaging EYE-FI-16PC-FF,"[[Electronics,Computers & Accessories,Cables & Accessories,Memory Cards,SD & SDHC Cards]]"
65,3379,XM XPMP3H1 Portable Satellite Radio and MP3 Player (XMp3i),"[[Electronics,Car & Vehicle Electronics,Car Electronics,Car Audio,Satellite Radio]]"
66,3476,BOSS Audio KIT2 8 Gauge Amplifier Installation Kit,"[[Electronics,Car & Vehicle Electronics,Vehicle Electronics Accessories]]"
67,3500,SAVEICON Black PU Folio Leather Case Cover with Built-in Stand for Apple iPad 1 1st Generation,"[[Electronics,Computers & Accessories,Touch Screen Tablet Accessories,Cases & Sleeves,Cases]]"
68,3520,APC BE750G Power Saving Battery Back-UPS,"[[Electronics,Computers & Accessories,Cables & Accessories,Uninterrupted Power Supply (UPS)]]"
69,3543,FUJIFILM FinePix AX330 Bundle 14 MP Digital Camera with 5 x Optical Zoom + FUJIFILM Case + FUJIFILM 4GB SD Card = Value Bundle Package - Black,"[[Electronics,Camera & Photo,Digital Cameras,Point & Shoot Digital Camera Bundles]]"
70,3564,"Monoprice 108323 Premium Hi-Fi DJ Style Over-the-Ear Pro Headphone, Black","[[Electronics,Accessories & Supplies,Audio & Video Accessories,Headphones]]"
71,3593,i-BLASON Apple iPad Mini with Retina Display Case (2nd Generation) Hard Snap On Slim-Fit Case (Smart Cover Compatible with Smart Cover Anchor Lock) (Clear),"[[Electronics,Computers & Accessories,Touch Screen Tablet Accessories,Cases & Sleeves,Cases]]"
72,3620,Silicon Power 8GB 240-Pin SDRAM DDR3 1333 (PC3 10600) Desktop Memory SP008GBLTU133N02,"[[Electronics,Computers & Accessories,Computer Components,Memory]]"
73,3734,ASUS MAXIMUS VII HERO ATX DDR3 2600 LGA 1150 Motherboards MAXIMUS VII HERO,"[[Electronics,Computers & Accessories,Computer Components,Motherboards]]"
74,3992,Rosewill Dual Fans MicroATX Mini Tower Computer Case FBM-01,"[[Electronics,Computers & Accessories,Computer Components,Computer Cases]]"
75,4035,Plantronics Vista M22 Amplifier,"[[Electronics,Accessories & Supplies,Telephone Accessories],[Electronics,Computers & Accessories,Cables & Accessories,Headsets & Microphones]]"
76,4039,ASUS P8Z77-V LX LGA 1155 Intel Z77 HDMI SATA 6Gb/s USB 3.0 ATX Intel Motherboard,"[[Electronics,Computers & Accessories,Computer Components,Motherboards]]"
77,4087,Patuoxun Dock Connector to HDMI Adapter for iPad 2 3rd iPhone 4 4S 4G iPod Touch 4G - Watch and Share Videos and Slideshows on Big High Ddefinition Screen,"[[Electronics,Computers & Accessories,Laptop & Netbook Computer Accessories,Chargers & Adapters]]"
78,4168,XFX AMD Radeon HD 5450 2GB DDR3 VGA/DVI/HDMI PCI-Express Video Card ON-XFX1-DLX2,"[[Electronics,Computers & Accessories,Computer Components,Graphics Cards]]"
79,4492,Ge Jasho98960 Pc Stereo Headset With Boom Mic,"[[Electronics,Computers & Accessories,Cables & Accessories,Headsets & Microphones,PC Headsets]]"
80,4500,Dell 45W Replacement AC Adapter for Dell,"[[Electronics,Computers & Accessories,Laptop & Netbook Computer Accessories,Chargers & Adapters]]"
81,4505,Vktech 10 Set of Rear Lens Cover with Camera Body Cap for Canon DSLR SLR EOS EF,"[[Electronics,Camera & Photo,Accessories,Lens Accessories,Lens Caps]]"
82,4529,Velodyne vPulse Black In-Ear Headphones with Inline Microphone,"[[Electronics,Accessories & Supplies,Audio & Video Accessories,Headphones]]"
83,4544,"iMBAPrice C5-10BL Cat5e 10-Feet 350MHz Ethernet Patch Cable, Blue","[[Electronics,Accessories & Supplies,Audio & Video Accessories,Cables & Interconnects,Power Cables]]"
84,4556,MyDigitalSSD 32GB (30GB) SC2 Super Cache 2 42mm SATA III 6G M.2 NGFF M2 SSD Solid State Drive (32GB),"[[Electronics,Computers & Accessories,Data Storage,Internal Solid State Drives]]"
85,4569,Monster MPC I304 4C-5M Extra Low Noise 4-Channel Car Stereo RCA Cables (5 meters),"[[Electronics,Accessories & Supplies]]"
86,4634,Sirius Satellite Radio XDNX1V1BB2 Onyx with Car Kit and Portable Speaker Dock Bundle (Black),"[[Electronics,Car & Vehicle Electronics,Car Electronics,Car Audio,Satellite Radio]]"
87,4721,Rolls HA43 Pro Headphone Amplifier Mixer,"[[Electronics,Accessories & Supplies,Audio & Video Accessories,Headphone Accessories,Amps]]"
88,4752,Arkon Travel iPad and Android Tablet Stand for Apple iPad Samsung Galaxy Note Pro Galaxy Tab Nexus 7,"[[Electronics,Computers & Accessories,Touch Screen Tablet Accessories,Stands]]"
89,4865,"CaseCrown Vertical Mobile Messenger Bag (Brown) for iPad 4th Generation with Retina Display, iPad 3 &amp; iPad 2, Kindle Fire HD (Tablets &amp; eReaders)","[[Electronics,Computers & Accessories,Touch Screen Tablet Accessories,Cases & Sleeves,Cases]]"
90,4880,Tivo C00221 Replacement Remote,"[[Electronics,Accessories & Supplies,Audio & Video Accessories,Remote Controls,TV Remote Controls]]"
91,4892,Neewer Digital LCD Optical Screen Protector For Nikon D600,"[[Electronics,Camera & Photo,Accessories,Digital Camera Accessories,Screen Protector Foils]]"
92,4940,BLACK 100FT CAT6 CAT 6 RJ45 PATCH ETHERNET NETWORK CABLE 100',"[[Electronics,Computers & Accessories,Cables & Accessories,Cables & Interconnects,Ethernet Cables]]"
93,4977,TRIPP LITE P311-010 10-Feet Male to 3.5mm Female Mini Stereo Audio Extension Cable,"[[Electronics,Accessories & Supplies,Audio & Video Accessories,Connectors & Adapters]]"
94,5022,PRO-JECT - DEBUT CARBON (BLACK),"[[Electronics,Home Audio,Stereo Components,Turntables]]"
95,5072,Sabrent USB 2.0 TO SERIAL CABLE ADAPTER / USB A-MALE &amp; SERIAL 9-PIN MALE WITH THUMBSCREWS CONNECTORS (CB-FT1K,"[[Electronics,Computers & Accessories,Cables & Accessories,Computer Cable Adapters]]"
96,5091,Seagate FreeAgent GoFlex Pro FireWire 800 USB 2.0 Ultra-Portable 500 GB External Hard Drive for Mac STBB500100,"[[Electronics,Computers & Accessories,Data Storage,External Hard Drives]]"
97,5152,Logitech Harmony Touch Universal Remote with Color Touchscreen - Black (915-000198),"[[Electronics,Accessories & Supplies,Audio & Video Accessories,Remote Controls,TV Remote Controls]]"
98,5154,Joby UltraFit Sling Strap for Men for DSLRs or CSCs,"[[Electronics,Camera & Photo,Bags & Cases,Binocular, Camera & Camcorder Straps]]"
99,5173,Corsair Air Series SP120 PWM Quiet Edition (CO-9050011-WW),"[[Electronics,Computers & Accessories,Computer Components,Fans & Cooling,Case Fans]]"
100,5220,ViewSonic VX2250WM-LED 22-Inch (21.5-Inch Vis) Widescreen Full HD 1080p LED Monitor with Integrated Stereo Speakers,"[[Electronics,Computers & Accessories,Monitors]]"
101,5263,Garmin n&uuml;vi 255 3.5-Inch Portable GPS Navigator (Discontinued by Manufacturer),"[[Electronics,GPS & Navigation,Sports & Handheld GPS,Handheld GPS Units]]"
102,5292,Mediabridge Cat5e Ethernet Patch Cable (25 Feet) - RJ45 Computer Networking Cord - Blue,"[[Electronics,Computers & Accessories,Cables & Accessories,Cables & Interconnects,Ethernet Cables]]"
103,5318,StarTech.com Micro USB Cable - A to Micro B (UUSBHAUB3),"[[Electronics,Computers & Accessories,Cables & Accessories,Cables & Interconnects,USB Cables]]"
104,5354,BlueRigger Premium Mini DisplayPort to HDMI Male to Female Adaptor Cable (15cm) - MacBook Pro/Air - with HD Audio,"[[Electronics,Accessories & Supplies,Audio & Video Accessories,Cables & Interconnects,Video Cables,HDMI Cables]]"
105,5418,Neewer 110CM 43-Inch 5-in-1 Collapsible Multi-Disc Light Reflector,"[[Electronics,Camera & Photo,Lighting & Studio,Lighting,Lighting Controls & Modifiers,Reflectors]]"
106,5465,"Polaroid Optics 72mm 4 Piece Filter Set (UV, CPL, FLD, WARMING)","[[Electronics,Camera & Photo,Accessories,Filters & Accessories,Filter Sets]]"
107,5511,Speck Products Fitfolio Burton Design Case for iPad 2/3/4 (SPK-A1750),"[[Electronics,Computers & Accessories,Touch Screen Tablet Accessories,Cases & Sleeves,Cases]]"
108,5534,Kodak ZxD Pocket Video Camera (Black),"[[Electronics,Camera & Photo,Video,Camcorders]]"
109,5573,RiteAV - Audio Video RCA Cable 25 feet,"[[Electronics,Accessories & Supplies,Audio & Video Accessories,Cables & Interconnects,Audio Cables,RCA Cables]]"
110,5599,Fotodiox Macro Reverse Ring Camera Mount Adapter for using Canon EOS Camera with 52mm Filter Thread Lens,"[[Electronics,Camera & Photo,Accessories,Lens Accessories,Adapters & Converters]]"
111,5638,C2G / Cables to Go 45138 Ultima HD15 Male/Male SVGA Video Cable (6 Feet/1.82 Meters),"[[Electronics,Computers & Accessories,Cables & Accessories,Cables & Interconnects,VGA Cables]]"
112,5650,AmazonBasics USB 2.0 A-Male to Mini-B Cable - 6 Feet (1.8 Meters),"[[Electronics,Computers & Accessories,Cables & Accessories,Cables & Interconnects,USB Cables]]"
113,5706,"VideoSecu Tilt Swivel TV Wall Mount 32&quot;- 55&quot; LCD LED Plasma TV Flat Screen with VESA up to 600x400 mm, Full Motion Articulating Dual Arm Mount Fits up to 24&quot; Studs MW365B2 C20","[[Electronics,Accessories & Supplies,Audio & Video Accessories,TV Accessories & Parts,TV Ceiling & Wall Mounts]]"
114,5742,Olympus M.ZUIKO DIGITAL ED 75mm f1.8 (Silver) Lens for Olympus and Panasonic Micro 4/3 Cameras,"[[Electronics,Camera & Photo,Lenses,Camera Lenses,Digital Camera Lenses]]"
115,5792,"Genuine Dell 250W Power Supply PSU for SFF Small Form Factor Slim Inspiron 530s, 531s, Vostro 200s, 200 (slim only), 220s, Studio 540s Identical Dell Part Numbers XW605, YX301, XW604, XW784, XW783, YX299, YX303, 6423C, K423C, N038C, H856C, YX302, XW602 Compatible Model Numbers: TFX0250D5W, DPS-250AB-28 B, 04G185021200DE","[[Electronics,Computers & Accessories,Computer Components,Power Supplies]]"
116,5828,Andrea Electronics C1-1022500-1 model NC-185 VM High Fidelity Stereo PC Headset with Noise Canceling Microphone and Volume/Mute Controls (No USB),"[[Electronics,Computers & Accessories,Cables & Accessories,Headsets & Microphones]]"
117,5844,Canon ET65III Lens Hood for Canon SLR Lens,"[[Electronics,Camera & Photo,Accessories,Lens Accessories,Lens Hoods]]"
118,5859,Alpine MRP-F300 4-Channel 300 Watts Amplifier,"[[Electronics,Car & Vehicle Electronics,Car Electronics,Car Audio,Amplifiers,Multichannel Amplifiers]]"
119,5872,Canon PowerShot SX160 IS 16.0 MP Digital Camera (Old Model) with 16x Wide-Angle Optical Image Stabilized Zoom with 3.0-Inch LCD,"[[Electronics,Camera & Photo,Digital Cameras,Point & Shoot Digital Cameras]]"
120,5933,AZiO Slim and Ergonomic HTPC/Smart TV Wireless 2.4 GHz Keyboard (KB115),"[[Electronics,Computers & Accessories,Cables & Accessories,Keyboards]]"
121,5980,"Griffin Technology Survivor for iPad mini, Black/Black (GB35918)","[[Electronics,Computers & Accessories,Touch Screen Tablet Accessories,Cases & Sleeves,Cases]]"
122,6090,"Tripp Lite SK3-0 3 Outlet Direct Plug-In, 660 Joules Surge Suppressor","[[Electronics,Computers & Accessories,Cables & Accessories,Surge Protectors]]"
123,6172,CowboyStudio Seamless 100% Cotton 10 X 12ft White Muslin Backdrop,"[[Electronics,Camera & Photo,Lighting & Studio,Photo Studio,Backgrounds]]"
124,6190,Westcott 130  9 x 10 Feet Green Screen Backdrop Wrinkle Resistant,"[[Electronics,Camera & Photo,Lighting & Studio,Photo Studio,Backgrounds]]"
125,6196,StarTech.com 8in HDMI to DVI-D Video Cable Adapter - HDMI Female to DVI Male - HDMI to DVI Dongle Adapter Cable,"[[Electronics,Accessories & Supplies,Audio & Video Accessories,Cables & Interconnects,Video Cables,HDMI Cables]]"
126,6451,Canon PowerShot SX50 HS 12MP Digital Camera with 2.8-Inch LCD (Black),"[[Electronics,Camera & Photo,Digital Cameras,Point & Shoot Digital Cameras]]"
127,6548,Tech Armor Microsoft Surface RT/Pro (First Gen)(NOT 2nd Generation) High Defintion (HD) Clear Screen Protectors -- Maxim,"[[Electronics,Computers & Accessories,Touch Screen Tablet Accessories,Screen Protectors]]"
128,6574,eForCity&reg; Pentax D-Li63 Compatible Lithium-ion Battery for Pentax Optio M30 / T30 / W30 SLR Camera,"[[Electronics,Camera & Photo,Accessories,Batteries & Chargers,Batteries,Camera Batteries]]"
129,6652,LG Electronics BP330 Blu-ray Disc Player with Wi-Fi (2013 Model),"[[Electronics,Television & Video,Blu-ray Players & Recorders,Blu-ray Players]]"
130,6673,"NEEWER Timer Remote for Canon 50D, 40D, 30D, 20D, 10D, 5D,1Ds Mark III, 1D Mark III, 1D Mark II N, 1Ds Mark II,1D, 1V, EOS 3, D2000","[[Electronics,Camera & Photo,Accessories,Digital Camera Accessories,Shutter Release Cords]]"
131,6706,"Samsung MB-MPAGA 16 GB microSDHC Flash Memory Card, (Black)","[[Electronics,Computers & Accessories,Cables & Accessories,Memory Cards,Micro SD Cards]]"
132,6820,"Kingston Digital 16 GB USB 2.0 Hi-speedDatatraveler Flash Drive DTIG3/16GBZ, White and Blue","[[Electronics,Computers & Accessories,Data Storage,USB Flash Drives]]"
133,6907,ASUS (RT-AC68U) Wireless-AC1900 Dual-Band Gigabit Router,"[[Electronics,Computers & Accessories,Routers]]"
134,6924,IOGEAR 2-Port USB 2.0 Printer Auto Sharing Switch GUB211 (Black),"[[Electronics,Computers & Accessories,External Components,KVM Switches]]"
135,6984,Delkin Secure Digital (SD) 8 Card Carrying Case DDACC-SD8,"[[Electronics,Computers & Accessories]]"
136,7010,Corsair CMPSU-650TX 650-Watt TX Series 80 Plus Certified Power Supply,"[[Electronics,Computers & Accessories,Computer Components,Power Supplies]]"
137,7029,Microsoft M03-00090 Wireless Optical Mouse 5000 High Definition with Tilt Wheel Platinum Mac/Win PS2/USB English,"[[Electronics,Computers & Accessories,Cables & Accessories,Mice]]"
138,7150,Koolertron Rear View License Plate Backup CMOS Camera,"[[Electronics,Car & Vehicle Electronics,Car Electronics,Car Safety & Security,Vehicle Backup Cameras]]"
139,7164,"ARCTIC Accelero Mono Plus VGA Cooler - nVidia &amp; AMD, 120mm Efficient PWM Fan, SLI/CrossFire","[[Electronics,Computers & Accessories,Computer Components,Fans & Cooling,Graphics Card Fans]]"
140,7360,Patriot 32GB Axle Series Cap-less USB 2.0 Flash Drive - PSF32GAUSB,"[[Electronics,Computers & Accessories,Data Storage,USB Flash Drives]]"
141,7377,Crucial Ballistix Sport 4GB Single DDR3 1600 MT/s (PC3-12800) CL9 @1.5V UDIMM 240-Pin Memory Module BLS4G3D1609DS1S00,"[[Electronics,Computers & Accessories,Computer Components,Memory]]"
142,7521,OTIC 30 Pin Bluetooth Audio Receiver for iPhone iPod Speaker Dock with Bluetooth V3.0 EDR with A2DP,"[[Electronics,Portable Audio & Video,MP3 Players & Accessories,MP3 Player Accessories,Speaker Systems]]"
143,7582,JLab JBuds EPIC Earbuds with 13mm C3 Massive Drivers and Customizable Cush Fins - Black/Gray,"[[Electronics,Accessories & Supplies,Audio & Video Accessories,Headphones]]"
144,7682,iPearl mCover Hard Shell Case for 11.6&quot; Samsung Chromebook (Wi-Fi or 3G) laptop - Green,"[[Electronics,Computers & Accessories,Touch Screen Tablet Accessories,Cases & Sleeves,Cases]]"
145,7692,Cooler Master MegaFlow 200 - Sleeve Bearing 200mm Red LED Silent Fan for Computer Cases,"[[Electronics,Computers & Accessories,Computer Components,Fans & Cooling,Case Fans]]"
146,7763,APC LE1200 Line-R 1200VA Automatic Voltage Regulator,"[[Electronics,Computers & Accessories,Cables & Accessories,Surge Protectors]]"
147,7796,"Polaroid 1X-2.5X Right Angle Viewfinder for Canon EOS, Nikon, Olympus, Panasonic, Sony, &amp; Pentax Digital SLR Cameras","[[Electronics,Camera & Photo,Accessories,Binocular Accessories]]"
148,7798,Sony MDR-V55/WHI DJ style Headphones,"[[Electronics,Accessories & Supplies,Audio & Video Accessories,Headphones]]"
149,7839,"Barnes &amp; Noble NOOK Tablet 16GB, Wi-Fi, 7&quot; Touchscreen eBook Reader- 1GHz Dual-Core BNTV250","[[Electronics,eBook Readers & Accessories,eBook Readers]]"
150,7850,Stereo Install Dash Kit Chevy CK Silverado 95 96 97 98 (car radio wiring installation parts),"[[Electronics,Car & Vehicle Electronics,Vehicle Electronics Accessories]]"
151,7962,EnjoyGadgets EGHS3SS 3-In 1-Out 1080p Auto-Switching 3-Port HDMI Switcher Selector with Support 3D and HD Audio,"[[Electronics,Accessories & Supplies,Audio & Video Accessories,Cables & Interconnects]]"
152,7991,Walkman Car Connecting Pack for MD Walkman and CD Walkman (Model# CPA-9C),"[[Electronics,Portable Audio & Video,MP3 Players & Accessories,MP3 Player Accessories,Cassette Player Adapters]]"
153,7994,CNE70196 High Quality Black DisplayPort Male to HDMI Cable Male 6ft/2M,"[[Electronics,Accessories & Supplies,Audio & Video Accessories,Cables & Interconnects,Video Cables,HDMI Cables]]"
154,8031,"Yongnuo Professional Flash Speedlight Flashlight Yongnuo YN 560 III for Canon Nikon Pentax Olympus Camera / Such as: Canon EOS 1Ds Mark, EOS1D Mark, EOS 5D Mark, EOS 7D, EOS 60D, EOS 600D, EOS 550D, EOS 500D, EOS 1100D","[[Electronics,Camera & Photo,Flashes,Shoe Mount Flashes]]"
155,8055,Snugg Black Leather iPad 1 Case with Lifetime Guarantee - Flip Stand Cover with Protective Premium Nubuck Fibre Interior for the Apple iPad 1,"[[Electronics,Computers & Accessories,Touch Screen Tablet Accessories,Cases & Sleeves,Cases]]"
156,8071,Sony Cyber-Shot DSC-H200 Digital Camera (Black) with 32GB Card + Batteries &amp; Charger + Case + Tripods + Accessory Kit,"[[Electronics,Camera & Photo,Digital Cameras,Point & Shoot Digital Camera Bundles]]"
157,8077,ASUS BP6375-I53470040B Desktop,"[[Electronics,Computers & Accessories,Desktops]]"
158,8105,Nakamichi NA98 CD / USB / MP3 / WMA / TUNER RECEIVER,"[[Electronics,Accessories & Supplies,Audio & Video Accessories,Cables & Interconnects,Audio Cables,Stereo Jack Cables]]"
159,8120,"Triple Tripod Kit + Wireless Shutter Release Remote Control For Canon EOS Rebel T5i, T4i, T3i, T2i, XT, Xti, 5D, 7D, 70D DSLR (Canon RC-5 &amp; RC-6 Replacement) Includes 57&quot; Full Tripod + 67&quot; Monopod + 10&quot; Flexible Tripod + Wireless Shutter Release + More","[[Electronics,Camera & Photo,Accessories,Digital Camera Accessories,Shutter Release Cords]]"
160,8163,Komputerbay 4GB 2X 2GB DDR2 667MHz PC2-5300 PC2-5400 DDR2 667 (200 PIN) SODIMM Laptop Memory,"[[Electronics,Computers & Accessories,Computer Components,Memory]]"
161,8192,Fotasy CokinProductKit40in1 Complete Square Filter Kit Compatible with Cokin P Series,"[[Electronics,Camera & Photo,Accessories,Filters & Accessories,Neutral Density Filters]]"
162,8261,eForCity LCD Screen Protector Glass Compatible with Canon EOS 600D T3i DSLR,"[[Electronics,Camera & Photo,Accessories]]"
163,8294,Elandpower OBD OBD2 S-EOLF-BMW20P 16 Pin Connector Diagnostic Adapter for BMW 20 Pin,"[[Electronics,Car & Vehicle Electronics,Vehicle Electronics Accessories,Audio & Video Accessories,Auxiliary Input Adapters]]"
164,8336,Belkin HDDB15M/HDDB15F Premium Gold VGA Monitor Extension Cable - 10ft,"[[Electronics,Computers & Accessories,Cables & Accessories,Cables & Interconnects]]"
165,8394,Metra 70-8114 Steering Wheel Control Wire Harness with RCA for 2003-Up Select Toyota/Scion/Lexus Vehicles,"[[Electronics,Car & Vehicle Electronics,Vehicle Electronics Accessories]]"
166,8500,Apple Keyboard with Numeric Keypad MB110LL/B [NEWEST VERSION],"[[Electronics,Computers & Accessories,Cables & Accessories,Keyboards]]"
167,8539,6FT SVGA VGA Monitor MM Male To Male Extension Cable 80,"[[Electronics,Computers & Accessories,Cables & Accessories,Cables & Interconnects,VGA Cables]]"
168,8548,ArmorSuit MilitaryShield - Apple iPad 4 with Retina Display / iPad 3 / iPad 2 Screen Protector Shield + Lifetime Replacements,"[[Electronics,Computers & Accessories,Touch Screen Tablet Accessories,Screen Protectors]]"
169,8590,Toshiba Mini NB205-N230 (NB200 series) 10.1-Inch Black Onyx Netbook - 9 Hours of Battery Life (Windows 7 Starter),"[[Electronics,Computers & Accessories,Laptop & Netbook Computer Accessories,Batteries]]"
170,8641,"Lenovo Thinkpad T410- Core i5 2.53Hz, 4GB DDR3, 80GB SSD, 14.1&quot; LED, Windows 7 PRO","[[Electronics,Computers & Accessories,Laptops]]"
171,8643,ZMODO 8Channel D1 DVR Security Camera System w/ 4 outdoor Day/Night 600TVL Hi-Resolution cctv Surveillance Cameras No Hard Drive,"[[Electronics,Camera & Photo,Video Surveillance,Surveillance Systems,Surveillance DVR Kits]]"
172,8646,AmazonBasics 4.7 GB 16x DVD-R (100-Pack Spindle),"[[Electronics,Accessories & Supplies,Blank Media,CD-R Discs]]"
173,8665,WD Elements SE Portable 500 GB USB 3.0 External Hard Drive - WDBPCK5000ABK-NESN,"[[Electronics,Computers & Accessories,Data Storage,External Hard Drives]]"
174,8719,32gb Micro Sd Card Sdhc Tf Flash Memory Card 32gb Class 10,"[[Electronics,Computers & Accessories,Cables & Accessories,Memory Cards,Micro SD Cards]]"
175,8800,"EVGA GeForce 8400 GS 1 GB DDR3 PCI Express 2.0 DVI/HDMI/VGA Graphics Card, 01G-P3-1302-LR","[[Electronics,Computers & Accessories,Computer Components,Graphics Cards]]"
176,8855,Western Digital 1.5 TB Caviar Green SATA Intellipower 64 MB Cache Bulk/OEM Desktop Hard Drive WD15EARS,"[[Electronics,Computers & Accessories,Data Storage,Internal Hard Drives]]"
177,8905,MSI Computer Corp. ATX DDR3 1066 LGA 1150 Motherboards Z87 MPOWER MAX,"[[Electronics,Computers & Accessories,Computer Components,Motherboards]]"
178,9018,AmazonBasics High-Speed HDMI Cable 2-Pack - 6.5 Feet (2 Meters),"[[Electronics,Accessories & Supplies,Audio & Video Accessories,Cables & Interconnects,Video Cables,HDMI Cables]]"
179,9151,GoPro HERO3 Caps and Doors,"[[Electronics,Camera & Photo,Accessories,Digital Camera Accessories,Accessory Kits]]"
180,9185,Sony Digital Flash Voice Recorder (ICD-PX312),"[[Electronics,Portable Audio & Video,Digital Voice Recorders]]"
181,9191,CM Storm SF-19 Gaming Laptop Cooling Pad with Two 140mm Turbine Fans (SGA-4000-KKNF1),"[[Electronics,Computers & Accessories,Laptop & Netbook Computer Accessories,Cooling Pads]]"
182,9452,Garmin Portable Friction Mount - Frustration Free Packaging,"[[Electronics,GPS & Navigation,GPS System Accessories,Vehicle Mounts]]"
183,9488,Manfrotto 502 Video Head MVH502AH,"[[Electronics,Camera & Photo,Tripods & Monopods,Tripod Heads]]"
184,9574,"NZXT PHANTOM ATX Full Tower Case, White PHAN-001WT","[[Electronics,Computers & Accessories,Computer Components,Computer Cases]]"
185,9585,Cable Matters Gold Plated Mini DisplayPort (Thunderbolt&trade; Port Compatible) to HDMI Cable in White 15 Feet,"[[Electronics,Computers & Accessories,Cables & Accessories,Computer Cable Adapters,DVI-HDMI Adapters]]"
186,9656,Griffin Survivor Case for iPad mini - Blue/Black (GB35921-2),"[[Electronics,Computers & Accessories,Touch Screen Tablet Accessories,Cases & Sleeves,Cases]]"
187,9729,"EVGA GeForce GT 640 2048MB GDDR3 Dual DVI, mHDMI Graphics Cards 02G-P4-2643-KR","[[Electronics,Computers & Accessories,Computer Components,Graphics Cards]]"
188,9730,"Ubiquiti UniFi Long Range Access Point, (2.4 GHz, UAP-LR-US, US Version)","[[Electronics,Computers & Accessories,Networking Products,Wireless Access Points]]"
189,9986,ARCTIC Accelero Hybrid II-120 Water Cooler for Graphics Cards with Backside Cooler for Efficient RAM and VRM Cooling DCACO-V860001-GB Black,"[[Electronics,Computers & Accessories,Computer Components,Fans & Cooling,Graphics Card Fans]]"
190,10011,Adorama Dedicated Lens Hood 18-55mm VR Lens HB-45,"[[Electronics,Camera & Photo,Accessories,Lens Accessories,Lens Hoods]]"
191,10013,Seagate Backup Plus 1TB Portable External Hard Drive USB 3.0 (Red)(STBU1000103),"[[Electronics,Computers & Accessories,Data Storage,External Hard Drives]]"
192,10044,Seagate Wireless Plus 1TB Mobile Cloud Storage with Built-in WiFi Streaming (STCK1000100),"[[Electronics,Computers & Accessories,Data Storage,External Hard Drives]]"
193,10058,Panasonic Lumix DMC-FZ30K 8MP Digital Camera with 12x Image Stabilized Optical Zoom (Black),"[[Electronics,Camera & Photo,Digital Cameras,Point & Shoot Digital Cameras]]"
194,10106,LB1 High Performance New Battery for HP Probook 4530s 4330s 4331s 4430s 4431s 4435s 4436s 4535s Series Laptop Notebook Computer [6-Cell 10.8V] 18 Months Warranty,"[[Electronics,Computers & Accessories,Laptop & Netbook Computer Accessories,Batteries]]"
195,10130,Poetic Keybook Bluetooth Keyboard And Leather Book Style Case For Ipad 3 / 2/ 1 Black -Support Auto Wake/Sleep Function (3 Year Manufacturer Warranty From ),"[[Electronics,Computers & Accessories,Touch Screen Tablet Accessories,Cases & Sleeves,Cases]]"
196,10212,BestDealUSA USB Bluetooth 3.5mm Stereo Audio Music Receiver Adapter for Speaker iPhone Mp3,"[[Electronics,Computers & Accessories,Networking Products,Network Adapters,USB Network Adapters]]"
197,10236,"Etekcity&reg; Scroll X1 (M555) 2400 DPI Wired USB Optical Gaming Mouse with 7 Programmable Buttons,Omron Micro Switches","[[Electronics,Computers & Accessories,Cables & Accessories,Mice]]"
198,10237,Canon EF-S 15-85mm f/3.5-5.6 IS USM UD Standard  Zoom Lens for Canon Digital SLR Cameras,"[[Electronics,Camera & Photo,Lenses,Camera Lenses]]"
199,10284,EVGA GeForce GTX760 FTW with ACX Cooler 4GB GDDR5 256Bit Dual-Link DVI-I DVI-D HDMI DP SLI Ready 04G-P4-3768-KR,"[[Electronics,Computers & Accessories,Computer Components,Graphics Cards]]"
200,10288,Clear Crystal Transparent Snap-On Hard Skin Case Cover for Ipod Nano 6th Gen Generation 6g 6 8gb 16gb 32gb by Electromaster,"[[Electronics,Portable Audio & Video,MP3 Players & Accessories,MP3 Player Accessories,Cases]]"
201,10291,"Apple iPad Air MD785LL/A (16GB, Wi-Fi, Black with Space Gray) NEWEST VERSION","[[Electronics,Computers & Accessories,Tablets]]"
202,10351,Bear Motion (Trademark) Genuine Leather Case for Apple Ipad 1 (first generation) - Black,"[[Electronics,Computers & Accessories,Touch Screen Tablet Accessories,Cases & Sleeves,Cases]]"
203,10436,Acer Ms1238us 2-piece USB Powered Pc Speaker Set W/3.5mm Jack,"[[Electronics,Computers & Accessories,Cables & Accessories,Computer Speakers]]"
204,10444,Steiner 235 10x26 Safari Pro Binocular,"[[Electronics,Camera & Photo,Binoculars & Scopes,Binoculars]]"
205,10470,Ubiquiti AirRouter HP Indoor WiFi router,"[[Electronics,Computers & Accessories,Networking Products,Wireless Access Points]]"
206,10514,Zing Revolution Despicable Me 2 - Minion Group Laptop Cover Skin for 15-Inch Mac and PC (MS-DMT80011),"[[Electronics,Computers & Accessories,Touch Screen Tablet Accessories,Skins & Decals]]"
207,10515,10-Inch Micro HDMI to VGA Female Video Cable - Support HD 1080p,"[[Electronics,Accessories & Supplies,Audio & Video Accessories,Cables & Interconnects,Video Cables,HDMI Cables]]"
208,10543,eForCity 3-Pack Reusable Screen Protector for Samsung Galaxy Tab 2 (CSAMGLXTBS14),"[[Electronics,Computers & Accessories,Touch Screen Tablet Accessories,Screen Protectors]]"
209,10557,LG Internal UH12NS30 BD-ROM Blu-ray Optical Drive,"[[Electronics,Computers & Accessories,Computer Components,Internal Optical Drives,Internal DVD Drives]]"
210,10626,Pack of 2 NP-FV50 Batteries And Battery Charger for Sony HDR-CX220 HDR-CX230 HDR-CX290 HDR-CX330 HDR-CX380 HDR-CX430V HDR-CX900 TD30V HDR-CX260V HDR-CX580V HDR-CX760V HDR-PJ200 HDR-PJ230 HDR-PJ340 HDR-PJ380 HDR-PJ430V HDR-PJ540 HDR-PJ650V HDR-PV710V HDR-PV790V HDR-PJ810 HDR-TD30V FDR-AX100 Handycam Camcorder + More!!,"[[Electronics,Camera & Photo,Accessories,Batteries & Chargers,Battery Chargers,Camcorder]]"
211,10636,Monoprice 106273 15-Feet Optical Toslink with 5.0-Meters Outside Diameter Audio Cable,"[[Electronics,Accessories & Supplies]]"
212,10675,"GEARONIC TM iPad Mini 5-in-1 Accessories Bundle Rotating Case for Business and Travel, Light Blue","[[Electronics,Computers & Accessories,Touch Screen Tablet Accessories,Cases & Sleeves]]"
213,10704,Altura Photo Lens Cap Keeper Holder + Premium MagicFiber Cleaning Cloth,"[[Electronics,Camera & Photo,Accessories,Lens Accessories,Lens Caps]]"
214,10737,BlueRigger High Speed Micro HDMI to HDMI cable with Ethernet - 10 feet,"[[Electronics,Accessories & Supplies,Audio & Video Accessories,Cables & Interconnects,Video Cables,HDMI Cables]]"
215,10851,"Opteka Shutter Release Remote Control Cord for Nikon D1, D2, D3, D3x, D3s, D4, D100, D200, D300, D300S, D700 and D800 Digital SLR Cameras (Nikon MC-30 Replacement)","[[Electronics,Camera & Photo,Accessories,Digital Camera Accessories,Shutter Release Cords]]"
216,10866,SquareTrade 2-Year PC Peripherals Protection Plan ($0-$50),"[[Electronics,Electronics Warranties]]"
217,11000,"Kinivo CCA300 Car Power Inverter with USB Charging Ports - For Laptops, Smartphones and other AC/ USB powered devices (300 Watt)","[[Electronics,Computers & Accessories,Networking Products,Network Adapters,USB Network Adapters]]"
218,11101,"Deadbolt Banana Plugs, 12-pair, By Sewell Direct","[[Electronics,Accessories & Supplies,Audio & Video Accessories,Connectors & Adapters]]"
219,11158,"Fotodiox Eyecup for Canon EOS Digital Rebel T5i, T4i, T3i, T3, T2i, T1i, XS, XSi, XTi, XT, 300D, 10D-60D 70D, 1D, 1D MkII, 1Ds MkII, 6D, 5D, 5D MkII","[[Electronics,Camera & Photo,Accessories,Lens Accessories]]"
220,11162,Tamrac 3447 Rally 7 Camera/Laptop Bag (Brown/Tan),"[[Electronics,Camera & Photo,Bags & Cases,Camera Cases]]"
221,11334,"Skque Anti Glare Screen Protector for Samsung Galaxy Note 10.1 N8000,N8010","[[Electronics,Computers & Accessories,Touch Screen Tablet Accessories,Screen Protectors]]"
222,11412,PAC SNI1 Noise Isolator,"[[Electronics,Car & Vehicle Electronics,Vehicle Electronics Accessories,Vehicle Audio & Video Installation,Amplifier Installation,Noise Filters]]"
223,11527,"TP-LINK TL-WR700N  Wireless N150  Portable Router, Pocket  Design, Router/AP/Client/Bridge/Repeater Modes,150Mpbs","[[Electronics,Computers & Accessories,Networking Products,Repeaters]]"
224,11651,PocketWizard Plus X Radio Trigger with 10 Channels (Set of 2) + Carrying Bag for 2 Triggers + Bonus Focus Gift Card!,"[[Electronics,Camera & Photo,Lighting & Studio,Lighting,Remote Triggers]]"
225,11695,"Tablet Case for Hannspree HANNS pad 10.1&quot; (SN10T2)[Black and Forest Green] Slim Wrapper Carrying Case and Complimentary NextDia &#153; Velcro Cable Strap - Tidy up loose HDMI cables, charging cords, etc.","[[Electronics,Computers & Accessories,Touch Screen Tablet Accessories,Cases & Sleeves,Cases]]"
226,11759,Linksys E2500 (N600) Advanced Simultaneous Dual-Band Wireless-N Router,"[[Electronics,Computers & Accessories,Routers]]"
227,11783,"Pyle PSWP4WT Waterproof Neckband MP3 Player and Headphones for Swimming, Water Sports - White","[[Electronics,Portable Audio & Video,MP3 Players & Accessories,MP3 Players]]"
228,11786,Poetic Slimbook Leather Case for the Dell Latitude 10.1 LED Net Tablet(Included 2 Micro SD Card Slots) (Business Card Holder is Plus) (3 Year Manufacturer Warranty From Poetic),"[[Electronics,Computers & Accessories,Touch Screen Tablet Accessories,Cases & Sleeves,Cases]]"
229,11845,Sandisk 4GB MicroSDHC  Memory Card with SD Adapter (BULK Packaging),"[[Electronics,Computers & Accessories,Cables & Accessories,Memory Cards,Micro SD Cards]]"
230,11939,New Laptop AC Adapter/Power Supply Charger/Power Cord for Toshiba Satellite A105-S4342 M105-S3011 A105-S4284 A105-S4334 A105-S4384 A105-S4004 A105-S4054 A105-S4064 A105-S4074 A105-S4084 A105-S4094 A105-S4274 A105-S4284 A105-S4334 A105-S4384 M105-S3041 M110 M115-S3094 M115-S3144 M115-S3154 P105-S6024 P105-S6147M100 M105-S3041 M110 M115-S3094 P105 m115,"[[Electronics,Computers & Accessories,Laptop & Netbook Computer Accessories,Chargers & Adapters]]"
231,12181,"52MM Starter Accessory Kit for NIKON DSLR (D3300 D3200 D5300 D5200 D5100 D5000 D3100 D3000 D90 D80) - Includes: 0.43x Wide Angle &amp; 2.2x Telephoto High Definition Lenses + Vivitar Filter Kit (UV, CPL, FLD) + Vivitar Macro Close-Up Set + Collapsible Lens Hood + Tulip Lens Hood + Snap On Lens Cap + MagicFiber Microfiber Cleaning Cloth","[[Electronics,Camera & Photo,Accessories,Lens Accessories,Diopters]]"
232,12294,Photive iPad Air Smart Case. Lightweight Smart Cover Case for the New iPad Air with Built in Stand. Front Back Protection for the iPad Air With Built-In Magnet for Sleep/Wake Feature),"[[Electronics,Computers & Accessories,Touch Screen Tablet Accessories,Cases & Sleeves,Cases]]"
233,12319,"Micro Solution Digital Camera Anti-Fingerprint, Oleophobic HD Display Protection Film (Pro Guard F2AF) for Olympus OM-D E-M10 / OM-D E-M1 // PGOLYMOMDEM-B","[[Electronics,Camera & Photo,Accessories,Digital Camera Accessories,Screen Protector Foils]]"
234,12322,"SanDisk Ultra 16GB SDHC Class 10/UHS-1 Flash Memory Card Speed Up To 30MB/s, Frustration-Free Packaging- SDSDU-016G-AFFP (Label May Change)","[[Electronics,Computers & Accessories,Cables & Accessories,Memory Cards,SD & SDHC Cards]]"
235,12350,Cable Matters Gold Plated Mini DisplayPort (Thunderbolt&trade; Port Compatible) to HDMI Cable in White 6 Feet,"[[Electronics,Computers & Accessories,Cables & Accessories,Computer Cable Adapters,DVI-HDMI Adapters]]"
236,12365,AmazonBasics Backpack for SLR/DSLR Cameras and Accessories - Black,"[[Electronics,Camera & Photo,Bags & Cases,Camera Cases]]"
237,12521,AmazonBasics Sling Backpack for SLR Cameras,"[[Electronics,Camera & Photo,Bags & Cases]]"
238,12579,LifeProof Proprietary Data Transfer Adapter,"[[Cell Phones & Accessories,Cases,Basic Cases],[Cell Phones & Accessories,Cases,Waterproof Cases],[Electronics,Camera & Photo]]"
239,12632,Plantronics Mirage Headset with Noise Cancelling Microphone,"[[Electronics,Computers & Accessories,Cables & Accessories,Headsets & Microphones,PC Headsets]]"
240,12635,NP-FV70 Battery &amp; Charger for Sony HDR-CX190 HDR-CX200 HDR-CX210 HDR-CX220 HDR-CX230 HDR-CX260V HDR-CX290 HDR-CX330 HDR-CX380 HDR-CX430V HDR-CX580V HDR-CX760V HDR-CX900 HDR-PJ340 HDR-PJ540 HDR-PJ810 FDR-AX100 Camcorder + More!!,"[[Electronics,Camera & Photo,Accessories,Batteries & Chargers,Battery Chargers,Camcorder]]"
241,12702,Induro CT-014  8X Carbon Tripod 4 Section 55-Inch Max Height 11lb Load,"[[Electronics,Camera & Photo,Tripods & Monopods,Complete Tripods]]"
242,12786,Canon WP-DC32 Waterproof Case for SD960IS Digital Elph Camera,"[[Electronics,Camera & Photo,Underwater Photography,Housings]]"
243,12894,Roku 3 Streaming Media Player,"[[Electronics,Television & Video,Streaming Media Players]]"
244,12898,Zeikos ZE-SC2900 Charger with 4AA 2900mAh Batteries,"[[Electronics,Camera & Photo,Accessories,Batteries & Chargers,Battery Chargers,Camera]]"
245,12931,Planet Audio PX2.1600 2 Channel Mosfet Power Amplifier,"[[Electronics,Car & Vehicle Electronics,Car Electronics,Car Audio,Amplifiers,Multichannel Amplifiers]]"
246,12951,Foscam Extension Cable FI8918W FI8905W FI8904W FI8910W Power AC Adapter 10FT,"[[Electronics,Accessories & Supplies,Audio & Video Accessories,Cables & Interconnects,Power Cables]]"
247,12980,"Fintie Amazon All-New Kindle Fire HDX 7 Folio Case Cover - Auto Sleep/Wake (will only fit Kindle Fire HDX 7&quot; 2013), Dual Color","[[Electronics,Computers & Accessories,Touch Screen Tablet Accessories,Cases & Sleeves,Cases]]"
248,13009,"EVGA GeForce GTX780 SuperClocked 3GB GDDR5 384bit, Dual-Link DVI-I, DVI-D, HDMI,DP, SLI Ready Graphics Card (03G-P4-2783-KR) Graphics Cards 03G-P4-2783-KR","[[Electronics,Computers & Accessories,Computer Components,Graphics Cards]]"
249,13016,Cable Matters Micro-USB to HDMI MHL Adapter in White &#65288;NOT Compatible with Galaxy S3/S4/Note2/Note3),"[[Electronics,Accessories & Supplies,Audio & Video Accessories,Cables & Interconnects,Video Cables,HDMI Cables]]"
250,13059,Replacement Battery Cartridge,"[[Electronics,Computers & Accessories,Cables & Accessories,Uninterrupted Power Supply (UPS)]]"
251,13109,Snap-On Protector Hard Case for Apple iPod Touch 4th Generation / 4th Gen - Love Party White/Black Hybrid Design + 4.5 Inches Lens/Screen Cleaning Cloth,"[[Electronics,Portable Audio & Video,MP3 Players & Accessories,MP3 Player Accessories,Cases],[Electronics,Portable Audio & Video,MP3 Players & Accessories,MP3 Player Accessories,Skins & Decals]]"
252,13206,Arkon TAB085 Heavy Duty 4-Inch C-Clamp Mount for 7-Inch / 12-Inch screen tablet devices,"[[Electronics,Computers & Accessories,Touch Screen Tablet Accessories,Stands]]"
253,13220,Olympus HLD-7 Camera Grip for Olympus E-M1 Compact System Cameras,"[[Electronics,Camera & Photo,Accessories,Digital Camera Accessories,Battery Grips]]"
254,13225,TSSS Portable 1080P Carcam Car DVR K6000 G-sensor function HOLD High-definition camera high-definition video 140 A + grade high-resolution ultra-wide-angle lens,"[[Electronics,Car & Vehicle Electronics,Car Electronics,Car Video,On-Dash Video]]"
255,13229,"eForCity&reg; VOIP / SKYPE Hands-free Headset with Microphone, Black","[[Electronics,Computers & Accessories,Cables & Accessories,Headsets & Microphones,PC Headsets]]"
256,13269,SF Cable 1-Feet 16 AWG Outlet Saver Power Extension Cord NEMA 5-15R to NEMA 5-15P Wall Side Right Angle,"[[Electronics,Accessories & Supplies,Audio & Video Accessories,Cables & Interconnects,Power Cables]]"
257,13280,"SanDisk 16GB Mobile MicroSDHC Class 4 Flash Memory Card, Frustration-Free Packaging- SDSDQ-016G-AFFP","[[Electronics,Computers & Accessories,Cables & Accessories,Memory Cards,Micro SD Cards]]"
258,13367,"Cyber AcousticsStereo Headset/Microphone, Ambidextrous design AC-201","[[Electronics,Computers & Accessories,Cables & Accessories,Headsets & Microphones,PC Headsets]]"
259,13394,PBL Photo Studio 40 inch Reflective Umbrella Softboxes Set of Two Steve Kaeser Photographic Lighting and Accessories,"[[Electronics,Camera & Photo,Lighting & Studio,Lighting,Lighting Controls & Modifiers,Umbrellas]]"
260,13417,Palm TX USB Syns/Charger/Data Cable,"[[Cell Phones & Accessories,Accessories,Data Cables],[Electronics,Computers & Accessories,PDAs, Handhelds & Accessories,PDA & Handheld Accessories,Cables & Cradles]]"
261,13433,Samsung Electronics 8GB Plus microSDHC Ultra High Speed (UHS-1) Class 4 Memory Card (MB-MP8GB/AM),"[[Electronics,Computers & Accessories,Cables & Accessories,Memory Cards,Micro SD Cards]]"
262,13467,"SOLO Sterling Collection CheckFast Airport Security-Friendly Netbook Case for Netbooks up to 11.6 Inches, Black (CLA115-4)","[[Electronics,Computers & Accessories,Laptop & Netbook Computer Accessories,Bags & Cases,Sleeves & Slipcases]]"
263,13485,OBD OBD2 16 Pin Connector Diagnostic Adapter for GM 12 Pin (to Daewoo),"[[Electronics,Car & Vehicle Electronics,Vehicle Electronics Accessories,Audio & Video Accessories,Auxiliary Input Adapters]]"
264,13510,Corsair Obsidian Series 750D Performance Full Tower Case CC-9011035-WW,"[[Electronics,Computers & Accessories,Computer Components,Computer Cases]]"
265,13571,Motorola MD200TPR FRS Two-Way - 10 Mile Radio Triple Pack - Black,"[[Electronics,Portable Audio & Video,CB & Two-Way Radios,Two-Way Radios]]"
266,13589,Fintie Folio Slim-Fit Case for Apple iPad Mini 2 with Retina Display (2013) &amp; Mini (2012) with Smart Cover Auto Wake / Sleep - White,"[[Electronics,Computers & Accessories,Touch Screen Tablet Accessories,Cases & Sleeves,Cases]]"
267,13613,"E-topTM Ultra-slim 85W Magsafe Portable Power Adapter / 5V 1A USB interface.(T-tip,with 1.8m Cable) For Apple Macbook Pro 15&quot; and 17&quot; inches A1222 A1172 A1281 A1286","[[Electronics,Computers & Accessories,Laptop & Netbook Computer Accessories,Chargers & Adapters]]"
268,13696,"iLuv MobiTour Wireless Bluetooth Speaker for Kindle, Tablet or Smartphone (Black)","[[Electronics,Home Audio,Stereo Components,Speakers,Speaker Systems]]"
269,13700,GN Jabra GN9330e USB OC Headset - Wireless Connectivity,"[[Electronics,Computers & Accessories,Cables & Accessories,Headsets & Microphones,PC Headsets]]"
270,13776,Intel Core i5-4670K Quad-Core Desktop Processor 3.4 GHZ 6 MB Cache - BX80646I54670K,"[[Electronics,Computers & Accessories,Computer Components,CPU Processors]]"
271,13794,"Twisted Veins High Speed HDMI Receiver Pack (includes Three 3' and One 10' cables) + Right Angle Adapter and Velcro Cable Ties (Latest Version Supports Ethernet, 3D, and Audio Return)","[[Electronics,Accessories & Supplies,Audio & Video Accessories,Cables & Interconnects,Video Cables,HDMI Cables]]"
272,13846,Nikon 27126 EN-EL 14A Rechargeable Li-Ion Battery (Black),"[[Electronics,Camera & Photo,Accessories,Batteries & Chargers,Batteries,Camera Batteries]]"
273,13967,Premium 16/4 Awg 100ft CL2 Speaker Wire | Cable - Oxygen Free Copper,"[[Electronics,Accessories & Supplies,Audio & Video Accessories,Cables & Interconnects,Audio Cables,Speaker Cables]]"
274,13968,Canon EOS 60D 7D 5D Mark II III LP-E6 Replacement Lithium-Ion Battery (1600 mAh),"[[Electronics,Camera & Photo,Accessories,Batteries & Chargers,Batteries,Camera Batteries]]"
275,14042,Tech Armor Samsung Galaxy Tab 2 7&quot; Premium High Definition (HD) Clear Screen Protector with Lifetime Replacement Warranty [3-Pack] - Retail Packaging,"[[Electronics,Computers & Accessories,Touch Screen Tablet Accessories,Screen Protectors]]"
276,14077,NETGEAR Wireless Router - N600 Dual Band Gigabit (WNDR3700),"[[Electronics,Computers & Accessories,Networking Products,Wireless Access Points]]"
277,14169,APC BACK-UPS ES BE500U Replacement UPS Battery,"[[Electronics,Computers & Accessories,Cables & Accessories,Uninterrupted Power Supply (UPS)]]"
278,14174,SB Raspberry Pi Case (Clear),"[[Electronics,Computers & Accessories,Computer Components,Computer Cases]]"
279,14200,Marshall Mens Major FX Headphones,"[[Electronics,Accessories & Supplies,Audio & Video Accessories,Headphones]]"
280,14335,iSymphony W2C Audio System with Wireless Speakers and Built-in Universal Dock for iPod (Black),"[[Electronics,Portable Audio & Video,MP3 Players & Accessories,MP3 Player Accessories,Speaker Systems]]"
281,14342,Acomdata Tango USB 2.0/eSATA 2.5-Inch SATA Hard Drive Enclosure TNGXXXUSE-BLU (Blue),"[[Electronics,Computers & Accessories,Cables & Accessories,Hard Drive Enclosures]]"
282,14438,Kuzy - Retina 13-Inch Palmrest with Trackpad Skin Protector Sticker Cover Silver for Apple MacBook Pro 13.3&quot; with RETINA Display Only Models: A1502 and A1425 (NEWEST VERSION),"[[Electronics,Computers & Accessories,Laptop & Netbook Computer Accessories,Skins & Decals]]"
283,14533,Whistler XTR-140 Laser/Radar Detector with Exclusive Twin Alert Periscopes,"[[Electronics,Car & Vehicle Electronics,Vehicle Electronics Accessories,Radar Detectors]]"
284,14629,Transcend 8 GB High Speed Class 10 UHS Flash Memory Card TS8GSDHC10U1 85/22 MB/s,"[[Electronics,Computers & Accessories,Cables & Accessories,Memory Cards,SD & SDHC Cards]]"
285,14661,Snugg Motorola Xoom Squared Skinny Fit Protective Case Cover in Black,"[[Electronics,Computers & Accessories,Touch Screen Tablet Accessories,Cases & Sleeves]]"
286,14727,Kicker 09ZISL Z-Series Speaker Level .5 Male 1 Female ROHS Compliant Twisted Pair Audio Interconnect Cable,"[[Electronics,Car & Vehicle Electronics,Vehicle Electronics Accessories,Vehicle Audio & Video Installation,Amplifier Installation,Interconnect Cables]]"
287,14770,InvisibleShield Original for Apple iPad mini- Full Body,"[[Electronics,Computers & Accessories,Cables & Accessories,Monitor Accessories,Screen Protectors]]"
288,14776,Super Power Supply&reg; 1 x 15dBi 2.4GHz 5GHz Dual Band WiFi RP-SMA Antenna for Routers Linksys Cisco E2100L WRT160NL TP-Link TL-WR1043ND TL-WR2543ND TL-WDR3500 TL-WDR4300 Amped Wireless SR150 AP300 R300 SR300 300N R10000 R10000G SR10000 SR20000G AP20000G Belkin F7D8301 ZyXEL NBG461 NBG4615 WAP3205 Asus RT-N16 RT-N66U RT-AC66U D-Link DIR-655 DIR-825 DAP-1360 Buffalo WZR-HP-G450H WHR-HP-G54 WHR-HP-G300N Omni Directional Network Extension Mini PCIe PCI Cards WAN Repeater,"[[Electronics,Computers & Accessories,Networking Products,Network Antennas]]"
289,14805,Sapphire Radeon HD 7950 3GB DDR5 HDMI/DVI-I/Dual Mini DisplayPort PCI-Express Graphics Card with Boost 21196-00-20G,"[[Electronics,Computers & Accessories,Computer Components,Graphics Cards]]"
290,14882,"BIRUGEAR Neoprene Carrying Sleeve Case with Screen Protector, Stylus, Headset for HP Split x2 -13.3'' Detachable Windows 8 hybrid Tablet PC","[[Electronics,Computers & Accessories,Touch Screen Tablet Accessories,Cases & Sleeves,Sleeves]]"
291,14893,Photive 67mm Protective UV Filter (HDX Series)- UV67HD,"[[Electronics,Camera & Photo,Accessories,Filters & Accessories,Skylight & UV Filters]]"
292,14912,Kuzy - Arabic Language Keyboard Cover Silicone Skin for MacBook Pro 13&quot; 15&quot; 17&quot; (with or w/out Retina Display) iMac and MacBook Air 13&quot; - Arabic/English,"[[Electronics,Computers & Accessories,Cables & Accessories,Keyboard & Mice Accessories,Keyboard Skins]]"
293,14927,Humminbird XP 9 20 Puck Transducer,"[[Electronics,GPS & Navigation,GPS System Accessories]]"
294,14991,Americopy 50 Standard CD Jewel Case - Assembled - Black,"[[Electronics,Accessories & Supplies,Audio & Video Accessories,Media Storage & Organization,Disc Jewel Cases]]"
295,15029,200 5x7 Backing board,"[[Electronics,Camera & Photo,Lighting & Studio,Photo Studio,Storage & Presentation Materials]]"
296,15030,Chromo Inc. 2 Pack AUX 3.5mm - 3.5mm Translucent Auxiliary Music Cables - CLEAR,"[[Electronics,Accessories & Supplies,Audio & Video Accessories,Cables & Interconnects,Audio Cables,Stereo Jack Cables]]"
297,15150,Monster iSplitter 1000 Y-Splitter with Volume Control/Mute for iPod and iPhone,"[[Electronics,Car & Vehicle Electronics,Vehicle Electronics Accessories,Audio & Video Accessories,Digital Media Player Accessories]]"
298,15177,SanDisk 64GB microSD Class 10 Ultra Card,"[[Electronics,Accessories & Supplies,Audio & Video Accessories,Cables & Interconnects,Power Cables]]"
299,15203,Acer Aspire V5-171-6675 11.6-Inch Laptop (Silver),"[[Electronics,Computers & Accessories,Laptops]]"
300,15230,Western Digital WD800BB 80GB UDMA/100 7200RPM 2MB IDE Hard Drive,"[[Electronics,Computers & Accessories,Data Storage,Internal Hard Drives]]"
301,15359,"Replacement EN-EL14a, EN-EL14 Ultra High Capacity Li-ion Battery For Nikon D5300, D3300, D5100, D5200, D3100, Nikon Df and D3200, P7100, P7700 Digital Camera - Fully Decoded! (Nikon EN-EL14a Replacement) + ButterflyPhoto MicroFiber Cleaning Cloth","[[Electronics,Camera & Photo,Accessories,Batteries & Chargers,Batteries,Camera Batteries]]"
302,15374,"HooToo&reg; HT-UH003 USB 3.0/2.0 7-Port Hub including One 5V/2A Fast-Charging Port for iPad iPhone &amp; Smart Phones. (2 SuperSpeed USB 3.0 Ports, 4 USB 2.0 Ports, Latest VIA VL812 Chipset, 5V/4A Power Adapter, 3 feet USB 3.0 Cable","[[Electronics,Computers & Accessories,Laptop & Netbook Computer Accessories,Chargers & Adapters]]"
303,15396,"Monoprice 3ft RG6 (18AWG) 75Ohm, Quad Shield, CL2 Coaxial Cable with F Type Connector - Black","[[Electronics,Accessories & Supplies,Audio & Video Accessories,Cables & Interconnects,Video Cables,F-Pin-Coaxial Tip]]"
304,15450,"E LV 360 Degrees Rotating Stand Stylish Embossed Flowers Case for Apple New iPad Mini with Automatic Wake and Sleep function+1 Black Stylus, 1 Screen Protector and E LV Microfiber Sticker Digital Cleaner (Blue, iPad Mini)","[[Electronics,Computers & Accessories,Touch Screen Tablet Accessories,Cases & Sleeves,Cases]]"
305,15483,Devicewear Peak iPad 2/3/4 Case: Pink Vegan Leather Cover and Flip Stand with Elastic Hand Strap and Magnetic Closure,"[[Electronics,Computers & Accessories,Touch Screen Tablet Accessories,Cases & Sleeves,Cases]]"
306,15495,Channel Master CM2016 HDTV VHF High Band and UHF Antenna,"[[Electronics,Accessories & Supplies,Audio & Video Accessories,Antennas,TV Antennas]]"
307,15609,Transcend JetFlash 760 16 GB USB 3.0 Flash Drive TS16GJF760 (up to 52MB/s),"[[Electronics,Computers & Accessories,Data Storage,USB Flash Drives]]"
308,15627,Nikon SB-400 AF Speedlight Flash for Nikon Digital SLR Cameras,"[[Electronics,Camera & Photo,Flashes,Shoe Mount Flashes]]"
309,15818,Western Digital My Passport Carrying Case - Black,"[[Electronics,Computers & Accessories,Cables & Accessories,Hard Drive Bags]]"
310,15827,"Cmple - High Speed HDMI 1.4 Cable with Ethernet - 30AWG, 6 Feet, Black Color (2 PACK)","[[Electronics,Accessories & Supplies,Audio & Video Accessories,Cables & Interconnects,Video Cables,HDMI Cables]]"
311,15866,Usb 2.0 Virtual 7.1 Channel Audio Sound Card Adapter 3D For Win7 Mac Windows 7,"[[Electronics,Computers & Accessories,External Components,External Sound Cards]]"
312,15878,"AmazonBasics High-Speed HDMI Cable and Toslink Digital Audio Optical Cable, 2 Pack","[[Electronics,Accessories & Supplies,Audio & Video Accessories,Cables & Interconnects,Video Cables,HDMI Cables]]"
313,15912,"BlueRigger Cat5e RJ45 Ethernet Patch Cable (25 Feet, White)","[[Electronics,Computers & Accessories,Cables & Accessories,Cables & Interconnects,Ethernet Cables]]"
314,15933,Canon EOS 70D 20.2 MP Digital SLR Camera with Dual Pixel CMOS AF  (Body Only),"[[Electronics,Camera & Photo,Digital Cameras,Digital SLR Cameras]]"
315,15964,"Noctua (NF-P12 PWM) - 120mm Two Speed Premium Fan, 1300/900 RPM, SSO2 Bearing with NE-FD1 PWM IC","[[Electronics,Computers & Accessories,Computer Components,Fans & Cooling,Case Fans]]"
316,16132,"Logitech Bluetooth Illuminated Keyboard K810 for PCs, Tablets, Smartphones - Black","[[Electronics,Computers & Accessories,Cables & Accessories,Keyboards]]"
317,16188,UniquExceptional UDC6 Outdoor Dome Fake Security Camera with BLINKING LIGHT,"[[Electronics,Security & Surveillance,Home Security Systems]]"
318,16360,Sabrent CRW-EXT 68 in 1 Hi-Speed USB 2.0 External Flash Memory Card Reader &amp; Writer,"[[Electronics,Computers & Accessories,Cables & Accessories,Memory Card Readers]]"
319,16461,Your Cable Store Inline Ethernet CAT 5e / RJ45 Coupler 3 Pack,"[[Electronics,Computers & Accessories,Cables & Accessories,Cables & Interconnects,Ethernet Cables]]"
320,16464,Tview T921pl-gray Car Headrests with 9 Inch Tft-lCD Monitors,"[[Electronics,Car & Vehicle Electronics,Car Electronics,Car Video,Headrest Video]]"
321,16475,Compact Pink 4 x 30 Binoculars,"[[Electronics,Camera & Photo,Binoculars & Scopes,Binoculars]]"
322,16616,"TOMTOM Micro USB Lifetime Free Live Traffic Receiver Car Charger Vehicle Power Cable Cord for TOM TOM VIA 1535 1525 1505 1500 1435 1425 1405 1400 T GPS Navigator (PN 4UUC5B, 4UUC.001.05B, 4UUC.003.05)","[[Electronics,GPS & Navigation,GPS System Accessories,Traffic Message Channel (TMC) Receiver Modules]]"
323,16664,Logitech Harmony Adapter for PlayStation 3 (Discontinued by Manufacturer),"[[Electronics,Accessories & Supplies,Audio & Video Accessories,Remote Controls,Remote-Control Extenders]]"
324,16748,"Elsse (TM) Premium Folio Case with Stand for Microsoft Surface RT / Surface 2 (Does not fit Surface Pro Version / Keyboard and Tablet NOT included) (Surface 2 / Surface RT, Black)","[[Electronics,Computers & Accessories,Touch Screen Tablet Accessories,Cases & Sleeves,Cases]]"
325,16859,"CableWholesale RJ45 Strain Relief Boots, 50 Pieces per Bag, Grey (SR-8P8C-GY)","[[Electronics,Computers & Accessories,Cables & Accessories,Computer Cable Adapters]]"
326,16869,C&amp;E CNE13028 USB 2.0 Female to Micro USB Male OTG On-The-Go Cable Adapter,"[[Electronics,Computers & Accessories,Cables & Accessories,Cables & Interconnects,USB Cables]]"
327,16875,"Nexus 7 from Google (7-Inch, 16 GB, Black) by ASUS (2013) Tablet","[[Electronics,Computers & Accessories,Tablets]]"
328,17104,Poetic Slimline Portfolio Case for Barnes &amp; Noble Nook Full HD 7&quot; Inch Tablet Black (3 Year Manufacturer Warranty From Poetic),"[[Electronics,Computers & Accessories,Touch Screen Tablet Accessories,Cases & Sleeves,Cases]]"
329,17135,AmazonBasics Apple Certified Lightning to USB Cable - 3 Feet (0.9 Meter) - Black,"[[Electronics,Computers & Accessories,Cables & Accessories,Cables & Interconnects,Lightning Cables]]"
330,17186,"TP-LINK TL-PA511 KIT AV500 Powerline Gigabit Adapter Starter Kit, up to 500Mbps","[[Electronics,Computers & Accessories,Networking Products,Network Adapters,Powerline Network Adapters]]"
331,17205,Link Depot HDMI to HDMI Cable 25 feet,"[[Electronics,Accessories & Supplies,Audio & Video Accessories,Cables & Interconnects,Video Cables,HDMI Cables]]"
332,17342,Microsoft Wireless Desktop 3000,"[[Electronics,Computers & Accessories,Cables & Accessories,Keyboard & Mouse Combos]]"
333,17352,Exact(TM) 360 degree Rotary leather case (Multi-Colors To Choose From) for Nook HD 7 Tablet (Support Auto Sleep/Wake Function),"[[Electronics,Computers & Accessories,Touch Screen Tablet Accessories,Cases & Sleeves,Cases]]"
334,17385,"Spider Camera Holster SpiderPro Base, Plate and Pin","[[Electronics,Camera & Photo,Bags & Cases,Camera Cases]]"
335,17448,"Pelican 1510-004-110 Case with Padded Dividers, Black","[[Electronics,Camera & Photo,Bags & Cases,Bag & Case Accessories]]"
336,17595,Silver Ticket HDTV 16:9 120&quot; Fixed Frame Projector Screen,"[[Electronics,Television & Video,Projection Screens]]"
337,17603,Sigma 70-200mm f/2.8 APO EX DG HSM OS FLD Large Aperture Telephoto Zoom Lens for Canon Digital DSLR Camera,"[[Electronics,Camera & Photo,Lenses,Camera Lenses]]"
338,17617,2GB microSD memory card for Samsung Alias Phone SCH-U740,"[[Electronics,Computers & Accessories,Cables & Accessories,Memory Cards,Micro SD Cards]]"
339,17656,Cooler Master Elite 120 Advanced - Mini-ITX Computer Case with USB 3.0 and Long Graphics Card Support,"[[Electronics,Computers & Accessories,Computer Components,Computer Cases]]"
340,17722,Intova ISS 4000 Underwater Slave Flash with StaySlim Bracket and Flex Arm,"[[Electronics,Camera & Photo,Lighting & Studio,Lighting]]"
341,17785,StarTech NETRS2321E 1 Port RS-232/422/485 Serial over IP Ethernet Device Server,"[[Electronics,Computers & Accessories,Networking Products,Device Servers]]"
342,17789,"Platinum Tools 100010C EZ-RJ45 Cat 6+ Connectors, Clamshell, 50-Pieces","[[Electronics,Computers & Accessories,Cables & Accessories,Cables & Interconnects,Ethernet Cables]]"
343,17838,"[10.80V, 4400mAh, Li-ion], Replacement Laptop Battery for Toshiba Satellite L645D Series, L645D, L645D-S4025, L645D-S4029, L645D-S4030, L645D-S4033, L645D-S4036, L645D-S4037, L645D-S4037BN, L645D-S4037RD, L645D-S4037WH, L645D-S4040, L645D-S4050, L645D-S4050BN, L645D-S4050GY, L645D-S4050WH, L645D-S4052, L645D-S4053, L645D-S4056, L645D-S4058, L645D-S4058BN, L645D-S4058WH, L645D-S4100, L645D-S4100BN, L645D-S4100GY, L645D-S4100RD, L645D-S4100WH, L645D-S4106, L645D-S4106BN, L645D-S4106RD, L645D-S4106WH, L645D-S9411D,","[[Electronics,Computers & Accessories,Laptop & Netbook Computer Accessories,Batteries]]"
344,17896,NEEWER&reg; 52MM 8-Point Star Cross Twinkle Filter for ANY Camera Lens with 52MM Filter Thread,"[[Electronics,Camera & Photo,Accessories,Batteries & Chargers,Battery Chargers]]"
345,18021,Pixel Pro Digital Camera 100M Wireless Shutter Remote Control Release for Canon EOS 1D 1Ds Mark II III IV 5D Mark II 7D 50D 40D 30D 20D 10D,"[[Electronics,Camera & Photo,Accessories,Digital Camera Accessories,Shutter Release Cords]]"
346,18043,Evecase HD Clear &amp; Anti-Glare Matte Screen Protector Mix Set for Asus Memo Pad 7 ME176CX / ME176C 7-inch Android Tablet - 4 Pack,"[[Electronics,Computers & Accessories,Touch Screen Tablet Accessories,Screen Protectors]]"
347,18181,"Cowboystudio 1200 Watt Photography, Video, and Portrait Studio Umbrella Continuous Lighting Kit With Four 85 Watt, 5500K Day Light Balanced CFL bulbs, Black and White Reflective Umbrellas, Stands, and Carrying Case","[[Electronics,Camera & Photo,Lighting & Studio,Lighting,Lighting Controls & Modifiers,Umbrellas]]"
348,18184,ASUS Transformer Pad Mobile Dock TF300T (Blue),"[[Electronics,Computers & Accessories,Laptop & Netbook Computer Accessories,Docking Stations]]"
349,18212,Acase Slim Case / Cover for Nexus 7 (Google Nexus 7 tablet) - Premium PU Leather with Flip Stand Suppot Wake/Sleep Function (BLACK),"[[Electronics,Computers & Accessories,Touch Screen Tablet Accessories,Cases & Sleeves,Cases]]"
350,18279,"Hitachi Deskstar E7K500 HDS725050KLA360 500GB 7,200RPM 16MB Cache SATA 3.0Gb/s 3.5&quot; Hard Drive","[[Electronics,Computers & Accessories,Data Storage,Internal Hard Drives]]"
351,18353,Corsair Air Series SP120 PWM High Performance Edition - Twin Pack (CO-9050014-WW),"[[Electronics,Computers & Accessories,Computer Components,Fans & Cooling,Case Fans]]"
352,18396,Scosche SA69 Convertible 6x9-Inch Speaker Adapter - Pair,"[[Electronics,Car & Vehicle Electronics,Vehicle Electronics Accessories]]"
353,18422,SATA/PATA/IDE Drive to USB 2.0 Adapter Converter Cable for 2.5 / 3.5 Inch Hard Drive / Optical Drive with External AC Power Adapter,"[[Electronics,Computers & Accessories,Cables & Accessories,Cables & Interconnects]]"
354,18491,eForCity&reg; Compatible Decoded Li-ion Battery for Canon BP-827,"[[Electronics,Camera & Photo,Accessories,Batteries & Chargers,Batteries,Camcorder Batteries]]"
355,18526,Apple iPad Camera Connection Kit (MC531ZM/A),"[[Electronics,Computers & Accessories,Touch Screen Tablet Accessories,Chargers & Adapters]]"
356,18536,Lowepro SlingShot 202 AW,"[[Electronics,Camera & Photo,Bags & Cases,Camera Cases]]"
357,18589,Generic New Replacement Battery for Dell Inspiron 1520 1721 1521 1720 530S Vostro 1700 1500 fits 312-0504 312-0518 312-0520 312-0513 312-0576 312-0590 312-0575 312-0594 [Li-ion 9-cell 7200mAh Black],"[[Electronics,Computers & Accessories,Laptop & Netbook Computer Accessories,Batteries]]"
358,18598,"TopCase METALLIC GOLD Keyboard Silicone Cover Skin for Macbook Pro 13, 15, 17 inches with TOPCASE Logo Mouse Pad","[[Electronics,Computers & Accessories,Cables & Accessories,Keyboard & Mice Accessories,Keyboard Skins]]"
359,18758,Roku LT Streaming Media Player (Purple) (2700R),"[[Electronics,Television & Video,Streaming Media Players]]"
360,18806,DisplayPort to DVI Adapter for Select Dell OptiPlex Desktops / Latitude / Alienware Laptops / Precision Mobile WorkStations,"[[Electronics,Accessories & Supplies,Audio & Video Accessories,Cables & Interconnects,Video Cables,DVI Cables]]"
361,18815,iXCC (r) 2pcs 10ft (TEN FEET !) White EXTRA LONG Extended Length USB SYNC Cable Charger Cord [30 Pin Connector],"[[Electronics,Computers & Accessories,Cables & Accessories,Cables & Interconnects,USB Cables]]"
362,18860,PBL SANDBAGS HEAVYDUTY PHOTO VIDEO SADDLEBAG 4 BAGS HOLDS 20LBS OF SAND NEW Steve Kaeser Photogrphic Lighting &amp; Accessories,"[[Electronics,Camera & Photo,Lighting & Studio,Photo Studio,Background Support Equipment]]"
363,18947,Kuzy - METALLIC GOLD Keyboard Cover Silicone Skin for MacBook Pro 13&quot; 15&quot; (with or w/out Retina Display) iMac and MacBook Air 13-inch - Gold,"[[Electronics,Computers & Accessories,Cables & Accessories,Keyboard & Mice Accessories,Keyboard Skins]]"
364,18975,"WD Blue 320 GB Desktop Hard Drive: 3.5 Inch, 7200 RPM, SATA III, 16 MB Cache - WD3200AAKX","[[Electronics,Computers & Accessories,Data Storage,Internal Hard Drives]]"
365,19010,"Sandisk MobileMate Micro SD &amp; M2 Reader (SDDR-121, Bulk Package)","[[Electronics,Computers & Accessories,Cables & Accessories,Memory Card Readers]]"
366,19136,Patuoxun Slimport MyDP 1080P MicroUSB to HDMI 1.4 HDTV 3D Adapter Cable with AC Charger for Google Nexus 7 2nd generation Nexus 4 Phones ASUS PadFone 3 feet Black,"[[Electronics,Accessories & Supplies,Audio & Video Accessories,Cables & Interconnects,Video Cables,HDMI Cables]]"
367,19165,Manfrotto 190CXPRO4 4-Section Pro Carbon Fiber Tripod without Head,"[[Electronics,Camera & Photo,Tripods & Monopods,Tripod Legs]]"
368,19197,"MoKo Bluetooth Keyboard Cover Case for Microsoft Surface RT / Surface Pro / Surface 2 / Surface Pro 2 10.6 inch HD Windows 8 / RT Tablet, BLACK","[[Electronics,Computers & Accessories,Touch Screen Tablet Accessories,Cases & Sleeves,Cases]]"
369,19240,Apple USB Superdrive,"[[Electronics,Computers & Accessories,External Components,Optical Drives,DVD Drives]]"
370,19245,AMERICAN INTERNATIONAL GMK420 Radio Install Kit,"[[Electronics,Car & Vehicle Electronics,Vehicle Electronics Accessories]]"
371,19440,PNY Elite Performance 64GB UHS-1 SDXC Flash Card (P-SDX64U1H-GE),"[[Electronics,Computers & Accessories,Cables & Accessories,Memory Cards,SD & SDHC Cards]]"
372,19452,"HP 19.5V 3.33A 65W Replacement AC Adapter for HP ENVY Sleekbook 6-1000 Series- HP ENVY Sleekbook series- 100% Compatible with P/N: 693715-001,677770-001, 613149-003, ADP-65HB FC.","[[Electronics,Computers & Accessories,Laptop & Netbook Computer Accessories,Chargers & Adapters]]"
373,19558,Cooler Master Hyper N520 - CPU Cooler with Copper Base and 5 Heat Pipes (RR-920-N520-GP),"[[Electronics,Computers & Accessories,Computer Components,Fans & Cooling,Case Fans]]"
374,19582,NETGEAR Push2TV Wireless Display HDMI Adapter with Miracast (PTV3000) Certified for use with Kindle Fire HDX,"[[Electronics,Television & Video]]"
375,19599,Sony BDP-BX58 Blu-ray Disc Player 3D Built-in Wireless,"[[Electronics,Television & Video,Blu-ray Players & Recorders,Blu-ray Players]]"
376,19739,Panasonic LUMIX GX7 16.0 MP DSLM Camera with LUMIX G VARIO 14-42mm II Lens and Tilt-Live Viewfinder (Silver),"[[Electronics,Camera & Photo,Digital Cameras,Compact System Cameras]]"
377,19854,Pyle PL683BL 6 x 8-Inch 360-Watt 3-Way Speakers,"[[Electronics,Car & Vehicle Electronics,Car Electronics,Car Audio,Speakers,Coaxial Speakers]]"
378,19859,"SMDV Remote Shutter Release Cable for Nikon D1, D1H, D1X, D2H, D2X, D2Hs, D2Xs, D3, D3x, D3s, D4, D200, D300, D300s, D700, D800, D800E, Replaces Nikon MC-30","[[Electronics,Camera & Photo,Accessories,Digital Camera Accessories,Shutter Release Cords]]"
379,19907,Dolica AX620B100 62-Inch Proline Tripod and Ball Head,"[[Electronics,Camera & Photo,Tripods & Monopods,Complete Tripods]]"
380,19952,eneloop SEC-CSPACER4PK C Size Spacers for use with AA battery cells,"[[Electronics,Camera & Photo,Accessories,Batteries & Chargers,Battery Chargers,Camera]]"
381,19974,"Opteka GS-3 Neoprene Padded Dual Grip/Wrist Strap for Canon EOS, Nikon, Sony, Olympus &amp; Pentax DSLR Cameras","[[Electronics,Camera & Photo,Bags & Cases,Binocular, Camera & Camcorder Straps]]"
382,20016,"Ultimate Accessory Kit For the Canon Vixia HF G10, HF G20, HF G30, HF S20, HF S21, HF S30, HF S200 Includes 32GB High Speed Error Free SDHC Memory Card + SDHC Card Reader + 58MM 3 Piece Pro Filter Kit (UV, CPL, FLD) + BP-819 Extended Life Replacement Battery Pack + Rapid AC/DC Battery Charger + 54 Inch Professional Video Tripod + Opteka X-GRIP Action Stabilizing Handle + Ultra High Power 36 Pin LED Video Light + Directional Mini-Shotgun Microphone + Hot Shoe Three Axis Triple Bubble Spirit Level + Deluxe Gadget Bag Carrying Case + Deluxe Cleaning Kit + More","[[Electronics,Camera & Photo,Accessories,Digital Camera Accessories,Accessory Kits]]"
383,20019,XFX AMD Radeon HD 7750 1GB GDDR5 DVI/HDMI/DisplayPort PCI-Express Video Card FX775AZNP4;FX-775A-ZNP4,"[[Electronics,Computers & Accessories,Computer Components,Fans & Cooling,Graphics Card Fans]]"
384,20027,rooCASE Fuse (Frost / Gray) Snap-On Shell Case for Apple for Apple iPad Mini 7.9-Inch Tablet,"[[Electronics,Computers & Accessories,Touch Screen Tablet Accessories,Cases & Sleeves,Cases]]"
385,20132,Replacement Toshiba Power Supply Cord Ac Adapter Laptop Charger Satellite (Equivalent),"[[Electronics,Computers & Accessories,Laptop & Netbook Computer Accessories,Chargers & Adapters]]"
386,20185,Hauppauge 1212 HD-PVR High Definition Personal Video Recorder,"[[Electronics,Computers & Accessories,External Components,External TV Tuners]]"
387,20187,Griffin Survivor Carrying Case for iPod - Citron,"[[Electronics,Portable Audio & Video,MP3 Players & Accessories,MP3 Player Accessories,Screen Protectors]]"
388,20256,"TP-LINK TL-WA850RE 300Mbps Universal Wi-Fi Range Extender, Repeater, Wall Plug design, One-button Setup, Smart Signal Indicator","[[Electronics,Computers & Accessories,Networking Products,Repeaters]]"
389,20413,Case Logic VHS-101 Portable Hard Drive Case (Black),"[[Electronics,Computers & Accessories,Cables & Accessories,Hard Drive Bags]]"
390,20528,BestDealUSA HDMI Input to VGA Adapter Converter For PC Laptop NoteBook HD DVD,"[[Electronics,Computers & Accessories,Cables & Accessories,Computer Cable Adapters]]"
391,20586,BOSS Audio B65N High Level to Low Level Converter,"[[Electronics,Car & Vehicle Electronics,Vehicle Electronics Accessories,Audio & Video Accessories]]"
392,20672,Splitter IPTV RF Broadband 2-Way HomePNA Tested &amp; Certified for applications on U-Verse Networks,"[[Electronics,Accessories & Supplies,Audio & Video Accessories,Satellite TV Equipment,Splitters]]"
393,20706,Cable Matters Gold Plated DisplayPort to HDMI Cable 6 Feet,"[[Electronics,Computers & Accessories,Cables & Accessories,Computer Cable Adapters,DVI-HDMI Adapters]]"
394,20732,"Kingston Digital, Inc. SSDNow V+200 120GB SATA 3 2.5-Inch Solid State Drive with Adapter (SVP200S37A/120G)","[[Electronics,Computers & Accessories,Data Storage,Internal Solid State Drives]]"
395,20745,Malcom Distributors 2.5 mm Female to 3.5 mm Male 3 Rings Jack Stereo Adapter On/Off Enabled,"[[Electronics,Accessories & Supplies,Audio & Video Accessories,Headphone Accessories,Adapters]]"
396,20757,i-Blason HD Matte Anti Glare Bubble Free Screen Protector for MS MicroSoft Surface Tablet RT Windows 8 Tablet Reusable,"[[Electronics,Computers & Accessories,Touch Screen Tablet Accessories,Screen Protectors]]"
397,20770,Bose SoundLink Mini Bluetooth Speaker,"[[Electronics,Portable Audio & Video,MP3 Players & Accessories,MP3 Player Accessories]]"
398,20864,Nikon D800E 36.3 MP CMOS FX-Format Digital SLR Camera (Body Only),"[[Electronics,Camera & Photo,Digital Cameras,Digital SLR Cameras]]"
399,21006,USB 2.0 A to Micro B Female / Male Adaptor,"[[Electronics,Computers & Accessories,Networking Products,Network Adapters,USB Network Adapters]]"
400,21021,"Wasabi Power Battery (2-Pack) and Charger for Nikon EN-EL15 and Nikon 1 V1, D600, D610, D800, D800E, D7000, D7100","[[Electronics,Camera & Photo,Accessories,Batteries & Chargers,Batteries,Camera Batteries]]"
401,21081,JVC HAS600A Around-The-Ear Foldable Headphone - Blue (Discontinued by Manufacturer),"[[Electronics,Accessories & Supplies,Audio & Video Accessories,Headphones]]"
402,21099,NZXT 120mm Performance Case Fan FN 120RB (Black/White),"[[Electronics,Computers & Accessories,Computer Components,Fans & Cooling,Case Fans]]"
403,21158,TRIPP LITE TLP606USB Surge Protector Strip Dual 2.1amp total USB Charging ports 6 Outlet 6-Foot Cord 990 Joule 120V,"[[Electronics,Computers & Accessories,Cables & Accessories,Surge Protectors]]"
404,21324,Nexus 10 Pogo Cable,"[[Electronics,Computers & Accessories,Touch Screen Tablet Accessories]]"
405,21706,Cooler Master NotePal U2 - Laptop Cooling Pad with 2 Movable Fans,"[[Electronics,Computers & Accessories,Laptop & Netbook Computer Accessories,Cooling Pads]]"
406,21728,ASUS Transformer Infinity TF700T Mobile Docking - Champagne,"[[Electronics,Computers & Accessories,Laptops]]"
407,21745,Sigma EX DG 95mm Multi-Coated UV Filter,"[[Electronics,Camera & Photo,Accessories,Filters & Accessories,Skylight & UV Filters]]"
408,21770,eForCity&reg; LCD Screen Protector Glass Compatible with Canon EOS 600D T3i DSLR,"[[Electronics,Camera & Photo,Accessories,Digital Camera Accessories,Screen Protector Foils]]"
409,21772,Belkin Velcro Cable Ties (8 Inch),"[[Electronics,Accessories & Supplies,Cord Management,Cable Straps]]"
410,21877,"Rosco The Strobist Collection, Strobist 55 Piece Cinegel Filter Kit with Lumiquest Gel Filter Holder, 1.5 x 3.25 inches to fit most Shoe Mount Strobes","[[Electronics,Camera & Photo,Lighting & Studio,Lighting,Lighting Controls & Modifiers,Filters]]"
411,21919,PNY Attache III 8 GB USB 2.0 Flash Drive P-FD8GBATT03-GE (Black),"[[Electronics,Computers & Accessories,Data Storage,USB Flash Drives]]"
412,22070,Canon PowerShot SX260 HS 12.1 MP CMOS Digital Camera with 20x Image Stabilized Zoom 25mm Wide-Angle Lens and 1080p Full-HD Video (Black),"[[Electronics,Camera & Photo,Digital Cameras,Point & Shoot Digital Cameras]]"
413,22106,AmazonBasics USB 2.0 8x DVD Writer External Optical Drive (Black),"[[Electronics,Computers & Accessories,External Components,Optical Drives,DVD Drives]]"
414,22259,E2 by Scoshe EWFH Single ANL Fuse Holder,"[[Electronics,Car & Vehicle Electronics,Vehicle Electronics Accessories,Vehicle Audio & Video Installation,Amplifier Installation,Fuses]]"
415,22290,CyberPower CP850PFCLCD PFC Sinewave UPS 850VA 510W PFC Compatible Mini-Tower,"[[Electronics,Computers & Accessories,Cables & Accessories,Uninterrupted Power Supply (UPS)]]"
416,22297,2.5-inch SSD / HDD to 3.5-inch Bracket Mount Adapter,"[[Electronics,Computers & Accessories,Data Storage,Internal Hard Drives]]"
417,22350,Olympus OM-D E-M1 Compact System Camera with 16MP and 3-Inch LCD - Body Only,"[[Electronics,Camera & Photo,Digital Cameras,Point & Shoot Digital Cameras]]"
418,22366,Sony LCSU5 Soft Carrying Case for Camcorder,"[[Electronics,Camera & Photo,Bags & Cases,Camcorder Cases]]"
419,22525,X10 Powermid PM5900 Remote Control Extender Kit - Includes a Transmitter and Receiver,"[[Electronics,Accessories & Supplies,Audio & Video Accessories,Remote Controls,Remote-Control Extenders]]"
420,22605,"SanDisk Ultra 64GB MicroSDXC Class 10 UHS Memory Card Speed Up To 30MB/s With Adapter, Frustration-Free Packaging - SDSDQU-064G-AFFP-A","[[Electronics,Computers & Accessories,Cables & Accessories,Memory Cards,Micro SD Cards]]"
421,22624,HDE USB 3.0 Black and Silver Aluminum 2.5&quot; Slim Hard Drive Enclosure,"[[Electronics,Computers & Accessories,Cables & Accessories,Hard Drive Enclosures]]"
422,22670,Importer520 5 Pack of Premium Reusable LCD Screen Protectors for Apple iPod Touch 2nd 3rd Gen Generation 32GB / 64GB,"[[Electronics,Portable Audio & Video,MP3 Players & Accessories,MP3 Player Accessories,Screen Protectors]]"
423,22958,Z Sound Board,"[[Electronics,Computers & Accessories,Computer Components,Internal Sound Cards]]"
424,23020,"ASUS Official TransCover for MemoPad HD 7 ME173, Black","[[Electronics,Computers & Accessories,Touch Screen Tablet Accessories,Cases & Sleeves,Cases]]"
425,23086,BIC AMERICA DV-52CLRB 5 1/4&quot; 2-Way Center Channel Speaker (BIC AMERICA DV52CLRB),"[[Electronics,Home Audio,Stereo Components,Speakers,Center-Channel Speakers]]"
426,23232,Lumsing Universal Rechargeable 3D Active Shutter Glasses (DLP-Link 3D Projector Active Shutter),"[[Electronics,Television & Video,Video Glasses]]"
427,23250,Corsair Carbide Series 200R Compact ATX Case CC-9011023-WW,"[[Electronics,Computers & Accessories,Computer Components,Computer Cases]]"
428,23333,HP Pavilion dv6-7020 us 15.6-Inch Laptop (Black),"[[Electronics,Computers & Accessories,Laptops]]"
429,23365,SanDisk Extreme Pro 8GB SDHC UHS-1 Flash Memory Card Speed Up To 95MB/s- SDSDXPA-008G-X46,"[[Electronics,Computers & Accessories,Cables & Accessories,Memory Cards,SD & SDHC Cards]]"
430,23478,Heavy Duty Muslin Clamps 4 1/2 inch 6 Pack,"[[Electronics,Camera & Photo,Lighting & Studio,Photo Studio]]"
431,23490,Pioneer AVH-X5500BHS Multimedia DVD Receiver with 7&quot; Motorized Touchscreen Display,"[[Electronics,Car & Vehicle Electronics,Car Electronics,Car Video,In-Dash DVD & Video Receivers]]"
432,23607,Lunatik LKBLK-011 Lynk Watch Wrist Strap for iPod Nano 6G - Black,"[[Electronics,Portable Audio & Video,MP3 Players & Accessories,MP3 Player Accessories,Cases]]"
433,23627,Etekcity&reg; 1080P HDMI Input Male to Female VGA Video Cable Converter Adapter for PC Laptop DVD TV Projector,"[[Electronics,Accessories & Supplies,Audio & Video Accessories,Video Converters]]"
434,23751,"The Oontz XL - Cambridge SoundWorks Most Powerful Portable, Wireless, Bluetooth Speaker","[[Electronics,Portable Audio & Video,MP3 Players & Accessories,MP3 Player Accessories,Speaker Systems]]"
435,23797,Tiffen 4BLTPCHSMK Small Belt Style Filter Pouch for Filters Up to 58mm,"[[Electronics,Camera & Photo,Bags & Cases,Camcorder Cases]]"
436,23883,"ASUS (RT-N16) Wireless-N 300 Maximum Performance single band Gaming Router: Fast Gigabit Ethernet, support USB-Hard Drive and Printer and Open source DDWRT","[[Electronics,Computers & Accessories,Routers]]"
437,23917,StarTech 6-Inch Slimline SATA to SATA Female/Male Adapter with Power (SLSATAADAP6),"[[Electronics,Computers & Accessories,Cables & Accessories,Cables & Interconnects,SATA Cables]]"
438,23939,GreatShield Ultra Smooth Clear Screen Protector Film for Google Nexus 10 Tablet (3 Pack),"[[Electronics,Computers & Accessories,Touch Screen Tablet Accessories,Screen Protectors]]"
439,24130,GeauxRobot Clear Raspberry Pi Case Enclosure Box Dog Bone Shape,"[[Electronics,Computers & Accessories,Cables & Accessories,Hard Drive Enclosures]]"
440,24145,Corsair Obsidian Series Black 550D Mid Tower Computer Case (CC-9011015-WW),"[[Electronics,Computers & Accessories,Computer Components,Computer Cases]]"
441,24251,"Osaka HardRock series Gold carbon / graphite fiber pattern Hard Case / Cover / Shell for newest 13&quot; RETINA MacBook Pro Aluminum Unibody (A1425, Black keys, withOUT DVD rom, 13.3-inch diagonal screen) with KLOUD cleaning cloth","[[Electronics,Computers & Accessories,Laptop & Netbook Computer Accessories,Skins & Decals]]"
442,24255,Tech Armor Apple iPad Mini with Retina Display / iPad mini Anti-Glare/Anti-Fingerprint (Matte) Screen Protectors [3Pack] Lifetime Warranty,"[[Electronics,Computers & Accessories,Touch Screen Tablet Accessories,Screen Protectors]]"
443,24351,Acer Aspire S3-391-6899 13.3-Inch Ultrabook (Champagne),"[[Electronics,Computers & Accessories,Laptops]]"
444,24418,Kodak EasyShare MD55 14 MP Digital Camera with 5x Optical Zoom and 2.7-Inch LCD (Black),"[[Electronics,Camera & Photo,Digital Cameras,Point & Shoot Digital Cameras]]"
445,24428,Coleman Xtreme C5WP 12 MP 33ft Waterproof Digital Camera,"[[Electronics,Camera & Photo,Underwater Photography,Cameras]]"
446,24565,Onkyo TX-8050 Network Stereo Receiver (Black),"[[Electronics,Home Audio,Stereo Components,Receivers & Amplifiers,Component Receivers]]"
447,24666,GE 73324 Digital Audio Coaxial Cable (6-Feet),"[[Electronics,Accessories & Supplies,Audio & Video Accessories,Cables & Interconnects,Audio Cables,Digital Coaxial Cables]]"
448,24679,Nikon 25822 EG-CP16 Audio/Video Cable,"[[Electronics,Camera & Photo,Accessories,Cables & Cords]]"
449,24682,Sony BDP-S3100 Blu-ray Disc Player with Wi-Fi (2013 Model),"[[Electronics,Television & Video,Blu-ray Players & Recorders,Blu-ray Players]]"
450,24692,Sony HVL-F58AM High-Power Digital Camera Flash with Wireless Ratio Control and Quick Shift Bounce for Sony Alpha Digital SLR,"[[Electronics,Camera & Photo,Flashes,Shoe Mount Flashes]]"
451,24702,Kicker DS35 3.5&quot; 2-Way DS-Series Coaxial Car Speakers,"[[Electronics,Car & Vehicle Electronics,Car Electronics,Car Audio,Speakers,Coaxial Speakers]]"
452,24774,MirrorMount(TM) Radar Detector Mirror Mount - V1 Radar Detectors,"[[Electronics,Car & Vehicle Electronics,Vehicle Electronics Accessories,Radar Detectors]]"
453,24815,Joby GPM-A1EN GorillaPod Magnetic Flexible Tripod (Black),"[[Electronics,Camera & Photo,Tripods & Monopods,Complete Tripods]]"
454,24862,4 Pcs Metal Body 4mm Female Banana Socket 7mm Thread Binding Post Terminals,"[[Electronics,Accessories & Supplies,Audio & Video Accessories,Connectors & Adapters]]"
455,24870,SanDisk 4GB Extreme SDHC Class 10 Memory Card,"[[Electronics,Computers & Accessories,Cables & Accessories,Memory Cards,SD & SDHC Cards]]"
456,25056,AmazonBasics RJ45 Cat5e Ethernet Patch Cable (14 Feet/4.2 Meters),"[[Electronics,Computers & Accessories,Cables & Accessories,Cables & Interconnects,Ethernet Cables]]"
457,25083,"ZeroChroma Solo Caseless Stand for iPad 2, 3rd/4th Gen,Tablets 10 to 12 Inches, Samsung, Nexus, Black","[[Electronics,Computers & Accessories,Touch Screen Tablet Accessories,Cases & Sleeves,Cases]]"
458,25226,"Bolse&reg; 300Mbps Wifi Wireless-N USB Micro Mini Adapter - Windows XP, Vista, 7, 8; Mac OS X 10.5 Greater; 2.4G 802.11ngb 32-Bit and 64-Bit Compatible(*Does Not Support Win8.1*)","[[Electronics,Computers & Accessories,Networking Products,Network Adapters,USB Network Adapters]]"
459,25247,Hosa Cable CPR201 Dual 1/4 Inch To RCA Cable - 3.25 Foot,"[[Electronics,Accessories & Supplies,Audio & Video Accessories,Cables & Interconnects,Audio Cables,RCA Cables]]"
460,25356,"Tera Grand - Premium Mini DisplayPort to HDMI Adapter Cable with Audio Support - for Apple MacBook, MacBook Pro, MacBook Air, iMac, Mac mini, Mac Pro, and Microsoft Surface Pro - Thunderbolt Port Compatible - High Quality ABS Plastic Housing - in Retail Packaging","[[Electronics,Accessories & Supplies,Audio & Video Accessories,Cables & Interconnects,Video Cables,HDMI Cables]]"
461,25407,"58MM 0.40x Super Wide Fisheye w/ Macro Portion and 2.2X Telephoto High Definition Lenses + Ultraviolet UV Protection Filter for CANON Rebel (T5i T4i T3i T3 T2i T2 T1i XTi XT XSi XS SL1), CANON EOS (1100D 700D 650D 600D 550D 500D 450D 400D 350D 300D 100D) DSLR Cameras + MagicFiber Microfiber Lens Cleaning Cloth","[[Electronics,Camera & Photo]]"
462,25424,"Progo EN-EL14 Rechargeable Li-Ion Battery for Nikon D5100, D3100, P7000 DSLR Cameras, Fully Compatible Retail Package","[[Electronics,Camera & Photo,Accessories,Batteries & Chargers,Batteries,Camera Batteries]]"
463,25546,Poetic(TM) ASUS Transformer Prime TF201 Keyboard Portfolio Stand Case Cover for TF201 Brown,"[[Electronics,Computers & Accessories,Touch Screen Tablet Accessories,Cases & Sleeves,Cases]]"
464,25552,Hildozine Remote Transceiver Caddy for Pocket Wizard Units,"[[Electronics,Camera & Photo,Lighting & Studio,Photo Studio]]"
465,25562,SANOXY&reg; Wireless Fm Transmitter,"[[Electronics,Computers & Accessories,Laptop & Netbook Computer Accessories,Chargers & Adapters]]"
466,25574,Driveway Patrol Sensor and Receiver Kit (Discontinued by Manufacturer),"[[Electronics,Security & Surveillance,Motion Detectors]]"
467,25590,Noctua Low-Profile Quiet CPU Cooler for Intel 115x Based Retail Cooling NH-L9I,"[[Electronics,Computers & Accessories,Computer Components,Fans & Cooling,Heatsinks]]"
468,25678,NEW Laptop/Notebook AC Adapter/Power Supply Charger+Cord for Acer Aspire,"[[Electronics,Computers & Accessories,Laptop & Netbook Computer Accessories,Chargers & Adapters]]"
469,25683,Rosewill RFX-100 90mm Case Fan,"[[Electronics,Computers & Accessories,Computer Components,Fans & Cooling,Case Fans]]"
470,25810,Gigabyte LGA 1150 Intel Z97N IWi-Fi-Bluetooth HDMI SATA 6Gb/s USB 3.0 Mini ITX DDR3 1600 Motherboards GA-Z97N-WIFI,"[[Electronics,Computers & Accessories,Computer Components,Motherboards]]"
471,25820,Panasonic Lumix SZ7 14.1 MP High Sensitivity MOS Digital Camera with 10x Optical Zoom (Black),"[[Electronics,Camera & Photo,Digital Cameras,Point & Shoot Digital Cameras]]"
472,25846,Foscam Arm Mounting Bracket for Outdoor IP Cameras,"[[Electronics,Security & Surveillance,Accessories,Surveillance Housing & Mounting Brackets]]"
473,25922,IMAGE&reg; 1 Pair Handheld Walkie Talkie UHF Radio 3W FM 16 channel Transceiver 2-Way Radio 16 Channels With Rechargeable Battery,"[[Electronics,Portable Audio & Video,CB & Two-Way Radios,Two-Way Radios]]"
474,26003,Skullcandy Chops Hanger Earbuds HH26-SKC01 (Black and Chrome) (Discontinued by Manufacturer),"[[Electronics,Accessories & Supplies,Audio & Video Accessories,Headphones]]"
475,26011,Digital AV HDMI Adapter to HDTV for the New iPad 2 3 iPhone 4S 4G iPod Touch,"[[Electronics,Computers & Accessories,Cables & Accessories,Computer Cable Adapters,DVI-HDMI Adapters]]"
476,26094,Nikon ML-L3 Wireless Remote Control,"[[Electronics,Camera & Photo,Accessories]]"
477,26105,ARRIS / Motorola SurfBoard SB6141 DOCSIS 3.0 Cable Modem - Retail Packaging - White,"[[Electronics,Computers & Accessories,Networking Products,Modems]]"
478,26121,Studiohut DOUBLE AC Flash Light Stand Swivel Mount with Umbrella holder,"[[Electronics,Camera & Photo,Lighting & Studio,Lighting,Mounting Hardware]]"
479,26145,Western Digital WD1002FAEX Caviar Black 1 TB SATA III 7200 RPM 64 MB Cache Internal Desktop 3.5&quot; Hard Drive,"[[Electronics,Computers & Accessories,Data Storage,Internal Hard Drives]]"
480,26250,Logitech Wireless Gaming Mouse G700,"[[Electronics,Computers & Accessories,Cables & Accessories,Mice]]"
481,26251,"3WARE Cable, 1 Unit Of .5 Meter Multi-lane Internal (SFF-8087) Serial Ata Cable","[[Electronics,Computers & Accessories,Cables & Accessories,Cables & Interconnects,SATA Cables]]"
482,26306,"TP-LINK TL-WN951N Wireless N300 Advanced PCI Adapter, 2.4GHz 300Mbps, Include Low-profile Bracket","[[Electronics,Computers & Accessories,Networking Products,Network Adapters,Laptop Network Adapters]]"
483,26346,iHome iDL45BC Lightning Dock Clock Radio and USB Charge/Play for iPad/iPhone/iPod,"[[Electronics,Portable Audio & Video]]"
484,26369,Mikrotik RB750GL Mini-Router 5 Gigabit Ethernet Ports,"[[Electronics,Computers & Accessories,Routers]]"
485,26453,"Bestlight 48 LED Macro Ring Light With 6 Adaptors Rings (Fits 49mm, 52mm, 55mm, 58mm, 62mm or 67mm Lenses) For The Canon Digital EOS Rebel SL1 (100D), T5i (700D), T4i (650D), T3 (1100D), T3i (600D), T1i (500D), T2i (550D), XSI (450D), XS (1000D), XTI (400D), XT (350D), 1D C, 70D, 60D, 60Da, 50D, 40D, 30D, 20D, 10D, 5D, 1D X, 1D, 5D Mark 2, 5D Mark 3, 7D, 6D, Nikon D5300, D5000, D3000, D3200, D5100, D5200, D3100, D7000, D7100, D4, D800, D800E, D600, D610, D40, D40x, D50, D60, D70, D80, D90, D100, D200, D300, D3, D3S, D700 Digital SLR Cameras","[[Electronics,Camera & Photo,Flashes,Macro & Ringlight Flashes]]"
486,26460,Metra 99-8212S Single DIN Installation Kit for 2004-2005 Toyota Solara,"[[Electronics,Car & Vehicle Electronics,Vehicle Electronics Accessories,Audio & Video Accessories]]"
487,26468,Sony NP-QM71D Super Quick High Capacity InfoLithium Camcorder Battery for DCRDVD301 &amp; HDRSR1,"[[Electronics,Camera & Photo,Accessories,Batteries & Chargers,Batteries,Camcorder Batteries]]"
488,26569,Nikon LC-77 77mm Lens Cap [Accessory],"[[Electronics,Camera & Photo,Accessories,Lens Accessories,Lens Caps]]"
489,26587,"Syba PCI-Express x1 4 Port RS232 Serial Card, Moschip 9904 Chipset, Fan-Out Cable","[[Electronics,Computers & Accessories,Computer Components,I/O Port Cards,Serial Port Cards]]"
490,26600,"Aurum Cables 3.5mm Male To 3.5mm Male Stereo Audio Cable - For iPhone, iPad or Smartphones - 2 Feet (Bronze)","[[Electronics,Accessories & Supplies,Audio & Video Accessories,Headphone Accessories,Extension Cords]]"
491,26654,SeaSonic Platinum SS-860XP2 Power Supply,"[[Electronics,Computers & Accessories,Computer Components,Power Supplies]]"
492,26705,HDE&reg; HB-33 Lens Hood for Nikon 18-55mm DX Nikkor Lens,"[[Electronics,Camera & Photo,Accessories,Lens Accessories,Lens Hoods]]"
493,26775,"HGST LifeStudio Mobile 250GB USB 2.0 Portable External Hard Drive, Graphite (0S02684)","[[Electronics,Computers & Accessories,Data Storage,External Hard Drives]]"
494,26796,Ravelli APLT4 61-inch Light Weight Aluminum Tripod With Bag,"[[Electronics,Camera & Photo,Tripods & Monopods,Complete Tripods]]"
495,26797,Gigabyte LGA 1150 Intel B85 HDMI SATA 6Gbps USB 3.0 Micro ATX DDR3 1600 Intel Motherboards GA-B85M-D3H,"[[Electronics,Computers & Accessories,Computer Components,Motherboards]]"
496,26810,AmazonBasics 60-Inch Lightweight Tripod with Bag,"[[Electronics,Camera & Photo,Tripods & Monopods,Complete Tripods]]"
497,26923,Lenovo USB Speaker M0520 (Red),"[[Electronics,Computers & Accessories,Cables & Accessories,Computer Speakers]]"
498,26962,Fujifilm INSTAX 210 Instant Photo Camera,"[[Electronics,Camera & Photo,Film Photography,Film Cameras,Instant Cameras]]"
499,26963,LG 42LS5700 42-Inch 1080p 120Hz LED-LCD HDTV with Smart TV (2012 Model),"[[Electronics,Television & Video,Televisions,LED TVs]]"
500,27050,"Professional Accessory Kit for CANON PowerShot SX50 HS - Includes: Vivitar Filter Kit (UV, CPL, FLD) + Vivitar Macro Close-Up Set + Adapter Filter Ring + Rubber Lens Hood + Snap On Lens Cap + Cap Keeper Leash + MagicFiber Microfiber Lens Cleaning Cloth","[[Electronics,Camera & Photo,Accessories,Filters & Accessories,Filter Sets]]"
501,27068,Maxell 190277 M2 in-ear Earbuds Black,"[[Electronics,Accessories & Supplies,Audio & Video Accessories,Headphones]]"
502,27239,Brand New Replacement for Samsung BP96-00826A DLP Lamp,"[[Electronics,Computers & Accessories,Cables & Accessories,Video Projector Accessories,Lamps]]"
503,27241,"Bolo Canon EOS Macro Extension Tube Set Kit for Extreme Close-up, fits Canon EOS 1d,1ds,Mark II, III, IV, 5D, Mark II, 7D, 10D, 20D, 30D, 40D, 50D, 60D, Digital Rebel xt, xti, xs, xsi, t1i, t2i, 300D, 350D, 400D, 450D, 500D, 550D, 1000D with FREE MICRO CLEANING CLOTH","[[Electronics,Camera & Photo,Accessories,Lens Accessories,Extension Tubes]]"
504,27337,ART Tube MP Studio Mic Preamp,"[[Electronics,Camera & Photo,Accessories,Professional Video Accessories,Microphones]]"
505,27349,Nikon EN-MH2-B4 Ni-MH 2300mAh AA Rechargeable Batteries Set of 4 - Retail Packaging,"[[Electronics,Camera & Photo,Accessories,Batteries & Chargers,Batteries,Camera Batteries]]"
506,27355,Red Leather Case with Bluetooth Wireless Keyboard for Ipad2/3 By Shiningtek,"[[Electronics,Computers & Accessories,Touch Screen Tablet Accessories,Cases & Sleeves,Cases]]"
507,27411,Cooler Master Hyper 212 Plus - CPU Cooler with 4 Direct Contact Heat Pipes (RR-B10-212P-G1),"[[Electronics,Computers & Accessories,Computer Components,Fans & Cooling,CPU Cooling Fans]]"
508,27431,"Replacement Backup Battery for APC RBC7, BP1400, SU1000XL, SU1000XLNET, SU1250, SU1250RM, SU1400, SU1400VS, SU1400NET, SU700XL, DLA1500","[[Electronics,Computers & Accessories,Cables & Accessories,Uninterrupted Power Supply (UPS)]]"
509,27453,Pioneer DEH-150MP Single DIN Car Stereo With MP3 Playback,"[[Electronics,Car & Vehicle Electronics,Car Electronics,Car Audio,Car Stereo Receivers]]"
510,27488,Logitech Wireless Mouse M325 with Designed-For-Web Scrolling - Light Silver,"[[Electronics,Computers & Accessories,Cables & Accessories,Mice]]"
511,27539,Scosche Automotive Wire Harness -1988-up GM Micro/Delco Antenna Adapter,"[[Electronics,Car & Vehicle Electronics,Vehicle Electronics Accessories,Audio & Video Accessories,Antennas]]"
512,27578,New! Original VIZIO XRV1TV Qwerty keyboard remote for M420SV M470SV M550SV M420SL M470SL M550SL M420SV M470SV M550SV M370SR M420SR M420KD E551VA internet TV---30 days warranty!,"[[Electronics,Accessories & Supplies,Audio & Video Accessories,Remote Controls,TV Remote Controls]]"
513,27742,amFilm Premium HD Clear (Invisible) Screen Protectors for Apple iPad 4/3/2 and iPad with Retina Display (2-Pack) with Lifetime Warranty (NOT for iPad Air/iPad 5),"[[Electronics,Computers & Accessories,Touch Screen Tablet Accessories,Screen Protectors]]"
514,27893,Cheetah Mounts Plasma LCD Flat Screen TV Articulating Full Motion Dual Arm Wall Mount Bracket For 32-65&quot; Displays Up To 165LBS Black With 10 Foot 1.4 HDMI Cable Fits Up To 24&quot; Studs,"[[Electronics,Accessories & Supplies,Audio & Video Accessories,TV Accessories & Parts,TV Ceiling & Wall Mounts]]"
515,27905,"Vizio P42HDTV10A 42 Inch High Definition Widescreen Plasma TV with HDMI Input, P42HDTV - P42HDTV10A","[[Electronics,Television & Video,Televisions,Plasma TVs]]"
516,27916,Canon PowerShot SX510 HS 12.1 MP CMOS Digital Camera with 30x Optical Zoom and 1080p Full-HD Video (DISCONTINUED),"[[Electronics,Camera & Photo,Digital Cameras,Point & Shoot Digital Cameras]]"
517,27946,SanDisk SDSDRH-064G-A11 64GB ULTRA SDXC Card,"[[Electronics,Computers & Accessories,Cables & Accessories,Memory Cards,SD & SDHC Cards]]"
518,27987,Logitech G710+ Mechanical Gaming Keyboard with Tactile High-Speed Keys - Black,"[[Electronics,Computers & Accessories,Cables & Accessories,Keyboards]]"
519,28004,NEEWER&reg; DP500 DSLR Matte Box For 15mm Rail Rod Suppot Focus Rig 60D 5DII,"[[Electronics,Camera & Photo,Accessories,Lens Accessories,Matte Boxes]]"
520,28007,Pioneer AVICX850BT Bluetooth iPhone/iPod Navigation AV Receiver,"[[Electronics,Car & Vehicle Electronics,Car Electronics,Car Video,In-Dash DVD & Video Receivers]]"
521,28022,BG-E7 Battery Grip for Canon EOS 7D SLR Camera + 2X LP-E6 Li-on Batteries,"[[Electronics,Camera & Photo,Accessories,Digital Camera Accessories,Battery Grips]]"
522,28031,"OP/TECH USA 6401264 Soft Pouch, Mini, Neoprene Pouch for Cameras, Black (2.5 x 4 x 1 Inches)","[[Electronics,Camera & Photo,Bags & Cases,Camera Cases]]"
523,28038,Panasonic RPHJE355A High Fidelity Ergo-Fit Inner Ear Earbud Blue,"[[Electronics,Accessories & Supplies,Audio & Video Accessories,Headphones]]"
524,28098,Logitech Wireless Mouse M325 with Designed-For-Web Scrolling - Dark Silver,"[[Electronics,Computers & Accessories,Cables & Accessories,Mice]]"
525,28174,Thermaltake Mobile Fan II External USB Cooling Fan - Us,"[[Electronics,Computers & Accessories,Cables & Accessories,USB Fans]]"
526,28204,Adorama PT-54 AC/DC Rapid Battery Charger for Samsung BP-70 and BP-85,"[[Electronics,Camera & Photo,Accessories,Batteries & Chargers,Batteries,Camera Batteries]]"
527,28208,Kuzy - Retina 13-Inch CLEAR Screen Protector Film for MacBook Pro 13.3&quot; with Retina Display A1502 and A1425 (NEWEST VERSION) - CLEAR,"[[Electronics,Computers & Accessories,Laptop & Netbook Computer Accessories,Screen Protectors]]"
528,28263,VideoSecu 1/4&quot; x 20 Threads Swivel Security Camera Mount 2-6 Inch Adjustable Universal Pan Tilt CCTV Camera Mounting Bracket with Ceiling Clip 1BO,"[[Electronics,Security & Surveillance,Accessories,Surveillance Housing & Mounting Brackets]]"
529,28296,Case Logic SLRC-200 SLR Camera Holster (Black),"[[Electronics,Camera & Photo,Bags & Cases,Camera Cases]]"
530,28355,Lenovo Yoga 10/FHD Bluetooth Keyboard Cover (888015721),"[[Electronics,Computers & Accessories,Touch Screen Tablet Accessories,Cases & Sleeves,Cases]]"
531,28430,Runetz - 13-inch BLACK Soft Sleeve Case Cover for MacBook Pro 13.3&quot; with or w/out Retina Display and MacBook Air 13&quot; Laptop Gabbro Collection - Black,"[[Electronics,Computers & Accessories,Laptop & Netbook Computer Accessories,Bags & Cases,Sleeves & Slipcases]]"
532,28458,BOSS Audio BASS800 Amplified Subwoofer System 8-inch 800-watt,"[[Electronics,Car & Vehicle Electronics,Car Electronics,Car Audio,Subwoofers,Component Subwoofers]]"
533,28469,"AMD FX -4130 3.8Ghz Processor FD4130FRGUBOX, Black Edition","[[Electronics,Computers & Accessories,Computer Components,CPU Processors]]"
534,28661,"TopCase Latest design Shimmering Metallic See Thru Hard Case Cover for Apple Laptop with TopCase Mouse Pad (15&quot; Pro A1286, GOLD)","[[Electronics,Computers & Accessories,Laptop & Netbook Computer Accessories,Bags & Cases,Folio Cases]]"
535,28733,NETGEAR N750 Dual Band Wi-Fi Gigabit Router (WNDR4300),"[[Electronics,Computers & Accessories,Networking Products,Wireless Access Points]]"
536,28796,PAC USBCBL 6-Feet USB Cable with Mounting Bracket,"[[Electronics,Computers & Accessories,Cables & Accessories,Cables & Interconnects,USB Cables]]"
537,28813,Super Rubberized Medium Rocket Air Blaster + 2 Lens Pen Cleaning Systems + Cleaning Cloths + Cleaning Solution,"[[Electronics,Camera & Photo,Accessories,Cleaning Equipment,Cleaning Kits]]"
538,28815,Sony SS-B1000 5-1/4-Inch Bookshelf Speakers (Pair),"[[Electronics,Home Audio,Stereo Components,Speakers,Bookshelf Speakers]]"
539,28853,"CowboyStudio Photography Photo Studio Video Quick Softbox Lighting Light Kit, 600 Watt Output","[[Electronics,Camera & Photo,Lighting & Studio,Lighting,Lighting Controls & Modifiers,Soft Boxes]]"
540,28888,Behringer EUROLIVE B1500D-PRO High-Performance Active 1400-Watt 15-inch PA Subwoofer With Built-In Stereo Crossover,"[[Electronics,Home Audio,Stereo Components,Speakers,Subwoofers]]"
541,28958,Etekcity&reg; 1280X1024 DVD VGA RCA S-video AV to Laptop Computer PC VGA LCD Laptop Monitor Converter Switch Switchers Adapters,"[[Electronics,Accessories & Supplies,Audio & Video Accessories,Video Converters]]"
542,28992,Asus GeForce GTX 670 DirectCU Mini Graphics Card GTX670-DCMOC-2GD5,"[[Electronics,Computers & Accessories,Computer Components,Graphics Cards]]"
543,29043,"Superspeed USB 3.0 Type A Male to Micro B Male 28AWG Cable (6 Feet, Blue)","[[Electronics,Computers & Accessories,Cables & Accessories,Cables & Interconnects,USB Cables]]"
544,29062,Microsoft LifeCam Studio 1080p HD Webcam for Business - Gray,"[[Electronics,Computers & Accessories,Webcams]]"
545,29169,Logitech Optical Gaming Mouse G400 with High-Precision 3600 DPI Optical Engine,"[[Electronics,Computers & Accessories,Cables & Accessories,Mice]]"
546,29176,Gigabyte GC-WB300D 1Mbps/2Mbps/3Mbps Data Rate Exclusive Bluetooth 4.0/Wi-Fi Expansion Card Motherboard,"[[Electronics,Computers & Accessories,Computer Components,I/O Port Cards,Serial Port Cards]]"
547,29227,Antec Twelve Hundred V3 Black Steel ATX Full Tower Gaming Case,"[[Electronics,Computers & Accessories,Computer Components,Computer Cases]]"
548,29279,WallyBags 40 Inch Garment Bag,"[[Electronics,Computers & Accessories,PDAs, Handhelds & Accessories,PDA & Handheld Accessories,Cases],[Clothing, Shoes & Jewelry,Luggage & Travel Gear,Luggage,Garment Bags]]"
549,29301,Cat5e Network Ethernet Cable - Blue - 50 ft.,"[[Electronics,Computers & Accessories,Cables & Accessories,Cables & Interconnects,Ethernet Cables]]"
550,29331,Power Supply Adapter for Dell Inspiron 1520 1525 710M,"[[Electronics,Computers & Accessories,Laptop & Netbook Computer Accessories,Chargers & Adapters]]"
551,29332,Linksys Wireless-AC Universal Media Connector (WUMC710),"[[Electronics,Computers & Accessories,Laptop & Netbook Computer Accessories,Chargers & Adapters]]"
552,29348,"VSTN Asus Memo Pad Smart ME301T Multi-Stand PU Leather Cover Case with Hand Strap&amp;Card Holder (For Asus Memo Pad Smart ME301T 10'' tablet, Black)","[[Electronics,Computers & Accessories,Touch Screen Tablet Accessories,Cases & Sleeves,Cases]]"
553,29415,Brand New Everpower Slim USB 2.0 External Blu-Ray BURNER / CD/DVD-RW Burner Drive - Black,"[[Electronics,Computers & Accessories,External Components,Optical Drives,Blu-ray Drives]]"
554,29443,Mediabridge Toslink Cable (6 Feet) - Optical Digital Audio Cable,"[[Electronics,Accessories & Supplies,Audio & Video Accessories,Cables & Interconnects,Audio Cables,Fiber Optic Cables]]"
555,29448,Kinobo Usb 2.0 Microphone - &quot;Akiro&quot; Mic For Skype/Voip And Voice Recognition Software,"[[Electronics,Computers & Accessories,Cables & Accessories,Headsets & Microphones,PC Microphones]]"
556,29457,Honeywell Ademco 5818MNL Recessed Door Transmitter,"[[Electronics,Security & Surveillance,Security Sensors]]"
557,29479,Stereo Install Dash Kit Chevy CK Silverado 03 04 05 (car radio wiring installation parts),"[[Electronics,Car & Vehicle Electronics,Vehicle Electronics Accessories,Audio & Video Accessories]]"
558,29490,"ReVIVE Series NIKON EN-EL14 , ENEL14 AC Wall / DC Car Camera Battery Charger - Works for D3100 , D3200 , D5100 , D5200 , P7000 , P71000 , P7700 and More!","[[Electronics,Camera & Photo,Accessories,Batteries & Chargers,Battery Chargers,Camera]]"
559,29642,Logitech Wireless Desktop MK320 Combo,"[[Electronics,Computers & Accessories,Cables & Accessories,Keyboard & Mouse Combos]]"
560,29731,"WD RE4 2 TB Enterprise Hard Drive: 3.5 Inch, 7200 RPM, SATA II, 64 MB Cache - WD2003FYYS","[[Electronics,Computers & Accessories,Data Storage,Internal Hard Drives]]"
561,29754,Olympus VG-160 14MP Digital Camera with 5x Optical Zoom (Silver),"[[Electronics,Camera & Photo,Digital Cameras,Point & Shoot Digital Cameras]]"
562,29759,15 15.6 inch Laptop Notebook Skin Sticker Cover Art Decal Fits Laptop Size of 13&quot; 13.3&quot; 14&quot; 15&quot; 15.6&quot; 16&quot; HP Dell Lenovo Asus Compaq Asus Acer Computers (Included 2 Wrist Pad),"[[Electronics,Computers & Accessories,Laptop & Netbook Computer Accessories,Skins & Decals]]"
563,29775,250GB - Samsung 840 Series Solid State Drive (SSD) with Desktop and Notebook Installation Kit 250 sata_6_0_gb 2.5-Inch MZ-7TD250KW,"[[Electronics,Computers & Accessories,Data Storage,Internal Solid State Drives]]"
564,29840,"9To5Cables High Speed Premium HDMI Cable with Ethernet (10 Feet) Full HD - Supports 3D, 1080p and Audio Return [Latest Version] 24K Gold Plated Connectors &amp; Braided Jacket - Delivers 1080p Video on Amazon Fire TV, Roku 3, Apple TV, Google Chromecast and other HDMI Devices","[[Electronics,Accessories & Supplies,Audio & Video Accessories,Cables & Interconnects,Video Cables,HDMI Cables]]"
565,29902,"TP-LINK TL-WR710N 150Mbps Wireless N Mini Pocket Router, Repeater, Client, 2 LAN Ports, USB Port for Charging and Storage","[[Electronics,Computers & Accessories,Networking Products,Repeaters]]"
566,29983,Crucial Ballistix Sport XT 16GB Kit (8GBx2) DDR3 1866 MT/s (PC3-14900) CL10 @1.5V&nbsp; UDIMM 240-Pin Memory BLS2C8G3D18ADS3,"[[Electronics,Computers & Accessories,Computer Components,Memory]]"
567,30029,TiVo Roamio HD Digital Video Recorder and Streaming Media Player (TCD846500),"[[Electronics,Television & Video,Streaming Media Players]]"
568,30035,Rosewill 5.25Inch SATA Trayless Hot Swap Mobile Rack for 3.5Inch SATA I/II/III HDD Components Other RX-C525 Black,"[[Electronics,Computers & Accessories,Cables & Accessories]]"
569,30065,HP OfficeJet 4500 Power Supply Adapter Cord,"[[Electronics,Computers & Accessories,Laptop & Netbook Computer Accessories,Chargers & Adapters]]"
570,30103,Rosewill Jet Gaming Mouse with Adjustable Weights (RGM-300),"[[Electronics,Computers & Accessories,Cables & Accessories,Mice]]"
571,30152,Nikon D600 24.3 MP CMOS FX-Format Digital SLR Camera (Body Only) (OLD MODEL),"[[Electronics,Camera & Photo,Digital Cameras,Digital SLR Cameras]]"
572,30164,SKYTEX Primer 7&quot; Color E-reader and Media Player,"[[Electronics,Portable Audio & Video,MP3 Players & Accessories,MP3 Players]]"
573,30202,StarTech.com 2.5-Inch Silver USB 2.0 to IDE External Hard Drive Enclosure (IDE2510U2),"[[Electronics,Computers & Accessories,Cables & Accessories,Hard Drive Enclosures]]"
574,30240,Incipio LGND Case for iPad mini - Scarlet Red (IPAD-311),"[[Electronics,Computers & Accessories,Touch Screen Tablet Accessories,Cases & Sleeves,Cases]]"
575,30368,Samsung C300 Series S20C300BL 19.5-Inch Screen LED-Lit Monitor,"[[Electronics,Computers & Accessories,Monitors]]"
576,30463,"C2G / Cables to Go 03130 18 AWG Universal Power Cord for NEMA 5-15P to IEC320C13, Black (6 Feet/1.82 Meters)","[[Electronics,Accessories & Supplies,Audio & Video Accessories,Cables & Interconnects,Power Cables]]"
577,30472,Apple iPod shuffle 2 GB Pink (3rd Generation)   (Discontinued by Manufacturer),"[[Electronics,Portable Audio & Video,MP3 Players & Accessories,MP3 Players]]"
578,30553,"Aputure Timer Camera Remote Control Shutter Cable 1C, for Canon EOS Rebel XT, XTi, XSi, T1, T1i, T2i, T3, T3i, T4i, T5i, SL1, D60, D70, Powershot G10, G11, G12, G1X, Replaces Canon RS 60-E3","[[Electronics,Camera & Photo,Accessories,Telescope & Microscope Accessories,Telescope Accessories,Remote Controls]]"
579,30608,Lanzar OPTIMC90 Opti Drive 700 Watts Motorcycle/ATV/Snowmobile Mount 4CH Amplifier w/Dual handle-bar Mount Aluminium Diecast Weatherproof Speakers w/MP3/Ipod Input and USB Charger,"[[Electronics,Car & Vehicle Electronics,Car Electronics,Car Audio,Speakers,Coaxial Speakers]]"
580,30693,HDE&reg; SX-907 Bluetooth Stereo Headphones,"[[Electronics,Accessories & Supplies,Audio & Video Accessories,Headphones]]"
581,30784,Cable Matters In-Wall Rated (CM) Cat6 Ethernet Cable in Green 1000 Feet,"[[Electronics,Computers & Accessories,Cables & Accessories,Cables & Interconnects,Ethernet Cables]]"
582,30790,Bower SFD296S Digital Automatic Flash for Sony,"[[Electronics,Camera & Photo,Flashes,Shoe Mount Flashes]]"
583,30894,AGFA 3-Piece Professional Filter Kit 77mm - Ultraviolet (UV) + Circular Polarizor (CPL) + Warming Intensifier APFTK77,"[[Electronics,Camera & Photo,Accessories,Filters & Accessories,Skylight & UV Filters]]"
584,30935,"eForCity HDMI to VGA Audio /Video Analog Mini Converter , White","[[Electronics,Accessories & Supplies,Audio & Video Accessories,Video Converters]]"
585,31036,FINTIE (Blue) Slim Fit Leather Folio Stand Case Cover Auto Sleep/Wake for Google Nexus 10 Inch Android Tablet - Multi Color Options,"[[Electronics,Computers & Accessories,Touch Screen Tablet Accessories,Cases & Sleeves,Cases]]"
586,31058,IMAGE Flash Shoe Umbrella Holder Swivel Light Stand Bracket for Hot Shoe Flash/Slave Sensor/Receiver,"[[Electronics,Camera & Photo,Accessories,Flash Accessories,Camera Brackets]]"
587,31071,"DuraNeoprene FlexArmor Digital Camera Case with Mini Tripod for Sony Cyber-shot DSC HX100V , DSC HX1 , DSC H200 and Many More Digital Cameras!","[[Electronics,Camera & Photo,Bags & Cases,Camera Cases]]"
588,31095,4GB DDR3 SDRAM Memory Module,"[[Electronics,Computers & Accessories,Computer Components,Memory]]"
589,31236,"Poetic Slimline Portfolio Case for Google Nexus 7 Android Tablet by Asus Black(Automatically Wakes and Puts the Nexus 7 to Sleep)(3 Year Manufacturer Warranty From Poetic)(Final Version: With Secure Magnetic Closure, Cover Able to Fully Fold Back without Activating Sleep Mode)","[[Electronics,Computers & Accessories,Touch Screen Tablet Accessories,Cases & Sleeves,Cases]]"
590,31241,Archshield - Apple iPad Air (Generation 5) Premium High Definition (HD) Clear Screen Protector 2-Pack - Retail Packaging (Lifetime Warranty),"[[Electronics,Computers & Accessories,Touch Screen Tablet Accessories,Screen Protectors]]"
591,31247,Cooler Master HAF 912 - Mid Tower Computer Case with High Airflow,"[[Electronics,Computers & Accessories,Computer Components,Computer Cases]]"
592,31263,ASUS MAXIMUS VI HERO DDR3 2800 LGA 1150 Motherboard  socket for 4th Generation Intel Core i7/ i5/ i3/ Pentium / Celeron Processors,"[[Electronics,Computers & Accessories,Computer Components,Motherboards]]"
593,31319,NEW AYL&reg; Portable Mini Speaker System with 3YR GUARANTEE (Black) with Rechargeable Battery and Expandable Bass Resonator for Smartphones / Tablets / MP3 Players / Computers / Laptops / Cell Phones / iPhone 5S / iPod! Great Gift for Every Occasion!,"[[Electronics,Computers & Accessories,Cables & Accessories,Computer Speakers]]"
594,31404,Scosche Vwa-3B Bmw/Vw Antenna Adapter,"[[Electronics,Car & Vehicle Electronics,Vehicle Electronics Accessories,Audio & Video Accessories,Antennas]]"
595,31637,"Professional Gear Backpack for Digital SLR Canon Cameras , up to 17&quot; Laptops and Device Accessories- Works with Canon EOS Rebel SL1 , T5i , T4i , T3i , T2i , 70D , 100D , 700D , 6D &amp; More DSLR , Micor Four Thirds , Point and Shoot Cameras , Video Cameras , Lens Kits , Tripods , etc!","[[Electronics,Computers & Accessories,Laptop & Netbook Computer Accessories,Bags & Cases,Backpacks]]"
596,31751,BULLZ AUDIO BCAP 2.2 Farad Car Digital Power Capacitor,"[[Electronics,Car & Vehicle Electronics,Vehicle Electronics Accessories]]"
597,31795,"GoPro Hero 3 Replacement Battery Kit, includes 2000mAh 3.7V AHDBT-301 Opteka Battery Pack, Opteka Battery Charger with European Plug Adapter, 6 foot HDMI cable, Opteka 5 Piece Cleaning kit and Cleaning Cloth","[[Electronics,Camera & Photo,Accessories,Digital Camera Accessories,Accessory Kits]]"
598,31807,Monster Cable DXPLN300P PowerNet 300 and 200 Premium Pack with Clean Power (Discontinued by Manufacturer),"[[Electronics,Computers & Accessories,Networking Products,Network Adapters,Powerline Network Adapters]]"
599,31836,Acer G205HV bd 20-inch Widescreen Flat-Panel LCD Monitor,"[[Electronics,Computers & Accessories,Monitors]]"
600,31859,"Tech Armor Frosted Black Apple New iPhone 5 TPU Flex Case with Lifetime Replacement Warranty -AT&amp;T, Verizon, Sprint, International","[[Cell Phones & Accessories,Cases,Basic Cases],[Electronics,Computers & Accessories]]"
601,31926,Medialink USB Bluetooth Adapter - Version 4.0 (Newest Available) Class 2 Smart Ready Adapter with Low Energy Technology - Compatible with Windows 8 / Windows 7 / Windows Vista,"[[Electronics,Computers & Accessories,Networking Products,Network Adapters,Bluetooth Network Adapters]]"
602,31991,iHome iPL10 Clock Radio with Lightning Dock,"[[Electronics,Portable Audio & Video,Boomboxes]]"
603,31999,Tripp Lite B126-1A0 HDMI Over Cat5 Active Extender Remote Unit TAA/GSA (Black ),"[[Electronics,Accessories & Supplies,Audio & Video Accessories,Remote Controls,Remote-Control Extenders]]"
604,32151,Crucial Technology CT25664AA800 2 GB 240-pin DIMM DDR2 PC2-6400 Memory Module,"[[Electronics,Computers & Accessories,Computer Components,Memory]]"
605,32193,"Samsung Galaxy Tab 3 (7-Inch, Gold-Brown, 8-GB) 2013 Model","[[Electronics,Computers & Accessories,Tablets]]"
606,32209,LG Electronics 55LA6200 55-Inch Cinema 3D 1080p 120Hz LED-LCD HDTV with Smart TV and Four Pairs of 3D Glasses (2013 Model),"[[Electronics,Television & Video,Televisions,LCD TVs]]"
607,32221,Vertical Battery Hand Grip For Canon 600D / Rebel T3i / Kiss X5 / 550D / Rebel T2i / Kiss X4,"[[Electronics,Camera & Photo,Accessories,Digital Camera Accessories,Battery Grips]]"
608,32411,eforCity 280973 25-Feet Ultra High Speed HDMI Cable,"[[Electronics,Accessories & Supplies,Audio & Video Accessories,Cables & Interconnects,Video Cables,HDMI Cables]]"
609,32441,WHITE 100FT CAT6 CAT 6 RJ45 PATCH ETHERNET NETWORK INTERNET CABLE 100' FT,"[[Electronics,Computers & Accessories,Cables & Accessories,Cables & Interconnects,Ethernet Cables]]"
610,32491,DVC 17929 Flycam 5000 Professional Action Stabilizer Steadycam for Dslr Cameras/Camcorders (Black),"[[Electronics,Camera & Photo,Accessories,Professional Video Accessories,Stabilizers]]"
611,32553,NP-BN1 Battery Charger for Sony,"[[Electronics,Camera & Photo,Accessories,Digital Camera Accessories,Accessory Kits]]"
612,32565,SF-95 Analog Satellite Finder,"[[Electronics,Accessories & Supplies,Audio & Video Accessories,Satellite TV Equipment,Mounting Accessories,Satellite Finders]]"
613,32591,Linksys E1200 Wireless-N300 Router,"[[Electronics,Computers & Accessories,Routers]]"
614,32625,Synology America DiskStation 2-Bay Diskless Network Attached Storage (DS214se),"[[Electronics,Computers & Accessories,Data Storage,Network Attached Storage]]"
615,32652,SquareTrade 2-year Office Protection Plan ($0-$50),"[[Electronics,Electronics Warranties]]"
616,32710,"Sony MDRXB400/GRN Extra Bass Over The Head 30mm Driver Headphone, Green","[[Electronics,Accessories & Supplies,Audio & Video Accessories,Headphones]]"
617,32842,Foscam FI8905W Outdoor Wireless/Wired IP Camera with 4mm Lens (50 Viewing Angle) 100ft Nightvision - Silver,"[[Electronics,Computers & Accessories,Networking Products]]"
618,32923,rooCASE Ultra-Slim (Black) Vegan Leather Folio Case for Asus Transformer Pad Infinity TF700T Tablet - Slim Profile 17mm - 3 Day Promotional Price,"[[Electronics,Computers & Accessories,Touch Screen Tablet Accessories,Cases & Sleeves,Cases]]"
619,32940,Samsung UN22F5000 22-Inch 1080p 60Hz Slim LED HDTV (2013 Model),"[[Electronics,Television & Video,Televisions,LED TVs]]"
620,32964,Slim iPad case: The Ridge by Devicewear - Black Vegan Leather Magnetic iPad 2/3/4 Case with Six Position Flip Stand,"[[Electronics,Computers & Accessories,Touch Screen Tablet Accessories,Cases & Sleeves,Cases]]"
621,33044,Aurum Cables 4 pair CAT6 Kit - 200 ft CAT6 Ethernet Network Cable - Crimp tool - Pack of Cable Boots - Pack of RJ45 - Cable Tester,"[[Electronics,Computers & Accessories,Cables & Accessories,Cables & Interconnects,Ethernet Cables]]"
622,33073,Kingston HyperX 12GB Kit (3x4GB Modules) 1600MHz DDR3 DIMM Desktop Memory (KHX1600C9D3K3/12GX),"[[Electronics,Computers & Accessories,Computer Components,Memory]]"
623,33130,VideoSecu 24&quot; Long Arm TV Wall Mount Low Profile Full Motion Cantilever Swing &amp; Tilt wall bracket for most 22&quot; to 55&quot; LED LCD TV Monitor Flat Panel Screen VESA 200x200 400x400 up to 600x400mm - Articulating Arm Extend up to 24&quot; MAH,"[[Electronics,Accessories & Supplies,Audio & Video Accessories,TV Accessories & Parts,TV Ceiling & Wall Mounts]]"
624,33247,Auto Antenna for XM Satellite Radio Receivers (Discontinued by Manufacturer),"[[Electronics,Car & Vehicle Electronics,Vehicle Electronics Accessories,Audio & Video Accessories,Antennas]]"
625,33426,Brand New Kicker 11DX10001 DX Series Mono 1000 Watt RMS Power Class &quot;D&quot; Car Audio Amplifier with LED Power and Protect Indicators,"[[Electronics,Car & Vehicle Electronics,Car Electronics,Car Audio,Amplifiers,Mono Amplifiers]]"
626,33453,Canon PowerShot S110 12MP Digital Camera with 3-Inch LCD (White),"[[Electronics,Camera & Photo,Digital Cameras,Point & Shoot Digital Cameras]]"
627,33483,Nikon 18-200mm f/3.5-5.6G AF-S ED VR II Nikkor Telephoto Zoom Lens for Nikon DX-Format Digital SLR Cameras,"[[Electronics,Camera & Photo,Lenses,Camera Lenses,Digital Camera Lenses]]"
628,33505,Yongnuo RF-603 N3 2.4GHz Wireless Flash Trigger/Wireless Shutter Release Transceiver Kit for Nikon D90/D3100/D5000/D7000,"[[Electronics,Camera & Photo,Accessories,Digital Camera Accessories,Shutter Release Cords]]"
629,33532,Phottix SY10M-S Atlas ll Twin Pack Wireless Trigger (Black),"[[Electronics,Camera & Photo,Lighting & Studio,Lighting,Remote Triggers]]"
630,33647,Panasonic SC-BTT190 Energy Star 5.1-Channel 1000-Watt Full HD 3D Blu-Ray Home Theater System (2013 Model),"[[Electronics,Television & Video,Home Theater Systems]]"
631,33721,Clic Stic CIAK-0010 Universal Camera Handle for Digital Point and Shoot Cameras and Camcorders,"[[Electronics,Camera & Photo,Tripods & Monopods,Monopods]]"
632,33738,SUPERNIGHT&reg; For Samsung Galaxy Tab 3 Bluetooth Keyboard Portfolio Leather Case - Detachable Wireless Bluetooth Keyboard Stand Case / Cover for Samsung Galaxy Tab 3 8'' inch T310 T311 Tablet -Pink,"[[Electronics,Computers & Accessories,Touch Screen Tablet Accessories,Cases & Sleeves,Cases]]"
633,33759,Pack Of 2 D-LI109 Batteries And Battery Charger for Pentax K-R K-30 K-50 K-500 Digital SLR Camera + More!!,"[[Electronics,Camera & Photo,Accessories,Batteries & Chargers,Battery Chargers,Camera]]"
634,33845,"Panasonic DMW-LVF2 External Live View Finder for DMC-GX1, DMC-LX7 Cameras (Black)","[[Electronics,Camera & Photo,Accessories,Viewfinders]]"
635,33928,"POV Case 3.0 Large GoPro-Edition Black (for HD Hero 1,2 3,3+)","[[Electronics,Camera & Photo,Bags & Cases,Camera Cases]]"
636,33929,Cisco-Linksys E4200 Dual-Band Wireless-N Router,"[[Electronics,Computers & Accessories,Routers]]"
637,33937,NEEWER&reg; High Quality Vertical Battery Grip For Canon EOS 1100D Rebel T3 LP-E10 Battery,"[[Electronics,Camera & Photo,Accessories,Batteries & Chargers,Battery Chargers,Camera]]"
638,34051,"Satechi Slim Surge Protector (3 AC &amp; 2 USB) 2.1 amp Output for Charging iPhone 5S, 5C, 5, 4S, 4 &amp; 3GS, iPad 1, 2 &amp; 3, iPad Mini, Samsung Galaxy S5, S4, S3, S2, Tab 2, Blackberry Playbook, HTC Flyer","[[Electronics,Computers & Accessories,Cables & Accessories,Surge Protectors]]"
639,34075,Cyber Acoustics Subwoofer Satellite System (CA-3602a),"[[Electronics,Computers & Accessories,Cables & Accessories,Computer Speakers]]"
640,34121,Gary Fong Lightsphere Collapsible Basic Kit for Shoe Mounted Flash Units (COLLAPSIBLE BASIC KIT),"[[Electronics,Camera & Photo,Accessories,Flash Accessories,Diffusers]]"
641,34294,Hosa Cable CRA201 Dual RCA To Dual RCA Cable - 3.25 Foot,"[[Electronics,Accessories & Supplies,Audio & Video Accessories,Cables & Interconnects,Audio Cables,RCA Cables]]"
642,34318,Logitech M100 USB Optical Wired Mouse 910-001601 (Black),"[[Electronics,Computers & Accessories,Cables & Accessories,Mice]]"
643,34336,Legacy LS328 3.5-Inch 120 Watt TwoWay Speakers,"[[Electronics,Car & Vehicle Electronics,Car Electronics,Car Audio,Speakers,Coaxial Speakers]]"
644,34490,Silverstone Tek Internal 19-Pin USB3.0 to USB2.0 Adapter Cable (G11303050-RT),"[[Electronics,Computers & Accessories,Cables & Accessories,Computer Cable Adapters]]"
645,34561,Toshiba CB35-A3120 13.3-Inch Chromebook,"[[Electronics,Computers & Accessories,Laptops]]"
646,34570,OtterBox Prefix Series Case for iPod touch 5G - Thistle,"[[Electronics,Portable Audio & Video,MP3 Players & Accessories,MP3 Player Accessories,Cases]]"
647,34635,"RainbowImaging Lens Hood for Canon EF 70-200mm f/2.8L Lens , replaces ET-83 II","[[Electronics,Camera & Photo,Accessories,Lens Accessories,Lens Hoods]]"
648,34702,Sabrent 4-Port USB 2.0 Hub with Individual Power Switches and LEDs (HB-UMLS),"[[Electronics,Computers & Accessories,Networking Products,Hubs]]"
649,34733,2-Port USB 3.0 A Female to 20 PIN Adapter,"[[Electronics,Computers & Accessories,Networking Products,Network Adapters,USB Network Adapters]]"
650,34804,AmazonBasics USB 3.0 A-Male to A-Female Extension Cable - 9.8 Feet (3.0 Meters),"[[Electronics,Computers & Accessories,Cables & Accessories,Cables & Interconnects,USB Cables]]"
651,34815,SanDisk Extreme HD Video 16 GB SDHC Class 10 Memory Card (SDSDRX3-016G-A21),"[[Electronics,Computers & Accessories,Cables & Accessories,Memory Cards,SD & SDHC Cards]]"
652,34830,"CowboyStudio Soft Pop-Up SLR Flash Diffuser for Canon EOS, Nikon, Olympus and Pentax On-Camera Flashes with White, Blue (Cooling), &amp; Yellow (Warming) Screens","[[Electronics,Camera & Photo,Accessories,Flash Accessories,Diffusers]]"
653,34834,SUNWAYFOTO PC-5DIII QR Plate for Canon 5D Mark III Camera Arca Compatible Sunway,"[[Electronics,Camera & Photo,Accessories,Tripod & Monopod Accessories,Camera Mounts & Clamps]]"
654,34876,VisionTek ATI Radeon HD 5570 1 GB SFF 4-Port VHDCI x16 PCI Express Graphics Card (900345),"[[Electronics,Computers & Accessories,Computer Components,Graphics Cards]]"
655,34923,Ballistic PTBLCSG1158A065 SG Case for Samsung Galaxy S4 - 1 Pack - Retail Packaging - Black,"[[Electronics,Computers & Accessories,Touch Screen Tablet Accessories,Cases & Sleeves,Cases]]"
656,34981,RCA Female Jack to BNC Male Plug Adapters Pack of 10,"[[Electronics,Security & Surveillance,Accessories,Surveillance Camera Cables]]"
657,34992,Sony DSC-HX200V Shock Absorbing 44 Inch Classic Neoprene Strap By Digital + Nwv Direct Micro Fiber Cleaning Cloth,"[[Electronics,Camera & Photo,Bags & Cases,Bag & Case Accessories]]"
658,35065,"Toshiba Canvio Connect 2TB Portable Hard Drive, Blue (HDTC720XL3C1)","[[Electronics,Computers & Accessories,Data Storage,External Hard Drives]]"
659,35086,"Fotodiox 52mm Inner-pinch Lens Cap, with Cap Keeper (Black)","[[Electronics,Camera & Photo,Accessories,Lens Accessories,Lens Caps]]"
660,35087,2 Pairs Audiovox Ir1cff Fold Flat Wireless Automotive Infrared Stereo Headphones,"[[Electronics,Accessories & Supplies,Audio & Video Accessories,Headphones]]"
661,35202,Square Perfect 1040 SP2000 Backdrop Background Support Stand for Muslins Scenic Backdrops and Chromakey Green/Blue Screens,"[[Electronics,Computers & Accessories]]"
662,35457,"Anker&reg; 2nd Gen Astro E3 10000mAh Dual-Port Ultra Compact External Battery Portable USB Charger Power Bank - PowerIQ&trade; Broad Compatibility, Fast Charging, High Capacity - For iPhone 5s 5c 5, iPad Air mini, Galaxy S5 S4, Tab 2, Note 3 2, LG G3, Nexus, HTC One M8, MOTO X, PS Vita and More (Black)","[[Cell Phones & Accessories,Accessories,Batteries,External Battery Packs],[Electronics,Computers & Accessories,Touch Screen Tablet Accessories,Chargers & Adapters]]"
663,35478,MiniSuit 360 ORBIT Rotating Stand Case for Samsung Galaxy Note 10.1 N8000 (Black),"[[Electronics,Computers & Accessories,Touch Screen Tablet Accessories,Cases & Sleeves,Cases]]"
664,35563,SilverStone 80mm Fan Filter with Grill FF81B (Black),"[[Electronics,Computers & Accessories,Computer Components,Fans & Cooling,Case Fans]]"
665,35569,Nikon DK-17M Magnifying Eyepiece,"[[Electronics,Camera & Photo,Accessories,Batteries & Chargers,Adapters]]"
666,35606,Black &amp; White Brick Wall 10' x 10' CP Backdrop Computer Printed Scenic Background,"[[Electronics,Camera & Photo,Lighting & Studio,Photo Studio,Backgrounds]]"
667,35659,eForCity&reg; 2x Li-Ion Battery Compatible with Sony NP-FM500H,"[[Electronics,Camera & Photo,Accessories,Batteries & Chargers,Batteries,Camera Batteries]]"
668,35730,NZXT CRYO LX Aluminum Notebook Cooler 15-Inch to 19-Inch with 120MM Adjustable Fans - Black-CRYO LX BLACK,"[[Electronics,Computers & Accessories,Computer Components,Fans & Cooling,Case Fans]]"
669,35755,SanDisk 2GB Class 4 SD Flash Memory Card- SDSDB-002G-B35 (Label May Change),"[[Electronics,Computers & Accessories,Cables & Accessories,Memory Cards,SD & SDHC Cards]]"
670,35870,Koss R-10 Home Headphones,"[[Electronics,Accessories & Supplies,Audio & Video Accessories,Headphones]]"
671,35902,Rockford Fosgate Punch P1462 4 x 6-Inches Full Range Coaxial Speakers,"[[Electronics,Car & Vehicle Electronics,Car Electronics,Car Audio,Speakers,Coaxial Speakers]]"
672,35913,Pixel Lens Rear Cap + Camera Body Cap combo for Nikon D90 D7000 D5000 D3100 D3000 D700 D200 D3 D2 D80.. Nikkor Lenses as LF-1 BF-1A,"[[Electronics,Camera & Photo,Accessories,Lens Accessories,Lens Caps]]"
673,35970,WS International Digital Satellite Finder with Built-in Compass - DSF120+C,"[[Electronics,Accessories & Supplies,Audio & Video Accessories,Satellite TV Equipment,Mounting Accessories,Satellite Finders]]"
674,36022,"AmazonBasics Digital Optical Audio Toslink Cable, 6 Feet","[[Electronics,Accessories & Supplies,Audio & Video Accessories,Cables & Interconnects,Audio Cables,Fiber Optic Cables]]"
675,36194,ExpertPower&reg; 806-870 MHz UHF Two-way Radio Whip Antenna for Motorola NAF5037 8505241U03 PMAF4000 HT1000 MTS2000 XTS1500 MTX838 MTX800 PR1500,"[[Electronics,Portable Audio & Video,CB & Two-Way Radios,Accessories,Antennas]]"
676,36266,Sony Xperia Z SGP311U1/B 10.1-Inch 16GB Tablet (2013 Model),"[[Electronics,Computers & Accessories,Tablets]]"
677,36326,FirePower Silencer MK III 1200W 80Plus Platinum Metallic Aviation Sem-Modular Power Supply PPCMK3S1200,"[[Electronics,Computers & Accessories,Computer Components,Power Supplies]]"
678,36331,BitFenix Cooling Case Fan BFF-SPRO-12025KK-RP,"[[Electronics,Computers & Accessories,Computer Components,Fans & Cooling,Case Fans]]"
679,36356,"AmazonBasics Wireless Remote Control for Nikon D3000, Nikon P7000, D40, D40x, D50, D5000, D5200 , D5100, D60, D70, D7000, D70s, D80, D90 and select Digital SLR Cameras","[[Electronics,Camera & Photo,Accessories,Remote Controls]]"
680,36438,Tontec New Raspberry Pi Board Case Box Enclosure For Model B 512M (Clear),"[[Electronics,Computers & Accessories,Computer Components,Computer Cases]]"
681,36589,GSI - 3 RCA To USB Cable,"[[Electronics,Computers & Accessories,Cables & Accessories,Cables & Interconnects,USB Cables]]"
682,36698,Multi-function Digital Converter Box: TV Recording/Media Function/QAM Function,"[[Electronics,Television & Video,Analog-to-Digital (DTV) Converters]]"
683,36770,StarTech.com DVIVGAMF8IN 8-Inch DVI to VGA Cable Adapter,"[[Electronics,Computers & Accessories,Cables & Accessories,Computer Cable Adapters]]"
684,36789,"Audio Technica ATS11E Replacement Elliptical Diamond Stylus, an EVGame Product","[[Electronics,Home Audio,Stereo Components,Turntables]]"
685,36793,Micro USB Male to USB A Female Adapter,"[[Electronics,Computers & Accessories,Networking Products,Network Adapters,USB Network Adapters]]"
686,36824,Antennacraft High Input Amplifier Amplify Digital/Analog VHF/UHF Signals,"[[Electronics,Accessories & Supplies,Audio & Video Accessories,Antennas,TV Antennas]]"
687,36842,iLLumiShield - Lenovo Yoga Tab 10 Screen Protector Japanese Ultra Clear HD Film with Anti-Bubble and Anti-Fingerprint - High Quality (Invisible) LCD Shield - Lifetime Replacement Warranty - [2-Pack] OEM / Retail Packaging,"[[Electronics,Computers & Accessories,Touch Screen Tablet Accessories,Screen Protectors]]"
688,36953,amzdeal&reg; 8GB USB Pen Drive Digital Audio Voice Recorder 150 Hours,"[[Electronics,Portable Audio & Video,Digital Voice Recorders]]"
689,36986,"Foco - BLACK - Sound Booster Enhancer Amplifier for iPad Air, Ipad mini, Ipad 2,3,4 Iphone 5 and Much More","[[Electronics,Computers & Accessories,Touch Screen Tablet Accessories,Cases & Sleeves]]"
690,37015,Western Digital Bare Drives 1TB WD Blue SATA III 5400 RPM 8 MB Cache Bulk/OEM Notebook Hard Drive WD10JPVX,"[[Electronics,Computers & Accessories,Data Storage,Internal Hard Drives]]"
691,37044,NIX 12 inch Hi-Res Digital Photo Frame with Motion Sensor &amp; 4GB Memory - X12C,"[[Electronics,Camera & Photo,Lighting & Studio,Photo Studio,Storage & Presentation Materials,Digital Picture Frames]]"
692,37221,"Raspberry Pi Case / Enclosure, Clear","[[Electronics,Computers & Accessories,Computer Components,Computer Cases]]"
693,37241,Corsair CC600TWM-WHT Special Edition Graphite Series 600T Mid Tower Gaming Computer Case - White,"[[Electronics,Computers & Accessories,Computer Components,Computer Cases]]"
694,37360,"58mm Multi-Coated 3 Piece Filter Kit (UV-CPL-FLD) For The Canon Digital EOS Rebel T5i, SL1, T4i, T3i, T3, T1i, T2i, 60D, EOS 70D, EOS 5D Mark III Digital SLR Cameras Which Use Any Of These (18-55mm, 75-300mm, 50mm 1.4 , 55-200, 55-250mm) Lenses","[[Electronics,Camera & Photo,Accessories,Filters & Accessories,Filter Sets]]"
695,37464,Dell Venue 8 Pro 32 GB Tablet (Windows 8.1),"[[Electronics,Computers & Accessories,Tablets]]"
696,37550,"Floureon 2-Pack Premium High Capacity 1800mAh Equivalent BT-1007 , Bt1007 BT-904 , BT904 , BBTY0707001 Replacement Battery","[[Electronics,Accessories & Supplies,Telephone Accessories,Batteries]]"
697,37566,"iPearl 12-inch Soft Neoprene Sleeve Case for MacBook Air, ChromeBook &amp; UltraBook laptop (built-in external pocket) - BLACK","[[Electronics,Computers & Accessories,Laptop & Netbook Computer Accessories,Bags & Cases,Sleeves & Slipcases]]"
698,37575,Rosewill 80 PLUS BRONZE Certified Power Supply ATX12V / EPS12V 550 Power Supply Hive-550,"[[Electronics,Computers & Accessories,Laptop & Netbook Computer Accessories,Chargers & Adapters]]"
699,37596,Belkin 6-Feet AC Replacement Power Cord,"[[Electronics,Accessories & Supplies,Audio & Video Accessories,Cables & Interconnects,Power Cables]]"
700,37622,Targus Slim Case for iPad 3 THD006US(Black),"[[Electronics,Computers & Accessories,Touch Screen Tablet Accessories,Cases & Sleeves,Cases]]"
701,37671,"CowboyStudio Table Top Photo Studio Light Tent Kit in a Box - 1 Tent, 2 Light Set, 1 Stand, 1 Case","[[Electronics,Computers & Accessories,Cables & Accessories,Video Projector Accessories,Lamps]]"
702,37861,"MegaGear &quot;Ever Ready&quot; Protective Dark Brown Leather Camera Case, Bag for Panasonic Lumix Lx7","[[Electronics,Camera & Photo,Bags & Cases,Camera Cases]]"
703,37871,Metra 99-8209 Scion 04-Up Dashkit,"[[Electronics,Car & Vehicle Electronics,Vehicle Electronics Accessories]]"
704,37994,Nikon D5300 24.2 MP CMOS Digital SLR Camera with Built-in Wi-Fi and GPS Body Only (Black),"[[Electronics,Camera & Photo,Digital Cameras,Digital SLR Cameras]]"
705,38041,"Sabrent SuperSpeed USB 3.0 Flash Memory Card Reader for Windows, Mac, Linux, and Certain Android Systems - Supports SD , SDHC , MMC / MicroSD , T-Flash / MS , MS PRO Duo/ M2, and more (CR-MN30)","[[Electronics,Computers & Accessories,Cables & Accessories,Memory Card Adapters]]"
706,38135,"TRENDnet 10/100/1000 Mbps 32-Bit Gigabit PCI Adapter Card, TEG-PCITXR","[[Electronics,Computers & Accessories,Computer Components,Network Cards]]"
707,38178,Logisys Computer LT400RD 80mm LED Case Fan (Red),"[[Electronics,Computers & Accessories,Computer Components,Fans & Cooling,Case Fans]]"
708,38220,Sigma 50mm F1.4 EX DG HSM Lens for Canon EOS Lens Kit Bundle,"[[Electronics,Camera & Photo,Lenses,Camera & Camcorder Lens Bundles]]"
709,38346,"Ultimate Accessory Kit For the GoPro HERO3+ Black Edition, HERO3+ Silver Edition, HERO3 SIlver Edition, Black Edition, White Edition, HERO2 Outdoor Edition &amp; Surf Edition Cameras - Kit Includes 64GB Micro Sd Memory Card, 2 Extended Life 2000MAH AHDBT-301 Battery Packs , AC/DC Battery Charger, HDMI to Micro HDMI Cable, Opeka X-GRIP Professional Action Stabilizing Handle + GoPro Gadget Bag Carrying Case + Floating Wrist Strap Deluxe + Lens Cleaning Kit + LCD Screen Protectors + 47stphoto Microfiber Cloth + $50 Photo Print Gift Card!","[[Electronics,Camera & Photo,Accessories,Digital Camera Accessories,Accessory Kits]]"
710,38364,Ionic Stand Leather Case For Samsung Galaxy Tab 2 7.0 (Black),"[[Electronics,Computers & Accessories,Touch Screen Tablet Accessories,Cases & Sleeves,Cases]]"
711,38377,Tripp Lite PS6020 Power Strip 120V 5-15R 20 Outlet 15ft Cord Vertical Metal 0URM,"[[Electronics,Accessories & Supplies,Batteries, Chargers & Accessories,Power Strips]]"
712,38397,"Replacement Battery for Canon LP-E8 works with Canon EOS 550D, EOS Kiss X4, EOS Rebel T2i, T3i","[[Electronics,Camera & Photo,Accessories,Batteries & Chargers,Batteries,Camera Batteries]]"
713,38403,Zeikos ZE-UV95 95mm Multi-Coated UV Filter,"[[Electronics,Camera & Photo,Accessories,Filters & Accessories,Skylight & UV Filters]]"
714,38406,Triple LCD Monitor Desk Mount Stand Heavy Duty &amp; Fully Adjustable 3 Screens up to 27&quot; ~ (by VIVO),"[[Electronics,Accessories & Supplies,Mounts,Computer & Monitor Mounts]]"
715,38422,Blue Sea Systems 60A MRBF Terminal Fuse,"[[Electronics,Car & Vehicle Electronics,Vehicle Electronics Accessories,Vehicle Audio & Video Installation,Amplifier Installation,Fuses]]"
716,38432,"Nikon MH-18a Quick Battery Charger for the EN-EL3e Battery compatible with Nikon D80, D200, D300 and D700 Digital SLR Cameras","[[Electronics,Camera & Photo,Accessories,Batteries & Chargers,Battery Chargers,Camera]]"
717,38434,Corsair CX750 Builder Series ATX 80 PLUS Bronze Certified Power Supply,"[[Electronics,Computers & Accessories,Laptop & Netbook Computer Accessories,Chargers & Adapters]]"
718,38457,"Metra 99-6000 Single DIN Installation Kit for 1974-2003 Chrysler, Dodge, Eagle, Jeep, and Plymouth Vehicles","[[Electronics,Car & Vehicle Electronics,Vehicle Electronics Accessories]]"
719,38514,Garmin n&uuml;vi 50LM 5-Inch Portable GPS Navigator with Lifetime Maps (US),"[[Electronics,GPS & Navigation,Vehicle GPS,Trucking GPS]]"
720,38521,Belkin N150 Wireless/WiFi N Router (Latest Generation) - Packaging may vary,"[[Electronics,Computers & Accessories,Routers]]"
721,38549,Ion Audio iPTUSB Portable USB Turntable with Software and Built-in Speaker,"[[Electronics,Home Audio,Stereo Components,Turntables]]"
722,38574,Intel 320 Series 80 GB SATA 3.0 Gb-s 2.5-Inch Solid-State Drive Retail Box,"[[Electronics,Computers & Accessories,Data Storage,Internal Solid State Drives]]"
723,38693,OtterBox Defender Series HTC Desire HD &amp; Inspire 4G--Black (HTC2-DESHD-20-E4OTR),"[[Cell Phones & Accessories,Cases,Basic Cases],[Electronics,Computers & Accessories,PDAs, Handhelds & Accessories,PDA & Handheld Accessories,Cases]]"
724,38733,"67MM Professional Lens Filter Accessory Kit for CANON Rebel T5i T4i T3i T3 T2i, EOS 700D 650D 600D 550D 70D 60D 7D 6D DSLR Cameras with 18-135MM EF-S IS STM Zoom Lens - Includes Vivitar Filter Kit (UV, CPL, FLD) + Carry Case + Tulip Lens Hood + Snap On Lens Cap w/ Cap Keeper Leash + MagicFiber Microfiber Lens Cleaning Cloth","[[Electronics,Camera & Photo,Accessories,Filters & Accessories,Filter Sets]]"
725,38786,2 X Mini Usb Bluetooth V2.0 Edr Dongle Wireless Adapter,"[[Electronics,Computers & Accessories,Networking Products,Network Adapters,USB Network Adapters]]"
726,38799,"Professional Cleaning Set for DSLR Cameras (Canon, Nikon, Pentax, Sony) - Includes: Purosol All Natural Lens Cleaner 1 oz. Bottle + Lens Cleaning Pen + Lens Brush + Air Blower Cleaner + 50 Sheets Lens Tissue Paper + 3 Pack Oversize and Original Premium MagicFiber Microfibers Cleaning Cloths","[[Electronics,Camera & Photo,Accessories,Cleaning Equipment,Cleaning Kits]]"
727,38801,"Anker&reg; Astro Mini 3000mAh Ultra-Compact Portable Charger Lipstick-Sized External Battery Power Bank Pack for iPhone 5S, 5C, 5, 4S, Galaxy S5, S4, S3, Note 3, Nexus 4, HTC One, One 2 (M8), Nokia Lumia 520, 1020, most other Smartphones (Apple Adapters- 30 pin and Lightning, NOT Included) - Silver","[[Cell Phones & Accessories,Accessories,Batteries,External Battery Packs],[Electronics,Computers & Accessories,Touch Screen Tablet Accessories,Chargers & Adapters]]"
728,38852,Samsung Electronics 32GB microSDHC Extreme Speed (UHS-1) Class 10 Memory Cards (MB-MGBGB/AM) Retail Packaging,"[[Electronics,Computers & Accessories,Cables & Accessories,Memory Cards,SD & SDHC Cards]]"
729,39020,Transcend 64 GB High Speed 10 UHS-3 Flash Memory Card 95/60 MB/s (TS64GSDU3),"[[Electronics,Computers & Accessories,Cables & Accessories,Memory Cards,Micro SD Cards]]"
730,39042,Foscam FI8910W Pan &amp; Tilt IP/Network Camera with Two-Way Audio and Night Vision (Black),"[[Electronics,Camera & Photo,Video Surveillance,Surveillance Cameras]]"
731,39106,Panasonic TC-L50EM60 50-Inch 1080p 120Hz LED HDTV (Discontinued by Manufacturer),"[[Electronics,Television & Video,Televisions,LED TVs]]"
732,39135,Contour ROAM2 Waterproof Video Camera (Green),"[[Electronics,Camera & Photo,Video,Camcorders]]"
733,39188,USB Type A Female to USB Type B Male Adapter,"[[Electronics,Computers & Accessories,Cables & Accessories,Computer Cable Adapters]]"
734,39332,2.4g Wireless Color Video Transmitter and Receiver for the Vehicle Backup Camera/front Car Camera,"[[Electronics,Car & Vehicle Electronics,Car Electronics,Car Safety & Security,Vehicle Backup Cameras]]"
735,39333,Belkin Universal Media Reader-Black,"[[Electronics,Computers & Accessories,Cables & Accessories,Memory Card Readers]]"
736,39391,Sony VCT-R640 Lightweight Tripod for DSCV1/P41/W1/P93/P73/P92/P100/P150/F88/F828 Digital Cameras,"[[Electronics,Camera & Photo,Tripods & Monopods,Complete Tripods]]"
737,39445,OCZ Technology 60GB Agility 3 Series SATA 6Gb per second 2.5-Inch Midrange Performance Solid State Drive (SSD) with Max 525MB per second Read and Max 80K IOPS- AGT3-25SAT3-60G,"[[Electronics,Computers & Accessories,Data Storage,Internal Solid State Drives]]"
738,39462,ASUS Vulcan PRO Gaming Headset (Discontinued by Manufacturer),"[[Electronics,Computers & Accessories,Cables & Accessories,Headsets & Microphones,PC Headsets]]"
739,39464,Intel Core i3-4150 LGA 1150 - BX80646I34150,"[[Electronics,Computers & Accessories,Computer Components,CPU Processors]]"
740,39540,Ogio Gambit 17 Backpack,"[[Electronics,Computers & Accessories,Laptop & Netbook Computer Accessories,Bags & Cases,Backpacks]]"
741,39542,3-Packs Premium Reusable Lcd Screen Protector for Samsung Galaxy Tab P1000 7&quot; Tablet,"[[Electronics,Computers & Accessories,Touch Screen Tablet Accessories,Screen Protectors]]"
742,39689,AmazonBasics Hard Carrying Case for My Passport Essential - Black,"[[Electronics,Computers & Accessories,Cables & Accessories,Hard Drive Bags]]"
743,39733,"Arriva iPod Shuffle headphones with in-ear earbud, regular black","[[Electronics,Accessories & Supplies,Audio & Video Accessories,Headphones]]"
744,39747,Black Stand Alone Durable Kickstand Design / 2 Tone Snap On Crystal Case for New Apple iPod Touch 4 (4th Generation 8GB 16GB 32GB),"[[Electronics,Portable Audio & Video,MP3 Players & Accessories,MP3 Player Accessories,Cases]]"
745,39753,"MoKo Cover Case for Amazon All-New Kindle Paperwhite (Both 2012 and 2013 versions with 6&quot; Display and Built-in Light), BLACK (With Smart Auto Sleep/Wake feature)","[[Electronics,Computers & Accessories,Touch Screen Tablet Accessories,Cases & Sleeves,Cases]]"
746,39895,Nikon D5300 24.2 MP CMOS Digital SLR Camera with Built-in Wi-Fi and GPS Body Only (Black),"[[Electronics,Camera & Photo,Digital Cameras,Digital SLR Camera Bundles]]"
747,39905,Daffodil ULT05 USB LED Light - 8 Super Bright LED Reading Lamp - No Batteries Needed - PC &amp; Mac Compatible (Black),"[[Electronics,Computers & Accessories,Cables & Accessories,USB Lamps]]"
748,39917,Push Wire Connector (5103806),"[[Electronics,Accessories & Supplies,Audio & Video Accessories,Connectors & Adapters]]"
749,39934,"Verbatim Optical Mini Travel Mouse, Black 97256","[[Electronics,Computers & Accessories,Cables & Accessories,Mice]]"
750,39994,Dust and water resistant silky smooth antistatic vinyl iMac Monitor Dust Cover for 24&quot; iMac 24W x20H x3(Top)/8(Bottom),"[[Electronics,Computers & Accessories,Cables & Accessories,Monitor Accessories,Covers]]"
751,40014,3.5&quot; SATA SAS Hard Drive Tray Caddy for HP Compaq ProLiant ML350 G4p ML350 G5 G6 ML370 G5 DL 180 G6,"[[Electronics,Accessories & Supplies]]"
752,40032,HP North American Power Charger for HP TouchPad - (Retail Package),"[[Electronics,Computers & Accessories,Touch Screen Tablet Accessories,Chargers & Adapters]]"
753,40056,"1GB DDR2 PC2-6400 LAPTOP Memory Module (200-pin SODIMM, 800MHz) Genuine A-Tech Brand","[[Electronics,Computers & Accessories,Computer Components,Memory]]"
754,40099,"Klear Screen Deluxe Cleaning Kit is the Ultimate Cleaning Solution for all your cleaning needs and contains everything you need to clean, protect, and preserve your Laptops, Desktops, LCD Displays, Plasma Displays, MP3 Players, PDA's, Cell Phones, and more.","[[Electronics,Camera & Photo,Accessories,Cleaning Equipment,Cleaning Kits]]"
755,40200,"SiliconDust HDHomeRun PRIME 3-Tuner DLNA/UPnP Compatible Streaming Media Player, HDHR3-CC","[[Electronics,Television & Video,Streaming Media Players]]"
756,40229,eforCity 406110 HDMI to 3-RCA Male Video Component Cable for HDTV,"[[Electronics,Accessories & Supplies,Audio & Video Accessories,Cables & Interconnects,Audio Cables,RCA Cables]]"
757,40269,"Plugable Aluminum SuperSpeed USB 3.0 12-in-1 6 slot Memory Card Reader (Including UDMA CF and UHS-I SD, SDXC, SDHC, MicroSD)","[[Electronics,Computers & Accessories,Cables & Accessories,Memory Card Readers]]"
758,40273,Sunpak ClampPod Pro,"[[Electronics,Camera & Photo,Accessories,Tripod & Monopod Accessories,Camera Mounts & Clamps]]"
759,40294,StarTech SATA to 2.5-Inch or 3.5-Inch IDE Hard Drive Adapter for HDD Docks (SAT2IDEADP),"[[Electronics,Computers & Accessories,Cables & Accessories,Hard Drive Enclosures]]"
760,40445,Epson Home Cinema 725HD 720p 3LCD Projector,"[[Electronics,Computers & Accessories,Video Projectors]]"
761,40455,Case Logic JDS-2 USB Drive Shuttle 2-Capacity (Black/Blue),"[[Electronics,Computers & Accessories,Data Storage,USB Flash Drives]]"
762,40459,AOC e1659Fwu 16-Inch USB-Powered Portable LCD Monitor (Latest Version),"[[Electronics,Computers & Accessories,Monitors]]"
763,40513,"Wasabi Power Battery for Canon NB-6L, NB-6LH and Canon PowerShot D10, D20, D30, ELPH 500 HS, S90, S95, S120, SD770 IS, SD980 IS, SD1200 IS, SD1300 IS, SD3500 IS, SD4000 IS, SX170 IS, SX240 HS, SX260 HS, SX270 HS, SX280 HS, SX500 IS, SX510 HS, SX600 HS, SX700 HS","[[Electronics,Camera & Photo,Accessories,Batteries & Chargers,Batteries,Camera Batteries]]"
764,40547,Samsung Touch Of Color T240HD 24-Inch LCD HDTV Monitor,"[[Electronics,Computers & Accessories,Monitors]]"
765,40551,Patriot Signature 4GB DDR3 PC3-12800 (1600MHz) CL11 SODIMM Memory Module PSD34G160081S,"[[Electronics,Computers & Accessories,Computer Components,Memory]]"
766,40585,DBK&reg; Vertical Battery Grip for Nikon D7000 Digital SLR Dslr Camera MB D11 EN EL15,"[[Electronics,Camera & Photo,Accessories,Digital Camera Accessories,Battery Grips]]"
767,40695,Sangean DT-200X FM-Stereo AM/FM Digital Tuning Personal Receiver,"[[Electronics,Portable Audio & Video,Radios]]"
768,40699,"WD Red 3 TB NAS Hard Drive: 3.5 Inch, SATA III, 64 MB Cache - WD30EFRX","[[Electronics,Computers & Accessories,Data Storage,Internal Hard Drives]]"
769,40721,iPearl mCover Hard Shell Case with FREE keyboard cover for Model A1278 13-inch Regular display Aluminum Unibody MacBook Pro - BLACK,"[[Electronics,Computers & Accessories,Touch Screen Tablet Accessories,Cases & Sleeves,Cases]]"
770,40737,"The Friendly Swede 16 Pieces Mega Bundle for Kindle Fire - PU Leather Case With Stand Function and Magnetic Closure, 1 Premium Stylus Pen, 2 Medium Stylus Pen, 2 Short Stylus Pen, 2.0 Amp Car Charger, 2 USB Cable-3 and 6 feet, 2x 15-Inch Elastic Tether Strings / Lanyards, 2x 4-Inch Tether Strings / Lanyards, 2 Screen Protectors-Clear and Anti-Glare- Microfiber Cleaning Cloth-Green","[[Electronics,Computers & Accessories,Touch Screen Tablet Accessories,Bundles]]"
771,40752,"Phottix Odin TTL Flash Trigger for Nikon, 2 Receivers","[[Electronics,Camera & Photo,Lighting & Studio,Lighting,Remote Triggers]]"
772,40837,"EVGA GeForce GTX760 SuperClocked w/EVGA ACX Cooler 2GB GDDR5 256bit, Dual-Link DVI-I, DVI-D, HDMI,DP, SLI Ready Graphics Card (02G-P4-2765-KR) Graphics Cards 02G-P4-2765-KR","[[Electronics,Computers & Accessories,Computer Components,Graphics Cards]]"
773,40849,Razer BlackWidow Mechanical PC Gaming Keyboard,"[[Electronics,Computers & Accessories,Cables & Accessories,Keyboards]]"
774,40921,OREI HD-102 1x2 1 Port HDMI Powered Splitter Ver 1.3 Certified for Full HD 1080P &amp; 3D Support (One Input To Two Outputs),"[[Electronics,Accessories & Supplies,Audio & Video Accessories,Distribution,Selector Switch Boxes]]"
775,41045,APEVIA PCI-E Y splitter. 1 6pin to 2 6/8pin PCI Express converter.,"[[Electronics,Computers & Accessories,Laptop & Netbook Computer Accessories,Batteries]]"
776,41062,Belkin Quilted Cover with Stand for iPad mini (Ruby),"[[Electronics,Computers & Accessories,Touch Screen Tablet Accessories,Cases & Sleeves,Cases]]"
777,41109,Nikon 18-55mm f/3.5-5.6G ED AF-S DX Nikkor Zoom Lens,"[[Electronics,Camera & Photo,Lenses,Camera Lenses,Digital Camera Lenses]]"
778,41127,DC Power Adaptor 12 V DC 2.1MM,"[[Electronics,Accessories & Supplies,Batteries, Chargers & Accessories,AC Adapters]]"
779,41129,ASRock DDR3 1333 Intel - LGA 1155 Motherboards (H77M),"[[Electronics,Computers & Accessories,Computer Components,Motherboards]]"
780,41137,Two Halcyon 1800 mAH Lithium Ion Replacement Battery and Charger Kit for Sony Cyber-shot DSC-HX300 20.4MP Digital Camera and Sony NP-BX1,"[[Electronics,Camera & Photo,Accessories,Digital Camera Accessories,Accessory Kits]]"
781,41250,Apple iPod classic 160 GB Black (7th Generation),"[[Electronics,Portable Audio & Video,MP3 Players & Accessories,MP3 Players]]"
782,41453,"Edimax EW-7811Un 150M 11n Wi-Fi USB Adapter, Nano Size Lets You Plug it and Forget it, Ideal for Raspberry Pi, Supports Windows, Mac OS, Linux","[[Electronics,Computers & Accessories,Networking Products,Network Adapters,USB Network Adapters]]"
783,41457,Anker&reg; Uspeed USB 3.0 PCI-E Express Card with 4 USB 3.0 Ports and 5V 4-Pin Power Connector for Desktops [VL805 Chipset],"[[Electronics,Computers & Accessories,Computer Components,I/O Port Cards,USB Port Cards]]"
784,41645,NETGEAR Powerline 200Mbps to N300 Wi-Fi Access Point (XAVNB2001),"[[Electronics,Computers & Accessories,Networking Products,Network Adapters,Powerline Network Adapters]]"
785,41708,Magellan Maestro 3250 3.5-Inch Portable GPS Navigator with Traffic and Voice Command,"[[Electronics,GPS & Navigation,Vehicle GPS]]"
786,41831,"Samsung Galaxy Note 8.0 (16GB, White) 2013 Model","[[Electronics,Computers & Accessories,Tablets]]"
787,41876,"Wasabi Power Battery for Canon LP-E6 and Canon EOS 5D Mark II, EOS 5D Mark III, EOS 6D, EOS 7D, EOS 60D, EOS 60Da, EOS 70D","[[Electronics,Camera & Photo,Accessories,Batteries & Chargers,Batteries,Camera Batteries]]"
788,41957,Power Supply Tester 2.0 20/24,"[[Electronics,Computers & Accessories,Computer Components,Power Supplies]]"
789,42012,Metra 70-9003 Radio Wiring Harness for Audi/BMW/VW 2002-Up,"[[Electronics,Car & Vehicle Electronics,Vehicle Electronics Accessories]]"
790,42058,Ionic Bluetooth Keyboard Tablet Stand Leather Case for New Barnes &amp; Noble Nook HD+ 9-inch Wifi (Black/ Brown)[Does not fit Nook Tablet],"[[Electronics,Computers & Accessories,Touch Screen Tablet Accessories,Cases & Sleeves,Cases]]"
791,42128,Tagital&reg; 7&quot; Android 4.2 Dual Core 4GB Capacitive Touch Screen A23 Tablet WiFi Dual Camera,"[[Electronics,Computers & Accessories]]"
792,42138,"Wasabi Power Battery (2-Pack) and Charger for Canon BP-727, CG-700 and Canon VIXIA HF M50, HF M52, HF M500, HF R30, HF R32, HF R40, HF R42, HF R50, HF R52, HF R300, HF R400, HF R500","[[Electronics,Camera & Photo,Accessories,Batteries & Chargers,Batteries,Camcorder Batteries]]"
793,42294,Tamrac 5612 Pro 12 Camera Bag (Black),"[[Electronics,Camera & Photo,Bags & Cases,Camera Cases]]"
794,42298,Maha PowerEx MH-C800S Eight Cell Smart Charger for AA/AAA Batteries,"[[Electronics,Camera & Photo,Accessories,Batteries & Chargers,Battery Chargers,Camera]]"
795,42341,Neewer Battery Grip for Canon EOS/Rebel + 4x LP-E8 Batteries,"[[Electronics,Camera & Photo,Accessories,Digital Camera Accessories,Battery Grips]]"
796,42446,Laptop/Notebook AC Adapter/Power Supply Charger+Cord for Dell Latitude 131L 505 D400 Tablet PC pp12s,"[[Electronics,Computers & Accessories,Laptop & Netbook Computer Accessories,Chargers & Adapters]]"
797,42451,HP 4 GB DDR3 SDRAM Memory Module - 4 GB - 1333MHz DDR3-1333/PC3-10600 - DDR3 SDRAM SoDIMM,"[[Electronics,Computers & Accessories,Computer Components,Memory]]"
798,42487,Sony LCS-CSD General Carrying Case for Compatible Cybershot Digital Cameras,"[[Electronics,Camera & Photo,Bags & Cases,Camera Cases]]"
799,42572,Evecase Compact Camera Case/Bag with Strap for Nikon COOLPIX L830 L820 L810 L120 L320 L310 P600 P530 P520 P510 P500 P100,"[[Electronics,Camera & Photo,Bags & Cases,Camera Cases]]"
800,42582,"Wasabi Power Battery (2-Pack) and Charger for Panasonic DMW-BLF19 and Panasonic Lumix DMC-GH3, DMC-GH4","[[Electronics,Camera & Photo,Accessories,Batteries & Chargers,Batteries,Camera Batteries]]"
801,42592,"ASUS Google Nexus 7 Tablet (7-Inch, 32GB) 2012 Model","[[Electronics,Computers & Accessories,Tablets]]"
802,42647,ASUS MicroHDMI-to-VGA,"[[Electronics,Accessories & Supplies,Audio & Video Accessories,Connectors & Adapters]]"
803,42712,ORICO H7926-U3 Super Speed USB 3.0 7- Ports USB HUB with12V 2.5A Power Adapter (3 x USB 3.0 and 4 x USB 2.0) - Black,"[[Electronics,Computers & Accessories,Networking Products,Hubs]]"
804,42739,Monoprice 40-Feet Slim Series High Speed HDMI Cable with RedMere Technology (109171),"[[Electronics,Accessories & Supplies,Audio & Video Accessories,Cables & Interconnects,Video Cables,HDMI Cables]]"
805,42801,"Fuhu Nabi 2 Bumper for Tablet, Blue (BUMPER-BLU-01-FA12)","[[Electronics,Computers & Accessories,Touch Screen Tablet Accessories,Cases & Sleeves,Cases]]"
806,42933,SquareTrade 3-Year Camera Accident Protection Plan ($200-$250),"[[Electronics,Service & Replacement Plans,Electronics,Service Plans]]"
807,42987,WD Elements 500 GB USB 2.0 Desktop External Hard Drive,"[[Electronics,Computers & Accessories,Data Storage,External Hard Drives]]"
808,42988,Kinobo - USB 2.0 HD Webcam - B3 HD Metal Stand 1080dp Webcam for Xp/Vista/Windows 7 Skype with USB Microphone,"[[Electronics,Computers & Accessories,Webcams]]"
809,43060,Toshiba 128GB Q Series Pro PC Internal Solid State Drive (HDTS312XZSTA),"[[Electronics,Computers & Accessories,Data Storage,Internal Solid State Drives]]"
810,43081,512-P3-1300-LR GeForce 8400 GS Graphics Card - PCI Express 2.0 - 512 MB DDR3 SDRAM,"[[Electronics,Computers & Accessories,Computer Components,Graphics Cards]]"
811,43114,eForCity&reg; Flash Diffuser Soft Box Compatible with YONGNUO YN-465 YN-560 YN468,"[[Electronics,Camera & Photo,Lighting & Studio,Lighting,Lighting Controls & Modifiers,Diffusers]]"
812,43248,OCZ Storage Solutions Vertex 460 Series 120GB SATA III 2.5-Inch 7mm Height Solid State Drive (SSD) With Acronis True Image HD Cloning Software- VTX460-25SAT3-120G,"[[Electronics,Computers & Accessories,Data Storage,Internal Solid State Drives]]"
813,43297,Patriot 16GB Tab Series Micro-sized USB 3.0 Flash Drive With Up To 80MB/sec &amp; Metal Housing - PSF16GTAB3USB,"[[Electronics,Computers & Accessories,Data Storage,USB Flash Drives]]"
814,43374,AmazonBasics Medium DSLR Gadget Bag (Gray Interior),"[[Electronics,Camera & Photo,Bags & Cases]]"
815,43386,KOMPUTERBAY 2GB (2x1GB) DDR SODIMM (200 pin) 400Mhz DDR400 PC3200 LAPTOP MEMORY,"[[Electronics,Computers & Accessories,Computer Components,Memory]]"
816,43396,Cisco-Linksys Cable Modem with Ethernet USB Connection,"[[Electronics,Computers & Accessories,Networking Products,Modems]]"
817,43484,CowboyStudio Set of Two 7 feet Photography Light Stands with Cases,"[[Electronics,Camera & Photo,Lighting & Studio,Lighting,Booms & Stands]]"
818,43521,100 8x10 Backing board,"[[Electronics,Camera & Photo,Lighting & Studio,Photo Studio,Storage & Presentation Materials]]"
819,43530,Lite-On Plextor 24X DVDrw Sata Retail (Discontinued by Manufacturer),"[[Electronics,Television & Video,Streaming Media Players]]"
820,43595,"EarSkinz EarPod Covers (ES2) - Charcoal - for Apple iPhone 5S / 5C / 5 , iPod Nano 7G, iPod Touch 5G","[[Electronics,Accessories & Supplies,Audio & Video Accessories,Headphone Accessories,Earpads]]"
821,43618,Roku 1 Streaming Player (Black) (Roku 2710R),"[[Electronics,Television & Video,Streaming Media Players]]"
822,43685,Cyberpad 8.5X11 USB Black Digital Notepad Pen Win Xp 2K,"[[Electronics,Computers & Accessories]]"
823,43689,Case Apple iPod Touch 4th Generation Crystal Rubberized Case - Blue-Rear Only,"[[Electronics,Portable Audio & Video,MP3 Players & Accessories,MP3 Player Accessories,Cases]]"
824,43744,"Aurum Ultra Series - Speed HDMI Cable (40 feet) - Supports 3D, Ethernet and Audio Return","[[Electronics,Accessories & Supplies,Audio & Video Accessories,Cables & Interconnects,Video Cables,HDMI Cables]]"
825,43750,Redman Cb Made 50 ft RG8X COAX Gray CABLE CB / Ham Radio w/ PL259 Connector,"[[Electronics,Computers & Accessories,Cables & Accessories,Cables & Interconnects,Firewire Cables]]"
826,43759,Ram Mount RAM-HOL-UN4U Universal Finger-Grip Phone or Radio Holder (Black),"[[Electronics,GPS & Navigation,GPS System Accessories,Vehicle Mounts]]"
827,43998,"IR Wireless Remote Control (RMT-DSLR1 and RMT-DSLR2 Replacement) for SONY Alpha Series A33, A57, A65, A77, A99, A900, A700, A580, A550, A500, A450, A390, A380, A330, A230 DSLR Cameras and NEX-7, NEX-6, NEX-5 Compact Cameras + MagicFiber Microfiber Lens Cleaning Cloth","[[Electronics,Camera & Photo,Accessories,Telescope & Microscope Accessories,Telescope Accessories,Remote Controls]]"
828,44029,"Absolute ANL200-2, 2 Pack ANL Fuses 200 Amp Gold Plated","[[Electronics,Car & Vehicle Electronics,Vehicle Electronics Accessories,Vehicle Audio & Video Installation,Amplifier Installation,Fuses]]"
829,44124,Nikon 55-300mm f/4.5-5.6G ED VR AF-S DX Nikkor Zoom Lens for Nikon Digital SLR,"[[Electronics,Camera & Photo,Lenses,Camera Lenses,Digital Camera Lenses]]"
830,44194,XCSOURCE 3.5mm stereo to ALPINE/JVC Ai-NET Aux car cable adapter for MP3 iPhone MA17,"[[Electronics,Car & Vehicle Electronics,Vehicle Electronics Accessories,Audio & Video Accessories,Auxiliary Input Adapters]]"
831,44239,Synology DiskStation 2-Bay (Diskless) Network Attached Storage (DS213j),"[[Electronics,Computers & Accessories,Data Storage,Network Attached Storage]]"
832,44253,Seagate Desktop 2 TB Solid State Hybrid Drive SATA 6 GB with NCQ 64 MB Cache 3.5 Inch (ST2000DX001),"[[Electronics,Computers & Accessories,Data Storage,Internal Solid State Drives]]"
833,44262,Nikon AN-DC1 Strap Nikon Digital SLR Cameras,"[[Electronics,Camera & Photo,Accessories,Batteries & Chargers,Adapters]]"
834,44273,RCA AH216 Stereo Headphone Adapter Plug,"[[Electronics,Accessories & Supplies,Audio & Video Accessories,Headphone Accessories,Adapters]]"
835,44328,ASUS Direct CU II Thermal Design with Direct-GPU Contact 10mm Copper Heat Pipe Graphics Card GTX780-DC2OC-3GD5,"[[Electronics,Computers & Accessories,Computer Components,Graphics Cards]]"
836,44359,"VideoSecu Mounts TV Wall Mount for most 32&quot; - 65&quot; LCD LED Plasma Flat Panel TV with VESA from 200x100 to 600x400mm, Full Motion Swivel Tilting Articulating Arm Mount Bracket Studs up to 24&quot; B71","[[Electronics,Accessories & Supplies,Audio & Video Accessories,TV Accessories & Parts,TV Ceiling & Wall Mounts]]"
837,44392,MSI Socket AM2+/ GeForce 6150SE/ DDR2/ A&amp;V&amp;L/ MATX Motherboard K9N6PGM2-V2,"[[Electronics,Computers & Accessories,Computer Components,Motherboards]]"
838,44469,BlueRigger Dual Shielded Subwoofer Audio RCA Cable with Gold plated connectors - 8 Feet,"[[Electronics,Accessories & Supplies,Audio & Video Accessories,Cables & Interconnects,Audio Cables,Subwoofer Cables]]"
839,44490,Manfrotto 501HDV Video Head - Replaces 501,"[[Electronics,Camera & Photo,Tripods & Monopods,Tripod Heads]]"
840,44520,ASUS External Slim 8X DVD-RW Stylish Cut Design Optical Drive SDRW-08D2S-U/BLK/G/AS,"[[Electronics,Computers & Accessories,External Components]]"
841,44564,Seagate GoFlex Thunderbolt Adapter (STAE121),"[[Electronics,Computers & Accessories,Data Storage,External Hard Drives]]"
842,44622,"TP-LINK TL-WDR4300 Wireless N750 Dual Band Router, Gigabit, 2.4GHz 300Mbps+5Ghz 450Mbps, 2 USB port, Wireless On/Off Switch","[[Electronics,Computers & Accessories,Routers]]"
843,44641,CowboyStudio Ocean Blue Hand Painted 10 X 12 ft  Muslin Photo Backdrop Background,"[[Electronics,Camera & Photo,Lighting & Studio,Photo Studio,Backgrounds]]"
844,44679,Plugable 7 Port High Speed USB 2.0 Hub with 3A Power Adapter,"[[Electronics,Computers & Accessories,Networking Products,Hubs]]"
845,44713,Acer Aspire V5-573P-6464 15.6-Inch Touchscreen Laptop (Cool Steel),"[[Electronics,Computers & Accessories,Laptops]]"
846,44785,"Dell Latitude E5430 14 inch LED Notebook Intel Core i5 i5-3210M 2.50GHz, 4GB Memory, 500GB hard Drive","[[Electronics,Computers & Accessories,Computer Components]]"
847,44824,NETGEAR 5-Port Gigabit Switch (GS605NA),"[[Electronics,Computers & Accessories,Networking Products,Switches]]"
848,44879,LunaTik Watch Wrist Strap for iPod Nano 6G - Silver,"[[Electronics,Portable Audio & Video,MP3 Players & Accessories,MP3 Player Accessories,Armbands]]"
849,44890,JVC HAFX1X Headphone Xtreme-Xplosivs,"[[Electronics,Accessories & Supplies,Audio & Video Accessories,Headphones]]"
850,44984,Dell Computer Dell Active Stylus (750-AADH),"[[Electronics,Computers & Accessories,Cables & Accessories,Input Devices,Graphics Tablets]]"
851,45166,Uspeed USB 3.0 All-in-1 Card Reader Support for MD SD SDHC SDXC Mini SD MMC CF RS-MMC MS Micro SD with Front USB 3.0 Port for 3.5&quot; Floppy Bay with USB 3.0 20 Pin Connector,"[[Electronics,Computers & Accessories,Cables & Accessories,Memory Card Readers]]"
852,45198,POWER STRIP ADAPTERS LIBERATORS (Set of 10),"[[Electronics,Computers & Accessories,Cables & Accessories,Computer Cable Adapters]]"
853,45284,Nikon D7100 24.1 MP DX-Format CMOS Digital SLR (Body Only),"[[Electronics,Camera & Photo,Digital Cameras,Digital SLR Cameras]]"
854,45354,D-22 Rubber Duct Cord Cover - 10 Ft (Brown),"[[Electronics,Accessories & Supplies,Cord Management,Floor Cord Covers]]"
855,45361,Hummibird MC W Mount Cover,"[[Electronics,Car & Vehicle Electronics,Marine Electronics,Boating GPS Accessories]]"
856,45374,Battery Charger for Dell Inspiron 1501 600M 8600 Laptop,"[[Electronics,Computers & Accessories,Laptop & Netbook Computer Accessories,Chargers & Adapters]]"
857,45493,Importer520 USB 2.0 Female to Micro USB Male OTG On-The-Go Cable Adapter,"[[Electronics,Computers & Accessories,Cables & Accessories,Cables & Interconnects,USB Cables]]"
858,45554,"Storacell by Powerpax AA 12 Pack Battery Caddy, Orange - Holds 12 AA Batteries","[[Electronics,Computers & Accessories,Laptop & Netbook Computer Accessories,Batteries]]"
859,45588,Fotodiox 5'x7' Collapsible 2-in-1 Background Panel (Black/White),"[[Electronics,Camera & Photo,Lighting & Studio,Photo Studio,Backgrounds]]"
860,45604,Canon EF 40mm f/2.8 STM Lens,"[[Electronics,Camera & Photo,Lenses,Camera Lenses,Digital Camera Lenses]]"
861,45608,Adjustable Offset Raiser Clamp Z-Shape Clamp Mount Bracket for 15mm Rod,"[[Electronics,Camera & Photo,Accessories,Professional Video Accessories]]"
862,45666,Logisys Dual 12&quot; Cold Cathode Kit - Red,"[[Electronics,Camera & Photo,Accessories,Darkroom Supplies,Safelights]]"
863,45691,12 inch Stainless Steel Tether Lanyard for GoPro HERO Cameras by The Accessory Pro,"[[Electronics,Camera & Photo,Underwater Photography,Camcorders]]"
864,45731,"BoxWave EverTouch Capacitive iPad Stylus - Touch Screen Stylus with Ultra Durable FiberMesh Fabric Tip for Apple iPad Air, iPad mini 2 w/ Retina (2013), iPad 4, iPhone 5s / 5, iPhone 4S, Nexus 7, Galaxy Note 3, Galaxy S4, Touchscreen Stylus for All Devices (Bold Orange)","[[Electronics,Computers & Accessories,Cables & Accessories,Input Devices,Graphics Tablet Styluses]]"
865,45793,Bluetooth USB 2.0 Micro Adapter Dongle,"[[Electronics,Computers & Accessories,Networking Products,Network Adapters,USB Network Adapters]]"
866,45870,Samsung UN32EH4003 32-Inch 720p 60Hz LED TV (2012 Model),"[[Electronics,Television & Video,Televisions,LED TVs]]"
867,45896,VIZIO E240AR 24-Inch 60Hz LED LCD Class Edge Lit Razor HDTV (Black) (2012 Model),"[[Electronics,Television & Video,Televisions,LED TVs]]"
868,45952,SUPERSHIELDZ- High Definition (HD) Clear Screen Protector for Samsung Galaxy Tab 3 7.0 7 inch + Lifetime Replacements Warranty - [3-PACK] Retail Packaging,"[[Electronics,Computers & Accessories,Touch Screen Tablet Accessories,Screen Protectors]]"
869,46002,Bracketron GWM-307-BL Windshield Mount with Flex Arm for GPS,"[[Electronics,GPS & Navigation,GPS System Accessories,Vehicle Mounts]]"
870,46054,"EEEKit for GoPro Hero 1/2/3 Accessory Bundle, Bike Bicycle Motorcycle Handle Bar Mount for Cameras with 1/4 20 Screw Thread + GoPro Tripod Mount","[[Electronics,Camera & Photo,Accessories]]"
871,46109,"Case Star &reg; Black Earphone handsfree headset HARD EVA Case - Clamshell/MESH Style with Zipper Enclosure, Inner Pocket, and Durable Exterior + Silver Climbing Carabiner with Case Star Velvet Bag","[[Electronics,Accessories & Supplies,Audio & Video Accessories,Headphone Accessories,Cases]]"
872,46353,Cmple SVGA Super VGA HD15 M/M cable w/ 3.5mm Stereo Audio (Gold Plated) 15FT,"[[Electronics,Accessories & Supplies]]"
873,46409,Logitech Speakers Z130,"[[Electronics,Computers & Accessories,Cables & Accessories,Computer Speakers]]"
874,46451,Afunta(tm) 10 LED USB Highlight Lamp Stick Light Bendable Cord Aluminum Material Chromium Metal Color Suit for Notebook Desktop Computers (red),"[[Electronics,Computers & Accessories,Cables & Accessories,Video Projector Accessories,Lamps]]"
875,46558,Ac Adapter Battery Charger For Dell Inspiron M5010 N4010 M5030,"[[Electronics,Computers & Accessories,Laptop & Netbook Computer Accessories,Chargers & Adapters]]"
876,46567,"7 Inch 16:9 TFT LCD Widescreen Car Rearview Monitor Mirror with Touch Button, 480(W)x 234(H) Screen Resolution, Car /Automobile Rear View Mirror Display Monitor Support Two Ways Of Video Output, V1/V2 Selecting","[[Electronics,Car & Vehicle Electronics,Car Electronics,Car Video,Overhead Video]]"
877,46570,"Bayco KW-110 Cord Storage Reel with Center Spin Handle, 100-Feet","[[Electronics,Accessories & Supplies,Cord Management,Cord Reels]]"
878,46603,"Cables Unlimited PCM-2240-10 SVGA Cable With 3.5mm Male to Male Audio (10 Feet, Black)","[[Electronics,Computers & Accessories,Cables & Accessories,Cables & Interconnects]]"
879,46699,Asus Black 12X BD-ROM 16X DVD-ROM 48X CD-ROM SATA Internal Blu-Ray Drive (BC-12B1ST),"[[Electronics,Computers & Accessories,Computer Components,Internal Optical Drives,Internal Blu-ray Drives]]"
880,46722,"Monoprice 15-Feet Ultra Slim Series High Performance HDMI Cable with RedMere Technology, White (109429)","[[Electronics,Accessories & Supplies,Audio & Video Accessories,Cables & Interconnects,Video Cables,HDMI Cables]]"
881,46724,1x Colorful Silicone Keyboard Protector Skin Cover for HP Pavilion DV6-6118NR DV6-6158NR DV6-6152NR DV6-6170US DV6-6C10US DV6-6C40US DV6-6C54NR DV6-6137TX DV6-6B51EA DV6-6180US DV6-6B21HE DV6-6B13TX DV6-6138NR DV6-6B27NR DV6-6C15NR DV6-6C14NR DV6-6117DX DV6-6190US DV6-6120US DV6-6136NR DV6-6128NR DV6-6104NR DV6-6173CL DV6-6C50US DV6-6172NR DV6-6C16NR DV6-6B26US DV6-6140US DV6-6110US DV6-6108US DV6-6153CL (You Must read &quot;Product Description&quot; Part to avoid buying wrongly!!!),"[[Electronics,Computers & Accessories,Cables & Accessories,Keyboard & Mice Accessories,Keyboard Skins]]"
882,46734,"JacobsParts SuperSpeed USB 3.0 SATA Hard Drive Docking Station, Silver","[[Electronics,Computers & Accessories,Cables & Accessories,Hard Drive Enclosures]]"
883,46778,GoMax Red Underwater Replacement Housing for GoPro Hero3,"[[Electronics,Camera & Photo,Underwater Photography,Housings]]"
884,46812,C&amp;E CNE11445 SATA Data Cable (2pk.),"[[Electronics,Computers & Accessories,Cables & Accessories,Cables & Interconnects,SATA Cables]]"
885,46903,"Electrohome&reg; SignatureTM Retro Hi-Fi Stereo System with Record Player, CD, MP3 CDs, MP3, and Input for Smartphones, Tablets, and MP3 players AM/FM, Vinyl-to-MP3","[[Electronics,Home Audio,Stereo Components,Turntables]]"
886,47036,Amped Wireless High Power Wireless-N 600mW Gigabit Dual Band Range Extender Repeater (SR20000G),"[[Electronics,Computers & Accessories,Networking Products,Wireless Access Points]]"
887,47046,"Short Woven 3-in-1 USB Round Charging Cable with Travel Bag for Apple Lightning, 30-Pin, Micro USB Devices (White)","[[Electronics,Computers & Accessories,Cables & Accessories,Cables & Interconnects,Lightning Cables]]"
888,47087,Garmin Forerunner 310XT Waterproof Running GPS With USB ANT Stick and Heart Rate Monitor,"[[Electronics,GPS & Navigation,Sports & Handheld GPS,Running GPS Units]]"
889,47125,"1-Foot Extension Power Cable, 5-Pack","[[Electronics,Accessories & Supplies,Audio & Video Accessories,Cables & Interconnects,Power Cables]]"
890,47136,Adorama Macro Coupling Ring 58-58,"[[Electronics,Camera & Photo,Accessories,Lens Accessories,Adapters & Converters]]"
891,47173,Corsair Vengeance 8GB (2x4GB)  DDR3 1600 MHz (PC3 12800) Desktop Memory (CML8GX3M2A1600C9),"[[Electronics,Computers & Accessories,Computer Components,Memory]]"
892,47252,4 Buttons Remote Keyless Entry for Ford Explorer Mercury Key Shell No Chips Inside FCC ID:CWTWB1U331,"[[Electronics,Car & Vehicle Electronics,Car Electronics,Car Safety & Security]]"
893,47377,Poetic StrapBack Rigid Leather Wraped Case with Multi-Stand Options for The NEW iPad (3rd generation) / iPad 3 / iPad HD BLACK,"[[Electronics,Computers & Accessories,Touch Screen Tablet Accessories,Cases & Sleeves,Cases]]"
894,47395,"Toshiba DVR620 DVD/VHS Recorder, Black","[[Electronics,Television & Video,DVD Players & Recorders]]"
895,47405,Cooler Master Turbine Master Mach 1.8 120mm Barometric Ball Bearing Case for Fan-R4 TMBB 18 FK R0,"[[Electronics,Computers & Accessories,Computer Components,Fans & Cooling,Case Fans]]"
896,47452,5 Pack of 18&quot; Double Locking SATA Cables,"[[Electronics,Computers & Accessories,Cables & Accessories,Cables & Interconnects,SATA Cables]]"
897,47487,Logitech Keyboard K120,"[[Electronics,Computers & Accessories,Cables & Accessories,Keyboards]]"
898,47538,Canon EF 50mm f/1.2 L USM Lens for Canon Digital SLR Cameras,"[[Electronics,Camera & Photo,Lenses,Camera Lenses,Digital Camera Lenses]]"
899,47580,Epartsdom@Removable Detachable Wireless Bluetooth 3.0 Keyboard PU Leather Stand Case Cover w/Touchpad Auto-Sleep/Week For Microsoft Surface RT/Pro/ Surface 2 / Surface Pro 2 Windows 8 Tablet Black+Epartsdom Touch Stylus,"[[Electronics,Computers & Accessories,Touch Screen Tablet Accessories,Cases & Sleeves,Cases]]"
900,47623,Skullcandy Titan In Ear Bud S2TTDZ-033 (Black/Black),"[[Electronics,Accessories & Supplies,Audio & Video Accessories,Headphones]]"
901,47681,Gigabyte G1.Sniper Z87 LGA 1150 Intel Creative Sound Core3D Audio E2200 LAN UEFI BIOS ATX Motherboard,"[[Electronics,Computers & Accessories,Computer Components,Motherboards]]"
902,47685,Intel SSDSA2M160G2GC X25-M 160GB 3Gbps 2.5&quot; Solid State Drive,"[[Electronics,Computers & Accessories,Data Storage,Internal Solid State Drives]]"
903,47695,Western Digital Caviar Green 3 TB SATA III 64 MB Cache Bare/OEM Desktop Hard Drive - WD30EZRX,"[[Electronics,Computers & Accessories,Data Storage,Internal Hard Drives]]"
904,47727,BOSS Audio PH2.1000 Phantom 2000-watts Full Range Class A/B 2 Channel 2-8 Ohm Stable Amplifier with Remote Subwoofer Level Control,"[[Electronics,Car & Vehicle Electronics,Car Electronics,Car Audio,Amplifiers,Multichannel Amplifiers]]"
905,47752,AmazonBasics Wired Keyboard,"[[Electronics,Computers & Accessories,Cables & Accessories,Keyboards]]"
906,47775,Foam Pad Ear Cover for Philips Sony Headphones-2-5/16-Inch,"[[Electronics,Accessories & Supplies,Audio & Video Accessories,Headphone Accessories,Earpads]]"
907,47865,AC Adapter for Select Acer Aspire One Laptops,"[[Electronics,Computers & Accessories,Laptop & Netbook Computer Accessories,Chargers & Adapters]]"
908,47870,"Optoma DS339, SVGA, 2600 ANSI Lumens, 3D-Multimedia Projector","[[Electronics,Computers & Accessories,Video Projectors]]"
909,47968,Patriot Intel Extreme Masters Viper 3 Series DDR3 16GB (2 x 8GB) 1866MHz (PC3 15000) Memory Kit PVI316G186C0K,"[[Electronics,Computers & Accessories,Computer Components,Memory]]"
910,48076,Samsung UN50F6400 50-Inch 1080p 120Hz 3D Slim Smart LED HDTV,"[[Electronics,Television & Video,Televisions,LED TVs]]"
911,48123,TotalMount APPLE TV Universal Mounting Kit,"[[Electronics,Accessories & Supplies,Audio & Video Accessories,TV Accessories & Parts,TV Ceiling & Wall Mounts]]"
912,48257,SD-CF II: SD to CF Type II Adapter (Supports SDHC MMC),"[[Electronics,Computers & Accessories,Cables & Accessories,Memory Card Adapters]]"
913,48259,"Raptor RANL2002 200 Amp ANL Fuses, 24K Gold Plated- 2 Pack","[[Electronics,Car & Vehicle Electronics,Vehicle Electronics Accessories,Vehicle Audio & Video Installation,Amplifier Installation,Fuses]]"
914,48401,Logitech Cordless Desktop Wave Pro Ergonomic Keyboard and Mouse,"[[Electronics,Computers & Accessories,Cables & Accessories,Keyboard & Mouse Combos]]"
915,48412,Logitech Wireless Wave Combo Mk550 With Keyboard and Laser Mouse,"[[Electronics,Computers & Accessories,Cables & Accessories,Keyboard & Mouse Combos]]"
916,48427,Video Activation Fully Automatic Video in Motion Pioneer AVIC-Z150BH AVIC-Z140BH AVIC-Z130BT AVIC-X950BH AVIC-X940BT AVIC-X850BT AVIC-X930BT Extra Wire With OEM Pin And Tool Kit,"[[Electronics,Car & Vehicle Electronics,Car Electronics,Car Safety & Security,Vehicle Backup Cameras]]"
917,48441,Complete ND Neutral Density Filter Set Compatible with Cokin P Series - Includes: Graduated ND2 ND4 ND8 + Full ND2 ND4 ND8 Filters + 6 Pocket Filter Wallet Case + Square Filter Holder + Square Lens Hood + Complete Adapter Ring Set + MagicFiber Microfiber Lens Cleaning Cloth,"[[Electronics,Camera & Photo,Accessories,Filters & Accessories,Filter Sets]]"
918,48503,BLUE mCover HARD Shell CASE for 15.6&quot; HP Pavilion DV6 7xxx series and HP Envy DV6 7xxx series laptop,"[[Electronics,Computers & Accessories,Laptop & Netbook Computer Accessories,Skins & Decals]]"
919,48516,OBCON Dual 10-Inch Chevy Ext. Cab 1988 - 2006 Speaker Box With Labyrinth Power Port,"[[Electronics,Car & Vehicle Electronics,Car Electronics,Car Audio,Subwoofers,Subwoofer Boxes and Enclosures]]"
920,48551,PNY XLR8 SATA 480GB 6Gbps 2.5-Inch Solid State Drive SSD9SC480GMDA-RB,"[[Electronics,Computers & Accessories,Data Storage,Internal Solid State Drives]]"
921,48571,Corsair Dominator 16GB (4x4GB)  DDR3 1600 MHz (PC3 12800) Desktop Memory (CMP16GX3M4X1600C7),"[[Electronics,Computers & Accessories,Computer Components,Memory]]"
922,48691,"EVGA GeForce GTX680 2GB GDDR5 DisplayPort DVI-I, DVI-D HDMI Graphics Card  for Mac 02G-P4-3682-KR","[[Electronics,Computers & Accessories,Computer Components,Graphics Cards]]"
923,48833,Neewer Universal Flash Bounce Diffuser Softbox for for Neewer TT560 TT520 tt660 NW680 tt850 TT860 Flash Canon Nikon SLR / DSLR Cameras NG - F01,"[[Electronics,Camera & Photo,Accessories,Flash Accessories,Diffusers]]"
924,49038,Maximalpower 1600mah SBLSM160 Li-ion battery for SB-LS80 SB-LSM80 SB-LSM160 SB-LSM320 SB-LSM330 VP-D351 VP-D351I VP-D352 VP-D352I VP-D353 VP-D353I Fully Decoded w/ 3yr warranty,"[[Electronics,Camera & Photo,Accessories,Batteries & Chargers,Batteries,Camera Batteries]]"
925,49106,Pelican 1519 Lid Organizer for 1510 and 1514 Case,"[[Electronics,Camera & Photo,Bags & Cases,Bag & Case Accessories]]"
926,49178,Nikon 35mm f/1.8G AF-S DX Lens for Nikon Digital SLR Cameras,"[[Electronics,Camera & Photo,Lenses,Camera Lenses,Digital Camera Lenses]]"
927,49209,MQ-1 AM/FM Semi Automatic Car Power Antenna,"[[Electronics,Car & Vehicle Electronics,Vehicle Electronics Accessories,Audio & Video Accessories,Antennas]]"
928,49243,C2G / Cables to Go 02711 DB9 M/F All Lines Extension Cable (6 Feet),"[[Electronics,Computers & Accessories,Cables & Accessories,Cables & Interconnects,Serial Cables]]"
929,49252,Metra 40-EU10 VW /BMW/Euro Car to Male Motorola Vehicle Antenna Adapter,"[[Electronics,Car & Vehicle Electronics,Vehicle Electronics Accessories,Audio & Video Accessories,Antennas]]"
930,49263,ARKON TTOXL115 TomTom ONE XL Windshield Suction Mount,"[[Electronics,GPS & Navigation,GPS System Accessories,Vehicle Mounts]]"
931,49356,iStar D Storm D-400-7P 4U Rackmount Server Chassis (Black),"[[Electronics,Computers & Accessories,Computer Components,Computer Cases]]"
932,49473,Opteka M900 71&quot; 5 Section Ultra Heavy Duty Monopod (supports up to 30 lbs),"[[Electronics,Camera & Photo,Tripods & Monopods,Monopods]]"
933,49591,NEEWER 52 mm Telephoto Lens with Lens Bag for Cameras and Camcorders with 52mm size Lens Filter Thread,"[[Electronics,Camera & Photo]]"
934,49723,Raynox DCR-250 Super Macro Snap-On Lens,"[[Electronics,Camera & Photo,Lenses,Camera Lenses,Digital Camera Lenses]]"
935,49828,Cable Matters SuperSpeed USB 3.0 to RJ45 Gigabit Ethernet Adapter in Black,"[[Electronics,Computers & Accessories,Networking Products,Network Adapters,USB Network Adapters]]"
936,49870,"[540 Days Warranty] Anker&reg; 4400mAh Replacement Extended Battery for Samsung Galaxy S3, GT-I9300, T999(T-Mobile), I747(AT&amp;T), I535(Verizon), R530(U.S. Cellular), L710(Sprint), fits EB-L1G6LLU, with NFC/Google Wallet, with Dark Blue Cover","[[Cell Phones & Accessories,Cases,Basic Cases],[Cell Phones & Accessories,Cases,Wallet Cases],[Electronics,Computers & Accessories]]"
937,49965,INVELLOP Samsung Galaxy Tab 3 7.0 7inch Crystal Clear HD 3-pack Screen protectors,"[[Electronics,Computers & Accessories,Touch Screen Tablet Accessories,Screen Protectors]]"
938,49997,AmazonBasics HDMI to DVI  Adapter Cable (9.8 Feet/3.0 Meters),"[[Electronics,Accessories & Supplies,Audio & Video Accessories,Cables & Interconnects,Video Cables,HDMI Cables]]"
939,50033,"ARCTIC Alpine 64 GT Rev. 2 CPU Cooler - AMD, Supports Multiple Sockets, 80mm PWM Fan at 22dBA","[[Electronics,Computers & Accessories,Computer Components,Fans & Cooling,CPU Cooling Fans]]"
940,50041,Kodak PlaySport (Zx5) HD Waterproof Pocket Video Camera - Red  (2nd Generation),"[[Electronics,Camera & Photo,Video,Camcorders]]"
941,50106,Sigma 30mm f/1.4 EX DC HSM Lens for Canon Digital SLR Cameras,"[[Electronics,Camera & Photo,Lenses,Camera Lenses,Digital Camera Lenses]]"
942,50192,90W AC Power Adapter/Battery Charger for Dell Studio XPS 13 16 1640 1645 1647 XPS 1340 L401x L501x M1210 M1310 M1318 M140 M1530 PP11S,"[[Electronics,Computers & Accessories,Laptop & Netbook Computer Accessories,Chargers & Adapters]]"
943,50336,Seagate Barracuda 320 GB HDD SATA 6 Gb/s NCQ 64MB Cache 3.5-Inch Internal Bare Drive ST320DM000,"[[Electronics,Computers & Accessories,Data Storage,Internal Hard Drives]]"
944,50342,Maxell Full Size Keyboard with Large Print Letters 191045 (black),"[[Electronics,Computers & Accessories,Cables & Accessories,Keyboards]]"
945,50382,Sabrent Mini High Precision 3-Button USB Optical Scroll Wheel Mouse with Retractable Cable (MS-U3266),"[[Electronics,Computers & Accessories,Cables & Accessories,Mice]]"
946,50465,"Edimax EW-7811Un 150M 11n Wi-Fi USB Adapter, Nano Size Lets You Plug it and Forget it, Ideal for Raspberry Pi, Supports Windows, Mac OS, Linux","[[Electronics,Computers & Accessories,Networking Products,Network Adapters,USB Network Adapters]]"
947,50511,Noctua 6 Dual Heatpipe with 140mm/130mm Dual SSO Bearing Fans CPU Cooler NH-D14 - Retail,"[[Electronics,Computers & Accessories,Computer Components,Fans & Cooling,Case Fans]]"
948,50574,RF coaxial cable UHF SO239 PL259 female to MCX male right angle connector RG316 20CM,"[[Electronics,Computers & Accessories,Cables & Accessories,Computer Cable Adapters,Gender Changers]]"
949,50599,Mohu Leaf Paper-Thin Indoor HDTV Antenna - Made in USA,"[[Electronics,Accessories & Supplies,Audio & Video Accessories,Antennas,TV Antennas]]"
950,50632,Tronsmart T1000 Mirror2TV Wireless Display HDMI Dongle Support Miracast DLNA EZCAST AirPlay Compatible with Android OS / Apple iOS / Samsung AllShare Cast S5 S4 S3 Note3 Note2 Note10.1 / Google Nexus4 Nexus5 Nexus7 / DELL VENUE 8 PRO,"[[Electronics,Computers & Accessories,Networking Products,Network Adapters,USB Network Adapters]]"
951,50661,Samsung UN55F7100 55-Inch 1080p 240Hz 3D Ultra Slim Smart LED HDTV (2013 Model),"[[Electronics,Television & Video,Televisions,LED TVs]]"
952,50678,Canon EOS 5D 12.8 MP Digital SLR Camera (Body Only),"[[Electronics,Camera & Photo]]"
953,50698,"GoPro HERO3 / HERO3+ Dive Filters (2 pack: BG+GW) Red + Magenta, Dive Diving Underwater Color Correction","[[Electronics,Camera & Photo,Accessories,Filters & Accessories,Color Correction & Compensation Filters]]"
954,50771,Sony Walkman E-340 Series 8 GB Video MP3 Player (Black),"[[Electronics,Portable Audio & Video,MP3 Players & Accessories,MP3 Players]]"
955,50880,"SHARKK&reg; Backlit Keyboard Wireless Bluetooth 3.0 Ultra-Slim Illuminated Keyboard WITH CARRYING POUCH for iOS / Android / iPad / iPad Air / iPad mni Retina / iPad mini / iPad 4,3,2 / iPhone / Samsung Galaxy Tab / Google Nexus / Windows / Android 3.0 and above / with Built-in lithium battery / 7 Color Options For key Backlights (Backlit Bluetooth, Black)","[[Electronics,Computers & Accessories,Cables & Accessories,Keyboards]]"
956,50914,"Verbatim Store 'n' Go 4 GB USB 2.0 Flash Drive, Red 95236","[[Electronics,Computers & Accessories,Data Storage,USB Flash Drives]]"
957,50928,SANOXY&reg; Micro USB to HDMI MHL Adapter Cable for HTC and Samsung,"[[Electronics,Computers & Accessories,Cables & Accessories,Computer Cable Adapters]]"
958,50957,ASUS VX238H 23-Inch Screen LED-lit Monitor,"[[Electronics,Computers & Accessories,Monitors]]"
959,50991,AQUA mCover&reg; HARD Shell CASE for 15.6&quot; HP Pavilion DV6 6xxx series laptops,"[[Electronics,Computers & Accessories,Laptop & Netbook Computer Accessories,Bags & Cases,Sleeves & Slipcases]]"
960,50997,CowboyStudio Photography Video Studio 5-Feet Basic Boom Arm with Sandbag - Short Boom Arm,"[[Electronics,Camera & Photo,Lighting & Studio,Photo Studio,Background Support Equipment]]"
961,51035,ArmorSuit MilitaryShield - ASUS Transformer Pad TF300 Tablet Screen Protector Shield + Lifetime Replacements,"[[Electronics,Computers & Accessories,Touch Screen Tablet Accessories,Screen Protectors]]"
962,51054,ASUS SABERTOOTH 990FX R2.0 AM3+ AMD 990FX SATA 6Gb/s USB 3.0 ATX AMD Motherboard,"[[Electronics,Computers & Accessories,Computer Components,Motherboards]]"
963,51230,"Anker&reg; T300 Ultra-Slim Mini Bluetooth 3.0 Wireless Keyboard for iPad Air, iPad Mini 2, iPad Mini, iPad 4 / 3 / 2, Galaxy Tab and other Tablets - White","[[Electronics,Computers & Accessories,Cables & Accessories,Keyboard & Mouse Combos]]"
964,51232,"New Lenovo 90W AC Adapter for ThinkPad X1 Carbon laptop:0B46994,IBM Lenovo ThinkPad X1 Carbon laptop,100% Compatible with P/N: 0B46994","[[Electronics,Computers & Accessories,Laptop & Netbook Computer Accessories,Chargers & Adapters]]"
965,51252,"&quot;2 x RCA Male / 1 x 3.5mm Stereo Female, Y-Cable, 6 inch&quot;","[[Electronics,Accessories & Supplies,Audio & Video Accessories,Cables & Interconnects,Audio Cables,Stereo Jack Cables]]"
966,51299,"Barnes &amp; Noble NOOK Simple Touch with GlowLight, Wi-Fi, 2GB, Includes Power Adapter","[[Electronics,eBook Readers & Accessories,eBook Readers]]"
967,51318,"Sirius Universal Satellite Radio Sportster,Starmate,Stratus Car Vehicle Dock Replacement","[[Electronics,Car & Vehicle Electronics,Car Electronics]]"
968,51532,Round Speaker Terminal Cup 2-7/8-Inch Gold Banana Binding Post,"[[Electronics,Car & Vehicle Electronics,Vehicle Electronics Accessories]]"
969,51622,KEEDOX&reg; DC/DC Converter 12V Step Down to 5V 3A Power Supply Module,"[[Electronics,Accessories & Supplies,Batteries, Chargers & Accessories,Power Converters]]"
970,51646,Tiffen 46mm UV Protection Filter,"[[Electronics,Camera & Photo,Accessories,Filters & Accessories,Skylight & UV Filters]]"
971,51719,ASUS Transformer TF300 T-B1-BL 10.1-Inch 32 GB Tablet (Blue) 2012 Model,"[[Electronics,Computers & Accessories,Tablets]]"
972,51720,NEXTBOOK PU Leather Case Cover with Build in Stand for 8 inch Tablet PC (Black),"[[Electronics,Computers & Accessories,Touch Screen Tablet Accessories,Cases & Sleeves,Cases]]"
973,51745,Mirror Screen Protector compatible with iPod touch (4th generation),"[[Electronics,Portable Audio & Video,MP3 Players & Accessories,MP3 Player Accessories,Screen Protectors]]"
974,51834,JBL GTO628 6.5-Inch 2-Way Loudspeaker (Pair),"[[Electronics,Car & Vehicle Electronics,Car Electronics,Car Audio,Speakers,Coaxial Speakers]]"
975,51845,PNY NVIDIA GeForce GTX 770 2GB GDDR5 2DVI/HDMI/DisplayPort PCI-Express Video Card (VCGGTX7702XPB),"[[Electronics,Computers & Accessories,Computer Components,Graphics Cards]]"
976,51883,rooCASE Executive Portfolio (Red) Leather Case Cover with Landscape / Portrait View for Asus Eee Pad Transformer 10.1-Inch TF101 Android Tablet Wi-Fi,"[[Electronics,Computers & Accessories,Touch Screen Tablet Accessories,Cases & Sleeves,Cases]]"
977,51999,Kinivo BTD-400 Bluetooth 4.0 USB adapter - For Windows 8 / Windows 7 / Vista,"[[Electronics,Computers & Accessories,Networking Products,Network Adapters,Bluetooth Network Adapters]]"
978,52034,Kuzy - Solid Elegant PURPLE Keyboard Silicone Cover Skin for Apple MacBook Pro 13&quot; 15&quot; 17&quot; (fits MacBook with or w/out Retina Display) Aluminum Unibody and Macbook Air 13&quot;,"[[Electronics,Computers & Accessories,Cables & Accessories,Keyboard & Mice Accessories,Keyboard Skins]]"
979,52168,Bayco K-100 150-Foot Cord Reel,"[[Electronics,Accessories & Supplies,Cord Management,Cord Reels]]"
980,52182,"Wasabi Power Battery (2-Pack) and Charger for Olympus BLN-1, BCN-1 and Olympus OM-D E-M1, OM-D E-M5, PEN E-P5","[[Electronics,Camera & Photo,Accessories,Batteries & Chargers,Batteries,Camera Batteries]]"
981,52231,"Zeikos ZE-HC36 Deluxe Medium Hard Shell Case With Extra Padding Foam For Cameras, Camcorders, Photograpic Equipment and Portable DVD Player","[[Electronics,Camera & Photo,Bags & Cases,Camera Cases]]"
982,52371,Samsung MZ-7TD250BW 840 Series Solid State Drive (SSD) 250 GB Sata 2.5-Inch,"[[Electronics,Computers & Accessories,Data Storage,Internal Solid State Drives]]"
983,52381,Transcend USB 3.0 Super Speed Multi-Card Reader for SD/SDHC/SDXC/MS/CF Cards (TS-RDF8K),"[[Electronics,Computers & Accessories,Cables & Accessories,Memory Card Readers]]"
984,52420,eForCity Replacement Battery with Tools for iPod 3rd Generation,"[[Electronics,Portable Audio & Video,MP3 Players & Accessories,MP3 Player Accessories,Batteries]]"
985,52448,"Fintie Apple iPad 2/3/4 Case - 360 Degree Rotating Stand Smart Case Cover for iPad with Retina Display (iPad 4th Generation), the new iPad 3 &amp; iPad 2 (Automatic Wake/Sleep Feature) - Black","[[Electronics,Computers & Accessories,Touch Screen Tablet Accessories,Cases & Sleeves,Cases]]"
986,52518,HP TouchPad Custom Fit Case,"[[Electronics,Computers & Accessories,Touch Screen Tablet Accessories,Cases & Sleeves,Cases]]"
987,52526,"Google Nexus 10 (Wi-Fi only, 32 GB)","[[Electronics,Computers & Accessories,Tablets]]"
988,52651,Case Logic SLRC-202 Medium SLR Camera Bag (Black),"[[Electronics,Camera & Photo,Bags & Cases,Camera Cases]]"
989,52659,HDE (TM) Black Guitar 4GB Flash Drive,"[[Electronics,Computers & Accessories,Data Storage,USB Flash Drives]]"
990,52715,Tripp Lite TLM825GF Safety Power Strip 120V 5-15R 8 Outlet Metal 25 feet Crd GFCI Plug,"[[Electronics,Accessories & Supplies,Batteries, Chargers & Accessories,Power Strips]]"
991,52729,"BlackVue Power Magic Pro Plus 2-Channel Front and Rear vehicle Battery Discharge Prevention for Parking Mode (for BlackVue DR350, DR380G and DR400G HD II, DR500GW HD)","[[Electronics,Car & Vehicle Electronics,Car Electronics,Car Audio]]"
992,52749,Microsoft Wireless Desktop 2000,"[[Electronics,Computers & Accessories,Cables & Accessories,Keyboard & Mouse Combos]]"
993,52842,C.Skins 4 -Pack Premium Clear Screen Protector for ACER Acer Iconia Tablet Tab A510/ A700 (NOT Compatible with A500) Invisible LCD Guard Cover,"[[Electronics,Computers & Accessories,Touch Screen Tablet Accessories,Screen Protectors]]"
994,52913,Mobile Ham Radio Stick Antenna 40 meter,"[[Electronics,Car & Vehicle Electronics,Vehicle Electronics Accessories,Audio & Video Accessories,Antennas]]"
995,53005,"Belkin 3-Outlet Mini Travel Swivel Charger Surge Protector with Dual USB Ports, 5 Charging Outlets Total (1 AMP / 5 Watt)","[[Electronics,Computers & Accessories,Cables & Accessories,Surge Protectors]]"
996,53025,"TP-LINK TL-WR841ND Wireless N300 Home Router, 300Mpbs, IP QoS, WPS Button, 2 Detachable Antennas","[[Electronics,Computers & Accessories,Routers]]"
997,53046,Canon EF 70-300mm f/4-5.6 IS USM Lens for Canon EOS SLR Cameras,"[[Electronics,Camera & Photo,Lenses,Camera Lenses,Digital Camera Lenses]]"
998,53071,"Silicon Power 32GB Firma ZN F80 USB 2.0 Flash Drive, Gray Aluminium (SP032GBUF2F80V1S)","[[Electronics,Computers & Accessories,Data Storage,USB Flash Drives]]"
999,53196,"Quality Universal White Cloth Bounce Diffuser for Canon, Nikon, Sony, Nissin, Sigma, Olympus, Metz Flashgun","[[Electronics,Camera & Photo,Accessories]]"
1000,53213,3-Pin Female to 4 x 3-Pin Male Computer Case Fan Splitter Power Connector Black Sleeved Adapter Cable,"[[Electronics,Accessories & Supplies,Audio & Video Accessories,Connectors & Adapters]]"
1001,53261,Panasonic Lumix DMC-GF1 12.1MP Micro Four-Thirds Interchangeable Lens Digital Camera with 14-45mm Lens,"[[Electronics,Camera & Photo,Digital Cameras,Compact System Cameras]]"
1002,53388,Tripp Lite SWIVEL6 Surge Protector Swivel 6 Outlet Wallmount Direct Plug In 120V BK,"[[Electronics,Computers & Accessories,Cables & Accessories,Surge Protectors]]"
1003,53395,"Pioneer AVH-P8400BH 2-DIN Multimedia DVD Receiver with 7&quot; Widescreen Touch Panel Display, Advanced App Mode, Built-In Bluetooth, and HD Radio&#153;","[[Electronics,Car & Vehicle Electronics,Car Electronics,Car Video,In-Dash DVD & Video Receivers]]"
1004,53497,"SilverStone NT06-E CPU Cooler Compatible with Intel LGA775,LGA1156,LGA1366, AMD 754,939,940,AM2,AM3","[[Electronics,Computers & Accessories,Computer Components,Fans & Cooling,CPU Cooling Fans]]"
1005,53590,Cables Unlimited 3-Feet HDMI to DVI D Single Link Male to Male Cable,"[[Electronics,Accessories & Supplies,Audio & Video Accessories,Cables & Interconnects,Video Cables,HDMI Cables]]"
1006,53604,Asus Sabertooth Z87 LGA 1150 Motherboard,"[[Electronics,Computers & Accessories,Computer Components,Motherboards]]"
1007,53720,Tokina 11-16mm f/2.8 AT-X116 Pro DX II Digital Zoom Lens (AF-S Motor) (for Nikon Cameras),"[[Electronics,Camera & Photo,Lenses,Camera Lenses,Digital Camera Lenses]]"
1008,53777,"Cheetah Mounts APTMM2B Flush Tilt (1.3&quot; Profile) TV Wall Mount Bracket for 32-65 inch LED, LCD and Plasma Flat Screen TVs Up To VESA 684x400 and 165lbs, Including a Twisted Veins 10' Braided High Speed with Ethernet HDMI Cable and a 6&quot; 3-Axis Magnetic Bubble Level","[[Electronics,Accessories & Supplies,Audio & Video Accessories,TV Accessories & Parts,TV Ceiling & Wall Mounts]]"
1009,53848,Tronsmart MK808II Rockchip RK3066 Dual Core Google Android 4.2.2 OS TV Box Mini Pc 1G/8G Wifi BT Black,"[[Electronics,Television & Video,DVD Players & Recorders]]"
1010,53853,Microsoft LifeCam HD-3000 for Business,"[[Electronics,Computers & Accessories,Webcams]]"
1011,53931,Jill-e Designs Small Leather Camera Bag,"[[Electronics,Camera & Photo,Bags & Cases,Camera Cases]]"
1012,54022,White Pu Leather Case Cover with Leather Belt+buckle for Apple the New Ipad 2&amp;3&amp;4,"[[Electronics,Computers & Accessories,Touch Screen Tablet Accessories,Cases & Sleeves,Cases]]"
1013,54289,Kingston HyperX Beast 32 GB Kit (4x8 GB) 2133MHz DDR3 PC3-17000 Non-ECC CL11 DIMM XMP Desktop Memory KHX21C11T3K4/32X,"[[Electronics,Computers & Accessories,Computer Components,Memory]]"
1014,54304,New 5v 2a Ac/dc 2.5 Plug Power Supply Adapter for A10/a13 Tablet Pc Black,"[[Electronics,Computers & Accessories,Laptop & Netbook Computer Accessories,Chargers & Adapters]]"
1015,54348,Monster iCarPlay Cassette Adapter 800 for iPod and iPhone -3 feet,"[[Electronics,Portable Audio & Video,MP3 Players & Accessories,MP3 Player Accessories,Cassette Player Adapters]]"
1016,54350,GTMax LP-E10 Replacement Lithium-Ion Battery for Canon Rebel T3 Digital SLR Camera,"[[Electronics,Camera & Photo,Accessories,Batteries & Chargers,Batteries,Camera Batteries]]"
1017,54363,Apple Thunderbolt to FireWire Adapter,"[[Electronics,Computers & Accessories,Cables & Accessories,Computer Cable Adapters,USB-to-VGA Adapters]]"
1018,54403,Sony Cyber-shot DSC-RX100M2/B RX100M2 RX100M II RX100MII 20.2MP Wi-Fi Digital Camera + Sony 64GB Memory Card + Sony Black Carrying Case + Kit,"[[Electronics,Computers & Accessories,Computer Components,Memory]]"
1019,54556,Sony SRF-M37W Walkman Digital Tuning Weather/FM/AM Stereo Radio (Black),"[[Electronics,Portable Audio & Video,Radios,Personal Radios]]"
1020,54584,ColorYourLife 7pcs Soft Silicone Gel Skins Cases Covers for New iPod Nano 7th Generation with Screen Protector in Retail Packaging,"[[Electronics,Portable Audio & Video,MP3 Players & Accessories,MP3 Player Accessories,Cases]]"
1021,54628,Celestron 72022 SkyMaster 8x56 Binoculars,"[[Electronics,Camera & Photo,Binoculars & Scopes,Binoculars]]"
1022,54649,Logitech Wireless Marathon Mouse M705 with 3-Year Battery Life,"[[Electronics,Computers & Accessories,Cables & Accessories,Mice]]"
1023,54669,HP Procurve 1410-8G Gigabit Ethernet Switch (J9559A#ABA),"[[Electronics,Computers & Accessories,Networking Products,Switches]]"
1024,54721,Kuzy - BLACK 13-inch Ultra Slim Rubberized Hard Case Light Weight Matte Cover for MacBook Pro 13.3&quot; (A1278 with or without Thunderbolt) Aluminum Unibody - Black,"[[Electronics,Computers & Accessories,Laptop & Netbook Computer Accessories,Bags & Cases,Folio Cases]]"
1025,54749,Alpine Swiss Rolling 17&quot; Laptop Briefcase on Wheels Attache Lawyers Case Legal Size,"[[Electronics,Computers & Accessories,Laptop & Netbook Computer Accessories,Bags & Cases,Backpacks]]"
1026,54809,16GB G.Skill DDR3 PC3-19200 2400MHz Trident X Series CL10 (10-12-12-31) Dual Channel kit,"[[Electronics,Computers & Accessories,Computer Components,Memory]]"
1027,54837,Pelican 0940-015-110 0945 Memory Card Case for Compact Flash Cards,"[[Electronics,Computers & Accessories,Cables & Accessories,Memory Cards,CompactFlash Cards]]"
1028,54904,Sony MDR-ZX100 ZX Series Headphones (White),"[[Electronics,Accessories & Supplies,Audio & Video Accessories,Headphones]]"
1029,54962,"BESTEK Universal power strip AC110-250V surge protector for computer,printers...w/ extension power cord 8.2 foot + four universal ac outlets BTTA224","[[Electronics,Accessories & Supplies,Batteries, Chargers & Accessories,Power Strips]]"
1030,54989,"MoKo Slim Cover Case For Samsung Galaxy Tab 2 10.1-Inch P5100 / P5110 tablet, Brown (with Bulit-in Stand, and Integrated Hand Strap)","[[Electronics,Computers & Accessories,Touch Screen Tablet Accessories,Cases & Sleeves,Cases]]"
1031,55032,Gigabyte GA-F2A85XM-D3H AMD Socket FM2 A85X (Hudson D4) HDMI SATA 6Gb/s USB 3.0 Micro ATX Motherboard,"[[Electronics,Computers & Accessories,Computer Components,Motherboards]]"
1032,55045,GGS DSLR LCD Optical Glass Screen Protector for Nikon D700 camera,"[[Electronics,Camera & Photo,Accessories,Digital Camera Accessories,Screen Protector Foils]]"
1033,55104,ELK Products 30 Watt Siren Dual Tone Indoor/Outdoor Siren 6-12VDC 1.1Ah 120db 6 X 8 X 9.5 Inch,"[[Electronics,Security & Surveillance,Horns & Sirens]]"
1034,55113,Fintie Slim Fit Folio Case Cover for Samsung Galaxy Tab 7.0 Plus / Samsung Galaxy Tab 2 7.0 Tablet - Magenta,"[[Electronics,Computers & Accessories,Touch Screen Tablet Accessories,Cases & Sleeves,Cases]]"
1035,55142,"TP-LINK TL-WA730RE Wireless N150 Range Extender, 2.4Ghz 150Mbps, 802.11b/g, 4dBi detachable antenna","[[Electronics,Computers & Accessories,Networking Products,Repeaters]]"
1036,55253,100 Paper CD Sleeves with Window &amp; Flap,"[[Electronics,Accessories & Supplies,Audio & Video Accessories,Media Storage & Organization,DVD Cases]]"
1037,55365,HDE 25 ft. High-Speed 480Mbps USB 2.0 Type A Male to A Female Extension Cable w/ Active Repeater (25 FT),"[[Electronics,Computers & Accessories,Cables & Accessories,Cables & Interconnects,USB Cables]]"
1038,55411,Creative D80 Wireless Bluetooth Speaker (Black),"[[Electronics,Portable Audio & Video,MP3 Players & Accessories,MP3 Player Accessories,Speaker Systems]]"
1039,55579,"Electrified Replacement Lamp with Housing for Mitsubishi Models WD-60735, WD-60C8, WD-65735, WD-65736, WD-65835, WD-65C8, WD-73735, WD-73736, WD-73835, WD-73C8, WD-73C9, WD-60737, WD-65737, WD-73737, WD-82737, WD-60C9, WD-65C9, WD-65837, WD-73837, WD-82837 - Electrified Model 915B403001","[[Electronics,Computers & Accessories,Cables & Accessories,Video Projector Accessories,Lamps]]"
1040,55644,2 Piece Premium High Speed HDMI Cable Gold 6 feet for PS3 HDTV 1080p,"[[Electronics,Accessories & Supplies,Audio & Video Accessories,Cables & Interconnects,Video Cables,HDMI Cables]]"
1041,55655,Wintec Filemate 3.5-Inch USB 3.0 External Hard Drive Enclosure - Mirror Finish Dark Gray,"[[Electronics,Computers & Accessories,Cables & Accessories,Hard Drive Enclosures]]"
1042,55738,Empire Slim Fit Stealth Hard Rubberized Black Case for Apple iPad Mini,"[[Electronics,Computers & Accessories,Touch Screen Tablet Accessories,Cases & Sleeves,Cases]]"
1043,55800,Motorola S11-Flex HD Wireless Stereo Bluetooth Headset - Retail Packaging - Black/White,"[[Cell Phones & Accessories,Accessories,Headsets],[Cell Phones & Accessories,Cases,Basic Cases],[Electronics,Accessories & Supplies,Audio & Video Accessories],[Electronics,Computers & Accessories,Computer Components]]"
1044,55832,HP Power Supply - 300-Watt (Merlot C) Regulated (5188-2625),"[[Electronics,Computers & Accessories,Computer Components,Power Supplies]]"
1045,55852,"Bobj Rugged Case for Samsung Galaxy Tab3 7-inch Tablet, Wi-Fi and 3G/4G Models. Also for Tab3 7-inch Kid's Edition. (not for Tab3 Lite, Tab2, or earlier models) - BobjGear protective cover (Gotcha Green)","[[Electronics,Computers & Accessories,Touch Screen Tablet Accessories,Cases & Sleeves,Cases]]"
1046,55884,Alpine SWR-12D2 Type-R 12&quot; Subwoofer with Dual 2-ohm Voice Coils,"[[Electronics,Car & Vehicle Electronics,Car Electronics,Car Audio,Subwoofers,Component Subwoofers]]"
1047,55953,Pioneer MVHX560BT Digital Media Receiver,"[[Electronics,Car & Vehicle Electronics,Car Electronics,Car Audio,Car Stereo Receivers]]"
1048,56154,"VideoSecu Low Profile TV Wall Mount for Most 32&quot; - 65&quot; LCD, LED, Plasma, HDTV Flat Panel TV with VESA up to 600x400 mm, Universal Wall Mounts Bracket ---Compatible with Sony Bravia, Samsung, LG, Haier, Panasonic, Vizio, Sharp AQUOS, Westinghouse, Pioneer, ProScan, RCA, Toshiba MF601B 1NN","[[Electronics,Accessories & Supplies,Audio & Video Accessories,TV Accessories & Parts,TV Ceiling & Wall Mounts]]"
1049,56206,"SANOXY&reg; USB 6 LED PC Webcam Camera plus + Night Vision MSN, ICQ, AIM, Skype, Net Meeting and compatible with Win 98 / 2000 / NT / Me / XP / Vista","[[Electronics,Computers & Accessories,Webcams]]"
1050,56285,Philips SHE2100GY/28 In-Ear Headphones - Gray,"[[Electronics,Accessories & Supplies,Audio & Video Accessories,Headphones]]"
1051,56312,Tech Armor Anti-Glare &amp; Anti-Fingerprint (Matte) Screen Protector with Lifetime Replacement Warranty for Apple iPad Mini Tablet [3-Pack],"[[Electronics,Computers & Accessories,Touch Screen Tablet Accessories,Screen Protectors]]"
1052,56482,Memorex Slim DVD Video Storage Cases - 25 Pack - Clear,"[[Electronics,Accessories & Supplies,Audio & Video Accessories,Media Storage & Organization,DVD Cases]]"
1053,56648,4x2 HDMI Matrix Switch (4 HDMI in 2 HDMI out) 3D Compatible with Remote Control,"[[Electronics,Accessories & Supplies,Audio & Video Accessories,Video Converters]]"
1054,56655,"Soundfly SD WMA/MP3 Player Car Fm Transmitter for SD Card, USB Stick, Mp3 Players (iPod, Zune)","[[Electronics,Portable Audio & Video,MP3 Players & Accessories,MP3 Player Accessories,FM Transmitters]]"
1055,56668,"Kinivo 501BN Premium 5 port High speed HDMI switch with IR wireless remote and AC Power adapter - supports 3D, 1080p","[[Electronics,Accessories & Supplies,Audio & Video Accessories,Cables & Interconnects,Video Cables,HDMI Cables]]"
1056,56751,Slim 8x CD DVD RW Dual Layer Burner Drive For Dell Inspiron 630M 640M B120 B130 1300 6000 6400 9200 9300 9400 1501 E1405 E1505 E1705 series,"[[Electronics,Computers & Accessories,Computer Components,Internal Optical Drives,Internal DVD Drives]]"
1057,56768,"Plugable USB 2.0 to 10/100/1000 Gigabit Ethernet LAN Wired Network Adapter for Windows, Mac, Chromebook, Linux, and Specific Android Tablets (ASIX AX88178 Chipset)","[[Electronics,Computers & Accessories,Cables & Accessories,Cables & Interconnects,USB Cables]]"
1058,56806,Seagate Backup Plus 3TB Desktop External Hard Drive with Mobile Device Backup USB 3.0(STDT3000100),"[[Electronics,Computers & Accessories,Data Storage,External Hard Drives]]"
1059,56810,Kicker TCompS 40TCWS104 10&quot; 600W Car/Truck Thin Mount Loaded Subwoofer Sub+Box,"[[Electronics,Car & Vehicle Electronics,Car Electronics,Car Audio,Subwoofers,Component Subwoofers]]"
1060,56921,Belkin USB to PS/2 Adapter,"[[Electronics,Computers & Accessories,Cables & Accessories,Computer Cable Adapters,USB-to-USB Adapters]]"
1061,56951,"iPearl mCover Hard Shell Case with FREE keyboard cover for 15&quot; Model A1286 Aluminum Unibody MacBook Pro (Black keys, 15.4-inch diagonal regular display) - BLACK","[[Electronics,Computers & Accessories,Laptop & Netbook Computer Accessories,Bags & Cases,Sleeves & Slipcases]]"
1062,56972,"Verbatim 8.5 GB 2.4X Double Layer Recordable Disc DVD+R DL, 3-Disc Jewel Cases 95014","[[Electronics,Accessories & Supplies,Blank Media,DVD+RW Discs]]"
1063,56985,Canon EW-73B Lens Hood For 17-85mm f/4-5.6 IS EF-S and 18-135mm f/3.5-5.6 IS Lenses,"[[Electronics,Camera & Photo,Accessories,Lens Accessories,Lens Hoods]]"
1064,57071,65W AC Power Adapter/Battery Charger for Asus K42F-A1 K42F-A2B K501 K501ij K50IJ K50i K52F,"[[Electronics,Computers & Accessories,Laptop & Netbook Computer Accessories,Chargers & Adapters]]"
1065,57094,FAVI FE01-BL Mini 2.4GHz Wireless Keyboard with Mouse Touchpad (Black),"[[Electronics,Computers & Accessories,Cables & Accessories,Keyboards]]"
1066,57167,BenQ GL2055 20-Inch LED-lit Monitor,"[[Electronics,Computers & Accessories,Monitors]]"
1067,57183,eForCity 2X Battery Compatible with Sony Mavica NP-F550 NP-F330 NP-F730 F750,"[[Electronics,Camera & Photo,Accessories]]"
1068,57210,Sewell Direct SW-29446 8 Port (1x8) v1.3b HDMI Splitter with 3D support,"[[Electronics,Accessories & Supplies,Audio & Video Accessories,Distribution]]"
1069,57344,Drive Logic&trade; DL-64 Portable EVA Hard Drive Carrying Case Pouch (Black),"[[Electronics,Computers & Accessories,Cables & Accessories,Hard Drive Bags]]"
1070,57360,"TRENDnet Wireless N 150 Mbps Home Router, TEW-711BR","[[Electronics,Computers & Accessories,Routers]]"
1071,57362,B+W 62mm XS-Pro Clear UV Haze with Multi-Resistant Nano Coating (010M),"[[Electronics,Camera & Photo,Accessories,Filters & Accessories,Skylight & UV Filters]]"
1072,57538,"SAVEoN XIT Photo XTSB1010 Digital TTL Flash + L Bracket + SAVEoN Cloth for Nikon D7000, D3200, D3000, D3100, D5200, D5100","[[Electronics,Camera & Photo,Flashes,Shoe Mount Flashes]]"
1073,57593,Ravelli APGL4 New Professional 70&quot; Tripod with Adjustable Pistol Grip Head and Heavy Duty Carry Bag,"[[Electronics,Camera & Photo,Tripods & Monopods,Complete Tripods]]"
1074,57600,"WD Blue 1 TB Desktop Hard Drive: 3.5 Inch, 7200 RPM, SATA 6 Gb/s, 64 MB Cache - WD10EZEX","[[Electronics,Computers & Accessories,Data Storage,Internal Hard Drives]]"
1075,57616,Microsoft Natural Ergonomic Keyboard 4000,"[[Electronics,Computers & Accessories,Cables & Accessories,Keyboards]]"
1076,57692,PYLE-PRO PDMW6 - 6.5'' High Performance Mid-Bass Woofer,"[[Electronics,Car & Vehicle Electronics,Car Electronics,Car Audio,Subwoofers,Component Subwoofers]]"
1077,57773,Case Logic DCB-305 Compact System/Hybrid/Camcorder Kit Bag (Black),"[[Electronics,Camera & Photo,Bags & Cases,Camcorder Cases]]"
1078,57803,HP g7-1310us (17.3-Inch Screen) Laptop,"[[Electronics,Computers & Accessories,Laptops]]"
1079,57818,Cable Matters Gold Plated Mini DisplayPort (Thunderbolt&trade; Port Compatible) to DisplayPort Cable in White 6 Feet,"[[Electronics,Computers & Accessories,Cables & Accessories,Cables & Interconnects,Thunderbolt Cables]]"
1080,57905,Fintie Apple iPad Air Folio Case - Slim Fit Leather Smart Cover with Auto Sleep / Wake Feature for iPad Air 5 (5th Generation) - Blue,"[[Electronics,Computers & Accessories,Touch Screen Tablet Accessories,Cases & Sleeves,Cases]]"
1081,57939,Toshiba Canvio 1.0 TB USB 3.0 Portable Hard Drive - HDTC610XK3B1 (Black),"[[Electronics,Computers & Accessories,Data Storage,External Hard Drives]]"
1082,57954,Y-cam HomeMonitor Indoor - Wi-Fi Wireless Security Camera with Free Cloud Recording &amp; Night vision,"[[Electronics,Camera & Photo,Video Surveillance,Surveillance Systems,Remote Home Monitoring Systems]]"
1083,57957,"Mediabridge 3.5mm Male to 2-Male RCA Adapter (12 Feet) - Step Down Design for iPhone, iPod, Smartphone, Tablet and MP3 Cases","[[Electronics,Accessories & Supplies,Audio & Video Accessories,Cables & Interconnects,Audio Cables,RCA Cables]]"
1084,58034,SpiderHolster Spider Pin,"[[Electronics,Camera & Photo,Bags & Cases,Bag & Case Accessories]]"
1085,58125,Pyle PLAM40 20 Feet 4 Gauge 1600 Watt Amplifier Hookup For Battery Head Unit and Speakers Installation Kit,"[[Electronics,Car & Vehicle Electronics,Vehicle Electronics Accessories,Vehicle Audio & Video Installation,Amplifier Installation,Power & Ground Cable]]"
1086,58235,Yongnuo YN-560 II Speedlight Flash for Canon and Nikon. GN58.,"[[Electronics,Camera & Photo,Flashes,Shoe Mount Flashes]]"
1087,58253,iPearl mCover Hard Shell Case with FREE keyboard cover for Model A1278 13.3-inch Regular display Aluminum Unibody MacBook Pro - CLEAR,"[[Electronics,Computers & Accessories,Laptop & Netbook Computer Accessories]]"
1088,58278,CB-FT1M USB/Serial Data Transfer Cable,"[[Electronics,Computers & Accessories,Cables & Accessories,Computer Cable Adapters]]"
1089,58378,NZXT Technologies NZXT FZ-140mm Orange LED Cooling (RF-FZ140-O1),"[[Electronics,Computers & Accessories,Computer Components,Fans & Cooling,Case Fans]]"
1090,58404,Toshiba Canvio 500 GB USB 2.0 Basics Portable Hard Drive E05A050BAU2XK (Black),"[[Electronics,Computers & Accessories,Data Storage,External Hard Drives]]"
1091,58449,Wicked Audio WI8002 HEADPHONES with mic,"[[Electronics,Accessories & Supplies,Audio & Video Accessories,Headphones]]"
1092,58496,Tmvel HDMI2RCACVS 3 RCA Composite Video AV to Mini HDMI Converter for TV/PC/PS3/Blue-Ray DVD,"[[Electronics,Accessories & Supplies,Audio & Video Accessories,Video Converters]]"
1093,58618,USB A Female to Mini USB B 5 Pin Male Adapter,"[[Electronics,Computers & Accessories,Networking Products,Network Adapters,USB Network Adapters]]"
1094,58634,Gino VHF/UHF Dual Band BNC Antenna for Walkie Talkie Two Way Radio,"[[Electronics,Portable Audio & Video,CB & Two-Way Radios,Accessories,Antennas]]"
1095,58670,BUFFALO AirStation HighPower N300 Gigabit Wireless Router WZR-300HP,"[[Electronics,Computers & Accessories,Routers]]"
1096,58781,Canon PowerShot SD950IS 12.1MP Digital Camera with 3.7x Optical Image Stabilized Zoom (Titanium),"[[Electronics,Camera & Photo,Digital Cameras,Point & Shoot Digital Cameras]]"
1097,58952,APC AP7900 Rack PDU/Switched/1U/15A/100/120V Surge Protector,"[[Electronics,Accessories & Supplies,Batteries, Chargers & Accessories,PDUs]]"
1098,58953,5 PACK LCD Screen Protector for Apple iPod Touch 2nd Generation,"[[Electronics,Portable Audio & Video,MP3 Players & Accessories,MP3 Player Accessories,Screen Protectors]]"
1099,59060,Homeworx HW110AN Super Thin Indoor HDTV Antenna,"[[Electronics,Television & Video,Satellite Television,Antennas]]"
1100,59104,75 FT RJ45 CAT (6E) 550MHZ MOLDED NETWORK CABLE - BLUE - Lifetime Warranty,"[[Electronics,Computers & Accessories,Cables & Accessories,Cables & Interconnects,Ethernet Cables]]"
1101,59222,"Zeepad 7.0 Allwinnwer A13 Boxchip Cortex A8 Android 4.0, 4GB Capacity, 512 MB.","[[Electronics,Computers & Accessories,Tablets]]"
1102,59245,Dell Computer E-Series E2414Hr 24-Inch Screen LED-Lit Monitor,"[[Electronics,Computers & Accessories,Monitors]]"
1103,59272,Sony MDR-EX210B/BLK Earbud Style Headphones,"[[Electronics,Accessories & Supplies,Audio & Video Accessories,Headphones]]"
1104,59285,4 Pack UL Listed 25 ft Feet Video Power Cables Security Camera Extension Wires Cords with Free BNC RCA Connectors for CCTV DVR Home Surveillance System,"[[Electronics,Security & Surveillance,Accessories,Surveillance Camera Cables]]"
1105,59315,"C&amp;E Mini_Dis-HDMI-CB6 Mini DisplayPort to HDMI Adapter Cable, 6 feet","[[Electronics,Accessories & Supplies,Audio & Video Accessories,Cables & Interconnects,Video Cables,HDMI Cables]]"
1106,59327,Belkin Anti-Static Wrist Band with Adjustable Grounding,"[[Electronics,Computers & Accessories,Cables & Accessories,Cleaning & Repair,Repair Kits]]"
1107,59334,"Wasabi Power Battery (2-Pack) and Charger for Canon LP-E8 and Canon EOS 550D, EOS 600D, EOS Rebel T2i, EOS Rebel T3i, EOS Rebel T4i, EOS Rebel T5i","[[Electronics,Camera & Photo,Accessories,Batteries & Chargers,Batteries,Camera Batteries]]"
1108,59396,C2G / Cables to Go 30505  2-Port USB 2.0 Manual Switch (Blue),"[[Electronics,Computers & Accessories,Networking Products,Hubs]]"
1109,59407,"Opteka 500mm f/8 High Definition Telephoto Mirror Lens for Canon EOS 1D, 5D, 6D, 7D, 10D, 20D, 30D, 40D, 50D, 60D, Rebel XT, XTi, XS, XSi, T1i, T2i, T3, T3i and T4i Digital SLR Cameras","[[Electronics,Camera & Photo,Lenses,Camera Lenses]]"
1110,59452,Alfa 1000mW 1W 802.11b/g USB Wireless WiFi Network Adapter With Original Alfa Screw-On Swivel 9dBi Rubber Antenna,"[[Electronics,Computers & Accessories,Networking Products,Network Adapters,USB Network Adapters]]"
1111,59461,Sony HDR-CX220/B High Definition Handycam Camcorder with 2.7-Inch LCD (Black),"[[Electronics,Camera & Photo,Video,Camcorders]]"
1112,59509,8 GB Hello Kitty Crystal Jewelry USB Flash Memory Drive Necklace,"[[Electronics,Computers & Accessories,Data Storage,USB Flash Drives]]"
1113,59518,64 Gb Micro SD Card Class 10 &amp; Adapter in Retail Packaging,"[[Electronics,Computers & Accessories,Cables & Accessories,Memory Cards,Micro SD Cards]]"
1114,59592,ION Audio Vinyl Forever USB Audio Converter for Turntables,"[[Electronics,Home Audio,Stereo Components,Turntables]]"
1115,59600,Lens Cap Kit - Fits GoPro HD HERO2 &amp; HD HERO - Includes Housing &amp; Camera Caps,"[[Electronics,Camera & Photo,Accessories,Lens Accessories,Lens Caps]]"
1116,59635,VOIA LG G Pad 8.3 Premium Soft Jelly Case - Yellow (LPPJ1V500YLW),"[[Electronics,Computers & Accessories,Touch Screen Tablet Accessories,Cases & Sleeves,Cases]]"
1117,59766,"Aleratec SATA Data Cable, 20in - 12 Pack","[[Electronics,Computers & Accessories,Cables & Accessories,Cables & Interconnects,SATA Cables]]"
1118,59770,"Gearonic PU Magnetic Smart Slim Case Cover for iPad 4/3/4G/2, Purple (5007UPUIB)","[[Electronics,Computers & Accessories,Touch Screen Tablet Accessories,Cases & Sleeves,Cases]]"
1119,59788,Logitech Wireless Solar Keyboard K750,"[[Electronics,Computers & Accessories,Cables & Accessories,Keyboards]]"
1120,59870,7.1 Channel USB External Sound Card Audio Adapter,"[[Electronics,Computers & Accessories,External Components,External Sound Cards]]"
1121,59877,"Railblock Rod Clamp for 15mm Rod Dslr Rig Rail System-60mm Spaced,wingnut Color - Red","[[Electronics,Camera & Photo,Accessories,Professional Video Accessories,Stabilizers]]"
1122,59990,Elite Screens 84 Inch 4:3 Manual Pull Down Projector Screen (50.3&quot;Hx67&quot;W),"[[Electronics,Accessories & Supplies,Office Electronics Accessories,Projection Screens]]"
1123,60001,Toshiba PA3817U-1BRS 10.8V 48WH 6-cell Battery,"[[Electronics,Computers & Accessories,Laptop & Netbook Computer Accessories,Batteries]]"
1124,60048,Case Logic 17.3 inch Laptop and Tablet Case (Black),"[[Electronics,Computers & Accessories,Laptop & Netbook Computer Accessories,Bags & Cases,Messenger Bags]]"
1125,60086,Campro Low Profile Triple Hot shoe Light and Sound Bracket,"[[Electronics,Camera & Photo,Accessories,Flash Accessories,Camera Brackets]]"
1126,60091,HP Pavilion 25xi 25-Inch Screen LED-Lit Monitor,"[[Electronics,Computers & Accessories,Monitors]]"
1127,60102,"Starter Accessories Kit For Fuji Fujifilm FinePix SL300, S8200, S8300, S8400, S8500, SL1000, HS50EXR, X100S, X20, X-M1, X-E2, S8600, S9200, S9400W, S1, X-T1 Digital Camera Includes Deluxe Case + 50 Tripod W/ Case + USB Reader + Screen Protectors + Cloth","[[Electronics,Camera & Photo,Accessories,Digital Camera Accessories,Accessory Kits]]"
1128,60153,ArmorSuit MilitaryShield - Samsung Galaxy Tab 2 7.0 Screen Protector Shield + Lifetime Replacements,"[[Electronics,Computers & Accessories,Touch Screen Tablet Accessories,Screen Protectors]]"
1129,60212,72mm Digital Tulip Flower Lens Hood For Canon EF 28-135mm f/3.5-5.6 IS USM Standard Zoom Lens+ Cap Keeper + MicroFiber Cleaning Cloth,"[[Electronics,Camera & Photo,Accessories,Filters & Accessories,Filter Sets]]"
1130,60215,Intel Core i7-4770 Quad-Core Desktop Processor 3.4 GHZ  LGA 1150 8 MB Cache BX80646I74770,"[[Electronics,Computers & Accessories,Computer Components,CPU Processors]]"
1131,60225,HP Smart Ac Adapter 120W (VE025AA#ABA),"[[Electronics,Computers & Accessories,Laptop & Netbook Computer Accessories,Chargers & Adapters]]"
1132,60315,"Sony 25DPW47SP DVD+RW 4X 4.7GB Spindle Rewritable DVD, 25-Pack","[[Electronics,Accessories & Supplies,Blank Media,DVD+RW Discs]]"
1133,60373,Crucial 2GB Single DDR3 1066 MT/s (PC3-8500) CL7 SODIMM 204-Pin Notebook Memory Module CT25664BC1067,"[[Electronics,Computers & Accessories,Computer Components,Memory]]"
1134,60433,Fantom G Force 1TB USB 3.0 External Hard Drive 32MB Cache Black GF3B1000U32,"[[Electronics,Computers & Accessories,Data Storage,External Hard Drives]]"
1135,60471,Rosewill Black Gaming ATX Mid Tower Computer Case CHALLENGER,"[[Electronics,Computers & Accessories,Computer Components,Computer Cases]]"
1136,60549,MediaDevil Magicscreen Screen Protector: Crystal Clear (Invisible) - Apple iPad Mini 1 / iPad Mini 2 (i.e. iPad Mini with Retina Screen) (2 x Screen Protectors),"[[Electronics,Computers & Accessories,Touch Screen Tablet Accessories,Screen Protectors]]"
1137,60743,Sony MDRDS6500 Digital Surround Headphones (Discontinued by Manufacturer),"[[Electronics,Accessories & Supplies,Audio & Video Accessories,Headphones]]"
1138,60754,Tech Armor HD Clear Screen Protectors with Lifetime Warranty for Apple iPhone 4 and 4S (3-Pack),"[[Cell Phones & Accessories,Accessories,Screen Protectors],[Electronics,Computers & Accessories]]"
1139,60812,Ubiquiti Networks UniFi AP Enterprise WiFi System,"[[Electronics,Computers & Accessories,Networking Products,Wireless Access Points]]"
1140,60820,ImogenStudio QCP-A100 +Cam Video Security Accessory for Smartphones (White),"[[Electronics,Security & Surveillance,Home Security Systems]]"
1141,60824,SanDisk 16 GB microSDHC Flash Memory Card SDSDQ-016G (Bulk Packaging) - Class 4,"[[Electronics,Computers & Accessories,Cables & Accessories,Memory Cards,Micro SD Cards]]"
1142,60918,Dell XPS M1330 65W AC Adapter - 0XK850,"[[Electronics,Computers & Accessories,Laptop & Netbook Computer Accessories,Chargers & Adapters]]"
1143,60943,0.5mm GGS Electrostatic Technology Self-adhesive 0.5mm Optical Glass Reuse Camera LCD Screen Protector for Canon 6D DSLR - White,"[[Electronics,Camera & Photo,Accessories,Digital Camera Accessories,Screen Protector Foils]]"
1144,61075,HP Link-5 Wireless Comfort Mouse (Graystone),"[[Electronics,Computers & Accessories,Cables & Accessories,Mice]]"
1145,61176,WS-POE-5v-4x 5 volt Remote Power - PoE kit for 4 cameras with 5 volt 2 amps each,"[[Electronics,Security & Surveillance]]"
1146,61192,Nikon 7072 Lens Pen Cleaning System,"[[Electronics,Camera & Photo,Accessories,Cleaning Equipment,Cleaning Kits]]"
1147,61194,D-Link Wireless N 300 Mbps Compact Wi-Fi Range Extender (DAP-1320),"[[Electronics,Computers & Accessories,Networking Products,Network Adapters,Powerline Network Adapters]]"
1148,61290,"EVGA GeForce GTX780 SuperClocked w/EVGA ACX Cooler 3GB GDDR5 384bit, DVI-I, DVI-D, HDMI,DP, SLI Ready (03G-P4-2784-KR)","[[Electronics,Computers & Accessories,Computer Components,Graphics Cards]]"
1149,61319,"EASTSTAR ACK-DC50 AC Power Adapter Supply Kit For Canon PowerShot G10, G11, G12 &amp; SX30 IS Digital Cameras","[[Electronics,Camera & Photo,Accessories,Batteries & Chargers,Adapters]]"
1150,61352,Battery Grip Kit for Canon Rebel T2i T3i T4i T5i Digital SLR Camera Includes Qty 2 Replacement LP-E8 Batteries + Vertical Battery Grip + More!!,"[[Electronics,Camera & Photo,Accessories,Digital Camera Accessories,Accessory Kits]]"
1151,61392,"rooCASE Apple iPad Air Case - Slim Shell Origami Case for Apple iPad 5 Air (5th Generation) Tablet, BLACK (With Smart Cover Auto Wake / Sleep)","[[Electronics,Computers & Accessories,Touch Screen Tablet Accessories,Cases & Sleeves,Cases]]"
1152,61406,Sceptre E328BV-FMDC 32-Inch 1080p 60Hz LED HDTV (Glossy Black),"[[Electronics,Television & Video,Televisions,LED TVs]]"
1153,61417,Eathtek&reg; New US Version Black Keyboard for Toshiba Satellite A200 A205 A210 A215 A300 A300D A305 A305D L300 L300D L305 L305D L311 L312 L315 L317 L322 L323 L331 L332 L450 L450D L455 L455D L510 L515 M200 M202 M203 M205 M206 M207 M208 M209 M211 M212 M215 M216 M300 M301 M302 M305 M305D M305D-S4830 M305D-S4831 M306 M307 M308 M310 M311 M315 M319 M320 M321 M323 M325 M326 M327 M328 M330 M331 M332 M333 M335 M336 M337 M338 M339 M351 M352 M353 M355 M356 M357 M358 M359 M361 M362 M363 series laptop.,"[[Electronics,Computers & Accessories,Cables & Accessories,Keyboards]]"
1154,61418,"TCC TC-750 BLACK Audiophile Phono Preamp, Pre-amp (Preamplifier)","[[Electronics,Home Audio,Stereo Components,Receivers & Amplifiers,Component Preamplifiers]]"
1155,61453,Clarion Mobile Electronics XC1410 D-Class 4-Channel Amplifier,"[[Electronics,Car & Vehicle Electronics,Car Electronics,Car Audio,Amplifiers,Multichannel Amplifiers]]"
1156,61522,US Robotics USB Dial-Up Softmodem (USR5639),"[[Electronics,Computers & Accessories,Computer Components,Internal Modems]]"
1157,61571,BlackRapid RMJ-3BB Joey 3 (Black),"[[Electronics,Camera & Photo,Bags & Cases,Binocular, Camera & Camcorder Straps]]"
1158,61588,Photive SlimPad iPad Mini 2nd generation Smart Cover Case - Ultra Slim Smart Cover Case for The New iPad Mini /iPad Mini 2/ iPad Mini Retina. Front and Back Protection (Built-in Magnets Activates Sleep/Wake feature),"[[Electronics,Computers & Accessories,Touch Screen Tablet Accessories,Cases & Sleeves,Cases]]"
1159,61628,HDE (TM) 2-Port USB Rear Panel Bracket Host Adapter,"[[Electronics,Computers & Accessories,Computer Components,I/O Port Cards]]"
1160,61629,"SF Cable, 12 feet 3.5mm Stereo Male to Two RCA Male Splitter Cable","[[Electronics,Accessories & Supplies,Audio & Video Accessories,Cables & Interconnects,Audio Cables,RCA Cables]]"
1161,61639,Etekcity&reg; HDMI to AV Composite RCA CVBS Video + Audio Converter For TV PS3 VHS VCR DVD,"[[Electronics,Accessories & Supplies,Audio & Video Accessories,Video Converters]]"
1162,61648,"Fotasy Auto Focus Marco Extension Tube (10mm, 16mm, 26mm) for Fujfifilm X Mount Camera X-Pro1 X-E1","[[Electronics,Camera & Photo,Accessories,Lens Accessories,Extension Tubes]]"
1163,61693,"Electrified Replacement Lamp with Housing XL-5200 / XL5200 for Sony Models KDS50A2000, KDS50A2020, KDS55A2000, KDS55A2020, KDS60A2000, KDS60A3000, KDS60A2020,KDS50A3000 , KDS55A3000","[[Electronics,Computers & Accessories,Cables & Accessories,Video Projector Accessories,Lamps]]"
1164,61817,Poetic Slimbook Leather Case for Samsung Galaxy Tab 2 7.0 Black,"[[Electronics,Computers & Accessories,Touch Screen Tablet Accessories,Cases & Sleeves,Cases]]"
1165,61823,AmazonBasics 4-Port USB 2.0 Ultra-Mini Hub,"[[Electronics,Computers & Accessories,Networking Products,Hubs]]"
1166,61899,"Tiffen 49mm Photo Essentials Kit with UV Protector, 812 Color Warming, Circular Polarizing Glass Filters and 4 Pocket Pouch","[[Electronics,Camera & Photo,Accessories,Filters & Accessories,Filter Sets]]"
1167,61915,Azio Large Print Tri-Color Backlit Wired Keyboard (KB505U),"[[Electronics,Computers & Accessories,Cables & Accessories,Keyboards]]"
1168,61932,90W AC Power Adapter/Battery Charger For Gateway AJ2 MD2409h MD2601u MD2614u MD78 MD7818u MD7820u MS2273 MS2274 MS2285 NV5213u NV53 NV53A NV53A36u NV54 NV55C NV59 NV78 NV7802u NV79 NV7901u NV7915u,"[[Electronics,Computers & Accessories,Laptop & Netbook Computer Accessories,Chargers & Adapters]]"
1169,62006,"Maximal Power FC999 Universal Rapid Charger for Alkaline, RAM, Ni-MH, Ni-CD, AA, AAA, C, D, N, 9V Batteries","[[Electronics,Accessories & Supplies,Batteries, Chargers & Accessories,AC Adapters]]"
1170,62045,eForcity HDE RCA Audio Video Splitter Adapter (RCA F to 2 RCA F),"[[Electronics,Accessories & Supplies,Audio & Video Accessories,Connectors & Adapters]]"
1171,62085,Wilson Electronics 20-Foot WILSON400 Ultra Low Loss Coax Cable with N Male Connectors,"[[Electronics,Accessories & Supplies,Audio & Video Accessories,Cables & Interconnects]]"
1172,62106,Scosche Dash Kit for 2007 Dodge Nitro / Jeep Wrangler / Chrysler Sebring,"[[Electronics,Car & Vehicle Electronics,Vehicle Electronics Accessories]]"
1173,62164,LP-2020A+ Lepai Tripath Class-T Hi-Fi Audio Mini Amplifier with Power Supply,"[[Electronics,Home Audio,Stereo Components,Receivers & Amplifiers,Component Amplifiers]]"
1174,62209,"Universal Projector Ceiling Mount for DLP / LCD video projectors (Heavy Duty Steel, White, adjustable height 16.9-Inch - 25.6-Inch, built-in cable management, easy installation)","[[Electronics,Accessories & Supplies,Mounts,Projector Mounts]]"
1175,62231,Roadpro RP-108C 2-3/4&quot; CB Extension Speaker with Swivel Bracket,"[[Electronics,Portable Audio & Video,CB & Two-Way Radios,CB Radios & Scanners,Fixed-mount CB Radios]]"
1176,62254,E-3lue E-Blue Mazer II 2500 DPI Blue LED 2.4GHz Wireless Optical Gaming Mouse,"[[Electronics,Computers & Accessories,Cables & Accessories,Keyboard & Mouse Combos]]"
1177,62262,Western Digital My Book Mirror Edition 2TB USB 2.0 (WDH2U20000N),"[[Electronics,Computers & Accessories,Data Storage,External Hard Drives]]"
1178,62308,Samsung Mz-7Td250Bw 840 Series Sataiii Tlc Solid State Drive Ssd 250Gb,"[[Electronics,Computers & Accessories,Data Storage,Internal Solid State Drives]]"
1179,62385,"VideoSecu Low Profile Ultra Slim 1&quot; profile TV Wall Mount for most 27&quot;-47&quot; LCD LED Plasma TV, Some up to 55&quot; Flat Panel Screen Display with VESA 100x100 to 400x400 1RX","[[Electronics,Accessories & Supplies,Audio & Video Accessories,TV Accessories & Parts,TV Ceiling & Wall Mounts]]"
1180,62390,Pwr+&reg; 14 Ft AC Adapter Laptop Charger for Acer Aspire One KAV10 KAV60 ZA3 Hp-a0301r3 NAV50 P0VE6 P1VE6 PAV01 PAV70 ZH9 ZE6 ZG8 MS2377 MS2296 KAVA0 MS2298 MS2381 MS2384 NAV70 NAVD0 PAV71 PAV72 POVE6 ZH7 ZHG; Cromia ZGB; Ferrarri ZH5; TRAVELMATE LM1 A110 532h D260 Aod260 19V 2.1A 40W Notebook Netbook Power Supply Cord Plug,"[[Electronics,Computers & Accessories,Laptop & Netbook Computer Accessories,Chargers & Adapters]]"
1181,62394,"Drobo 5N 5-Bay NAS Storage Array, Gigabit Ethernet (DRDS4A21)","[[Electronics,Computers & Accessories,Data Storage,Network Attached Storage]]"
1182,62395,Monster Cable MP AV 800 PowerCenter with Surge Protection (Discontinued by Manufacturer),"[[Electronics,Computers & Accessories,Cables & Accessories,Uninterrupted Power Supply (UPS)]]"
1183,62472,Black VG Patent Leather Hydei Carrying Bag Case for Samsung Galaxy Note 10.1&quot; Android Tablet / Samsung Galaxy Tab 2 10.1-inch Tablet / Samsung Galaxy Tab 10.1 inch Tablet / Samsung Google Nexus 10 Tablet,"[[Electronics,Computers & Accessories,Touch Screen Tablet Accessories,Cases & Sleeves,Cases]]"
1184,62555,Asus VS229H-P 22-Inch-Class (21.5&quot;) LED Monitor,"[[Electronics,Computers & Accessories,Monitors]]"
1185,62578,Sennheiser RS 180 Digital Wireless Headphone System,"[[Electronics,Accessories & Supplies,Audio & Video Accessories,Headphones]]"
1186,62730,AmazonBasics Universal Travel Case for Small Electronics and Accessories -Black,"[[Electronics,GPS & Navigation,GPS System Accessories,Cases]]"
1187,62743,B+W 46mm Clear UV Haze with Multi-Resistant Coating (010M),"[[Electronics,Camera & Photo,Accessories,Filters & Accessories,Skylight & UV Filters]]"
1188,62964,"Cable Matters Gold Plated VGA Monitor Cable with Ferrites 6 Feet, 100% Bare Copper","[[Electronics,Accessories & Supplies,Audio & Video Accessories,Cables & Interconnects,Video Cables,DVI Cables]]"
1189,63011,"Rosewill Shine-View RDCB-12001 Black Backpack for DSLR Camera, lens and 17.3&quot; Notebook, holds 5 extra lenses, flash, battery and charger, convenient side access doors-Retail","[[Electronics,Camera & Photo,Bags & Cases,Camera Cases]]"
1190,63040,Apple iPod shuffle 2 GB Black (3rd Generation)   (Discontinued by Manufacturer),"[[Electronics,Portable Audio & Video,MP3 Players & Accessories,MP3 Players]]"
1191,63215,Samsung HTD6500W 5.1 CH 3D Blu-Ray Home Theater System,"[[Electronics,Television & Video,Home Theater Systems]]"
1192,63243,BaoFeng UV-5R+ Dual-Band 136-174/400-480 MHz FM Ham Two-Way Radio (Black),"[[Electronics,Portable Audio & Video,CB & Two-Way Radios,Two-Way Radios]]"
1193,63257,Arris TM822G Touchstone&reg; DOCSIS 3.0 8x4 Ultra-High Speed Telephony Modem,"[[Electronics,Computers & Accessories,Networking Products,Modems]]"
1194,63290,HIS Radeon HD 5450 Silence 1 GB (64bit) DDR3 HDMI DL-DVI (HDCP) VGA PCI Express 2.1 16x Video Card Retail (RoHS) H545H1G,"[[Electronics,Computers & Accessories,Computer Components,Graphics Cards]]"
1195,63337,ASUS DDR3 Intel Z77 2400 Socket Motherboard P8Z77-I DELUXE/WD,"[[Electronics,Computers & Accessories,Computer Components,Motherboards]]"
1196,63339,VideoSecu 4 x Dummy Security Camera Fake Bullet Cameras Infrared LEDs Flashing Light Home CCTV Surveillance 1QU,"[[Electronics,Camera & Photo,Video Surveillance,Surveillance Cameras,Simulated Cameras]]"
1197,63395,J-Tech Digital (Registered Us Trademark) Premium Quality Hdmi To Hdmi + 3.5mm Stereo (RCA L/R) Audio Extractor Converter,"[[Electronics,Accessories & Supplies,Audio & Video Accessories,Distribution,Selector Switch Boxes]]"
1198,63407,Dicapac WP-ONE Point &amp; Shoot Digital Camera Waterproof Case,"[[Electronics,Camera & Photo,Bags & Cases,Camera Cases]]"
1199,63439,"TP-LINK TL-WN722N Wireless N150 High Gain USB Adapter, 150Mbps, 4dBi External Antenna, WPS Button, Support Windows XP/Vista/7/8","[[Electronics,Computers & Accessories,Networking Products,Network Adapters,USB Network Adapters]]"
1200,63475,Case Logic VNC-216 16-Inch Laptop Briefcase (Black),"[[Electronics,Computers & Accessories,Laptop & Netbook Computer Accessories]]"
1201,63531,Tech Armor NEW High Definition ANTIGlare Screen Protector for Apple iPad New Generation 5 (SP-AGFHD-APL-ID5-2),"[[Electronics,Computers & Accessories,Touch Screen Tablet Accessories,Screen Protectors]]"
1202,63652,CyberPower CP1500AVRLCD Intelligent LCD UPS 1500VA 900W AVR Mini-Tower,"[[Electronics,Computers & Accessories,Cables & Accessories,Uninterrupted Power Supply (UPS)]]"
1203,63697,ASUS Z87-K DDR3 1600 LGA 1150 Motherboard,"[[Electronics,Computers & Accessories,Computer Components,Motherboards]]"
1204,63745,AmazonBasics Hard Carrying Case for 5-Inch GPS - Black,"[[Electronics,GPS & Navigation,GPS System Accessories,Cases]]"
1205,63796,OtterBox Defender Series for iPad Air - Frustration Free Packaging - Black,"[[Electronics,Computers & Accessories,Touch Screen Tablet Accessories,Cases & Sleeves,Cases]]"
1206,63812,Sony MDRZX300/BLK Stereo Headphones,"[[Electronics,Accessories & Supplies,Audio & Video Accessories,Headphones]]"
1207,63817,Brookstone Pocket Projector Pro - 200 Lumens,"[[Electronics,Computers & Accessories,Video Projectors]]"
1208,63874,Monster RadioPlay 300 Universal Full Spectrum FM Transmitter MBL-FM XMTR300,"[[Electronics,Portable Audio & Video]]"
1209,63973,Intel Wifi Wireless Link Wlan 5300 Ship Worldwide Half Mini Pci-e 533an_hmw,"[[Electronics,Computers & Accessories,Computer Components,Memory]]"
1210,63976,Transcend P8 15-in-1 USB 2.0 Flash Memory Card Reader TS-RDP8K (Black),"[[Electronics,Computers & Accessories,Cables & Accessories,Memory Card Readers]]"
1211,64073,Logitech Wireless Combo MK270 with Keyboard and Mouse,"[[Electronics,Computers & Accessories,Cables & Accessories,Keyboard & Mouse Combos]]"
1212,64111,Kensington K72356US Mouse-in-a-Box USB Desktop Mouse - Black,"[[Electronics,Computers & Accessories,Cables & Accessories,Mice]]"
1213,64154,Logitech M570  Wireless Trackball,"[[Electronics,Computers & Accessories,Cables & Accessories,Input Devices,Trackballs]]"
1214,64198,WD TV Live Media Player Wi-fi 1080p,"[[Electronics,Television & Video,Streaming Media Players]]"
1215,64224,Sylvania Portable iPod Dock Boom Box AM/FM with Clock,"[[Electronics,Portable Audio & Video,MP3 Players & Accessories,MP3 Player Accessories,Docking Stations]]"
1216,64281,VideoSecu PC to TV Converter VGA to RCA S-Video Mac Computer Laptop to Composite Video Switcher VGA2TV 1L7,"[[Electronics,Accessories & Supplies,Audio & Video Accessories,Video Converters]]"
1217,64302,Case Logic TBC-312 Pocket Video Camcorder Case with Storage (Black),"[[Electronics,Camera & Photo,Bags & Cases,Camera Cases]]"
1218,64459,64GB SD XC Class 10 SCT Secure Digital Ultimate Extreme High Speed SDXC Flash Memory Card 64G 64 GIGS GB FOR Digital Camera SLR Tablet Computer GPS,"[[Electronics,Computers & Accessories,Cables & Accessories,Memory Cards,SD & SDHC Cards]]"
1219,64489,"Fotodiox Pro 16-rib, 72&quot; Black and White Reflective Parabolic Umbrella","[[Electronics,Camera & Photo,Lighting & Studio,Lighting,Lighting Controls & Modifiers,Umbrellas]]"
1220,64753,Case Logic DCB-304 Compact System/Hybrid Camera Case (Black),"[[Electronics,Camera & Photo,Bags & Cases,Camera Cases]]"
1221,64900,"NSSTAR PU leather Slim 7 inch tablet Folio Protective Cover Case with Stand for 7&quot; Afunta Q88, AGPtek, Alldaymall Q88, Axis, Chromo, Dragon Touch A13 Q88,Y88, FastTouch, Fortress, Kocaso M752WH/M752SL/M752WH/M752BL 7-Inch 4 GB Tablet, Kocaso M752 7&quot; Android 4.0 All Winner A13, Matricom Tab Nero, Matricom G-Tab Nero CX2, Megafeis M700, Nationite QX7, NeuTab N7, Noria Jr, Noria T2, Portworld, Riin, Simbans 7 Inch S71W/S71P/S71B/S71R/S73R/S73P Tablet PC, Tagital with Dual Camera Tablet PC, ZTO N1, ZTO N1 plus, Zeepad 7.0 (Green)","[[Electronics,Computers & Accessories,Touch Screen Tablet Accessories,Cases & Sleeves,Cases]]"
1222,64951,Exact(TM) PU Leather Folio Case (Multi-Color to Choose Form) for Nook HD 7 (Support Auto Sleep/Wake Function),"[[Electronics,Computers & Accessories,Touch Screen Tablet Accessories,Cases & Sleeves,Cases]]"
1223,64987,"STK's Canon LP-E8 Battery Charger - for Canon Rebel T3i, T2i, T4i, T5i, EOS 600D, 550D, 650D, 700D, Kiss X5, X4, Kiss X6, LC-E8E","[[Electronics,Camera & Photo,Accessories,Batteries & Chargers,Battery Chargers,Camera]]"
1224,64993,amCase 11.6-inch Sleeve/Case for Acer C720/C720P Chromebook / Samsung Chromebook/Samsung Chromebook 2 /Apple MacBook Air/Netbook/Surface Pro 3/HP Chromebook 11/Acer C710/Lenovo THINKPAD Helix (Tablet Only) Protective Neoprene Cushion Material with Handle (BLACK),"[[Electronics,Computers & Accessories,Laptop & Netbook Computer Accessories,Bags & Cases,Sleeves & Slipcases]]"
1225,65078,Fujifilm FinePix SL300 14 MP Digital Camera with 30x Optical Zoom (Black),"[[Electronics,Camera & Photo,Digital Cameras,Point & Shoot Digital Cameras]]"
1226,65102,Menotek 3ft Cat5e Network Ethernet Patch Cable 10 Pack - Blue,"[[Electronics,Computers & Accessories,Cables & Accessories,Cables & Interconnects,Ethernet Cables]]"
1227,65162,OREI HD-104 1x4 4 Ports HDMI Powered Splitter for Full HD 1080P &amp; 3D Support (One Input To Four Outputs),"[[Electronics,Accessories & Supplies,Audio & Video Accessories,Cables & Interconnects,Video Cables,HDMI Cables]]"
1228,65191,Honeywell 5822t Tilt Sensor Black Case,"[[Electronics,Security & Surveillance,Security Sensors]]"
1229,65305,Belkin USB Car Charger,"[[Electronics,Portable Audio & Video,MP3 Players & Accessories,MP3 Player Accessories,Chargers,Car Chargers]]"
1230,65331,60W AC Power Adapter Charger for Apple Macbook and 13-Inch Macbook Pro MA538LL/A,"[[Electronics,Computers & Accessories,Laptop & Netbook Computer Accessories,Chargers & Adapters]]"
1231,65417,"3.5&quot; tray caddy with 2.5&quot; adapter bracket For Dell Poweredge R310, T310, R410, T410, R415, R510","[[Electronics,Computers & Accessories,Cables & Accessories,Hard Drive Enclosures]]"
1232,65452,"Opteka 72mm High Definition&sup2; Professional 5 Piece Filter Kit includes UV, CPL, FL, ND4 and 10x Macro Lens","[[Electronics,Camera & Photo,Accessories,Filters & Accessories,Filter Sets]]"
1233,65466,"Polk Audio PSW505 12-Inch Powered Subwoofer (Single, Black)","[[Electronics,Home Audio,Stereo Components,Speakers,Subwoofers]]"
1234,65531,GoPro Helmet Front Mount,"[[Electronics,Camera & Photo,Underwater Photography,Camcorders]]"
1235,65596,Eye-Fi Pro X2 8 GB Class 6 SDHC Wireless Flash Memory Card EYE-FI-8PC,"[[Electronics,Computers & Accessories,Cables & Accessories,Memory Cards,SD & SDHC Cards]]"
1236,65648,Corsair Vengeance  16GB (2x8GB)  DDR3 1600 MHz (PC3 12800) Desktop Memory (CMZ16GX3M2A1600C10),"[[Electronics,Computers & Accessories,Computer Components,Memory]]"
1237,65708,Canon EOS Rebel T1i 15.1 MP CMOS Digital SLR Camera with 3-Inch LCD (Body Only),"[[Electronics,Camera & Photo,Digital Cameras,Digital SLR Cameras]]"
1238,65835,MEElectronics Sport-Fi M6 Noise-Isolating In-Ear Headphones with Memory Wire (Black),"[[Electronics,Accessories & Supplies,Audio & Video Accessories,Headphones]]"
1239,65843,Premium 15 feet Gold Series 3.5mm to Dual RCA 22AWG - Heavy Duty High Quality cable,"[[Electronics,Accessories & Supplies,Audio & Video Accessories,Cables & Interconnects,Audio Cables,RCA Cables]]"
1240,65849,"Smatree&reg; Battery(2-Pack) and Rapid Dual Charger Kit for GoPro&reg; HD HERO3,HERO3+ camera - Includes:Smatree&reg; high-speed USB Dual Travel Battery Charger + 2 Smatree&reg; power High Capacity Rechargeable Li-ion Batteries + USB Cable + Fast Dual USB Wall Charger Adapter + Rapid Dual USB Car Charger for GoPro&reg; AHDBT-201, AHDBT-301, AHDBT-302","[[Electronics,Camera & Photo,Accessories,Batteries & Chargers,Batteries,Camcorder Batteries]]"
1241,66000,VIZIO E320-A1 32-inch 720p 60Hz LED HDTV (2013 Model),"[[Electronics,Television & Video,Televisions,LED TVs]]"
1242,66021,Boho Tronics One 1 Reusable LCD Screen Protector Cover - Compatible With Apple Macbook Air Pro 13.3 Inch - Clear,"[[Electronics,Computers & Accessories,Touch Screen Tablet Accessories,Screen Protectors]]"
1243,66102,"AMD Athlon Multi Core Processor AD760KWOHLBOX, 760K Richland 3.8GHz Socket FM2 100W","[[Electronics,Computers & Accessories,Computer Components,CPU Processors]]"
1244,66129,Aurum Ultra Series - High Speed HDMI Cable with Ethernet (25 FT) - Category 2 Certified - Supports 3D &amp; Audio Return Channel - Full HD [Latest HDMI Version Available] - 25 Feet,"[[Electronics,Accessories & Supplies,Audio & Video Accessories,Cables & Interconnects,Video Cables,HDMI Cables]]"
1245,66181,PNY 4 GB Clip-On Attache USB 2.0 Flash Drive P-FDU4GBCL-EF/GRY (Grey),"[[Electronics,Computers & Accessories,Data Storage,USB Flash Drives]]"
1246,66258,Nikon 105mm f/2.8G ED-IF AF-S VR Micro-Nikkor Lens,"[[Electronics,Camera & Photo,Lenses,Camera Lenses,Digital Camera Lenses]]"
1247,66268,"SANOXY&reg; USB Gender Changer, A Male To Male","[[Electronics,Accessories & Supplies,Audio & Video Accessories,Connectors & Adapters]]"
1248,66271,HDE&reg; Mini DisplayPort to HDMI Female Adapter Cable for Macbook,"[[Electronics,Accessories & Supplies,Audio & Video Accessories,Cables & Interconnects,Video Cables,HDMI Cables]]"
1249,66405,4GB Thumb (First Finger) USB 2.0 Flash Drive,"[[Electronics,Computers & Accessories,Data Storage,USB Flash Drives]]"
1250,66458,GoPro Suction Cup Mount,"[[Electronics,Camera & Photo]]"
1251,66512,eForCity Purple Leather Case with Stand + Stylus compatible with Samsung Galaxy Tab 2 7.0-inch,"[[Electronics,Computers & Accessories,Touch Screen Tablet Accessories,Bundles]]"
1252,66518,"AmazonBasics USB Charging and Sync Cable for Apple iPhone 4, iPod, and iPad 3rd Generation - 3.2 Feet (1.0 Meter)","[[Electronics,Computers & Accessories,Cables & Accessories,Cables & Interconnects,USB Cables]]"
1253,66542,FireStik FL3-B Three Foot FireFly Antenna With Tuneable Tip (Black),"[[Electronics,Portable Audio & Video,CB & Two-Way Radios,CB Radios & Scanners]]"
1254,66663,Sony MDRPQ4/GRN PIIQ Headphones,"[[Electronics,Accessories & Supplies,Audio & Video Accessories,Headphones]]"
1255,66757,Sennheiser MM 550-X Wireless Bluetooth Travel Headphones,"[[Electronics,Accessories & Supplies,Audio & Video Accessories,Headphones]]"
1256,67016,Neewer&reg; MB-D12 Replacement Battery Holder Grip for Nikon D800 D800E,"[[Electronics,Camera & Photo,Accessories,Digital Camera Accessories,Battery Grips]]"
1257,67056,CowboyStudio Hand Strap for Digital &amp; Film SLR Cameras for Canon and Nikon,"[[Electronics,Camera & Photo,Bags & Cases,Bag & Case Accessories]]"
1258,67078,"Kicker DX500.1 Mono Subwoofer Amplifier, 500 Watts RMS x 1 at 2 ohms","[[Electronics,Car & Vehicle Electronics,Car Electronics,Car Audio,Amplifiers,Mono Amplifiers]]"
1259,67083,TASCAM BP-6AA External Battery Pack for Portable Digital Recorder,"[[Electronics,Portable Audio & Video,Digital Voice Recorders]]"
1260,67173,DBPOWER&reg; USB2.0 Wireless Finger Handheld Mouse Mice Trackball Mouse for Laptop PC,"[[Electronics,Computers & Accessories,Cables & Accessories,Mice]]"
1261,67365,StarTech.com MU1MFRCA Stereo Audio Cable 3.5mm Male to 2x RCA Female - 6 feet,"[[Electronics,Accessories & Supplies,Audio & Video Accessories,Cables & Interconnects,Audio Cables,RCA Cables]]"
1262,67535,OBCON Dual 10&quot; Dodge Ram Ext. Cab '97-'02 Speaker Box With Labyrinth Power Port,"[[Electronics,Car & Vehicle Electronics,Car Electronics,Car Audio,Subwoofers,Subwoofer Boxes and Enclosures]]"
1263,67558,PROWLER (TM) RD-806 HD 3D Digital LCD LED Video Projector Home Theater Video Games Gaming Business Presentations 1080p with HDMI/USB/AV/VGA/Component 1280x800 resolution 1500:1 2800 Lumens,"[[Electronics,Computers & Accessories,Video Projectors]]"
1264,67592,ASUS VE278H 27inch Screen LED-lit 2ms Monitor,"[[Electronics,Computers & Accessories,Monitors]]"
1265,67639,JLab GO Bluetooth Wireless Headphones with Perfect Fit and Extended Battery (Black),"[[Electronics,Accessories & Supplies,Audio & Video Accessories,Headphones]]"
1266,67649,Monoprice 101316 12-Inch Molex 5.25 Male to 5.25 Female DC Power Extension Cable (Discontinued by Manufacturer),"[[Electronics,Accessories & Supplies,Audio & Video Accessories,Connectors & Adapters]]"
1267,67688,Intel 530  180GB 2.5-Inch Internal Solid State Drive (Drive only)SSDSC2BW180A401,"[[Electronics,Computers & Accessories,Data Storage,Internal Solid State Drives]]"
1268,67708,iXCC &reg; Jumbo Defender 2pc 3ft (THREE FEET) White 8-Pin Lightning Cable,"[[Electronics,Computers & Accessories,Cables & Accessories,Cables & Interconnects,USB Cables]]"
1269,67771,"Silverstone Tek Plastic/SECC Mini-ITX Computer Case with 2x USB 3.0 Front Ports SFF Cases, White SG05W-LITE","[[Electronics,Computers & Accessories,Computer Components,Computer Cases]]"
1270,67797,Kingston KHX16C9B1RK2/8X HyperX Red 8GB (4GB 512M x 64-Bit x 2 pcs.) DDR3-1600 CL9 240-Pin DIMM Kit,"[[Electronics,Computers & Accessories,Computer Components,Memory]]"
1271,67951,"ARCTIC S111 USB-Powered Portable Stereo Speakers for Tablet/eReader/MP3/Computers, Balanced Treble/Superior Bass - Silver","[[Electronics,Computers & Accessories,Cables & Accessories,Computer Speakers]]"
1272,67954,SANOXY&reg; high speed Mini USB Wireless Lan Adaptor 802.11n,"[[Electronics,Computers & Accessories,Networking Products,Network Adapters,USB Network Adapters]]"
1273,67976,Windshield Dashboard Car Mount for TomTom GPS with EasyPort Pattern START 40 45 55 XL XXL ONE 125 ONE 130 ONE 140 XL,"[[Electronics,GPS & Navigation,GPS System Accessories,Vehicle Mounts]]"
1274,68050,Ravelli Professional 65&quot; Ball Head Camera Video Photo Tripod with Quick Release Plate and Carry Bag,"[[Electronics,Camera & Photo,Tripods & Monopods,Complete Tripods]]"
1275,68076,"ASUS Transformer Book T100TA-C1-GR 10.1&quot; 2-in-1 Touch Laptop, 64GB","[[Electronics,Computers & Accessories,Tablets]]"
1276,68138,Pioneer AVHX8500BHS Double-DIN Multimedia DVD Receiver With Bluetooth And HD Radio,"[[Electronics,Car & Vehicle Electronics,Vehicle Electronics Accessories,Audio & Video Accessories,Power Adapters]]"
1277,68147,"NEEWER&reg; Timer Remote For Nikon D2H, D2Hs, D1x, D1h, D1, D2x, D2Xs, D200, D300, D3, D3X, D3S, D2HS, D300S, D700,F5, F6, F100, F90, F90x","[[Electronics,Camera & Photo,Accessories,Telescope & Microscope Accessories,Telescope Accessories,Remote Controls]]"
1278,68228,Cheaplights 6 PCS 3.75&quot; Spring Clamps,"[[Electronics,Camera & Photo,Lighting & Studio,Lighting,Mounting Hardware]]"
1279,68259,Incipio Feather Case for the Sony Xperia Z Tablet - Cyan Blue (SE-203),"[[Electronics,Computers & Accessories,Touch Screen Tablet Accessories,Cases & Sleeves,Cases]]"
1280,68322,RCA SP10 Portable Speaker,"[[Electronics,Portable Audio & Video,MP3 Players & Accessories,MP3 Player Accessories,Speaker Systems]]"
1281,68323,Dell Inspiron MINI 1012 Laptop Screen 10.1 LED BOTTOM LEFT WSVGA 1024x600,"[[Electronics,Computers & Accessories,Monitors]]"
1282,68426,NETGEAR N300 Wi-Fi USB Adapter (WNA3100),"[[Electronics,Computers & Accessories,Networking Products,Network Adapters,USB Network Adapters]]"
1283,68436,WHITE 100FT CAT5 CAT5e RJ45 PATCH ETHERNET NETWORK CABLE 100 FT,"[[Electronics,Computers & Accessories,Cables & Accessories,Cables & Interconnects,Ethernet Cables]]"
1284,68467,INVELLOP Samsung Galaxy Tab 3 8.0 8inch Crystal Clear HD 3-pack Screen Protectors,"[[Electronics,Computers & Accessories,Touch Screen Tablet Accessories,Screen Protectors]]"
1285,68484,Zeikos ZE-CPL46 46mm Multi-Coated Circular Polarizer Filter,"[[Electronics,Camera & Photo,Accessories,Filters & Accessories,Polarizing Filters]]"
1286,68485,SANOXY&reg; Wireless-N Wifi Repeater 802.11N Network Router Range Expander 300M US Plug,"[[Electronics,Computers & Accessories,Networking Products,Repeaters]]"
1287,68486,Davis &amp; Sanford PROVISTA7518XB Provista Tripod with FM18 Head,"[[Electronics,Camera & Photo,Tripods & Monopods,Complete Tripods]]"
1288,68496,"HDVD, CCTV Surveillance Outdoor IR Bullet Security Camera Color CCD Day Night 24 Infrared LEDs with 12V DC Power Adapter","[[Electronics,Camera & Photo,Video Surveillance,Surveillance Cameras,Bullet Cameras]]"
1289,68567,USA Raspberry Pi Micro USB Power Supply Charger - 5v 1500ma,"[[Electronics,Computers & Accessories,Laptop & Netbook Computer Accessories,Chargers & Adapters]]"
1290,68576,AMD Phenom II X6 1055T Processor (HDT55TFBGRBOX),"[[Electronics,Computers & Accessories,Computer Components,CPU Processors]]"
1291,68578,NETGEAR WiFi USB 2.0 Adapter - AC Dual Band (A6200),"[[Electronics,Computers & Accessories,Networking Products,Network Adapters,USB Network Adapters]]"
1292,68595,XShot 2.0 Camera Extender for Most Cameras XS2379-F,"[[Electronics,Camera & Photo,Accessories,Professional Video Accessories]]"
1293,68659,"Satechi WTR-A Wireless Timer Remote Control Shutter for Canon EOS-1V/1VHS, EOS-3, EOS-D2000, D30, D60, 1D, 1Ds, 1D X, 1D C, EOS-1D Mark II,III,IV, EOS-1Ds Mark II,III, EOS-10D, 20D, 30D, 40D, 50D, 5D, 5D Mark II,III, 6D, 7D Fully Compatible with RS-80N3","[[Electronics,Camera & Photo,Accessories,Lens Accessories]]"
1294,68671,DB Link NGB04 0 AWG In/ (6) 4 AWG Out Distribution Ground Block with Clear Heat Resistant Plastic Housing,"[[Electronics,Car & Vehicle Electronics,Vehicle Electronics Accessories]]"
1295,68675,"EEEKit for GoPro Hero 1/2/3 Accessory Bundle, Extendable Handheld Monopod for Compact Camera w/ iPhone + GoPro Tripod Mount","[[Electronics,Camera & Photo,Tripods & Monopods,Monopods]]"
1296,68863,"Enermax Briskie RF Wireless Keyboard and Mouse Combo, Black (KM001W)","[[Electronics,Computers & Accessories,Cables & Accessories,Keyboard & Mouse Combos]]"
1297,68895,eForCity Leather Hand Grip Strap Compatible with Nikon D5000 D5100 D7000 D90,"[[Electronics,Camera & Photo,Bags & Cases,Camera Cases]]"
1298,68943,"Anker&reg; USB 3.0 &amp; eSATA to SATA External Hard Drive Docking Station for 2.5 or 3.5in HDD, SSD [4TB Support]","[[Electronics,Computers & Accessories,Cables & Accessories,Hard Drive Enclosures]]"
1299,69043,Tiffen 77VND 77MM VARIABLE ND FILTER for Camera lenses,"[[Electronics,Camera & Photo,Accessories,Filters & Accessories]]"
1300,69056,CowboyStudio Boom Stand Extension 7 feet Arm with Grip Head,"[[Electronics,Camera & Photo,Lighting & Studio,Lighting,Booms & Stands]]"
1301,69101,Metra Axxess ASWC-1 Universal Steering Wheel Control Interface,"[[Electronics,Car & Vehicle Electronics,Vehicle Electronics Accessories,Audio & Video Accessories]]"
1302,69111,dlc V9 Comporta II Hands-Free Body Support Harness for DSLR Cameras and Camcorders,"[[Electronics,Camera & Photo,Accessories,Professional Video Accessories]]"
1303,69135,Tripp Lite P516-001 VGA/XVGA Monitor Y Splitter HD15M/2XF,"[[Electronics,Computers & Accessories,Cables & Accessories,Cables & Interconnects]]"
1304,69176,IOGEAR 2-Port USB KVM Switch with Cables and Remote GCS22U (Black),"[[Electronics,Computers & Accessories,External Components,KVM Switches]]"
1305,69227,apple 1185 battery white 10.8V 5600mAh,"[[Electronics,Computers & Accessories,Laptop & Netbook Computer Accessories,Batteries]]"
1306,69244,Canon Lens Cap for E-72 II,"[[Electronics,Camera & Photo,Accessories,Lens Accessories,Lens Caps]]"
1307,69320,MSI Computer Corp. Motherboard ATX DDR3 1333 LGA 1150 Motherboards Z87-G45 GAMING,"[[Electronics,Computers & Accessories,Computer Components,Motherboards]]"
1308,69355,Atlona AT-LINKCASTAV LinkCast Wireless HD Audio/Video Station,"[[Electronics,Accessories & Supplies,Audio & Video Accessories,Cables & Interconnects,Video Cables,HDMI Cables]]"
1309,69382,"MegaGear Professional Shotgun Camcorder with Fuzzy Windjammer , Camera Microphone for Nikon DSLR D600 D800 D3S D300S D7000 D5100 Canon EOS 60D 6D 7D 5D Mark II 650D 5D MK III Rebel T5i T4i T3i T2i","[[Electronics,Camera & Photo,Accessories,Professional Video Accessories,Microphones]]"
1310,69486,Scosche passPORT Charging Adapter for iPod and iPhone (Black),"[[Electronics,Computers & Accessories,Touch Screen Tablet Accessories,Chargers & Adapters]]"
1311,69596,"Griffin GB35108 Survivor Extreme-duty Military case for the new iPad (4th Generation), iPad 3 and iPad 2, Black","[[Electronics,Computers & Accessories,Touch Screen Tablet Accessories,Cases & Sleeves,Cases]]"
1312,69622,"BlueRigger DVI Male to DVI Male Digital Dual-Link Cable (3 Feet, Black)","[[Electronics,Accessories & Supplies,Audio & Video Accessories,Cables & Interconnects,Video Cables,DVI Cables]]"
1313,69685,KOMPUTERBAY 128GB Professional COMPACT FLASH CARD CF 800X WRITE 75MB/s READ 120MB/s Extreme Speed UDMA 7 RAW 128 GB,"[[Electronics,Computers & Accessories,Cables & Accessories,Memory Cards,CompactFlash Cards]]"
1314,69878,Intel Core i5-4690 Processor - BX80646I54690,"[[Electronics,Computers & Accessories,Computer Components,CPU Processors]]"
1315,69949,Tamron 18-270mm f/3.5-6.3 Di II VC PZD IF Lens Pro Kit for Nikon AF w/Built in Motor,"[[Electronics,Camera & Photo,Lenses,Camera Lenses]]"
1316,69979,Cheetah Mounts Articulating Arm Mount Bracket for VESA 100 LCD LED Flat Screen Monitor Displays/TVs  12&quot;-24&quot; up to 40lbs Tilt and Swivel,"[[Electronics,Accessories & Supplies,Audio & Video Accessories,TV Accessories & Parts,TV Ceiling & Wall Mounts]]"
1317,70002,Duracell High Speed 32 GB 600X USB 2.0 Compact Flash Card Card UDMA DU-CF6032G-C,"[[Electronics,Computers & Accessories,Cables & Accessories,Memory Cards,CompactFlash Cards]]"
1318,70061,Zune AC Adapter,"[[Electronics,Accessories & Supplies,Batteries, Chargers & Accessories,AC Adapters]]"
1319,70065,NEW VGA to TV CONVERTER S-VIDEO+RCA OUT CABLE ADAPTER,"[[Electronics,Accessories & Supplies,Audio & Video Accessories,Video Converters]]"
1320,70075,30 Foot B &amp; A Computer Black Gold HDMI Male/Male Digital Audio/Video HDTV/Home Theater Cable,"[[Electronics,Accessories & Supplies,Audio & Video Accessories,Cables & Interconnects,Video Cables,HDMI Cables]]"
1321,70094,USB 2.0 Ethernet Adapter,"[[Electronics,Computers & Accessories,Cables & Accessories,Cables & Interconnects,USB Cables]]"
1322,70239,3.5&quot; HDD Hard Disk Drive Cooler Cooling Fan Heatsink 28,"[[Electronics,Computers & Accessories,Computer Components,Fans & Cooling]]"
1323,70259,SANOXY 7&quot; Tablet Stand with USB Keyboard - Black Faux Leather Carrying Case,"[[Electronics,Computers & Accessories,Touch Screen Tablet Accessories,Cases & Sleeves,Cases]]"
1324,70406,"Hausbell &reg; Mini H7 2.4GHz Wireless Entertainment Keyboard with Touchpad for PC, Pad, Andriod TV Box, Google TV Box, Xbox360, PS3 &amp; HTPC/IPTV (Black)","[[Electronics,Computers & Accessories,Cables & Accessories,Keyboard & Mouse Combos]]"
1325,70446,AC Adapter/Power Supply+Cord for IBM ThinkPad R60 R61 T60 T61 T61p X60 X60s X61 Z60 Z60t Z61,"[[Electronics,Computers & Accessories,Laptop & Netbook Computer Accessories,Chargers & Adapters]]"
1326,70466,"C2G / Cables to Go 54173 USB 3.0 A Male to B Male Cable, Black (1 Meter/3.2 Feet)","[[Electronics,Computers & Accessories,Cables & Accessories,Cables & Interconnects,USB Cables]]"
1327,70503,Linksys DPC3008 Advanced DOCSIS 3.0 Cable Modem (Comcast ISP Only),"[[Electronics,Computers & Accessories,Networking Products,Modems]]"
1328,70510,"Fujifilm Finepix Z33 WP Digital Camera Accessory Kit includes: SDNP45 Battery, SDM-141 Charger","[[Electronics,Camera & Photo,Accessories,Digital Camera Accessories,Accessory Kits]]"
1329,70601,Transcend 4 GB Class 6 microSDHC Flash Memory Card TS4GUSDHC6,"[[Electronics,Computers & Accessories,Cables & Accessories,Memory Cards,Micro SD Cards]]"
1330,70606,Opteka LTX-80 Lightning/Gunshot/Fireworks &amp; Motion Sensor/Security/Wildlife Trigger for Canon EOS &amp; Nikon DSLR Cameras,"[[Electronics,Camera & Photo]]"
1331,70610,"RFN-4 (RF-902) Wireless &amp; Cable Shutter Release for Olympus DSLR Cameras RM-UC1 USB (Olympus OM-D E-M1, E-M5, E-30, E-620, E-520, E-510, E-420, E-410, PEN E-P5, E-PL5, E-PL3, E-PL2, PEN E-P3, E-PM1, EP-2, EP-1, SP-570UZ, SP-560UZ, SP-550UZ, SP-510UZ, SZ-30MR, Stylus 1)","[[Electronics,Camera & Photo,Accessories,Digital Camera Accessories,Shutter Release Cords]]"
1332,70840,"Fotodiox 52mm-67mm Macro Close-up Reverse Ring for Nikon, Canon, Sony, Olympus, Pentax, Panasonic, and Samsung","[[Electronics,Camera & Photo,Accessories,Lens Accessories,Diopters]]"
1333,70885,FiiO E11 Portable Headphone Amplifier With Micca Accessory Pack (Wall Charger and Extra Battery Pack),"[[Electronics,Accessories & Supplies,Audio & Video Accessories,Headphone Accessories,Amps]]"
1334,70994,"Alpatronix AX300 X-tra Strong Wireless Bluetooth 4.0 Portable Rechargeable Mini Capsule Speaker with Built-In Mic / Handsfree Calling / Music Streaming / Enhanced Bass / AUX Input for Wired Connection / Compatible with all iPhones, iPods, iPads, Samsung Galaxy,  Tablets, MP3 Players and other iOS/Android Devices and Smartphones / Perfect for the Beach, Vacation, Outdoors, Travel and as a Car Speakerphone / Audio Playing / Exclusive 1-Year Warranty (Retail Packaging) - Black","[[Electronics,Computers & Accessories,Cables & Accessories,Computer Speakers]]"
1335,71093,iBenzer - 3 in 1 Rubberized Black Hard Case Cover &amp; Keyboard Cover &amp; Screen Film for Macbook Pro 13 inch 13&quot; - FAST,"[[Electronics,Computers & Accessories,Laptop & Netbook Computer Accessories,Bags & Cases,Sleeves & Slipcases]]"
1336,71165,Lenovo Yoga Multimode 10-inch Tablet,"[[Electronics,Computers & Accessories,Tablets]]"
1337,71208,Cable Matters Gold Plated DVI-D Dual Link Cable with Ferrites 6 Feet - 4K Resolution Ready,"[[Electronics,Accessories & Supplies,Audio & Video Accessories,Cables & Interconnects,Video Cables,DVI Cables]]"
1338,71236,8GB 2x 4GB Apple iMac 21.5 &quot; 3.06GHz Intel Core i3 DDR3 PC3-10600 204 pin 1333MHz SODIMM Memory RAM (PARTS-QUICK BRAND),"[[Electronics,Computers & Accessories,Computer Components,Memory]]"
1339,71290,"Cowboystudio Off Camera Flash Swivel, Tilting Bracket/Umbrella Holder for Nikon, Canon E430 E580 SB600 SB800 SB900 Flashes","[[Electronics,Accessories & Supplies,Audio & Video Accessories,TV Accessories & Parts,TV Ceiling & Wall Mounts]]"
1340,71327,IO Crest 2 Port SATA III PCI-Express x1 Card (SY-PEX40039),"[[Electronics,Computers & Accessories,Computer Components,I/O Port Cards,SCSI Port Cards]]"
1341,71341,Nikon 55-200mm f/4-5.6G ED IF AF-S DX VR [Vibration Reduction] Nikkor Zoom Lens,"[[Electronics,Camera & Photo,Lenses,Camera Lenses,Digital Camera Lenses]]"
1342,71350,PBL Photo Studio Lighting Kit 1200 Watts Fluorescent 3 Light EZ Softbox Boom Steve Kaeser Photographic Lighting and Accessories,"[[Electronics,Camera & Photo,Lighting & Studio,Lighting,Lighting Controls & Modifiers,Soft Boxes]]"
1343,71397,Kuzy - AIR 13-inch BLACK Rubberized Hard Case for MacBook Air 13.3&quot; (Models: A1466 and A1369) NEWEST Cover - BLACK,"[[Electronics,Computers & Accessories,Laptop & Netbook Computer Accessories,Bags & Cases,Folio Cases]]"
1344,71414,BestDealUSA 82 mm 82mm Fader Adjustable Neutral Density ND Filter,"[[Electronics,Camera & Photo,Accessories,Filters & Accessories,Neutral Density Filters]]"
1345,71481,ANLI WH-713 High Gain DualBand VHF/UHF Mobile Ham Radio Antenna - 2M/440,"[[Electronics,Accessories & Supplies,Audio & Video Accessories,Antennas,Radio Antennas]]"
1346,71498,MagSafe to MagSafe 2 Converter,"[[Electronics,Accessories & Supplies,Batteries, Chargers & Accessories]]"
1347,71539,Case Logic 15.6-Inch Laptop Attache (VNAI-215),"[[Electronics,Computers & Accessories,Laptop & Netbook Computer Accessories,Bags & Cases]]"
1348,71562,Clarion FZ709 MP3/WMA/AAC Receiver with USB Port,"[[Electronics,Car & Vehicle Electronics,Car Electronics,Car Audio,Car Stereo Receivers]]"
1349,71623,MSI Socket FM2/AMD A75/DDR3/SATA3&amp;USB3.0/A&amp;GbE/MicroATX Motherboard FM2-A75MA-E35,"[[Electronics,Computers & Accessories,Computer Components,Motherboards]]"
1350,71653,Eathtek Laptop Keyboard for HP Pavilion DV6000 DV6100 DV6200 DV6300 DV6400 DV6500 DV6600 DV6700 Series,"[[Electronics,Computers & Accessories,Cables & Accessories,Keyboards]]"
1351,71701,Corsair Air Series AF140 LED Quiet Edition High Airflow Fan - Purple (CO-9050017-PLED),"[[Electronics,Computers & Accessories,Computer Components,Fans & Cooling,Case Fans]]"
1352,71755,ASUS 2GB GDDR5 DIGI+ VRM technology  Graphics Cards HD7770-2GD5,"[[Electronics,Computers & Accessories,Computer Components,Graphics Cards]]"
1353,71958,Griffin 9781-TRP30BK iTrip FM Transmitter with Dock Connector for iPod (Black),"[[Electronics,Portable Audio & Video,MP3 Players & Accessories,MP3 Player Accessories,FM Transmitters]]"
1354,71959,Seagate Backup Plus Slim 500GB Portable Hard Drive for Mac with Mobile Device Backup USB 3.0 (STCF500102),"[[Electronics,Computers & Accessories,Data Storage,External Hard Drives]]"
1355,71979,Intel Core i7-3770 Quad-Core Processor 3.4 GHz 4 Core LGA 1155 - BX80637I73770,"[[Electronics,Computers & Accessories,Computer Components,CPU Processors]]"
1356,72083,Dell Inspiron One 2020 io2020-5000BK 20-Inch All-in-One Desktop (Black),"[[Electronics,Computers & Accessories,Desktops]]"
1357,72122,"Sony Cyber-Shot DSC-TX10 16.2 MP Waterproof Digital Still Camera with Exmor R CMOS Sensor, 3D Sweep Panorama and Full HD 1080/60i Video (Black)","[[Electronics,Camera & Photo,Underwater Photography,Cameras]]"
1358,72133,"HDMI to DVI Cable, HDMI Male to DVI Male, CL2 rated, 15 foot","[[Electronics,Accessories & Supplies,Audio & Video Accessories,Connectors & Adapters]]"
1359,72173,Eathtek Toshiba Satellite L645D-S4040 Compatible Laptop Fan (FAN180),"[[Electronics,Computers & Accessories,Computer Components,Fans & Cooling,CPU Cooling Fans]]"
1360,72204,NEEWER&reg; 5x Lens Cap Keepers / Holders for ANY SLR or DSLR CAMERA! Nikon D40 D50 D60 D80 D200 D300 FUJI S1000 S1500 S2000 S700 S800 CANON XS XSi T1i SONY PENTAX,"[[Electronics,Camera & Photo,Accessories,Lens Accessories,Lens Caps]]"
1361,72246,"Belkin BV112234-08 12-Outlet Surge Protector with 8 ft Power Cord and Ethernet, Cable/Satellite and Telephone Protection","[[Electronics,Computers & Accessories,Cables & Accessories,Surge Protectors]]"
1362,72270,SanDisk 16GB 60MB/s Extreme Compact Flash Card SDCFX-016G-A61   (US Retail Package),"[[Electronics,Computers & Accessories,Cables & Accessories,Memory Cards,CompactFlash Cards]]"
1363,72436,HDE Mini DisplayPort to VGA Female Adapter for MacTM,"[[Electronics,Computers & Accessories,Cables & Accessories,Computer Cable Adapters,DVI-HDMI Adapters]]"
1364,72500,"Inateck 2.5 Inch USB 3.0 Hard Drive Disk HDD External Enclosure Case with usb 3.0 Cable for 9.5mm 7mm 2.5&quot; SATA HDD and SSD, Tool-free HDD Installation, Compatible With Windows 2000/ XP /Vista/ 7/ 8, Mac OS 9.1/10.8.4","[[Electronics,Computers & Accessories,Cables & Accessories,Hard Drive Enclosures]]"
1365,72562,"ViewSonic VX2452MH 24-Inch LED-Lit LCD Monitor, Full HD 1080p, 2ms, 50M:1 DCR, Game Mode, HDMI/DVI/VGA, VESA","[[Electronics,Computers & Accessories,Monitors]]"
1366,72598,"Braven BRV-1 Portable Ultra Rugged Wireless Speaker, Black with Orange Relief and Gray G","[[Electronics,Home Audio,Stereo Components,Speakers]]"
1367,72698,"Anker&reg; TC840 Bluetooth Folio Keyboard Case for iPad mini 2 and iPad mini - Smart Case with Auto Sleep / Wake, Comfortable Keys and Extra Long Battery Life","[[Electronics,Computers & Accessories,Touch Screen Tablet Accessories,Cases & Sleeves,Cases]]"
1368,72736,Cooler Master HAF X - Full Tower Computer Case with USB 3.0 Ports and Windowed Side Panel (RC-942-KKN1),"[[Electronics,Computers & Accessories,Computer Components,Computer Cases]]"
1369,72780,Apple Digital AV Adapter (MD098ZM/A),"[[Electronics,Accessories & Supplies,Audio & Video Accessories,Connectors & Adapters]]"
1370,72824,Shakespeare SRA-25 Ultra Low Profile Sirius Marine Antenna,"[[Electronics,Car & Vehicle Electronics,Marine Electronics,Marine Antennas]]"
1371,72956,HP Wireless Mobile Mouse (Black),"[[Electronics,Computers & Accessories,Cables & Accessories,Mice]]"
1372,73021,Apple Lightning to USB Cable,"[[Electronics,Computers & Accessories,Cables & Accessories,Cables & Interconnects,Lightning Cables]]"
1373,73026,FAVI 120 inch 16:9 Manual/Pull Down Projector Screen (105&quot; x 60&quot;),"[[Electronics,Accessories & Supplies,Office Electronics Accessories,Projection Screens]]"
1374,73203,Portta PET0301S 3x1 HDMI Switcher with 3D Support - No power supply needed,"[[Electronics,Accessories & Supplies,Audio & Video Accessories,Cables & Interconnects,Video Cables,HDMI Cables]]"
1375,73229,Acer ICONIA Tab A700-10k32u 10.1-Inch Tablet (Black),"[[Electronics,Computers & Accessories,Tablets]]"
1376,73271,NEXTBOOK NEXT8P12 Tablet PC Leather Case with stand,"[[Electronics,Computers & Accessories,Touch Screen Tablet Accessories,Cases & Sleeves,Cases]]"
1377,73347,"Bargains Depot 5 feet USB 2.0 Sony Camera Compatible + Cable Tie For Sony Cybershot DSC-W330, DSC-W330/R, DSC-W330/S, DSC-W330/B, DSC-W330/P","[[Electronics,Computers & Accessories,Cables & Accessories,Cables & Interconnects,USB Cables]]"
1378,73410,GoPro WiFi Remote Control Velcro Wrist Strap / Band / Mounting / Accessory - HERO3 HERO Black Silver White,"[[Electronics,Camera & Photo]]"
1379,73462,Raidmax AEOLUS ATX Mid Tower Case ATX-818WB,"[[Electronics,Computers & Accessories,Computer Components,Computer Cases]]"
1380,73568,SANOXY&reg; 5-in-1 Car Charger + Fm Transmitter / Holder Full Range Frequency Fm Transmitter Car Kit for Apple iPod (Black),"[[Electronics,Portable Audio & Video,MP3 Players & Accessories,MP3 Player Accessories]]"
1381,73700,"Cheetah Mounts ALAMLB Articulating Arm (20&quot; Extension) TV Wall Mount Bracket for 23-55 inch LCD, LED and Plasma Flat Screen TVs up to VESA 400x400 and 66lbs, with full Ballhead Tilt, Swivel, and Rotation Motion, Including a Twisted Veins 10' Braided High Speed with Ethernet HDMI Cable and a 6&quot; 3-Axis Magnetic Bubble Level","[[Electronics,Accessories & Supplies,Audio & Video Accessories,TV Accessories & Parts,TV Ceiling & Wall Mounts]]"
1382,73712,Pyle Home PHPNC45 High-Fidelity Noise-Canceling Headphones with Carrying Case,"[[Electronics,Computers & Accessories,Cables & Accessories,Headsets & Microphones,PC Headsets]]"
1383,73753,Case Logic SLRC-206 SLR Camera and 15.4-Inch Laptop Backpack (Black),"[[Electronics,Camera & Photo,Bags & Cases,Camera Cases]]"
1384,73772,"Fotodiox Dedicated (Bayonet) Lens Hood, for Canon EOS EF Canon EOS EF 16-35mm f/2.8L USM, EF 17-40mm f/4L &amp; EF-S 10-22mm f/3.5-4.5 Lenses (replaces Canon EW-83E)","[[Electronics,Camera & Photo,Accessories,Lens Accessories,Lens Hoods]]"
1385,73787,Xit XTMCD2RS Wired Remote Control for Nikon D3200+ (Black),"[[Electronics,Camera & Photo,Accessories,Remote Controls]]"
1386,73801,Zeikos ZE-BP2-S Deluxe Backpack -Black/Silver,"[[Electronics,Camera & Photo,Bags & Cases,Bag & Case Accessories]]"
1387,73808,StarTech.com USB2TYPEM 3 Feet USB to Type M Barrel 5V DC Power Cable,"[[Electronics,Computers & Accessories,Cables & Accessories,Cables & Interconnects,USB Cables]]"
1388,73937,SANOXY MINI USB FEMALE TO MICRO B MALE ADAPTER [Electronics],"[[Electronics,Computers & Accessories,Cables & Accessories,Computer Cable Adapters]]"
1389,73956,Linksys DOCSIS 3.0 Cable Modem (DPC3008-CC),"[[Electronics,Computers & Accessories,Computer Components,Internal Modems]]"
1390,73960,"Pyle PLWCH12D 12-Inch 1,200-Watt Ultra Slim DVC Subwoofer","[[Electronics,Car & Vehicle Electronics,Car Electronics,Car Audio,Subwoofers]]"
1391,73978,Aurum Ultra Series - High Speed HDMI Cable (15 Ft) With Ethernet - Supports 3D &amp; Audio Return Channel [Latest Version] - 15 feet,"[[Electronics,Accessories & Supplies,Audio & Video Accessories,Cables & Interconnects,Video Cables,HDMI Cables]]"
1392,73984,Battery for DELL Inspiron 1525 1526 Laptop Replacement Battery GW240 HP297 RN873 XR693 [7200mAh/9-Cell],"[[Electronics,Computers & Accessories,Laptop & Netbook Computer Accessories,Batteries]]"
1393,74033,Lenkeng LKV368 SDI HD-SDI 3G-SDI to HDMI 1080P Adapter Converter Network Unlimited Extender for Monitors,"[[Electronics,Accessories & Supplies,Audio & Video Accessories,Cables & Interconnects]]"
1394,74051,"OREI 2 in 1 USA to Europe Adapter Plug (Schuko, Type E/F) - 4 Pack, Black","[[Electronics,Accessories & Supplies,Batteries, Chargers & Accessories,Power Converters]]"
1395,74096,"Cooler Master SickleFlow 120 - Sleeve Bearing 120mm Blue LED Silent Fan for Computer Cases, CPU Coolers, and Radiators","[[Electronics,Computers & Accessories,Computer Components,Fans & Cooling,Case Fans]]"
1396,74116,Cable Matters Cat6 Snagless Ethernet Patch Cable in Black 25 Feet,"[[Electronics,Computers & Accessories,Cables & Accessories,Cables & Interconnects,Ethernet Cables]]"
1397,74168,"Professional 72-inch TRIPOD FOR All Canon Sony, Nikon, Samsung, Panasonic, Olympus, Kodak, Fuji, Cameras And Camcorders + BP MicroFiber Cleaning Cloth","[[Electronics,Camera & Photo,Tripods & Monopods,Complete Tripods]]"
1398,74221,Cisco Console Cable RJ45-to-DB9,"[[Electronics,Computers & Accessories,Cables & Accessories,Cables & Interconnects]]"
1399,74279,Panasonic 45-200mm f/4.0-5.6 Lumix G Vario MEGA OIS Zoom Micro Four Thirds Lens for Panasonic and Olympus Micro Four Thirds Cameras,"[[Electronics,Camera & Photo,Lenses,Camera Lenses]]"
1400,74324,iPearl mCover Hard Shell Case with FREE keyboard cover for Model A1278 13-inch Regular display Aluminum Unibody MacBook Pro - AQUA,"[[Electronics,Computers & Accessories,Laptop & Netbook Computer Accessories]]"
1401,74370,WD My Book 1TB External Hard Drive Storage USB 3.0 File Backup and Storage,"[[Electronics,Computers & Accessories,Data Storage,External Hard Drives]]"
1402,74528,Patriot 16GB(2x8GB) Viper III DDR3 1866MHz (PC3 15000) CL10 Desktop Memory With Red Gaming Heatsink - PV316G186C0KRD,"[[Electronics,Computers & Accessories,Computer Components,Memory]]"
1403,74610,Corsair Vengeance 16GB (2x8GB)  DDR3 1866 MHz (PC3 15000) Desktop Memory (CMZ16GX3M2A1866C9),"[[Electronics,Computers & Accessories,Computer Components,Memory]]"
1404,74627,ASUS TF701T-B1-GR 10.1-Inch Tablet,"[[Electronics,Computers & Accessories,Tablets]]"
1405,74675,"SanDisk 1 GB MicroSD Card (SDSDQ-1024-A10M, US Retail Package)","[[Electronics,Computers & Accessories,Cables & Accessories,Memory Cards,Micro SD Cards]]"
1406,74778,Smart Touch Mini USB TouchPad Keyboard,"[[Electronics,Computers & Accessories,Cables & Accessories,Keyboards]]"
1407,74817,Motorola T505 Bluetooth Portable In-Car Speakerphone,"[[Cell Phones & Accessories,Accessories,Car Accessories,Car Speakerphones],[Electronics,Car & Vehicle Electronics,Vehicle Electronics Accessories,Audio & Video Accessories,Bluetooth Car Kits]]"
1408,74847,"Beyerdynamic EDT 250 Velour Padded Earcushions for DT250, DT280, Sony MDR7506 and V6 Headphones (Pair)","[[Electronics,Accessories & Supplies,Audio & Video Accessories,Headphone Accessories,Earpads]]"
1409,74861,Microsoft SideWinder X4 Keyboard,"[[Electronics,Computers & Accessories,Cables & Accessories,Keyboards]]"
1410,74928,Olympus E-PL2 BLS-5 Replacement Lithium-Ion Battery (1150 mAh),"[[Electronics,Camera & Photo,Accessories,Batteries & Chargers,Batteries,Camera Batteries]]"
1411,74933,Garmin nuvi 1300 4.3-Inch Widescreen Portable GPS Navigator (Discontinued by Manufacturer),"[[Electronics,GPS & Navigation,Vehicle GPS]]"
1412,74983,SwissGear Wired Laptop Backpack for 17-Inch Notebook (Black),"[[Electronics,Computers & Accessories,Laptop & Netbook Computer Accessories]]"
1413,74986,"USA GEAR Portable Friction Dashboard Car Mount &amp; Cradle for SELECT Magellan RoadMate , Garmin N&uuml;vi , and TomTom 3.5-inch , 4.3-inch and 5-inch GPS units","[[Electronics,GPS & Navigation,GPS System Accessories,Vehicle Mounts]]"
1414,75015,"Esky EC170-06 World Smallest HD Color CCD Waterproof Vehicle Car Rear View Backup Camera, 170 Degree Viewing Angle Rearview Camera(0.86*0.65*0.50 inch)","[[Electronics,Car & Vehicle Electronics,Car Electronics,Car Safety & Security,Vehicle Backup Cameras]]"
1415,75032,"ARCTIC Accelero L2 Plus VGA Cooler - nVidia &amp; AMD, 92mm Efficient PWM Fan, SLI/CrossFire","[[Electronics,Computers & Accessories,Computer Components,Fans & Cooling,Graphics Card Fans]]"
1416,75066,Olympus M. 40-150mm F4.0-5.6 R Zoom Lens (Silver) for Olympus and Panasonic Micro 4/3 Cameras,"[[Electronics,Camera & Photo,Lenses,Camera Lenses]]"
1417,75135,Samsung UN22D5003 22-Inch 1080p 60Hz LED HDTV (Black) [2011 MODEL],"[[Electronics,Television & Video,Televisions,LCD TVs]]"
1418,75162,rooCase Acer Aspire Timeline AS1810TZ-4013 11.6-Inch Netbook Sleeve Case Invisible Zipper Dual-Pocket - Black,"[[Electronics,Computers & Accessories,Laptop & Netbook Computer Accessories,Bags & Cases,Sleeves & Slipcases]]"
1419,75188,SHS8100 Earphone,"[[Electronics,Accessories & Supplies,Audio & Video Accessories,Headphones]]"
1420,75379,"Case Logic BEBP-115 15.6-Inch Laptop and Tablet Backpack, Black","[[Electronics,Computers & Accessories,Laptop & Netbook Computer Accessories,Bags & Cases,Backpacks]]"
1421,75427,"Fotodiox Lens Mount Adapter, Nikon Lens to Canon EOS Camera Body, for Canon EOS 1D, 1DS, Mark II, III, IV, 1DX, 1DC, 5D, 5D Mark II, II 7D, 10D, 20D, 30D, 40D, 50D, 60D, 70D Digital Rebel T2i, T3, T3i, T4i. T5i, C300, C500","[[Electronics,Camera & Photo,Accessories,Lens Accessories,Adapters & Converters]]"
1422,75439,Onkyo UWF-1 Wireless LAN Adapter,"[[Electronics,Computers & Accessories,Networking Products,Network Adapters,USB Network Adapters]]"
1423,75447,Canon EF 28-135mm f/3.5-5.6 IS USM Standard Zoom Lens for Canon SLR Cameras,"[[Electronics,Camera & Photo,Lenses,Camera Lenses,Digital Camera Lenses]]"
1424,75502,18' RG-58A/U Coaxial Cable With Pl-259 Connectors,"[[Electronics,Portable Audio & Video,CB & Two-Way Radios,CB Radios & Scanners]]"
1425,75536,"MoKo Slim Cover Case for Amazon Kindle Fire HD 7&quot; Inch Tablet (2012), BLACK (with Automatic Sleep/Wake Function,WILL NOT Fit 2013 All New Fire HD 7)","[[Electronics,Computers & Accessories,Touch Screen Tablet Accessories,Cases & Sleeves,Cases]]"
1426,75587,"Wasabi Power Battery for GoPro HD HERO3, HERO3+ and GoPro AHDBT-201, AHDBT-301, AHDBT-302 (1200mAh)","[[Electronics,Camera & Photo,Accessories,Batteries & Chargers,Batteries,Camcorder Batteries]]"
1427,75843,Fosmon Anti-Glare (Matte) Screen Protector Shield for Barnes &amp; Noble NOOK HD 7&quot; Tablet,"[[Electronics,Computers & Accessories,Touch Screen Tablet Accessories,Screen Protectors]]"
1428,75873,WD My Passport 2TB Portable External USB 3.0 Hard Drive Storage Black (WDBY8L0020BBK-NESN),"[[Electronics,Computers & Accessories,Data Storage,External Hard Drives]]"
1429,75917,SMA Male to N Female Coax Cable Adapter,"[[Electronics,Accessories & Supplies,Audio & Video Accessories,Connectors & Adapters]]"
1430,75946,Antec 80Plus Platinum PSU ATX 1000 Power Supply HCP-1000 PLATINUM,"[[Electronics,Computers & Accessories,Computer Components,Power Supplies]]"
1431,75994,Axxess AX-TOY28SWC Steering Wheel Controller Add-On Harness with RCA and 28-Pin Connector for Toyota Vehicles,"[[Electronics,Car & Vehicle Electronics,Vehicle Electronics Accessories,Audio & Video Accessories,Auxiliary Input Adapters]]"
1432,76016,Thermaltake ARMOR A30 VM70001W2Z Black SECC MicroATX Mini Tower Computer Case,"[[Electronics,Computers & Accessories,Computer Components,Computer Cases]]"
1433,76044,Blaupunkt Helsinki 220 BT World AM/FM/MW/RDS CD Receiver with Built-in Bluetooth,"[[Electronics,Car & Vehicle Electronics,Car Electronics,Car Audio,Car Stereo Receivers]]"
1434,76057,Pyle PLCM18BC License Plate Mount Rearview Backup Color Camera with Distance Scale Line (Zinc Black Chrome),"[[Electronics,Car & Vehicle Electronics,Car Electronics,Car Safety & Security,Vehicle Backup Cameras]]"
1435,76118,Crazy Cart 48-LED CCTV Ir Infrared Night Vision Illuminator,"[[Electronics,Camera & Photo,Binoculars & Scopes]]"
1436,76122,Definitive Technology UEZA/Di 5.5BPS Rectangular Bipolar Surround In-wall/ceiling Speaker (Single),"[[Electronics,Home Audio,Stereo Components,Speakers]]"
1437,76129,HTC Media Link HD (99H10938-00),"[[Electronics,Computers & Accessories,Cables & Accessories,Computer Cable Adapters,DVI-HDMI Adapters]]"
1438,76155,Directed Electronics 520T Back-Up Battery System,"[[Electronics,Computers & Accessories,Cables & Accessories,Uninterrupted Power Supply (UPS)]]"
1439,76179,Canon PowerShot S100 12.1 MP Digital Camera with 5x Wide-Angle Optical Image Stabilized Zoom (Black),"[[Electronics,Camera & Photo,Digital Cameras,Point & Shoot Digital Cameras]]"
1440,76229,"Samsung Galaxy S3 Screen Protector - NEW 2014 Ultra Premium HD Version - 3 PACK Ultra Clear - iSmooth - Free Lifetime Replacement Guarantee - Bubble Free Installation Guaranteed - Package Includes BONUS Premium Microfiber Cleaning Cloth, Four (4) Dust Removal Stickers, Installation Tips with Video, and Three (3) Ultra Clear Screen Protectors","[[Cell Phones & Accessories,Accessories,Screen Protectors],[Electronics,Computers & Accessories,Touch Screen Tablet Accessories,Screen Protectors]]"
1441,76244,ADATA USA Premier Pro 2.5-Inch 64GB SATA III MLC Internal Solid State Drive ASP900S3-64GM-C,"[[Electronics,Computers & Accessories,Data Storage,Internal Solid State Drives]]"
1442,76385,Sony BCTRG Travel Charger for G-Series Battery,"[[Electronics,Camera & Photo,Accessories,Batteries & Chargers,Battery Chargers,Camera]]"
1443,76416,Car Charger For NextBook Premium 8 &amp; Premium 9 Android Tablet Next Book 8&quot; 9&quot;,"[[Electronics,Computers & Accessories,Touch Screen Tablet Accessories,Chargers & Adapters]]"
1444,76467,Beyerdynamic DT-990-Pro-250 Professional Acoustically Open Headphones for Monitoring and Studio Applications,"[[Electronics,Accessories & Supplies,Audio & Video Accessories,Headphones]]"
1445,76469,65W AC Power Adapter/Battery Charger for Asus ADP-65HB BB ADP-65JH BB EXA0703...,"[[Electronics,Computers & Accessories,Laptop & Netbook Computer Accessories,Chargers & Adapters]]"
1446,76516,Cygnett CY1324CIPSL Paradox Sleek Folio for iPad 5 - Light Grey (CY1324CIPSL),"[[Electronics,Computers & Accessories,Touch Screen Tablet Accessories,Cases & Sleeves,Cases]]"
1447,76534,Pioneer TS-W254R 10-Inch Component Subwoofer with 1100 Watts Max Power,"[[Electronics,Car & Vehicle Electronics,Car Electronics,Car Audio,Subwoofers]]"
1448,76563,Garmin Charging/Data Clip,"[[Electronics,GPS & Navigation,GPS System Accessories,Chargers & Cables]]"
1449,76608,10 Foot USB 2.0 A/B Printer Cable,"[[Electronics,Computers & Accessories,Cables & Accessories,Cables & Interconnects,USB Cables]]"
1450,76664,August DTA240 High Gain Digital TV Aerial - Portable Indoor/Outdoor Digital Antenna for USB TV Tuner / ATSC Television / DAB Radio - With Magnetic Base,"[[Electronics,Accessories & Supplies,Audio & Video Accessories,Antennas,TV Antennas]]"
1451,76671,"Yurbuds Ironman Inspire PRO Performance Fit Sport Earphones with 3-Button Control and Mic, Black/ Red -10101","[[Electronics,Accessories & Supplies,Audio & Video Accessories,Headphones]]"
1452,76676,BOSS Audio CH4620 Chaos Exxtreme 200-watt 2 way auto 4&quot; x 6&quot; Coaxial Speaker,"[[Electronics,Car & Vehicle Electronics,Car Electronics,Car Audio,Speakers,Coaxial Speakers]]"
1453,76695,LG Electronics NB3530A Sound Bar System (2013 Model),"[[Electronics,Home Audio,Stereo Components,Speakers,Soundbar Speakers]]"
1454,76863,Acer Aspire V7-582P-6673 16-Inch Touchscreen Ultrabook (Cold Steel),"[[Electronics,Computers & Accessories,Laptops]]"
1455,76883,Samsung Electronics 840 EVO-Series 120GB 2.5-Inch SATA III Single Unit Version Internal Solid State Drive MZ-7TE120BW,"[[Electronics,Computers & Accessories,Data Storage,Internal Solid State Drives]]"
1456,76899,2(x) Replacement Batteries For Canon LP-E8 LPE8 For The Canon Rebel T3i T2i 550D Digital Camera.,"[[Electronics,Camera & Photo,Accessories,Batteries & Chargers,Batteries,Camera Batteries]]"
1457,76903,C2G / Cables to Go 40018 Coaxial to Optical Digital Audio Converter,"[[Electronics,Accessories & Supplies,Audio & Video Accessories,Connectors & Adapters]]"
1458,76953,Hoya 52mm Infrared RM72 Lens Filter,"[[Electronics,Camera & Photo,Accessories,Filters & Accessories,Infrared Filters]]"
1459,77026,Blue Sea Systems 5183 100A Fuse Terminal,"[[Electronics,Car & Vehicle Electronics,Vehicle Electronics Accessories,Vehicle Audio & Video Installation,Amplifier Installation,Fuses]]"
1460,77067,Media Player Component Cable,"[[Electronics,Accessories & Supplies,Audio & Video Accessories,Cables & Interconnects,Video Cables,Component Video]]"
1461,77211,"JVC HAFX30B Headphone, Marshmallow, Black","[[Electronics,Accessories & Supplies,Audio & Video Accessories,Headphones]]"
1462,77218,10 Foot USB 2.0 Extension Cable,"[[Electronics,Computers & Accessories,Cables & Accessories,Cables & Interconnects,USB Cables]]"
1463,77225,Case Logic TBC-302 FFP Compact Camera Case (Black),"[[Electronics,Camera & Photo,Bags & Cases,Camera Cases]]"
1464,77233,Dropcam (DCAM-001-THD) Wi-Fi Wireless Video Monitoring Camera (DCAM-001-THD),"[[Electronics,Camera & Photo,Video Surveillance,Surveillance Cameras]]"
1465,77462,AntennaX Off-Road (13-inch) Antenna for (07 thru 14) Jeep Wrangler JK,"[[Electronics,Car & Vehicle Electronics,Vehicle Electronics Accessories,Audio & Video Accessories,Antennas]]"
1466,77528,Etekcity&reg; Professional Stereo Headphone Headset TX3 3.5mm with Mic Microphone for Computer PC Laptop Notebook,"[[Electronics,Accessories & Supplies,Audio & Video Accessories,Headphones]]"
1467,77580,eForCity&reg; Micro USB OTG to USB 2.0 Adapter,"[[Electronics,Computers & Accessories,Cables & Accessories,Cables & Interconnects,USB Cables]]"
1468,77613,Patriot Xporter XT Boost 8GB USB 2.0 Flash Drive (PEF8GUSB),"[[Electronics,Computers & Accessories,Data Storage,USB Flash Drives]]"
1469,77642,100 11 1/4x14 1/8 Crystal Clear Bag for mat mattes,"[[Electronics,Camera & Photo,Lighting & Studio,Photo Studio,Storage & Presentation Materials]]"
1470,77653,Sony DVDirect Express VRDP1 Multi-Function DVD Writer for Sony Handycam Camcorders with USB interface-Black,"[[Electronics,Computers & Accessories,Computer Components,Internal Optical Drives,Internal DVD Drives]]"
1471,77683,SANOXY&reg; HDMI 5x1 5 Port Switch/Switcher with IR Remote Support 3D,"[[Electronics,Accessories & Supplies,Audio & Video Accessories,Distribution,Selector Switch Boxes]]"
1472,77738,Intel Core i5-4670 3.4GHz  6MB Cache Quad-Core Desktop Processor BX80646I54670,"[[Electronics,Computers & Accessories,Computer Components,CPU Processors]]"
1473,77803,Samsung ETA-P10JBEGSTA Galaxy Tab Detachable Multi Travel Charger with USB to 30 Pin Data Cable - Black,"[[Electronics,Computers & Accessories,Touch Screen Tablet Accessories,Chargers & Adapters]]"
1474,77841,Case Logic DCB-309 SLR Camera Backpack -Black,"[[Electronics,Camera & Photo,Bags & Cases,Bag & Case Accessories]]"
1475,77854,"Laptop Replacement Battery, 6 cells, for Dell Inspiron 6000 9200 9300 9400 E1705, Inspiron XPS Gen 2, Replacement for parts 310-6321 310-6322 312-0339 312-0340 312-0348 312-0349 312-0350 C5974 D5318 F5635 G5260 G5266 U4873 GG574","[[Electronics,Computers & Accessories,Laptop & Netbook Computer Accessories,Batteries]]"
1476,77858,"New Trent Airbender 1.0 - Wireless Bluetooth Clamshell iPad Keyboard Case. Compatible: iPad 4, iPad 3 and iPad 2. (upgraded version)","[[Electronics,Computers & Accessories,Touch Screen Tablet Accessories,Cases & Sleeves,Cases]]"
1477,77871,Kingston HyperX 3K 120 GB SATA III 2.5-Inch 6.0 Gb/s Solid State Drive SH103S3/120G,"[[Electronics,Computers & Accessories,Data Storage,Internal Solid State Drives]]"
1478,77952,GoPro HERO3+ Standard Housing Lens Replacement Kit,"[[Electronics,Computers & Accessories,Cables & Accessories,Video Projector Accessories,Lamps]]"
1479,78033,"Creative Live! Cam Chat HD, 5.7MP Webcam (Black)","[[Electronics,Computers & Accessories,Computer Components]]"
1480,78041,ASUS H87I-PLUS LGA 1150 Intel H87 Mini ITX Motherboard,"[[Electronics,Computers & Accessories,Computer Components,Motherboards]]"
1481,78064,SquareTrade 2-Year Tablet Protection Plan ($100-$150),"[[Electronics,Electronics Warranties]]"
1482,78077,CMVision IR110 - 114 LED Indoor/Outdoor Long Range 200-300ft IR Illuminator With Free 3A 12VDC Adaptor,"[[Electronics,Security & Surveillance,Motion Detectors]]"
1483,78078,VideoSecu DVD DVR VCR Wall Mount Bracket for DVD Player DSS Receiver Blu-Ray Media VCR Stereo Cable Box - Adjustable Electronic Component Shelf Holder 1XU,"[[Electronics,Accessories & Supplies,Audio & Video Accessories,TV Accessories & Parts,TV Ceiling & Wall Mounts]]"
1484,78126,Kinobo Wireless Slimline USB Mouse For Laptops/Desktop PC XP/Vista/Windows 7 (green detail),"[[Electronics,Computers & Accessories,Cables & Accessories,Mice]]"
1485,78153,Netgear WN2000RPT Universal WiFi Range Extender - Refurbished,"[[Electronics,Computers & Accessories,Networking Products]]"
1486,78193,IOGEAR GHDSW3 3-Port HDMI Switcher with Remote (Black),"[[Electronics,Accessories & Supplies,Audio & Video Accessories,Distribution,Selector Switch Boxes]]"
1487,78228,Nzxt PHANTOM 630 Windowed Edition ATX Full Tower Case (Matte Black) CA-P630W-M1 P,"[[Electronics,Computers & Accessories,Computer Components,Computer Cases]]"
1488,78249,4 Port Mini USB 2.0 Hub For Laptop PC High Speed 480Mbps Black,"[[Electronics,Computers & Accessories,Cables & Accessories,Cables & Interconnects,USB Cables]]"
1489,78263,"eForCity Leather Case for Barnes and Noble Nook Simple Touch with GlowLight , Pink","[[Electronics,eBook Readers & Accessories,Covers]]"
1490,78380,IOGEAR USB 2.1 Bluetooth Micro Adapter (GBU421),"[[Electronics,Computers & Accessories,Networking Products,Network Adapters,USB Network Adapters]]"
1491,78408,NEEWER&reg; 	250W Studio Photographic Strobe/Flash Light,"[[Electronics,Computers & Accessories,Cables & Accessories,Video Projector Accessories,Lamps]]"
1492,78421,Targus THZ084US Versavu Keyboard and Case for Apple iPad 2 (Black/Gray),"[[Electronics,Computers & Accessories,Touch Screen Tablet Accessories,Cases & Sleeves,Cases]]"
1493,78446,DigitalsOnDemand 14-Item Accessory Bundle for New Apple iPod Nano 6th Gen Generation 8GB 16GB,"[[Electronics,Portable Audio & Video,MP3 Players & Accessories,MP3 Player Accessories,Cases]]"
1494,78453,Pyle-Pro PPSJ50 50ft. 12 Gauge Professional Speaker Cable Compatible With Speakon Connector to 1/4'',"[[Electronics,Accessories & Supplies,Audio & Video Accessories,Connectors & Adapters]]"
1495,78474,Install Essentials 513T Mini Piezo Siren,"[[Electronics,Car & Vehicle Electronics,Car Electronics,Car Safety & Security]]"
1496,78564,NEEWER&reg; 67mm ND Fader Neutral Density Adjustable Variable Filter (ND2 to ND400),"[[Electronics,Camera & Photo,Accessories,Filters & Accessories,Neutral Density Filters]]"
1497,78573,mod/smart Power Supply Cable Sleeving Kit- UV Red,"[[Electronics,Computers & Accessories,Computer Components,Power Supplies]]"
1498,78620,AmazonBasics 11.6-Inch Laptop Sleeve,"[[Electronics,Computers & Accessories,Touch Screen Tablet Accessories,Cases & Sleeves,Sleeves]]"
1499,78630,Samsung Electronics MZ-7PD128BW 840 Pro Series 2.5-Inch 128GB SATA 6Gbps Solid State Drive,"[[Electronics,Computers & Accessories,Data Storage,Internal Solid State Drives]]"
1500,78644,eForCity LCD Stereo Car FM Transmitter for MP3 Player iPod touch,"[[Electronics,Portable Audio & Video,MP3 Players & Accessories,MP3 Player Accessories,FM Transmitters]]"
1501,78674,"SMAKN&reg; Power Supply Tester 20/24-pin Power Supply Tester for ATX / Sata / Hdd,black","[[Electronics,Computers & Accessories,Computer Components,Power Supplies]]"
1502,78679,Zmodo PKD-DK0866-500GB  8 Channel H.264 DVR with 500GB + 4 x 420TVL 6mm Outdoor Camera CCTV Security Kit,"[[Electronics,Camera & Photo,Video Surveillance,Surveillance Systems,Surveillance DVR Kits]]"
1503,78737,"Velcro Reusable Self-Gripping Cable Ties, 0.5 Inches x 8 Inches Long, Black, 100 Ties per Pack (91140)","[[Electronics,Accessories & Supplies,Cord Management,Cable Ties]]"
1504,78742,"InvisibleShield for Apple iPod Touch 5G, Screen (Clear)","[[Electronics,Portable Audio & Video,MP3 Players & Accessories,MP3 Player Accessories]]"
1505,78932,Flexpod Flexible Tripod,"[[Electronics,Camera & Photo,Tripods & Monopods,Complete Tripods]]"
1506,78943,Monster MH TIP IE-G S Gel SuperTips Replacement Kits 6 Pr. Gel SuperTips,"[[Electronics,Accessories & Supplies,Audio & Video Accessories,Headphone Accessories,Earpads]]"
1507,78952,Sony BDP-S590 3D Blu-ray Disc Player with Wi-Fi (Black) (2012 Model),"[[Electronics,Television & Video,Blu-ray Players & Recorders,Blu-ray Players]]"
1508,79082,Replacement HP Compaq 484170-001 Laptop Battery,"[[Electronics,Computers & Accessories,Laptop & Netbook Computer Accessories,Batteries]]"
1509,79091,KDC155U,"[[Electronics,Car & Vehicle Electronics,Car Electronics,Car Audio,Digital Media Receivers]]"
1510,79138,"C&amp;E Mini DisplayPort to HDMI Female Adapter Cable for Apple Macbook, Macbook Pro","[[Electronics,Accessories & Supplies,Audio & Video Accessories,Cables & Interconnects,Video Cables,HDMI Cables]]"
1511,79139,"VonHaus by Designer Habitat TV WALL MOUNT Fits All Models LCD, LED &amp; Plasma TV - Samsung Sony Philips Toshiba - (17 - 37.5&quot;) - Super-Strength 165lbs load capacity with Tilt Mechanism","[[Electronics,Accessories & Supplies,Audio & Video Accessories,TV Accessories & Parts,TV Ceiling & Wall Mounts]]"
1512,79147,iMicro SP-IM942 Headset with Microphone,"[[Electronics,Computers & Accessories,Cables & Accessories,Headsets & Microphones,PC Headsets]]"
1513,79224,V7 Ultra Protective Sleeve for iPad mini and 8-Inch Tablets (TDM23BLK-GY-2N),"[[Electronics,Computers & Accessories,Touch Screen Tablet Accessories,Cases & Sleeves,Sleeves]]"
1514,79264,"ARCTIC Breeze Mobile USB-Powered 92mm Portable Fan, Portable Cooling Solution, Quiet Fan - White","[[Electronics,Computers & Accessories,Cables & Accessories,USB Fans]]"
1515,79293,"Wide Angle/Macro Lens for the Canon SL1 T5 T3 T5i T4i T3i T2i T1i Xsi XS 60D 70D 7D 6D 5D Mark II 5D Mark III DSLR Cameras which have any of these 18-55mm, 55-250mm, 75-300mm III, 70-300mm IS USM, 24mm f2.8, 28mm f1.8, 50mm f1.4, 65mm f2.8, 85mm f1.8, 90mm f2.8, 100mm f2 &amp; 100mm f2.8 lens","[[Electronics,Camera & Photo]]"
1516,79408,Nikon COOLPIX L24 14 MP Digital Camera with 3.6x NIKKOR Optical Zoom Lens and 3-Inch LCD (Red),"[[Electronics,Camera & Photo,Digital Cameras,Point & Shoot Digital Cameras]]"
1517,79419,DJI P2+H3-2D Phantom 2 Quadcopter with Zenmuse H3-2D Gimbal for GoPro (White),"[[Electronics,Accessories & Supplies,Audio & Video Accessories]]"
1518,79440,Memory Card Carrying Case - Black (Generic),"[[Electronics,Computers & Accessories,Computer Components,Memory]]"
1519,79455,Garmin Foot Pod [Retail Packaging],"[[Electronics,GPS & Navigation]]"
1520,79531,Mounting Kit-FMK550 for 1995-2011 Ford/Lincoln/Mazda/Mercury (Discontinued by Manufacturer),"[[Electronics,Car & Vehicle Electronics,Vehicle Electronics Accessories]]"
1521,79570,Panasonic DMW-LVF1 External Live Viewfinder for Panasonic GF1 Micro Four Thirds Interchangeable Lens Camera,"[[Electronics,Camera & Photo]]"
1522,79622,Ranipak Luggage Durable Utility Computer Backpack,"[[Electronics,Computers & Accessories,Laptop & Netbook Computer Accessories,Bags & Cases],[Clothing, Shoes & Jewelry,Luggage & Travel Gear,Backpacks,Casual Daypacks]]"
1523,79669,Logitech X-140 2.0 Speakers,"[[Electronics,Computers & Accessories,Cables & Accessories,Computer Speakers]]"
1524,79757,Dell Inspiron i14RN-1227BK 14-Inch Laptop (Diamond Black),"[[Electronics,Computers & Accessories,Laptops]]"
1525,79866,Tripp Lite P560-010 DVI Dual Link TDMS Cable - DVI-D M/M - 10ft,"[[Electronics,Computers & Accessories,Cables & Accessories,Monitor Accessories]]"
1526,79902,ASRock Socket AM3+/AMD 760G/DDR3/SATA3&amp;USB3.0/A&amp;V&amp;GbE/MicroATX Motherboard 960GM/U3S3 FX,"[[Electronics,Computers & Accessories,Computer Components,Motherboards]]"
1527,79921,ZMODO PA-1059 9 Port 12-Volt 5A DC Power Adapter for Surveillance Cameras,"[[Electronics,Accessories & Supplies,Batteries, Chargers & Accessories,AC Adapters]]"
1528,79972,2) HIFONICS HFX12D4 12&quot; 1600W Car Audio Subwoofers,"[[Electronics,Car & Vehicle Electronics,Car Electronics,Car Audio,Subwoofers,Component Subwoofers]]"
1529,79982,"Innovera 39502 CD/DVD Storage Case, Holds 150 Disks","[[Electronics,Accessories & Supplies,Audio & Video Accessories,Media Storage & Organization,Disc Jewel Cases]]"
1530,80139,PCT 1-PORT BI-DIRECTIONAL CABLE TV HDTV AMPLIFIER SIGNAL BOOSTER WITH PASSIVE RETURN PATH,"[[Electronics,Accessories & Supplies,Audio & Video Accessories,Satellite TV Equipment]]"
1531,80161,HP DVD Lightscribe Recordable Media - DVD-R - 16x - 4.70 GB - 50 Pack Cake Box (4064),"[[Electronics,Accessories & Supplies,Blank Media,DVD-R Discs]]"
1532,80177,BestDealUSA External 3D USB 2.0 Virtual 7.1 Channel Audio Sound Card Adapter,"[[Electronics,Computers & Accessories,Computer Components,Internal Sound Cards]]"
1533,80196,Kensington 64032 Master Lock Universal Notebook Security Cable - Black,"[[Electronics,Computers & Accessories,Cables & Accessories,Cable Security Devices]]"
1534,80201,"Anker&reg; Astro 5600mAh Portable External Battery Charger for Smartphones and Tablets such as iPhone 5s, Galaxy S5 S4 and More","[[Cell Phones & Accessories,Accessories,Batteries,External Battery Packs],[Cell Phones & Accessories,Accessories,Chargers,Travel Chargers],[Electronics,Computers & Accessories,Touch Screen Tablet Accessories,Chargers & Adapters]]"
1535,80231,"Gunnar Optiks S6127/2-C002 Wi-Five Full Rim Compact Ergonomic Advanced Computer Glasses with Amber Lens Tint, Espresso Frame Finish","[[Electronics,Television & Video,Video Glasses]]"
1536,80254,Cyberpower 850 8-Outlet Surge Suppressor - 2400 Joules 15A RJ11 EMI/RFI,"[[Electronics,Computers & Accessories,Cables & Accessories,Surge Protectors]]"
1537,80258,Metra 44-EC204 204-Inch Antenna Extension Cable,"[[Electronics,Car & Vehicle Electronics,Vehicle Electronics Accessories,Audio & Video Accessories,Antennas]]"
1538,80341,"KEF KHT3005K2 System with KUBE2(,1) - Black (Discontinued by Manufacturer)","[[Electronics,Home Audio,Stereo Components,Speakers,Speaker Systems]]"
1539,80349,Maxell 190336 Crystal Ear Buds (Black) (Discontinued by Manufacturer),"[[Electronics,Accessories & Supplies,Audio & Video Accessories,Headphones]]"
1540,80350,"Professional 20 Mega Webcam USB+ Mic, Webcams Camera Cam For PC Laptop","[[Electronics,Computers & Accessories,Webcams]]"
1541,80427,Atrend A101-10Cp B Box Series 10-Inch Single Down-Fire Subwoofer Boxes,"[[Electronics,Car & Vehicle Electronics,Car Electronics,Car Audio,Subwoofers,Subwoofer Boxes and Enclosures]]"
1542,80550,Cooler Master Hyper 101a - CPU Cooler with 2 Direct Contact Heat Pipes - AMD Version (RR-H101-22FK-RA),"[[Electronics,Computers & Accessories,Computer Components,Fans & Cooling,CPU Cooling Fans]]"
1543,80563,"UG007B - 8G mini PC TV Dongle, Quad-Core RK3188 1.6GHz processor, 2GB RAM, 8GB Internal SD storage, Google Android 4.2, HDMI, 1080P, integrated WiFi and Bluetooth","[[Electronics,Television & Video,DVD Players & Recorders]]"
1544,80632,Sapphire Radeon HD 7950 Mac Edition 3GB DDR5 HDMI/DVI-I/Dual Mini DP PCI-Express Graphics Card 11196-15-40G,"[[Electronics,Computers & Accessories,Computer Components,Graphics Cards]]"
1545,80697,"Pioneer AVH-P4400BH 2-DIN Multimedia DVD Receiver with 7&quot; Widescreen Touch Panel Display, Built-In Bluetooth, and HD Radio&#153; Tuner","[[Electronics,Car & Vehicle Electronics,Car Electronics,Car Video,In-Dash DVD & Video Receivers]]"
1546,80765,Replacement Waterproof HD Housing Case for GoPro HD HERO and HD HERO2 Camera,"[[Electronics,Camera & Photo,Underwater Photography,Housings]]"
1547,80793,Cobra HHROADTRIP 40-Channel CB Radio,"[[Electronics,Portable Audio & Video,CB & Two-Way Radios,CB Radios & Scanners,Handheld CB Radios]]"
1548,80873,Laptop 6 Cells Battery for Dell Inspiron Mini 1012 1018,"[[Electronics,Computers & Accessories,Laptop & Netbook Computer Accessories,Batteries]]"
1549,80890,"Aduro ROTATA CABANA Pattern 360 Degrees Rotating Stand Case for Apple iPad 2, iPad 3 and iPad 4th Generation (Retail Packaging)","[[Electronics,Computers & Accessories,Touch Screen Tablet Accessories,Cases & Sleeves,Cases]]"
1550,80961,JBuds J2 Premium Hi-FI Noise Isolating Earbuds Style Headphones (Onyx Black),"[[Electronics,Accessories & Supplies,Audio & Video Accessories,Headphones]]"
1551,81017,JVC HARX300 Full-Size Headphones (Black),"[[Electronics,Accessories & Supplies,Audio & Video Accessories,Headphones]]"
1552,81027,"Apple IPad 2/new IPad/iPad 4 Griffin Survivor Case, Black, Retail Packaged (GB35108-2)","[[Electronics,Computers & Accessories,Touch Screen Tablet Accessories,Cases & Sleeves,Cases]]"
1553,81110,"Tech Armor Ultimate 4-Way 360 Degree Privacy Screen Protector for Apple New iPhone 5, Latest Generation, 1-Pack","[[Cell Phones & Accessories,Accessories,Screen Protectors],[Electronics,Computers & Accessories]]"
1554,81123,"Kindle Fire HD 7&quot;, Dolby Audio, Dual-Band Wi-Fi, 16 GB","[[Electronics,eBook Readers & Accessories,eBook Readers]]"
1555,81320,SMA Female To BNC Female Convert Adaptor For Any Two Way Radio Like BaoFeng UV-5R FD-880 And More,"[[Electronics,Computers & Accessories,Cables & Accessories,Computer Cable Adapters]]"
1556,81410,Samsung 27.5-Inch HDTV LED Monitor (T28D310NH),"[[Electronics,Computers & Accessories,Monitors]]"
1557,81580,Komputerbay 8GB (2x 4GB) DDR3 SODIMM (204 pin) 1333MHz PC3-10600 8 GB (9-9-9-24) Laptop Memory Kit - Retail Package- (Not for Mac),"[[Electronics,Computers & Accessories,Computer Components,Memory]]"
1558,81596,Power2000 1200Mah Lithium Battery Replacement For Canon NB-10L Battery (For Canon SX40 HS Camera),"[[Electronics,Camera & Photo,Accessories,Batteries & Chargers,Batteries,Camera Batteries]]"
1559,81600,Adjustable Chest Mount Harness For GoPro HD Hero 2 &amp; 3 Camera - Black by Genneric,"[[Electronics,Camera & Photo,Accessories,Professional Video Accessories,Stabilizers]]"
1560,81615,iMicro IM400W 400W ATX12V Power Supply,"[[Electronics,Computers & Accessories,Computer Components,Power Supplies]]"
1561,81673,"Cimo Smart Cover Compatible Companion Back Cover Case for the new Apple iPad, 3rd + 4th Generation (Blue)","[[Electronics,Computers & Accessories,Touch Screen Tablet Accessories,Cases & Sleeves,Cases]]"
1562,81735,Canon PowerShot ELPH 110 HS 16.1 MP CMOS Digital Camera with 5x Optical Image Stabilized Zoom 24mm Wide-Angle Lens and 1080p Full HD Video Recording (Silver),"[[Electronics,Camera & Photo,Digital Cameras,Point & Shoot Digital Cameras]]"
1563,81754,Corsair XMS3 8 GB (2 x 4GB) 1333 MHz PC3-10666 240-Pin DDR3 Memory Kit CMX8GX3M2A1333C9,"[[Electronics,Computers & Accessories,Computer Components,Memory]]"
1564,81903,ADATA Superior Series S102 PRO 8 GB USB 3.0 Flash Drive AS102P-8G-RGY,"[[Electronics,Computers & Accessories,Data Storage,USB Flash Drives]]"
1565,82026,Ubiquiti AirRouter 802.11g/n Featuring Ubiquiti AirOS.,"[[Electronics,Computers & Accessories,Networking Products,Wireless Access Points]]"
1566,82048,ASRock LGA1155/DDR3/SATA3 USB 3.0/Quad CrossFireX and Quad SLI/A&amp;2GbE/ATX Motherboard Z77 PROFESSIONAL,"[[Electronics,Computers & Accessories,Computer Components,Motherboards]]"
1567,82118,"PLR Optics 30.5MM High Resolution 3-piece Filter Set (UV, Fluorescent, Polarizer)","[[Electronics,Camera & Photo,Accessories,Digital Camera Accessories,Accessory Kits]]"
1568,82148,Kuzy - 2in1 Retina 13-Inch BLACK Rubberized Hard Case and Keyboard Cover for Apple MacBook Pro 13.3&quot; with Retina Display Models: A1502 and A1425 - BLACK,"[[Electronics,Computers & Accessories,Laptop & Netbook Computer Accessories,Bags & Cases,Sleeves & Slipcases]]"
1569,82164,"Lens Cap Bundle - 4 Snap-on Lens Caps for DSLR Cameras including Nikon, Canon, Sony - One CamKix Microfiber Cleaning Cloth included (52mm)","[[Electronics,Camera & Photo,Accessories,Lens Accessories,Lens Caps]]"
1570,82167,"TRENDnet Wireless N Pan, Tilt, Zoom Network Surveillance Camera with 1-Way Audio and Night Vision, TV-IP651WI (White)","[[Electronics,Camera & Photo,Video Surveillance,Surveillance Cameras,Dome Cameras]]"
1571,82235,"HQRP Replacement AC Adapter / Charger compatible with Sony HandyCam HDR-CX550, HDR-CX550V, HDR-XR550, HDR-XR550V, DCR-PC350 Camcorder with USA Cord &amp; Euro Plug Adapter","[[Electronics,Camera & Photo,Accessories,Batteries & Chargers,Adapters]]"
1572,82465,Kodak Playsport Video Digital Camera Travel Battery Charger - TechFuel AC &amp; DC compatible Travel Battery Charger,"[[Electronics,Camera & Photo,Accessories,Batteries & Chargers,Battery Chargers,Camera]]"
1573,82482,MSI Computer Corp. Video Graphics Cards N780 TF 3GD5/OC,"[[Electronics,Computers & Accessories,Computer Components,Graphics Cards]]"
1574,82550,Roku 2 Streaming Player (Black) (Roku 2720R ),"[[Electronics,Television & Video,Streaming Media Players]]"
1575,82611,Value Disc BD-R 6X 25GB Blu-Ray 50 Pack Blank Discs in Spindle. Made in Taiwan,"[[Electronics,Accessories & Supplies,Blank Media,BD-R Discs]]"
1576,82658,Ubiquiti POE-48 Power Over Ethernet,"[[Electronics,Accessories & Supplies,Batteries, Chargers & Accessories,PDUs]]"
1577,82702,CaseCrown Water Resistant Vertical Mobile Messenger Bag (Black) for Microsoft Surface Pro &amp; RT,"[[Electronics,Computers & Accessories,Laptop & Netbook Computer Accessories,Bags & Cases,Messenger Bags]]"
1578,82818,SANOXY&reg; 6FT USB 2.0 A to A Male/Female Extension Cable (Black),"[[Electronics,Computers & Accessories,Cables & Accessories,Cables & Interconnects,USB Cables]]"
1579,82834,"PLR 320 LED Dimmable, Vari-Temp Super Bright LED Light FFor The Canon Digital EOS Rebel SL1 (100D), T5i (700D), T4i (650D), T3 (1100D), T3i (600D), T1i (500D), T2i (550D), XSI (450D), XS (1000D), XTI (400D), XT (350D), 1D C, 70D, 60D, 60Da, 50D, 40D, 30D, 20D, 10D, 5D, 1D X, 1D, 5D Mark 2, 5D Mark 3, 7D, 6D Digital SLR Cameras","[[Electronics,Camera & Photo,Lighting & Studio,Lighting,On-Camera Video Lights]]"
1580,82861,Kingston Class4 32GB Micro SD Card with Adapter ( will fit Samsung Galaxy S3 ),"[[Electronics,Computers & Accessories,Cables & Accessories,Memory Cards,Micro SD Cards]]"
1581,82866,Super Power Supply&reg; 3 x 9dBi 2.4GHz 5GHz Dual Band WiFi RP-SMA Antenna for Routers Asus RT-AC66U RT-N66U RT-N66W RT-N16 RT-AC68R RT-AC68U R700 Linksys EA6900 WRT1900AC Netgear Nighthawk R7000 TP-Link TL-WR1043ND V2 TL-WR2543ND TL-WDR4300 TL-WR940N TL-WDN4800 Archer C7 V2 D-Link DIR-655 DIR-665 DIR-835 N450 N750 N900 AC1300 AC1750 AC1900 Buffalo WZR-HP-G450H also works with PCIe PCI Cards Repeater and USB Adapters that support removable antennas Omni Directional Network Extension Mini Wireless WAN Long Range Booster,"[[Electronics,Computers & Accessories,Networking Products,Network Antennas]]"
1582,83081,Sony BDP-S5100 3D Blu-ray Disc Player with Wi-Fi (2013 Model),"[[Electronics,Television & Video,Blu-ray Players & Recorders,Blu-ray Players]]"
1583,83134,Hosa YPP111 1/4 inch TS Male to Dual 1/4 inch TS Female Y Cable,"[[Electronics,Accessories & Supplies,Audio & Video Accessories,Connectors & Adapters]]"
1584,83157,Apple Magic Trackpad,"[[Electronics,Computers & Accessories,Cables & Accessories,Input Devices,Touch Pads]]"
1585,83172,Garmin Suction cup mount,"[[Electronics,GPS & Navigation,GPS System Accessories,Vehicle Mounts]]"
1586,83197,Poetic Dura Book Multi Angle Folio Cover Case for The Samsung Galaxy Note 10.1 N8000 N8010 Tablet Purple/White (Landscape / Portrait View)(Included 2 Micro SD Card Slots) (3 Year Manufacturer Warranty From Poetic),"[[Electronics,Computers & Accessories,Touch Screen Tablet Accessories,Cases & Sleeves,Cases]]"
1587,83243,Tech Armor Samsung Galaxy Tab 2 10&quot; Premium High Definition (HD) Clear Screen Protector with Lifetime Replacement Warran,"[[Electronics,Computers & Accessories,Touch Screen Tablet Accessories,Screen Protectors]]"
1588,83371,Corsair Apple Certified 4GB (1x4GB) DDR3 1066 MHz (PC3 8500) Laptop Memory (CMSA4GX3M1A1066C7),"[[Electronics,Computers & Accessories,Computer Components,Memory]]"
1589,83447,iPearl mCover Hard Shell Cover Case with FREE keyboard cover for 13.3-inch Apple MacBook Air A1369 &amp; A1466 - BLUE,"[[Electronics,Computers & Accessories,Laptop & Netbook Computer Accessories,Bags & Cases,Sleeves & Slipcases]]"
1590,83458,EN-EL12 Lithium-Ion Battery - Rechargeable Ultra High Capacity (1050 mAh) - replacement for Nikon EN-EL12 Battery,"[[Electronics,Camera & Photo,Accessories,Batteries & Chargers,Batteries,Camera Batteries]]"
1591,83506,"Logitech Multimedia Speakers Z150 with Stereo Sound for Multiple Devices, White","[[Electronics,Computers & Accessories,Cables & Accessories,Computer Speakers]]"
1592,83546,LG Tone Wireless Bluetooth Stereo Headset - Retail Packaging - Black/Orange,"[[Cell Phones & Accessories,Accessories,Headsets,Bluetooth Headsets],[Electronics,Accessories & Supplies,Audio & Video Accessories]]"
1593,83589,Rosewill 120mm Fan Grill/Guard Components Other RFG-120,"[[Electronics,Computers & Accessories,Computer Components,Fans & Cooling,Grills]]"
1594,83774,O-SKY White Leather Case with Bluetooth Silicone Keyboard for Samsung Galaxy Tab 2.0 7&quot; 7.0 inch GT-P3100 P3110 P3113 P3108 P6200 P6210,"[[Electronics,Computers & Accessories,Touch Screen Tablet Accessories,Cases & Sleeves,Cases]]"
1595,83781,Macally ICECAM2 USB 2.0 Video Web Camera with Built-in Microphone (White),"[[Electronics,Computers & Accessories,Cables & Accessories]]"
1596,83830,Philips AJ7040D 37 iPod/iPhone Speaker Dock,"[[Electronics,Portable Audio & Video,MP3 Players & Accessories,MP3 Player Accessories,Speaker Systems]]"
1597,83872,WD Livewire Powerline AV Network Kit 200Mbps - extend Internet to your HDTV,"[[Electronics,Computers & Accessories,Networking Products,Network Adapters,Powerline Network Adapters]]"
1598,83998,ePhoto WSA605 Camera Flash Flip Bracket with Handle For Most Speedlights,"[[Electronics,Camera & Photo,Accessories,Flash Accessories,Camera Brackets]]"
1599,84002,Corsair Flash Survivor USB 3.0 16GB Drive (CMFSV3-16GB),"[[Electronics,Computers & Accessories,Data Storage,USB Flash Drives]]"
1600,84020,SABRENT USB 3.0/2.0 SATA Hard Drive Docking Station (LucidPort chipset And 3TB+ Support) DSH-USB30,"[[Electronics,Computers & Accessories,Laptop & Netbook Computer Accessories,Docking Stations]]"
1601,84094,NEW OEM Original Genuine Apple MacBook Pro 13&quot; A1278 2011 HDD Hard Drive Cable 821-1226-A,"[[Electronics,Accessories & Supplies,Audio & Video Accessories,Cables & Interconnects,Video Cables,Composite Video]]"
1602,84287,Monster M DJ-CR-2M 1/4 Male Mono to Single Male RCA Cables,"[[Electronics,Accessories & Supplies,Audio & Video Accessories,Cables & Interconnects,Audio Cables,RCA Cables]]"
1603,84323,Handheld Antenna Cable SMA male to UHF SO-239 Female Connectors 6'',"[[Electronics,Computers & Accessories,Cables & Accessories,Computer Cable Adapters,Gender Changers]]"
1604,84335,Canon Battery Grip for EOS 70D Digital SLR Camera,"[[Electronics,Camera & Photo,Accessories,Digital Camera Accessories,Battery Grips]]"
1605,84363,4 Pin Molex Male to a 4 Pin Molex Male Power Cable 6in,"[[Electronics,Computers & Accessories,Cables & Accessories,Cables & Interconnects,Serial Cables]]"
1606,84431,Manfrotto MM394 Large Photo-Video Monopod,"[[Electronics,Camera & Photo,Tripods & Monopods,Monopods]]"
1607,84485,Canon 2591B002 DM-100 Directional Stereo Microphone for HF/HG Series Camcorders,"[[Electronics,Camera & Photo,Accessories,Professional Video Accessories,Microphones]]"
1608,84562,Garmin 010-10723-08 AC/DC Power Adapter,"[[Electronics,GPS & Navigation,GPS System Accessories,Chargers & Cables]]"
1609,84657,SanDisk 128GB SATA 6.0GB/s 2.5-Inch 7mm Height Solid State Drive (SSD) With Read Up To 475MB/s- SDSSDP-128G-G25,"[[Electronics,Computers & Accessories,Data Storage,Internal Solid State Drives]]"
1610,84661,"EVGA GeForce GT 620 1024MB DDR3 Dual DVI, mHDMI Graphics Cards 01G-P3-2621-KR","[[Electronics,Computers & Accessories,Computer Components,Graphics Cards]]"
1611,84728,Laptop/Notebook Battery for HP Pavilion dv6-1030 dv6-1040 dv5-1000 dv5-1000ea dv5-1000us dv5-1002nr dv5-1030 dv5-1125nr dv5z-1000 dv6-1000et dv6-1030us,"[[Electronics,Computers & Accessories,Laptop & Netbook Computer Accessories,Batteries]]"
1612,84748,Pioneer TS-W2502D4 10 In. Champion Series PRO Subwoofer with 3000 Watts,"[[Electronics,Car & Vehicle Electronics,Car Electronics,Car Audio,Subwoofers]]"
1613,84874,HDE 20 Inch HDMI Port Saver Cable M/F Extender Connector,"[[Electronics,Accessories & Supplies,Audio & Video Accessories,Cables & Interconnects,Video Cables,HDMI Cables]]"
1614,84898,"NEEWER&reg; 67MM Infrared Filter - IR850 - for Kodak, Fuji, Sony, Canon, Nikon + MORE!","[[Electronics,Camera & Photo,Accessories,Filters & Accessories,Infrared Filters]]"
1615,84963,AMD FD6300WMHKBOX FX-6300 6-Core Processor Black Edition,"[[Electronics,Computers & Accessories,Computer Components,CPU Processors]]"
1616,84973,"Acer C720 Chromebook (11.6-Inch, 2GB)","[[Electronics,Computers & Accessories,Laptops]]"
1617,85007,Sigma 17-50mm f/2.8 EX DC OS HSM FLD Large Aperture Standard Zoom Lens for Sigma Digital DSLR Camera,"[[Electronics,Camera & Photo,Lenses,Camera Lenses]]"
1618,85013,Logitech X-530 5.1 Speaker System,"[[Electronics,Computers & Accessories,Cables & Accessories,Computer Speakers]]"
1619,85072,OPPO BDP-103 Universal Disc Player (SACD / DVD-Audio / 3D Blu-ray),"[[Electronics,Television & Video,Blu-ray Players & Recorders,Blu-ray Players]]"
1620,85253,Chromo Inc&reg; 7&quot; Android 4.1 Capacitive 5 Point Multi-Touch Screen - Black {New Model September 2013},"[[Electronics,Computers & Accessories]]"
1621,85284,Logitech Wireless Solar Keyboard K760 for Mac/iPad/iPhone,"[[Electronics,Computers & Accessories,Cables & Accessories,Keyboards]]"
1622,85286,"Mediabridge 3.5mm Male To Male Stereo Audio Cable (4 Feet) - Step Down Design for iPhone, iPod, Smartphone, Tablet and MP3 Cases","[[Electronics,Accessories & Supplies,Audio & Video Accessories,Cables & Interconnects,Audio Cables,Stereo Jack Cables]]"
1623,85298,CY Raspberry Pi Case (Raspberry),"[[Electronics,Computers & Accessories]]"
1624,85314,Generic USB External DVD Combo CD-RW Burner Drive Black (CD-RW),"[[Electronics,Computers & Accessories,External Components,Optical Drives]]"
1625,85318,Manfrotto 323 RC2 Rapid Connect Adapter with 200PL-14 Quick Release Plate - Replaces 3299-Black,"[[Electronics,Camera & Photo,Accessories,Tripod & Monopod Accessories,Camera Mounts & Clamps]]"
1626,85406,XIT XTMCASE 12 Piece SD/SDHC Memory Card Hard Plastic Case,"[[Electronics,Computers & Accessories,Cables & Accessories,Memory Card Adapters]]"
1627,85454,Xpad Slim (Non-slip Laptop Cooler and Heatshield),"[[Electronics,Computers & Accessories,Laptop & Netbook Computer Accessories,Cooling Pads]]"
1628,85491,EmBest New BNC UHF/VHF Radio Antenna for Kenwood TK100 TK200 IC-V8 IC-V80 IC-V82 IC-U82,"[[Electronics,Portable Audio & Video,CB & Two-Way Radios,Accessories,Antennas]]"
1629,85539,"CowboyStudio Multi-Angle Quick Flip Off Camera Flash Bracket for Canon, Nikon, Olympus, Samsung, Sony and Fuji (LH01 bracket)","[[Electronics,Camera & Photo,Accessories,Flash Accessories,Camera Brackets]]"
1630,85591,Mount-It! Articulating Single Arm Computer Monitor Desk Mount for monitors up to 27&quot;,"[[Electronics,Computers & Accessories,Cables & Accessories,Monitor Accessories]]"
1631,85629,SUNWAYFOTO PCL-5DIII L Plate for Canon 5D Mark III Camera Arca Compatible Sunway,"[[Electronics,Camera & Photo,Accessories,Tripod & Monopod Accessories,Camera Mounts & Clamps]]"
1632,85751,"Vivitar NB-6L / NB-6LH Ultra High Capacity 1700mAh Li-ion Battery for CANON PowerShot SX510 HS, SX500 IS, SX700 HS, SX280 HS, SX260 HS, SX170 IS, SD1300 IS (Canon NB-6L Replacement)","[[Electronics,Camera & Photo,Accessories,Batteries & Chargers,Battery Chargers,Camera]]"
1633,85772,Panasonic Lumix LZ30 16.1MP Digital Camera with 35x Optical Image Stabilized Zoom and 3-Inch LCD (Black),"[[Electronics,Camera & Photo,Digital Cameras,Point & Shoot Digital Cameras]]"
1634,85829,Mitsubishi WD-73735 DLP Assembly with High Quality Osram Neolux Bulb Inside,"[[Electronics,Computers & Accessories,Cables & Accessories,Video Projector Accessories,Lamps]]"
1635,85836,E-3lue Cobra EMS109BK High Precision Gaming Mouse with Side Control 1600dpi,"[[Electronics,Computers & Accessories,Cables & Accessories,Mice]]"
1636,85862,NEEWER&reg; 58mm Lens Adapter Ring + 3-Slot Filter Holder for Cokin P series Filter System to any Lens with 58mm Filter Thread,"[[Electronics,Camera & Photo,Accessories,Lens Accessories,Lens Caps]]"
1637,85877,Kingston Hyper X Blu 8 GB (2x4GB Modules) 1600MHz DDR3 Non-ECC CL9 XMP Desktop Memory - KHX1600C9D3B1K2/8GX,"[[Electronics,Computers & Accessories,Computer Components,Memory]]"
1638,85959,Mount-it! MI-104 Super Slim Wall Mount for 32-60 Inch LED TVs,"[[Electronics,Accessories & Supplies,Audio & Video Accessories,TV Accessories & Parts,TV Ceiling & Wall Mounts]]"
1639,85991,"nixplay 15 inch Wi-Fi Cloud Digital Photo Frame. iPhone &amp; Android App, Email, Facebook, dropbox, Instagram, Picasa - W15A","[[Electronics,Camera & Photo,Lighting & Studio,Photo Studio,Storage & Presentation Materials,Digital Picture Frames]]"
1640,86030,KOMPUTERBAY 1GB DDR DIMM (184 PIN) 400Mhz PC3200 DDR400 DESKTOP MEMORY [Personal Computers],"[[Electronics,Computers & Accessories,Computer Components,Memory]]"
1641,86048,Sony MDR-XB21EX Extra Bass Headphones (Discontinued by Manufacturer),"[[Electronics,Accessories & Supplies,Audio & Video Accessories,Headphones]]"
1642,86115,HGST Deskstar 3.5-Inch 4TB 7200 RPM SATA III 6Gbps 64MB Cache Internal Hard Drive (0F14681) (HDS724040ALE640),"[[Electronics,Computers & Accessories,Data Storage,Internal Hard Drives]]"
1643,86191,Dew Not 8&quot; Dew Heater Strip DN009,"[[Electronics,Camera & Photo,Accessories,Telescope & Microscope Accessories,Telescope Accessories,Dew Caps]]"
1644,86310,"Intel NUC D54250WYK, Mini HDMI, Mini DisplayPort, USB 3.0, Intel HD Graphics 5000, 4th Gen Intel Core i5-4250U","[[Electronics,Computers & Accessories,Computer Components,Desktop Barebones]]"
1645,86356,Original Samsung Galaxy Note 10.1 GT-N8000 N8010 Mint Green Book Case Cover Flip Stand (EFC-1G2NMEC),"[[Electronics,Computers & Accessories,Touch Screen Tablet Accessories,Cases & Sleeves,Cases]]"
1646,86424,"Western Digital 4TB SATA III 7200 RPM 64 MB Cache Bulk/OEM Desktop Hard Drive, Black, WD4003FZEX","[[Electronics,Computers & Accessories,Data Storage,Internal Hard Drives]]"
1647,86456,"X-Mini II XAM4-B Portable Capsule Speaker, Mono, Black","[[Electronics,Portable Audio & Video,MP3 Players & Accessories,MP3 Player Accessories,Speaker Systems]]"
1648,86468,2 x Compatible NB-5L Battery for Canon Powershot SX-Series SX200 IS / SX210 IS,"[[Electronics,Camera & Photo,Accessories,Batteries & Chargers,Batteries,Camera Batteries]]"
1649,86505,LG Electronics 55GA7900 55-Inch Cinema Screen Cinema 3D 1080p 240Hz LED-LCD HDTV with Google TV and Four Pairs of 3D Glasses (2013 Model),"[[Electronics,Television & Video,Televisions,LCD TVs]]"
1650,86508,Pixel e-TTL Flash Hot Shoe Adapter with Extra PC Sync Port for Canon DSLRs and Flashguns,"[[Electronics,Camera & Photo,Accessories,Flash Accessories,Shoe Mounts]]"
1651,86544,Cooler Master GX - 450W 80 PLUS Bronze Power Supply (RS450-ACAAD3-US),"[[Electronics,Computers & Accessories,Computer Components,Power Supplies]]"
1652,86548,C2G / Cables to Go 40008 1.5 feet/0.45 Meters Velocity S/PDIF Digital Audio Coax Cable  Blue,"[[Electronics,Accessories & Supplies,Audio & Video Accessories,Cables & Interconnects,Audio Cables,Digital Coaxial Cables]]"
1653,86643,Audio-Technica ATH-ANC7B QuietPoint Active Noise-Cancelling Closed-Back Headphones,"[[Electronics,Accessories & Supplies,Audio & Video Accessories,Headphones]]"
1654,86703,FAVI FE02RF-BL Mini 2.4GHz Wireless PC / Tablet Keyboard Designed for SmartStick,"[[Electronics,Computers & Accessories,Cables & Accessories,Keyboards]]"
1655,86720,Metra 95-9306B Dash Kit for: 2006-2009 BMW 3-Series Double DIN With Out Factory Navigation,"[[Electronics,Car & Vehicle Electronics,Vehicle Electronics Accessories]]"
1656,86731,TopCase Pink Crystal See Thru Hard Case Cover for Macbook Pro 13&quot; A1278 with TopCase Mouse Pad,"[[Electronics,Computers & Accessories,Laptop & Netbook Computer Accessories,Bags & Cases,Sleeves & Slipcases]]"
1657,86770,ACP-EP Memory 1GB PC2100 200-PIN DDR 266MHz SODIMM (MAC and PC),"[[Electronics,Computers & Accessories,Computer Components,Memory]]"
1658,86825,Eton BoostTurbine 1000mAh Portable Backup Battery Pack-Charger for Smart Phones (one half charge for most phones) and Other Devices Plus Hand Crank Back-Up Power (NBOTU1000B),"[[Electronics,Computers & Accessories,Laptop & Netbook Computer Accessories,Chargers & Adapters]]"
1659,86914,HP 2.1 Compact Speaker System (BR386AA#ABL),"[[Electronics,Computers & Accessories,Cables & Accessories,Computer Speakers]]"
1660,86916,CowboyStudio Premium AC Socket &amp; Cord Set with Umbrella Holder and Light Stand Mount,"[[Electronics,Camera & Photo,Accessories,Batteries & Chargers,Adapters]]"
1661,86947,Thumbs Up Grip TU-100B for Micro DSLR Camera Black Canon M Fuji X-E1/X-Pro1 Panasonic GF2/GF1,"[[Electronics,Camera & Photo,Accessories]]"
1662,87004,GMYLE (TM) White 360 degrees Rotating Swivel Magnetic Wake Up Sleep Function Smart Leather Flip Folio Stand Cover Case Pouch for Samsung Galaxy Tab 10.1 P7510 Tab 2 P5100,"[[Electronics,Computers & Accessories,Touch Screen Tablet Accessories,Cases & Sleeves,Cases]]"
1663,87032,Metra 70-1858 Radio Wiring Harness For GM 88-05 Harness,"[[Electronics,Car & Vehicle Electronics,Vehicle Electronics Accessories]]"
1664,87046,ASUS EAH6670/DIS/1GD5 Radeon HD 6670 GDDR5 128-bit 1 GB Video Card,"[[Electronics,Computers & Accessories,Computer Components,Graphics Cards]]"
1665,87073,elago Mobile Nano II USB 2.0 microSDHC Flash Memory Card Reader -Works up to 32GB- (Black),"[[Electronics,Computers & Accessories,Cables & Accessories,Memory Card Readers]]"
1666,87324,Kingston DataTraveler 100 - 8 GB USB 2.0 Flash Drive DT100/8GB,"[[Electronics,Computers & Accessories,Data Storage,USB Flash Drives]]"
1667,87405,ADESSO AKP-220B Adesso 22 Key Mechanical USB Numeric Keypad - USB and PS/2,"[[Electronics,Computers & Accessories,Cables & Accessories,Keyboards]]"
1668,87495,"Verbatim TRIMpak CD and DVD Clear Storage Cases, 200-Pack 93975","[[Electronics,Accessories & Supplies,Audio & Video Accessories,Media Storage & Organization,DVD Cases]]"
1669,87529,"Apple Original iPad Mini Glass Digitizer with IC chip, Complete Service part Black","[[Electronics,Computers & Accessories,Touch Screen Tablet Accessories]]"
1670,87576,Sapphire Radeon HD 7770 GHZ 1 GB DDR5 HDMI/DVI-I/DP PCI-Express Graphics Card 11201-17-20G,"[[Electronics,Computers & Accessories,Computer Components,Graphics Cards]]"
1671,87681,Force3D AMD ATI radeon HD 6450 2Gb DDR3 HDMI DVI VGA video graphics card PCI express pcie x16 HD 1080P windows 7/vista/XP,"[[Electronics,Computers & Accessories,Computer Components,Graphics Cards]]"
1672,87711,90W Original Ac Adapter Battery Charger For Hp Pavilion dv6 Series Laptops,"[[Electronics,Computers & Accessories,Laptop & Netbook Computer Accessories,Chargers & Adapters]]"
1673,87725,SiriusXM SXABB2 Portable Speaker Dock,"[[Electronics,Car & Vehicle Electronics,Car Electronics,Car Audio,Satellite Radio]]"
1674,87733,HGST Ultrastar 3.5-Inch 3TB 7200RPM SATA III 6Gbps 64 MB Cache Enterprise Hard Drive with 24x7 Duty Cycle (0F12456),"[[Electronics,Computers & Accessories,Data Storage,Internal Hard Drives]]"
1675,87751,Corsair Vengeance Pro Series Blue 16GB (2x8GB) DDR3 1866 MHZ  (PC3 15000) Desktop Memory CMY16GX3M2A1866C9B,"[[Electronics,Computers & Accessories,Computer Components,Memory]]"
1676,87807,"3x Nikon COOLPIX L820 Digital Camera Premium Clear LCD Screen Protector Cover Guard Shield Film Kits, Exact fit, NO CUTTING (3 pieces by GUARMOR)","[[Electronics,Camera & Photo,Accessories,Digital Camera Accessories,Screen Protector Foils]]"
1677,87808,Cyberpower CPS-1215RM Rackmount PDU Power Strip - 10-Outlet 15A 1800VA,"[[Electronics,Accessories & Supplies,Batteries, Chargers & Accessories,Power Strips]]"
1678,87901,BlueRigger Digital Optical Audio Toslink Cable (3 feet),"[[Electronics,Accessories & Supplies,Audio & Video Accessories,Cables & Interconnects,Audio Cables,Fiber Optic Cables]]"
1679,87947,Earbud with Push-to-Talk Microphone,"[[Electronics,Portable Audio & Video,CB & Two-Way Radios,Accessories,Headsets & Microphones]]"
1680,87955,Maxell MC-60 UR Microcassettes (Pack of 9),"[[Electronics,Accessories & Supplies,Blank Media]]"
1681,88059,"Deluxe Rugged Camera Bag / Case For Canon EOS M, Canon EOS Rebel T5i, T4i, T3i, EOS Rebel T2i, EOS Rebel T1i, EOS Rebel XSi, EOS Rebel T3, EOS Rebel XS, (650D), EOS Rebel SL1 Digital SLR Camera + LCD Screen Protectors + MicroFiber Cleaning Cloth","[[Electronics,Camera & Photo,Accessories,Digital Camera Accessories,Accessory Kits]]"
1682,88122,Pioneer AVH-X2500BT 2-DIN Multimedia DVD Receiver with 6.1&quot; WVGA Touchscreen Display,"[[Electronics,Television & Video,AV Receivers & Amplifiers]]"
1683,88173,Zeikos ZE-HLH62 62mm Hard Lens Hood,"[[Electronics,Camera & Photo,Accessories,Lens Accessories,Lens Hoods]]"
1684,88177,AmazonBasics DSLR and Laptop Backpack - Gray interior,"[[Electronics,Camera & Photo,Bags & Cases,Camera Cases]]"
1685,88264,LG Electronics 14x Internal BDXL Blu-Ray Burner Rewriter WH14NS40 - Bulk Drive - Black,"[[Electronics,Computers & Accessories,Computer Components,Internal Optical Drives,Internal Blu-ray Drives]]"
1686,88277,3 Prong AC Power Cord Cable Plug (12 Feet),"[[Electronics,Accessories & Supplies,Audio & Video Accessories,Cables & Interconnects,Power Cables]]"
1687,88339,AGPtek&reg; Rechargeable 4G 4GB Digital Audio Voice Recorder Dictaphone MP3 Player,"[[Electronics,Portable Audio & Video,Digital Voice Recorders]]"
1688,88426,Tripp Lite SMART1500LCDT 1500VA 900W UPS Smart LCD Battery Back Up Tower AVR 120V USB Coax RJ45,"[[Electronics,Computers & Accessories,Cables & Accessories,Uninterrupted Power Supply (UPS)]]"
1689,88486,SANOXY&reg; Generic PC DVD HDMI to VGA &amp; Audio For HDTV CRT Video Converter Box Adapter 1080P New,"[[Electronics,Television & Video,Analog-to-Digital (DTV) Converters]]"
1690,88505,"9'' Dual Core Google Android 4.2 Jelly Bean 8GB Multimedia Tablet PC, Dual Camera, Google Play Pre-load, HDMI, 3D Game Supported [AKASO&reg; A90, enhanced version of Dragon Touch 9&quot; A13 MID948B]","[[Electronics,Computers & Accessories,Tablets]]"
1691,88607,USB 2.0 External Slim CD/DVD Drive Enclosure Case For Laptop Notebook CD-RW DVD Drive with IDE Connector (Lifetime Warranty),"[[Electronics,Computers & Accessories,Cables & Accessories,Hard Drive Enclosures]]"
1692,88643,Aidata LD007P Laptop Cooling Lap Board (Black),"[[Electronics,Computers & Accessories,Laptop & Netbook Computer Accessories,Cooling Pads]]"
1693,88691,Olympus MSC ED M. 60mm f/2.8 Lens,"[[Electronics,Camera & Photo,Lenses,Camera Lenses]]"
1694,88714,Syba SY-CAB65008 Power Supply Adapter Extension 24-Pin Cable (3.95 Inches),"[[Electronics,Computers & Accessories,Laptop & Netbook Computer Accessories,Chargers & Adapters]]"
1695,88719,GGS Glass LCD Screen Protector for CANON 50D 40D,"[[Electronics,Camera & Photo,Accessories,Digital Camera Accessories,Screen Protector Foils]]"
1696,88764,"Apple iPad Mini MD528LL/A (16GB, Wi-Fi, Black &amp; Slate)","[[Electronics,Computers & Accessories,Tablets]]"
1697,88979,Sony AD-7740H-01 8X SATA Internal Slim DVD+/-RW Drive (Black),"[[Electronics,Computers & Accessories,External Components,Optical Drives,DVD Drives]]"
1698,89034,Sennheiser HD 202 II Professional Headphones (Black),"[[Electronics,Accessories & Supplies,Audio & Video Accessories,Headphones]]"
1699,89120,Opteka NB-10L 1800mAh Ultra High Capacity Li-ion Battery Pack for Canon PowerShot SX50HS SX40HS SX50 SX40 HS G16 G15 G1X G1 X Digital Camera,"[[Electronics,Camera & Photo,Accessories,Batteries & Chargers,Batteries,Camera Batteries]]"
1700,89150,Case Logic QTA-110 9 to 10.2-Inch Semi-Rigid Kindle Fire HD/iPAD/2/New iPAD 3rd Generation Tablet Attache' (Black),"[[Electronics,Computers & Accessories,Touch Screen Tablet Accessories,Cases & Sleeves,Cases]]"
1701,89169,Giottos AA1900 Rocket Air Blaster Large - Black,"[[Electronics,Camera & Photo,Accessories,Cleaning Equipment,Cleaning Kits]]"
1702,89179,Logitech Wireless Speaker Adapter for Bluetooth Audio Devices,"[[Electronics,Computers & Accessories,Cables & Accessories,Computer Speakers]]"
1703,89223,Metra 99-5717 Taurus/Sable 04-07 Dash kit,"[[Electronics,Car & Vehicle Electronics,Vehicle Electronics Accessories]]"
1704,89260,Canon BG-E6 Battery Grip for Canon 5D Mark II Digital SLR - Retail Package,"[[Electronics,Camera & Photo,Accessories,Digital Camera Accessories,Battery Grips]]"
1705,89343,Sunpak 620-020 Tripod,"[[Electronics,Camera & Photo,Tripods & Monopods,Complete Tripods]]"
1706,89370,Laptop Battery for Acer Aspire 5741-H32C/S 5741-H32C/SF 5741-H54D/LS Battery 31CR19/652 AS10D31 AS10D51,"[[Electronics,Computers & Accessories,Laptop & Netbook Computer Accessories,Batteries]]"
1707,89407,Velocity Micro Vmultra Drive External Peripheral (Vmultradrive 102),"[[Electronics,Computers & Accessories,Data Storage,External Hard Drives]]"
1708,89457,Smallrig Super Clamp w/ 1/4&quot; and 3/8&quot; Thread,"[[Electronics,Camera & Photo,Accessories,Tripod & Monopod Accessories,Camera Mounts & Clamps]]"
1709,89466,Tripp Lite N033-001 Modular Coupler Straight RJ45F/F,"[[Electronics,Accessories & Supplies]]"
1710,89597,eForCity&reg; GOLD HDMI Type A to Type D F/ Adapter HD,"[[Electronics,Computers & Accessories,Cables & Accessories,Computer Cable Adapters,Gender Changers]]"
1711,89616,Corsair Professional Series&nbsp; HX 1050 Watt ATX/EPS Modular 80 PLUS Gold (HX1050),"[[Electronics,Computers & Accessories,Computer Components,Power Supplies]]"
1712,89619,i-UniK Samsung Galaxy Note 8.0 Tablet Case / Cover for GT-N5110 Slim Folio Multi-Angles Stand (Hot Pink),"[[Electronics,Computers & Accessories,Touch Screen Tablet Accessories,Cases & Sleeves,Cases]]"
1713,89637,Tech Armor HD Clear Screen Protectors with Lifetime Warranty for Samsung Galaxy S3 S III,"[[Cell Phones & Accessories,Accessories,Accessory Kits],[Electronics,Computers & Accessories]]"
1714,89814,iWerkz Universal Foldable Bluetooth Keyboard (44652PI),"[[Electronics,Computers & Accessories,Cables & Accessories,Keyboards]]"
1715,89850,"Kensington Keyfolio Bluetooth Keyboard Case For iPad 4 with Retina Display, iPad 3, iPad 2 and iPad 1 (K39336US)","[[Electronics,Computers & Accessories,Touch Screen Tablet Accessories,Cases & Sleeves,Cases]]"
1716,89859,"eForCity 9-pieces Anti-dust Silicone Plug Cup compatible with Apple&reg;MacBook&reg; Pro, Clear","[[Electronics,Computers & Accessories,Cables & Accessories,Computer Cable Adapters,Gender Changers]]"
1717,89910,"BenQ XL2420TE 144Hz, 1ms High Performance 24-Inch Gaming Monitor","[[Electronics,Computers & Accessories,Monitors]]"
1718,89966,Lenovo IdeaCentre K450 Desktop (57323873),"[[Electronics,Computers & Accessories,Desktops]]"
1719,89992,Logitech Wireless Touch Keyboard K400 with Built-In Multi-Touch Touchpad,"[[Electronics,Computers & Accessories,Cables & Accessories,Keyboards]]"
1720,90109,Securifi Almond - (3 Minute Setup) Touchscreen Wireless Router / Range Extender,"[[Electronics,Computers & Accessories,Networking Products,Repeaters]]"
1721,90252,Belkin 3-Foot RJ45 CAT 5e Snagless Molded Patch Cable (Blue),"[[Electronics,Computers & Accessories,Cables & Accessories,Cables & Interconnects,Ethernet Cables]]"
1722,90255,Canon PowerShot A490 10.0 MP Digital Camera with 3.3x Optical Zoom and 2.5-Inch LCD,"[[Electronics,Camera & Photo,Digital Cameras,Point & Shoot Digital Cameras]]"
1723,90270,Vista Explorer 60-Inch Lightweight Tripod with Tripod Bag,"[[Electronics,Camera & Photo,Tripods & Monopods,Complete Tripods]]"
1724,90285,Verbatim Slim CD and DVD Storage Cases - 50 Pack - 5 Assorted Colors 94178,"[[Electronics,Accessories & Supplies,Audio & Video Accessories,Media Storage & Organization,Disc Jewel Cases]]"
1725,90447,Etymotic Research ER4S MicroPro Reference Earphones,"[[Electronics,Accessories & Supplies,Audio & Video Accessories,Headphones]]"
1726,90457,NewerTech 14-Piece Portable Toolkit,"[[Electronics,Computers & Accessories,Data Storage,External Hard Drives]]"
1727,90628,"Tripp Lite U026-016 16ft 5M USB2.0 A/A Active Extension/Repeater Cable, 16 Feet","[[Electronics,Computers & Accessories,Cables & Accessories,Cables & Interconnects,USB Cables]]"
1728,90647,"SanDisk Extreme 16GB MicroSDHC UHS-1 Flash Memory Card Speed Up To 45MB/s With Adapter, Frustration-Free Packaging- SDSDQXL-016G-AFFPA","[[Electronics,Computers & Accessories,Cables & Accessories,Memory Cards,Micro SD Cards]]"
1729,90672,Antec Basiq BP350 350 Watt Power Supply,"[[Electronics,Computers & Accessories,Computer Components,Power Supplies]]"
1730,90710,"Fotodiox 6&quot;x8&quot; Softbox for Flash, Speedlight, Nikon SB-600, SB-700, SB-800, SB-900, SB-910, Canon Speedlite 380EX, 430EX, II, 550EX, 580EX, II, 600EX-RT, Vivita Flash, Sunpack, Sunpak, Nissin, Sigma, Sony, Pentax, Olympus, Panasonic Lumix Flashes","[[Electronics,Camera & Photo,Flashes,Shoe Mount Flashes]]"
1731,90790,Internal Inner 650mah Li-ion Polymer Battery Repair Replacement for Ipod 6th Gen Classic 80gb 120gb and 7th Gen Classic Thin Version 160gb,"[[Electronics,Portable Audio & Video,MP3 Players & Accessories,MP3 Player Accessories,Batteries]]"
1732,90796,"Anker&reg; USB 3.0 Multi-in-1 Card Reader 4-Slots for SDXC, SDHC, SD, CF, High-Speed CF (UDMA), MS, M2, Micro SDXC, Micro SDHC, Micro SD Cards [Support UHS-I Cards]","[[Electronics,Computers & Accessories,Cables & Accessories,Memory Card Readers]]"
1733,90810,SQdeal&reg; 10.1&quot; Black Ultra Slim Lightweight Pu Leather Case Folio Stand for 10.1 Inch Tablet Pc Laptop Epad Apad,"[[Electronics,Computers & Accessories,Touch Screen Tablet Accessories,Cases & Sleeves,Cases]]"
1734,90814,Professional 60&quot; Universal Tripod DX-TRP60,"[[Electronics,Camera & Photo,Tripods & Monopods,Complete Tripods]]"
1735,90865,Pioneer TS-G1343R 5.25-Inch 2-Way Speakers,"[[Electronics,Car & Vehicle Electronics,Car Electronics,Car Audio,Speakers,Coaxial Speakers]]"
1736,90870,Humminbird 7000301 AS HHGPS Bare Wire GPS/NMEA Connection Cable,"[[Electronics,GPS & Navigation,GPS System Accessories,Chargers & Cables]]"
1737,90882,Twelve South BookArc for MacBook Air - Vertical desktop stand,"[[Electronics,Computers & Accessories,Laptop & Netbook Computer Accessories,Docking Stations]]"
1738,90893,BOSS Audio R1100M Riot 1100-watts Monoblock Class A/B 1 Channel 2-8 Ohm Stable Amplifier with Remote Subwoofer Level Control,"[[Electronics,Car & Vehicle Electronics,Car Electronics,Car Audio,Amplifiers,Mono Amplifiers]]"
1739,90909,HiRO H50070 10/100/1000 32 bit Internal Low Profile PCI Gigabit Ethernet Card RoHS Windows 8.1 8 7 Vista XP 32-bit 64-bit,"[[Electronics,Computers & Accessories,Computer Components,Network Cards]]"
1740,91020,Dell Latitude E6520 Dell 90-Watt 3 Prong Slim AC Adapter with 6.56 ft Power Cord.,"[[Electronics,Computers & Accessories,Laptop & Netbook Computer Accessories,Chargers & Adapters]]"
1741,91119,Bowers &amp; Wilkins P7 Mobile Headphones,"[[Electronics,Accessories & Supplies,Audio & Video Accessories,Headphones]]"
1742,91135,EVGA GeForce GTX 660 SUPERCLOCKED 3072MB GDDR5 DVI mHDMI Graphics Card 03G-P4-2666-KR,"[[Electronics,Computers & Accessories,Computer Components,Graphics Cards]]"
1743,91139,NZXT 200mm Silent Case Fan FS 200RB (Black/White),"[[Electronics,Computers & Accessories,Computer Components,Fans & Cooling,Case Fans]]"
1744,91144,ASUS Mini ITX DDR3 1600 Motherboards AM1I-A,"[[Electronics,Computers & Accessories,Computer Components,Motherboards]]"
1745,91196,VIZIO S3821w-C0 38-inch 2.1 Home Theater Sound Bar with Wireless Subwoofer,"[[Electronics,Home Audio,Stereo Components,Speakers,Soundbar Speakers]]"
1746,91320,Tech Armor Samsung Samsung Galaxy S4 (Not S4 ACTIVE) High Defintion (HD) Clear Screen Protectors -- Maximum Clarity and Touchscreen Accuracy [3Pack] Lifetime Warranty,"[[Cell Phones & Accessories,Accessories,Screen Protectors],[Electronics,Computers & Accessories]]"
1747,91393,Generic BABY PINK Keyboard Silicone Cover Skin for Macbook / Macbook Pro 13&quot; 15&quot; 17&quot; Aluminum Unibody,"[[Electronics,Computers & Accessories,Cables & Accessories,Keyboard & Mice Accessories,Keyboard Skins]]"
1748,91396,"Neewer IR Wireless RC-6 Shutter Release Remote Control for Canon EOS 60D 70D 7D Rebel T5i, T4i, T3i, T2i, T1i, XSi, Xti, XT, SL1 / 700D 650D 600D 550D 500D 450D 400D 350D 100D","[[Electronics,Camera & Photo,Accessories,Remote Controls]]"
1749,91498,Kicker 40CS464 4&quot;x6&quot; 2-way Car Speakers,"[[Electronics,Car & Vehicle Electronics,Car Electronics,Car Audio,Speakers,Coaxial Speakers]]"
1750,91561,Bower XC-SFW50 3-in-1 Individual Battery Charger for Sony NP-FW50,"[[Electronics,Camera & Photo,Accessories,Batteries & Chargers,Batteries,Camera Batteries]]"
1751,91710,Honeywell WAVE-2 Two Tone Siren,"[[Electronics,Security & Surveillance,Horns & Sirens]]"
1752,91745,"Corsair Vengeance 8 GB ( 2 x 4 GB ) DDR3 1600 MHz (PC3 12800) 240-Pin DDR3 Memory Kit for   Core i3, i5, i7 and   Platforms SDRAM CMZ8GX3M2A1600C9","[[Electronics,Computers & Accessories,Computer Components,Memory]]"
1753,91772,Interfit Photographic STR144 Twin Metal Umbrella Bracket with 2 Metal Adjustable Flash Shoes for Flash Units,"[[Electronics,Camera & Photo,Lighting & Studio,Lighting,Mounting Hardware]]"
1754,91779,Sony KDL-55W900A 55-Inch 240Hz 1080p 3D Internet LED HDTV (Black) (2013 Model),"[[Electronics,Television & Video,Televisions,LED TVs]]"
1755,91784,MSI Computer Corp. ATX DDR3 2000 LGA 1150 Motherboards Z87-G55,"[[Electronics,Computers & Accessories,Computer Components,Motherboards]]"
1756,91797,NETGEAR N150 Wi-Fi USB Adapter (WNA1100),"[[Electronics,Computers & Accessories,Networking Products,Network Adapters,USB Network Adapters]]"
1757,91826,QQ-Tech&reg; Removable Detachable Wireless Bluetooth Keyboard PU Leather Case Tablet Stand for Apple iPad Mini &amp; New iPad Mini 2 With Retina Display W Smart Cover Wake Sleep Function - Red,"[[Electronics,Computers & Accessories,Touch Screen Tablet Accessories,Cases & Sleeves,Cases]]"
1758,91854,Logitech N315 Portable Lapdesk (Fuchsia Burst),"[[Electronics,Computers & Accessories,Laptop & Netbook Computer Accessories,Cooling Pads]]"
1759,91863,Clarion EQS746 1/2 DIN Graphic Equalizer with Built-in Crossover,"[[Electronics,Car & Vehicle Electronics,Car Electronics,Car Audio,Equalizers]]"
1760,91914,SN1AT71BUE Quad-Core 1GB Memory 16GB Flash 10.1&quot; Touchscreen Tablet Android 4.1 (Jelly Bean),"[[Electronics,Computers & Accessories,Tablets]]"
1761,91977,C&amp;E CNE01681 Premium HDMI-HDMI Cable (1 Meter / 3 FT),"[[Electronics,Accessories & Supplies,Audio & Video Accessories,Cables & Interconnects,Video Cables,HDMI Cables]]"
1762,91979,Crucial M500 120GB SATA 2.5-Inch 7mm (with 9.5mm adapter) Internal Solid State Drive CT120M500SSD1,"[[Electronics,Computers & Accessories,Data Storage,Internal Solid State Drives]]"
1763,92009,Belkin 8 Outlet Home/Office Surge Protector with Telephone Protection,"[[Electronics,Computers & Accessories,Cables & Accessories,Surge Protectors]]"
1764,92041,Sabrent 74-In-1 3.5-Inch Internal Flash Media Card Reader/writer with USB Port (CR-USNT),"[[Electronics,Computers & Accessories,Cables & Accessories,Memory Card Readers]]"
1765,92114,Importer520 Folding Notebook Cooler Pad w/2 60mm Fans (Gray/Black),"[[Electronics,Computers & Accessories,Laptop & Netbook Computer Accessories,Cooling Pads]]"
1766,92177,Super Power Supply&reg; Power Over Ethernet Kit PoE 5V 12V 24V 48V 1A 2A 1.5A 2.1 5.5 Clear Modem Wifi Wireless WAN DSL 4G Wimax Router Switch Linksys Cisco Netgear E1000 E2000 E3000 E4200 E1200 E3200 E1500 E1550 E2100L Valet M10 M20 Plus WRT610N WRT54G2 WRT100 WRT330N E2500 WRT120N WRT150N WRT160N WRT160NL WRT310N WRT320N WRT350N WRT300N WRT400N WRT600N WRT54G WRT54GL WRT54GS WRTU54G-TM WRT54G-TM WNR834B WGR614 FS116 GS108 GS116 B G N WNR854T WNR1000 WNR2000 WNR3300 WNR3500L,"[[Electronics,Computers & Accessories,Networking Products,Network Adapters,Powerline Network Adapters]]"
1767,92244,Patriot Memory Supersonic Boost XT USB 3.0 8GB Flash Drive (PEF8GSBUSB),"[[Electronics,Computers & Accessories,Data Storage,USB Flash Drives]]"
1768,92257,Tenergy Advanced Universal Charger TN190-4 Channel AA/AAA/C/D/9V Ni-MH Charger with LCD Display and USB Power Outlet,"[[Electronics,Computers & Accessories,Laptop & Netbook Computer Accessories,Chargers & Adapters]]"
1769,92340,"BoxWave Apple iPad Air Smart Sleeve - Slim Fit, Apple Smart Cover Compatible iPad Air TPU Back Case for iPad Air, Front Apple Smart Cover Not Included - LIFETIME WARRANTY - (Jet Black)","[[Electronics,Computers & Accessories,Touch Screen Tablet Accessories,Cases & Sleeves,Cases]]"
1770,92351,"ORICO PVU3-4P USB 3.0 PCI-Express Host Controller Card with 4 Port,PCI-Express to USB 3.0 HUB Controller Adapter Card , Black PCI Edition (4 Port Outside)","[[Electronics,Computers & Accessories,Computer Components,I/O Port Cards,USB Port Cards]]"
1771,92394,16' Protrend PTHDMI16 v1.3 HDMI (M) to HDMI (M) Video/Audio Cable w/Gold-Plated Connectors (Blue),"[[Electronics,Accessories & Supplies,Audio & Video Accessories,Cables & Interconnects,Video Cables,HDMI Cables]]"
1772,92443,ASUS Transformer Prime TF201-B1-GR Eee Pad 10.1-Inch 32GB Tablet (Amethyst Gray),"[[Electronics,Computers & Accessories,Tablets]]"
1773,92473,"TeckNet&reg; 2.5 inch USB 3.0 Hard Drive Disk HDD External Enclosure / Case for 9.5mm 7mm 2.5&quot; SATA HDD and SSD, Tool-free HDD Installation","[[Electronics,Computers & Accessories,Cables & Accessories,Hard Drive Enclosures]]"
1774,92544,Belkin Rockstar Multi Headphone Splitter (Light Green),"[[Electronics,Computers & Accessories,Cables & Accessories,Cables & Interconnects,Ethernet Cables]]"
1775,92562,Fintie 360 Degree Rotating Case Cover Stand for Samsung Galaxy Tab 2 10.1 inch Tablet - Blue,"[[Electronics,Computers & Accessories,Touch Screen Tablet Accessories,Cases & Sleeves,Cases]]"
1776,92584,Polaroid Optics 62mm Multi-Coated UV Protective Filter,"[[Electronics,Camera & Photo,Accessories,Filters & Accessories,Filter Sets]]"
1777,92611,Blackvue DR500GW16G-PMP Wi-Fi Car DVR Black Box Camera Recorder with Power Magic Pro,"[[Electronics,Car & Vehicle Electronics,Car Electronics,Car Safety & Security,Vehicle Backup Cameras]]"
1778,92625,Apple MD862ZM/A Thunderbolt Cable - 0.5 M (NEWEST VERSION),"[[Electronics,Computers & Accessories,Cables & Accessories,Computer Cable Adapters]]"
1779,92635,Noctua 140mm Premium Quiet Quality Case Cooling Fan NF-A14 ULN,"[[Electronics,Computers & Accessories,Computer Components,Fans & Cooling,Case Fans]]"
1780,92745,Rosewill Mechanical Keyboard RK-9000 with Cherry MX Blue Switch (RK-9000),"[[Electronics,Computers & Accessories,Cables & Accessories,Keyboards]]"
1781,92773,Unique Transparent S Shape Protective Case for iPod touch 4G (Solid Black),"[[Electronics,Portable Audio & Video,MP3 Players & Accessories,MP3 Player Accessories,Cases]]"
1782,92860,Apple iPad Mini 16Gb Wi-Fi + 4G LTE Cellular (Factory Unlocked) - White,"[[Electronics,Computers & Accessories,Tablets]]"
1783,92879,Pelican 0915 Black SD Memory Card Protective Case Replaces 0910,"[[Electronics,Computers & Accessories,Cables & Accessories,Memory Cards,Micro SD Cards]]"
1784,92964,Ubiquiti Networks UniFi AP Enterprise WiFi System UAP-3 (Pack of 3),"[[Electronics,Computers & Accessories,Networking Products,Wireless Access Points]]"
1785,93010,"Sennheiser HD 419 Headphones, Black","[[Electronics,Accessories & Supplies,Audio & Video Accessories,Headphones]]"
1786,93036,BOSS Audio P65.4C Phantom 400-watt 4 way auto 6.5&quot; Coaxial Speaker,"[[Electronics,Car & Vehicle Electronics,Car Electronics,Car Audio,Speakers,Coaxial Speakers]]"
1787,93108,WD My Net N900 HD Dual Band Router Wireless N WiFi Router Accelerate HD,"[[Electronics,Computers & Accessories,Routers]]"
1788,93140,BUFFALO 8x USB 2.0 Portable DVD Writer - DVSM-PC58U2VB,"[[Electronics,Computers & Accessories,External Components,Optical Drives,DVD Drives]]"
1789,93203,Thunderbolt to Gigabit Ethernet Adapter,"[[Electronics,Computers & Accessories,Cables & Accessories,Computer Cable Adapters]]"
1790,93229,Intel i7-4930K LGA 2011 64 Technology Extended Memory CPU Processors BX80633I74930K,"[[Electronics,Computers & Accessories,Computer Components,CPU Processors]]"
1791,93235,TriGear TG 500W 500 Watt Step Up Down Voltage Transformer Converter AC 110 / 220 V or 110 / 220 Volt,"[[Electronics,Accessories & Supplies,Batteries, Chargers & Accessories,Power Converters]]"
1792,93236,Outlets To Go Power Strip with USB -  Black,"[[Electronics,Computers & Accessories,Cables & Accessories,Surge Protectors]]"
1793,93240,"Targus Drifter II Backpack for 16-Inch Laptop, Black/Gray (TSB238US)","[[Electronics,Computers & Accessories,Laptop & Netbook Computer Accessories,Bags & Cases,Backpacks]]"
1794,93343,"POV Case 3.0 Small GoPro-edition Black (for HD Hero 1,2 3,3+)","[[Electronics,Camera & Photo,Bags & Cases,Camcorder Cases]]"
1795,93383,Joby GP3 GorillaPod SLR-Zoom Flexible Tripod + BH1 Ball Head with Bubble Level,"[[Electronics,Camera & Photo,Accessories,Accessory Bundles]]"
1796,93390,Medialink Wireless-N Broadband Router with Internal Antenna (150 Mbps) - 2.4GHz - 802.11b/g/n - Compatible with Windows 8 / Windows 7 / Windows Vista / Windows XP / Mac OS X / Linux,"[[Electronics,Computers & Accessories,Routers]]"
1797,93429,NEEWER Auto Digital Slave Flash For Sony/Canon/Nikon/Pentax/T1i/XS/XTI/ XSi &amp; All Cameras,"[[Electronics,Camera & Photo,Flashes,Shoe Mount Flashes]]"
1798,93568,"ViewSonic PJD5134 SVGA DLP Projector, 3000 Lumens,3D Blu-Ray w/HDMI, 120Hz","[[Electronics,Computers & Accessories,Video Projectors]]"
1799,93658,SABRENT 3.5-Inch to SSD / 2.5-Inch HDD Bay Drives Converter (BK-HDDH),"[[Electronics,Computers & Accessories,Cables & Accessories,Hard Drive Enclosures]]"
1800,93719,"Anker&reg; 18W / 3.6A Dual-Port USB Wall Charger / Portable Travel Charger - Simultaneous, full-speed charging(white)","[[Electronics,Portable Audio & Video,MP3 Players & Accessories,MP3 Player Accessories,Chargers,Wall Chargers]]"
1801,93724,Kingston 4 GB microSDHC Class 4 Flash Memory Card SDC4/4GBET,"[[Electronics,Computers & Accessories,Cables & Accessories,Memory Cards,Micro SD Cards]]"
1802,93789,AmazonBasics Large DSLR Gadget Bag (Orange interior),"[[Electronics,Camera & Photo,Bags & Cases]]"
1803,93792,Icy Dock ICYRaid MB662U3-2S Dual bay SuperSpeed USB 3.0 External 3.5&quot; SATA HDD RAID Enclosure,"[[Electronics,Computers & Accessories,Cables & Accessories,Hard Drive Enclosures]]"
1804,93831,SanDisk Cruzer Fit 4GB USB 2.0 Low-Profile Flash Drive- SDCZ33-004G-B35,"[[Electronics,Computers & Accessories,Data Storage,USB Flash Drives]]"
1805,93834,Microvision SHOWWX+ HDMI Laser Pico Projector (AA0123600-020),"[[Electronics,Computers & Accessories,Video Projectors]]"
1806,93992,"StarTech.com PCI Express Wireless N Adapter - 300 Mbps PCIe 802.11 b/g/n Network Adapter Card, 2T2R 2.2 dBi - PCIe Wireless Desktop Card","[[Electronics,Computers & Accessories,Networking Products,Network Adapters,Laptop Network Adapters]]"
1807,94012,Poetic Protective Case for The NEW iPad HD / iPad 2 / iPad 3 /iPad 4 with Built-in Folding Cover Blue - Support Auto Wake/Sleep Function (3 Year Manufacturer Warranty From Poetic),"[[Electronics,Computers & Accessories,Touch Screen Tablet Accessories,Cases & Sleeves,Cases]]"
1808,94118,Professional Kingston MicroSDHC 32GB (32 Gigabyte) Card for Samsung Galaxy S4 Smartphone with custom formatting and Standard SD Adapter. (SDHC Class 4 Certified),"[[Electronics,Computers & Accessories,Cables & Accessories,Memory Cards,Micro SD Cards]]"
1809,94228,"Coby Kyros 10.1-Inch Android 4.0 8 GB 16:9 Capacitive Multi-Touchscreen Widescreen Internet Tablet with Built-In Camera, Black MID1042-8","[[Electronics,Computers & Accessories,Touch Screen Tablet Accessories,Cases & Sleeves,Cases]]"
1810,94291,"Bargains Depot 2 pcs (2 in 1 Bundle Combo Pack) Capacitive Stylus/styli Universal Touch Screen Pen for Tablet PC Computer : Samsung Galaxy Tab 10.1 Inch 16GB 32GB 64GB Tablet, Samsung Galaxy Tab 7 Inch 16GB Tablet, Samsung Galaxy Tab 7.0 - Purple/Pink","[[Electronics,Computers & Accessories,Cables & Accessories,Input Devices,Graphics Tablet Styluses]]"
1811,94322,7&quot; TFT LCD Color 2 Video Input Car RearView Headrest Monitor DVD VCR Monitor With Remote and Stand &amp; Support Rotating The Screen,"[[Electronics,Car & Vehicle Electronics,Car Electronics,Car Video,Overhead Video]]"
1812,94382,Kingston 16 GB Class 10 MicroSD Flash Card SDC10/16GBSP,"[[Electronics,Computers & Accessories,Cables & Accessories,Memory Cards,SD & SDHC Cards]]"
1813,94498,"Flytouch 10.1 VC882 Flytouch/Superpad Google Android 4.0, 4GB HD, 1GB RAM, Cortex A8,WIFI, HDMI, Skype Video Calling &amp;Netflix Movies","[[Electronics,Computers & Accessories,Tablets]]"
1814,94575,MicroVision SHOWWX/SHOWWX+ VGA Dock Adapter,"[[Electronics,Accessories & Supplies,Audio & Video Accessories,Cables & Interconnects]]"
1815,94585,Pyle PL53BL 5.25-Inch 200-Watt Three-Way Speakers (Pair),"[[Electronics,Car & Vehicle Electronics,Car Electronics,Car Audio,Speakers,Coaxial Speakers]]"
1816,94688,"Samsung WI-FI All-Share Cast Hub, Wireless HDMI Display Adapter (Black)","[[Electronics,Television & Video,Streaming Media Players]]"
1817,94690,"PBL Pro Heavy Duty 8' Light Stand, Air Cushioned, for Photo or Video","[[Electronics,Camera & Photo,Lighting & Studio,Lighting,Booms & Stands]]"
1818,94700,"CaseCrown Bold Standby Case (Fuchsia) for iPad 4th Generation with Retina Display, iPad 3 &amp; iPad 2 (Built-in magnet for sleep / wake feature)","[[Electronics,Computers & Accessories,Touch Screen Tablet Accessories,Cases & Sleeves,Cases]]"
1819,94742,Wall Power Adapter - Battery Eliminator for Driveway Patrol Alarms,"[[Electronics,Accessories & Supplies,Batteries, Chargers & Accessories,AC Adapters]]"
1820,94759,"Ctech 360 Degrees Rotating Stand (Blue) Stylish Embossed Flowers Case for iPad 3 / The New iPad (3rd Generation) /iPad 2, Supports Smart Cover Wake/Sleep Function","[[Electronics,Computers & Accessories,Touch Screen Tablet Accessories,Cases & Sleeves,Cases]]"
1821,94875,Kingston SSDNow V Series 128 GB SATA 3 GB/s 2.5- Inch Solid State Drive SNV425-S2/128GB,"[[Electronics,Computers & Accessories,Data Storage,Internal Solid State Drives]]"
1822,94895,Belkin Pivot Wall Mount Surge Protector with 6 Outlets,"[[Electronics,Computers & Accessories,Cables & Accessories,Surge Protectors]]"
1823,94903,New Rockford Fosgate R2 Ultra Shallow 10-Inch 2 Ohm DVC Subwoofer,"[[Electronics,Car & Vehicle Electronics,Car Electronics,Car Audio,Subwoofers,Component Subwoofers]]"
1824,94982,HP x3000 Optical Mouse (H2C22AA#ABL),"[[Electronics,Computers & Accessories,Cables & Accessories,Mice]]"
1825,95128,Square Perfect 8018 10 x 20 Feet Chromakey Blue Screen Muslin Photo/Video Backdrop Background Studio,"[[Electronics,Camera & Photo,Lighting & Studio,Photo Studio,Backgrounds]]"
1826,95132,Nikon D5100 16.2MP CMOS Digital SLR Camera with 18-55mm f/3.5-5.6 AF-S DX VR Nikkor Zoom Lens and Sigma 70-300mm f/4-5.6 SLD DG Macro Lens with built in motor + 16GB Deluxe Accessory Kit,"[[Electronics,Camera & Photo,Digital Cameras,Digital SLR Camera Bundles]]"
1827,95173,StarTech.com 2-Port Flush Mount ExpressCard 54mm SuperSpeed USB 3.0 Card Adapter (ECUSB3S254F),"[[Electronics,Computers & Accessories,Computer Components,I/O Port Cards,USB Port Cards]]"
1828,95258,Case Logic LNEO-10 Ultraportable Neoprene Notebook/iPad Sleeve Fits 9 to 10.2-Inch Tablets (Black),"[[Electronics,Computers & Accessories,Touch Screen Tablet Accessories,Cases & Sleeves]]"
1829,95347,G Shape Earpiece Headset for Motorola MultiPin Radio HT750 HT1250 HT1250LS HT1550 HT1550XLS MT850 MT850LS MT950 MT8250 MT8250LS MT9250 etc.,"[[Electronics,Portable Audio & Video,CB & Two-Way Radios,Accessories,Headsets & Microphones]]"
1830,95477,Satechi USB 4.0 Bluetooth Adapter for Windows XP/Vista/7/8 (32/64 compatible),"[[Electronics,Computers & Accessories,Networking Products,Network Adapters,Bluetooth Network Adapters]]"
1831,95563,Sony VCT-60AV Remote Control Tripod for use with Compatible Sony Camcorders,"[[Electronics,Camera & Photo,Tripods & Monopods,Complete Tripods]]"
1832,95602,"Soft Gel Silicone Skin Case Cover for Apple iPod Touch 4G, 4th Generation (Black)","[[Electronics,Portable Audio & Video,MP3 Players & Accessories,MP3 Player Accessories,Cases]]"
1833,95604,Canon EP-EX15 Eyepiece Extender for EOS Cameras,"[[Electronics,Camera & Photo,Accessories,Batteries & Chargers,Adapters]]"
1834,95691,Neewer 3x Bayonet Mount Ring for Nikon 18-15 18-105 55-200mm Lens,"[[Electronics,Camera & Photo,Accessories,Lens Accessories,Adapters & Converters]]"
1835,95788,"Sylvania SDVD9000B2 9-Inch Portable DVD Player with Car Bag/Kit, Swivel Screen, USB/SD Card Reader, Piano Black Finish","[[Electronics,Television & Video,DVD Players & Recorders]]"
1836,95835,Logitech K360 Wireless Keyboard - Coral Fan,"[[Electronics,Computers & Accessories,Cables & Accessories,Keyboards]]"
1837,95853,PCT-TRS-6 Universal RG-6 Coaxial Locking Compression Connector - 20 Pack,"[[Electronics,Accessories & Supplies,Audio & Video Accessories,Cables & Interconnects,Video Cables,F-Pin-Coaxial Tip]]"
1838,95914,Tronsmart CX-919 RK3188 Quad Core ARM Cortex A9 Android 4.2.2 Mini PC TV Box 2G/8G Black with RJ45 Ethernet Adapter,"[[Electronics,Television & Video,DVD Players & Recorders]]"
1839,96078,"Zeikos ZE-37K 2.5X Telephoto and 0.45X  Super Wide Angle high definition lens set, includes lens pouch, cap covers and adapter rings fits 25/27/28/30/30.5/34/37mm  (Life Time Warranty)","[[Electronics,Camera & Photo]]"
1840,96131,"Wasabi Power Battery Charger for Leica BP-DC10, BP-DC10-E, BP-DC10-U and Leica D-Lux 5, D-Lux 6","[[Electronics,Camera & Photo,Accessories,Batteries & Chargers,Battery Chargers,Camera]]"
1841,96254,Wintec Value MHzCL9 2GB UDIMM Retail 1Rx8 2 Not a Kit (Single) DDR3 1333 (PC3 10600) 240-Pin SDRAM 3VH13339U8-2GR,"[[Electronics,Computers & Accessories,Computer Components,Memory]]"
1842,96341,"Uniden BT-446 Nickel Metal Hydride Rechargeable Cordless Phone Battery, DC 3.6V 800mAh, Genuine Uniden","[[Electronics,Portable Audio & Video,CB & Two-Way Radios,Accessories,Batteries]]"
1843,96415,Asus Z87-A DDR3 1600 LGA 1150 Motherboard,"[[Electronics,Computers & Accessories,Computer Components,Motherboards]]"
1844,96419,Seagate Backup Plus Slim 500GB Portable Hard Drive  with Mobile Device Backup USB 3.0 (STCD500102) - Black,"[[Electronics,Computers & Accessories,Data Storage,External Hard Drives]]"
1845,96510,CrazyOnDigital Ionic Active Sport Armband Case for Apple iPod Nano 7G (Black),"[[Electronics,Portable Audio & Video,MP3 Players & Accessories,MP3 Player Accessories,Armbands]]"
1846,96606,"DC power jack socket charging port for ASUS A52F, A53E, A53S, A53SV, A54C, K52De, K52Dr, K52DY, K52F, K52JB, K52Jc, K52Je, K52JK, K52Jr, K52JT, K52JU, K52JV,K52N, K53E, K53S, K53SV, K54C, K54H, K54HR, K54HY, K54L, K54LY, U52F, U52Jc, X52J, X52F, X54C, X54H, X54HR, X54HY, X54L, X54LY / ADVENT 5301, 5302, 5303,5312, 5421, 5712, 6311, 7109, 7113, 7204, 8117, 8111, 9115, 9415, 9617 / ADVENT Modena M100, M201 / PLUT MOTION LE1600, LE1700 / FUJITSU SIEMENS AMILO A1650, A1650G, Li1718, M1405, M1424, M1425, M1437, M1437G, M1439, M1439G, M1667G, M3438, M3438G, M7405, MS2212, Pi1536, Pi2515, Pi2550, Pi2540, V2040 / IBM X40, X41 / ALIENWARE AREA-51, M5700, M3200, M5550 / E-SYSTEM EI3103 / Hi-Grade Notino L100","[[Electronics,Computers & Accessories,Computer Components,Power Supplies]]"
1847,96727,"Replace Battery Now 6 Cell 4400mAh/49Wh Li Ion Brand New High Capacity Laptop Notebook Replacement Battery for Compaq Presario CQ40,Compaq Presario CQ45,Compaq Presario CQ50,Compaq Presario CQ60,Compaq Presario CQ70,HP G50,HP G60,HP G70,HP HDX16,HP Pavilion DV4,HP Pavilion DV5,HP Pavilion DV6","[[Electronics,Computers & Accessories,Laptop & Netbook Computer Accessories,Batteries]]"
1848,96740,SanDisk Cruzer Blade 16GB USB 2.0 Flash Drive- SDCZ50-016G-AFFP,"[[Electronics,Computers & Accessories,Data Storage,USB Flash Drives]]"
1849,96816,"EEEKit Starter Kit for Microsoft Surface RT Tablet Accessory Bundle, 4 Port USB 2.0 Black + 2.4G Wireless Mouse Black + Stylus Pen + Micro HDMI to HDMI Cable 6 Feet","[[Electronics,Computers & Accessories,Touch Screen Tablet Accessories,Bundles]]"
1850,96859,LG 32LD350 32-Inch 1080i/720p 60 Hz LCD HDTV (2010 Model),"[[Electronics,Television & Video,Televisions,LCD TVs]]"
1851,96866,Skullcandy Ink'd In-Ear Headphones (S2INBL-SZ) - Silver,"[[Electronics,Accessories & Supplies,Audio & Video Accessories,Headphones]]"
1852,96882,ZOTAC GeForce GT 640 - graphics card - GF GT 640,"[[Electronics,Computers & Accessories,Computer Components,Graphics Cards]]"
1853,96916,Supermicro Motherboard uATX DDR3 1600 LGA 1150 MBD-X10SLH-F-O,"[[Electronics,Computers & Accessories,Computer Components,Motherboards]]"
1854,97047,Compucage Core 2 iPad Mini and all 7-8 inch Tablet Security System,"[[Electronics,Computers & Accessories,Touch Screen Tablet Accessories,Cases & Sleeves]]"
1855,97087,AmazonBasics Wall Charger with USB Outlet (2.1 Amp Output),"[[Electronics,Portable Audio & Video,MP3 Players & Accessories,MP3 Player Accessories,Chargers]]"
1856,97134,"HP Pavilion G6-2235us 15.6&quot; Laptop (2.7 GHz AMD A6-4400M Accelerated Processor, 4GB RAM, 750GB Hard Drive, SuperMulti DVD Burner, Windows 8)","[[Electronics,Computers & Accessories,Laptops]]"
1857,97137,Optical Quantum OQBDR04LT 4X 25 GB BD-R Single Layer Blu-Ray Recordable Logo Top 25-Disc Spindle,"[[Electronics,Accessories & Supplies,Blank Media,BD-R Discs]]"
1858,97146,Mediabridge USB 2.0 - Micro-USB to USB Cable (10 Feet) - High-Speed A Male to Micro B with Gold-Plated Connectors,"[[Electronics,Computers & Accessories,Cables & Accessories,Cables & Interconnects,USB Cables]]"
1859,97282,"Bobj Advanced Heavy Duty Case for iPad 4 , iPad 3 , iPad 2 (not for iPad Air) - BobjGear protective cover - Rockin' Raspberry","[[Electronics,Computers & Accessories,Touch Screen Tablet Accessories,Cases & Sleeves,Cases]]"
1860,97408,"TP-LINK TL-SG1005D 10/100/1000Mbps 5-Port Gigabit Desktop Switch, 10Gbps Capacity","[[Electronics,Computers & Accessories,Networking Products,Switches]]"
1861,97439,BIRUGEAR 3-Pack Premium HD Crystal Clear LCD Screen Protector for LG G Pad 8.3 - 8.3'' Android Tablet,"[[Electronics,Computers & Accessories,Touch Screen Tablet Accessories,Screen Protectors]]"
1862,97475,Sony DSC-HX300 20.4MP Digital Camera with 50x Optical Zoom and 3-Inch LCD in Black + Sony 32GB SDHC + Wasabi NP-BX1 Battery &amp; Charger + Camera Case + Micro HDMI Cable + Accessory Kit,"[[Electronics,Camera & Photo,Accessories,Digital Camera Accessories,Accessory Kits]]"
1863,97529,Logitech HD Portable 1080p Webcam C615 with Autofocus,"[[Electronics,Computers & Accessories,Computer Components]]"
1864,97558,"Polaroid Camera LCD Glass Screen Protective Cover For The Nikon SLR V1, J1, D5100, D3100, D3000, D3200, D7000, D90, D3X, D700, D3, D300, D300s, D3s Digital Camera","[[Electronics,Camera & Photo,Accessories,Digital Picture Frame Screen Protector Foils]]"
1865,97613,StarTech.com VGA HD15 Slimline Gender Changer - M/M (GC15HSM),"[[Electronics,Accessories & Supplies,Audio & Video Accessories,Connectors & Adapters]]"
1866,97694,"Cable Matters 25 Pack, Cat6 RJ-45 Keystone Jack in White","[[Electronics,Computers & Accessories,Cables & Accessories,Cables & Interconnects,Ethernet Cables]]"
1867,97724,OCZ Technology 128GB Vertex 4 Series SATA 6.0 GB/s 2.5-Inch Solid State Drive (SSD) With Industry's Highest 120K IOPS And 5-Year Warranty - VTX4-25SAT3-128G,"[[Electronics,Computers & Accessories,Data Storage,Internal Solid State Drives]]"
1868,97776,Cyberpower CPS-1215RMS Rackmount PDU Power/Surge Strip - 12-Outlet 15A 1800VA 1800 Joules,"[[Electronics,Accessories & Supplies,Batteries, Chargers & Accessories,PDUs]]"
1869,97822,Incase CL57419 Neoprene Sleeve Plus for MacBook Pro 15&quot; (Soft Green),"[[Electronics,Computers & Accessories,Laptop & Netbook Computer Accessories,Bags & Cases,Sleeves & Slipcases]]"
1870,97930,heatpast NOCTUA NT-H1,"[[Electronics,Computers & Accessories,Computer Components,Fans & Cooling,Heatsinks]]"
1871,97938,"ViewSonic VA2446M-LED 24-Inch LED-Lit LCD Monitor, Full HD 1080p, DVI/VGA, Speakers, VESA","[[Electronics,Computers & Accessories,Monitors]]"
1872,98010,"Photive Original LP-E8 Ultra High Capacity Li-ion Battery For Canon T5i, T4i ,T3i and T2i (Canon LP-E8 Replacement)","[[Electronics,Camera & Photo,Accessories,Batteries & Chargers,Batteries,Camera Batteries]]"
1873,98074,Arctic Silver 5 Thermal Compound 3.5 Grams,"[[Electronics,Computers & Accessories,Computer Components,Fans & Cooling,Heatsinks]]"
1874,98148,UpBright&reg; New AC Adapter For No! No! NoNo Hair Removal System Model 8800 DC Power Supply Cord Cable PS Wall Charger Mains PSU,"[[Electronics,Accessories & Supplies,Batteries, Chargers & Accessories,AC Adapters]]"
1875,98150,Canon VIXIA HF M500 Full HD 10x Image Stabilized Camcorder with One SDXC Card Slot and 3.0 Touch  LCD,"[[Electronics,Camera & Photo,Video,Camcorders]]"
1876,98163,EVGA GeForce GTX 650 1024MB GDDR5 DVI mHDMI Graphics Card 01G-P4-2650-KR,"[[Electronics,Computers & Accessories,Computer Components,Graphics Cards]]"
1877,98242,"GE Power Pro X500-BK 16 MP with 15 x Optical Zoom Digital Camera, Black","[[Electronics,Camera & Photo,Digital Cameras,Point & Shoot Digital Cameras]]"
1878,98259,Roku 2 XD Streaming Player 1080p (Old Model),"[[Electronics,Television & Video,Streaming Media Players]]"
1879,98306,Logitech M305 Wireless Mouse (Silver),"[[Electronics,Computers & Accessories,Cables & Accessories,Mice]]"
1880,98326,Jaybird Freedom Stereo Bluetooth Earbuds with Secure Fit-Bluetooth Headset - Retail Packaging - Midnight Black,"[[Cell Phones & Accessories,Accessories,Headsets,Bluetooth Headsets],[Electronics,Accessories & Supplies,Audio & Video Accessories,Headphones]]"
1881,98455,"Mediabridge ULTRA Series HDMI Cable (6 Feet) - High-Speed Supports Ethernet, 3D and Audio Return [Newest Standard]","[[Electronics,Accessories & Supplies,Audio & Video Accessories,Cables & Interconnects,Video Cables,HDMI Cables]]"
1882,98469,"25 Piece Advanced Lens Package For The Nikon 1 AW1 J1 J2 V1 V2 S1 J3 Mirrorless Digital Cameras Includes 0.43X HD2 Wide Angle Panoramic Macro Fisheye Lens + 2.2x HD AF Telephoto Lens + 3 Piece Pro Filter Kit (UV, CPL, FLD) + 6 Piece Multi-Colored Graduated Filter Set + 5 PC Close-Up Set (+1, +2,+4 with 10X Macro Lens) + Flower Lens Hood + Deluxe Lens Cleaning Kit + 5PC Lens Cleaning Pen + Snap On Lens Cap + Air Blower Cleaner + Lens Cap Keeper Holder + LCD Screen Protectors + Mini Tripod + 47stphoto Microfiber Cloth + $50 Photo Print Gift Card!","[[Electronics,Camera & Photo,Lenses,Camera & Camcorder Lens Bundles]]"
1883,98492,VM Audio VMHS512 600W 5.1 Home Multi Media Surround Sound Speakers System USB/SD,"[[Electronics,Home Audio,Stereo Components,Speakers,Speaker Systems]]"
1884,98558,Macally USB Slim Keyboard - ICEKEY,"[[Electronics,Computers & Accessories,Cables & Accessories,Keyboards]]"
1885,98570,"Photive Battery Grip for Canon EOS Rebel T5i, T4i, T3i, T2i (Replaces Canon BG-E8) PH-GRP550D","[[Electronics,Camera & Photo,Accessories,Digital Camera Accessories,Battery Grips]]"
1886,98600,RHA MA750 Noise Isolating Premium In-Ear Headphone- 3 Year Warranty,"[[Electronics,Accessories & Supplies,Audio & Video Accessories,Headphones]]"
1887,98635,Cable Matters Ultimate Series High Speed HDMI Cable with Ethernet in Black 10 Feet - 3D and 4K Resolution Ready,"[[Electronics,Accessories & Supplies,Audio & Video Accessories,Cables & Interconnects,Video Cables,HDMI Cables]]"
1888,98707,Scosche Universal Speaker Harness for 1991-Up Nissan,"[[Electronics,Car & Vehicle Electronics,Vehicle Electronics Accessories]]"
1889,98876,HP ENVY dv6-7245us AMD Quad-Core A10-4600M 2.30GHz Notebook PC,"[[Electronics,Computers & Accessories,Laptops]]"
1890,98951,"BBP DSLR Camera Insert, Make Your Own Camera Bag - Orange","[[Electronics,Camera & Photo,Bags & Cases,Bag & Case Accessories]]"
1891,98966,"CableWholesale 6-Feet RG58 AU Stranded BNC Cable, Braided (10X1-01106)","[[Electronics,Accessories & Supplies]]"
1892,98993,Cisco Model DPC3010 DOCSIS 3.0 8x4 Cable Modem - Cable modem - external - Hi-Speed USB / Gigabit E -,"[[Electronics,Computers & Accessories,Networking Products,Modems]]"
1893,99074,"Satechi Smart Travel Adapter with USB Port for charging iOS, Android, Windows, Blackberry, MP3 devices, and more in US, CA, MX, UK, EU, AU, NZ, HK, and China (Basic)","[[Electronics,Accessories & Supplies,Batteries, Chargers & Accessories,AC Adapters]]"
1894,99115,eForCity 2 packs Reusable Screen Protectors Compatible with Samsung&copy; Galaxy Tab 2/ 10.1/ P5100/ P5110,"[[Electronics,Computers & Accessories,Touch Screen Tablet Accessories,Screen Protectors]]"
1895,99167,Microsoft Comfort Curve Keyboard 3000,"[[Electronics,Computers & Accessories,Cables & Accessories,Keyboards]]"
1896,99189,ePhoto High Quality New Speedlite Cold Shoe Hotshoe 1/4 Screw to Flash Hot Shoe Mount Adapter Nikon Canon H6800R,"[[Electronics,Camera & Photo,Accessories,Flash Accessories,Shoe Mounts]]"
1897,99219,Garmin 010-01031-00 GTM 60 HD Digital Traffic Receiver,"[[Electronics,GPS & Navigation,GPS System Accessories,Traffic Message Channel (TMC) Receiver Modules]]"
1898,99222,"Samsung Chromebook (Wi-Fi, 11.6-Inch) 2012 Model","[[Electronics,Computers & Accessories,Laptops]]"
1899,99271,Polaroid GL10 Instant 3X4 Mobile Printer for Digital Cameras and Smart Camera Phones,"[[Electronics,Camera & Photo,Printers & Scanners,Portable Photo Printers]]"
1900,99277,"Aurum Cables High Speed HDMI Cable 26 AWG (50 Ft) - Supports 3D, Ethernet and Audio Return [Newest Standard]","[[Electronics,Accessories & Supplies,Audio & Video Accessories,Cables & Interconnects,Video Cables,HDMI Cables]]"
1901,99387,"Cowboystudio NPT-04, 4 Channel Wireless Hot Shoe Flash Trigger Receiver for Sony Alpha Digital lSLR Camera and Sony Flash","[[Electronics,Camera & Photo]]"
1902,99391,Thermaltake V4 Black Edition VM30001W2Z No PS Mid Tower Case (Black),"[[Electronics,Computers & Accessories,Computer Components,Computer Cases]]"
1903,99476,Sony HTCT260 Sound Bar Home Theater System (Discontinued by Manufacturer),"[[Electronics,Home Audio,Stereo Components,Speakers,Soundbar Speakers]]"
1904,99565,Pofung BF-S112 Two Way Radio Speaker,"[[Electronics,Portable Audio & Video,CB & Two-Way Radios,Accessories,Headsets & Microphones]]"
1905,99584,Sony MSX-512N 512 MB High Speed Memory Stick PRO Media (Retail Package),"[[Electronics,Computers & Accessories,Cables & Accessories,Memory Cards,Memory Sticks]]"
1906,99650,Brainwavz S1 In Ear Headphones,"[[Electronics,Accessories & Supplies,Audio & Video Accessories,Headphones]]"
1907,99770,Opteka RFT-40 Remote Shutter Release &amp; Wireless Flash/Light Trigger Combo,"[[Electronics,Camera & Photo,Accessories,Remote Controls]]"
1908,99836,SainSonic Multi-Function Car MP3 Player (Blue Display),"[[Electronics,Portable Audio & Video,MP3 Players & Accessories,MP3 Player Accessories,FM Transmitters]]"
1909,99927,AGPtek&reg; Wireless Backup CMOS Wide Angle License Plate Camera With 7 LED Night Vision + 4.3&quot; TFT LCD Rear View Mirror Monitor Screen,"[[Electronics,Car & Vehicle Electronics,Car Electronics,Car Safety & Security,Vehicle Backup Cameras]]"
1910,99944,HP Wireless Elite Keyboard,"[[Electronics,Computers & Accessories,Cables & Accessories,Keyboards]]"
1911,99958,WD My Passport Essential SE 1 TB USB 3.0/2.0 Ultra Portable External Hard Drive (Silver),"[[Electronics,Computers & Accessories,Data Storage,External Hard Drives]]"
1912,100033,Lite-On Super AllWrite 24X SATA DVD+/-RW Dual Layer Drive - Bulk - IHAS124-04 (Black),"[[Electronics,Computers & Accessories,Computer Components,Internal Optical Drives,Internal DVD Drives]]"
1913,100071,Canopy 2-Year MP3 Accidental Protection Plan ($0-$50),"[[Electronics,Electronics Warranties]]"
1914,100109,Patuoxun MHL Micro USB to HDMI HDTV Adapter for Samsung Galaxy S3 SIII i9300 - 2 Meters,"[[Electronics,Accessories & Supplies,Audio & Video Accessories,Cables & Interconnects,Video Cables,HDMI Cables]]"
1915,100314,BenQ 1ms GTG XL2720Z 27-inch High Performance LED Gaming Monitor,"[[Electronics,Computers & Accessories,Monitors]]"
1916,100366,NETGEAR ProSAFE 5-Port Fast Ethernet Desktop Switch (FS105),"[[Electronics,Computers & Accessories,Networking Products,Switches]]"
1917,100515,"iMBAPrice&reg; 3 Feet(Ft) Micro USB SYNC Cable for Google Phone(Nexus 10, Nexus 7, Nexus 5, Nexus One) - Black","[[Electronics,Computers & Accessories,Cables & Accessories,Cables & Interconnects,USB Cables]]"
1918,100609,"AmazonBasics High-Speed A to C Type, HDMI to Mini-HDMI Cable with Ethernet (6.5 Feet/2 Meters)","[[Electronics,Accessories & Supplies,Audio & Video Accessories,Cables & Interconnects,Video Cables,HDMI Cables]]"
1919,100699,"WD Black 160 GB Mobile Hard Drive: 2.5 Inch, 7200 RPM, SATA II, 16 MB Cache, 5 Year Warranty - WD1600BEKT","[[Electronics,Computers & Accessories,Data Storage,Internal Hard Drives]]"
1920,100764,Canon ES-62 Lens Hood for EF 50mm f/1.8 II (w/ hood adapter 62),"[[Electronics,Camera & Photo,Accessories,Lens Accessories,Lens Hoods]]"
1921,100813,Replacement AC Adapter ADPT40 for Healthometer 349KLX Scale,"[[Electronics,Accessories & Supplies,Batteries, Chargers & Accessories,AC Adapters]]"
1922,100825,Pioneer TS-W304R 12-Inch Component Subwoofer with 1300 Watts Max Power,"[[Electronics,Car & Vehicle Electronics,Car Electronics,Car Audio,Subwoofers,Component Subwoofers]]"
1923,100862,Samsung BD-C6500 1080p Blu-ray Disc Player (2010 Model),"[[Electronics,Television & Video,Blu-ray Players & Recorders,Blu-ray Players]]"
1924,100935,"Chromo Inc.&reg; 160 LED CI-160 Dimmable Ultra High Power Panel Digital Camera / Camcorder Video Light, LED Light for Canon, Nikon, Pentax, Panasonic,SONY, Samsung and Olympus Digital SLR Cameras","[[Electronics,Camera & Photo,Lighting & Studio,Lighting,On-Camera Video Lights]]"
1925,100989,SANOXY&reg; 4 in 1 Mini USB 2.0 Memory Card Reader Writer SD MINISD MMC MOBILE RSMMC,"[[Electronics,Computers & Accessories,Cables & Accessories,Memory Card Readers]]"
1926,101132,Crucial 4 GB kit (2 GB x 2) DDR3 1066 MT/s (PC3-8500) CL7 SODIMM 204-Pin for Mac (CT2C2G3S1067M),"[[Electronics,Computers & Accessories,Computer Components,Memory]]"
1927,101157,"Ambient Weather WR-089 Compact Emergency Solar Hand Crank AM/FM/NOAA Weather Radio, Flashlight, Smart Phone Charger with Cables","[[Electronics,Portable Audio & Video,Radios,Weather Radios]]"
1928,101165,IBM Lenovo IdeaPad Yoga Slim 65W Replacement AC Adapter for Lenovo IdeaPad Yoga 13 Series Notebook,"[[Electronics,Computers & Accessories,Laptop & Netbook Computer Accessories,Chargers & Adapters]]"
1929,101359,Samsung S24C750P 24-Inch Screen LED Monitor,"[[Electronics,Computers & Accessories,Monitors]]"
1930,101377,SanDisk SDCFH-004G-A11 4GB 30MB/s ULTRA CF Card (US Retail Package),"[[Electronics,Computers & Accessories,Cables & Accessories,Memory Cards,CompactFlash Cards]]"
1931,101402,RJ45 Coupler F-F Straight,"[[Electronics,Computers & Accessories,Cables & Accessories,Cables & Interconnects,Ethernet Cables]]"
1932,101438,Skque Premium Clear Crystal Screen Protector for Acer Iconia Tab A500-10S16u 10.1-Inch Tablet Computer (3 Packs ),"[[Electronics,Computers & Accessories,Touch Screen Tablet Accessories,Screen Protectors]]"
1933,101448,Tech Armor Kindle Fire HD 7 Inch (2013 Latest Release) Antiglare Screen Protector 3-Pack,"[[Electronics,Computers & Accessories,Touch Screen Tablet Accessories,Screen Protectors]]"
1934,101489,GTMax Keyboard Silicone Skin Cover,"[[Electronics,Computers & Accessories,Laptop & Netbook Computer Accessories,Skins & Decals],[Electronics,Portable Audio & Video]]"
1935,101526,"ADATA DashDrive 16GB Flash Drive with USB 3.0, Waterproof, Shock-Resistant and LED, Red (AS107-16G-RRD)","[[Electronics,Computers & Accessories,Data Storage,USB Flash Drives]]"
1936,101545,Corsair Vengeance 8GB (1x8GB) DDR3 1600 MHz (PC3 12800) Desktop Memory (CMZ8GX3M1A1600C10),"[[Electronics,Computers & Accessories,Computer Components,Memory]]"
1937,101591,ArmorSuit MilitaryShield - Microsoft Surface 2 Ultra Clear Screen Protector + Lifetime Replacements,"[[Electronics,Computers & Accessories,Touch Screen Tablet Accessories,Screen Protectors]]"
1938,101643,AMD FD8350FRHKBOX FX-8350  FX-Series 8-Core Black Edition,"[[Electronics,Computers & Accessories,Computer Components,CPU Processors]]"
1939,101688,WARN 85338 1.5&quot; - 2&quot; Universal Swivel Light Mounts,"[[Electronics,Accessories & Supplies,Audio & Video Accessories,TV Accessories & Parts,TV Ceiling & Wall Mounts]]"
1940,101754,Lexar Professional Workflow XR1 XQD/USB 3.0 Reader LRWXR1RBNA,"[[Electronics,Computers & Accessories,Cables & Accessories,Memory Card Readers]]"
1941,101786,"Infinity Kappa 693.9I 3-Way, 6 x 9 Inches Co-Axial Loudspeaker - Set of 2","[[Electronics,Car & Vehicle Electronics,Car Electronics,Car Audio,Speakers,Coaxial Speakers]]"
1942,101810,"Toshiba DVR670/DVR670KU DVD/VHS Recorder with Built in Tuner, Black","[[Electronics,Television & Video,DVD Players & Recorders]]"
1943,101840,Canon EF 85mm f/1.8 USM Medium Telephoto Lens for Canon SLR Cameras,"[[Electronics,Camera & Photo,Lenses,Camera Lenses,Digital Camera Lenses]]"
1944,101976,Corsair Obsidian Series Black 650D Mid Tower Computer Case (CC650DW-1),"[[Electronics,Computers & Accessories,Computer Components,Computer Cases]]"
1945,102005,Opteka VB-20 Heavy Duty Video Light/Microphone Dual Cold Shoe Splitter Bracket,"[[Electronics,Camera & Photo,Accessories,Flash Accessories,Camera Brackets]]"
1946,102100,&quot;SMA&quot; to &quot;PL-259&quot; Adapter Cable,"[[Electronics,Computers & Accessories,Cables & Accessories,Computer Cable Adapters]]"
1947,102155,Taiyo Yuden/JVC - 100 x DVD-R ( G ) - 4.7 GB 8x - ink jet printable surface - storage media,"[[Electronics,Accessories & Supplies,Blank Media,DVD-R Discs]]"
1948,102185,XShot XSP2 Pocket Camera Extender,"[[Electronics,Camera & Photo,Accessories,Professional Video Accessories]]"
1949,102401,Western Digital 320GB Scorpio Blue SATAII 5400RPM 2.5IN 8MB Bulk/OEM Hard Drive WD3200BEVT,"[[Electronics,Computers & Accessories,Data Storage,Internal Hard Drives]]"
1950,102412,"Importer520 BLUE 100FT CAT5 RJ45 PATCH ETHERNET NETWORK CABLE 100' For PC, Mac, Laptop, PS2, PS3, XBox, and XBox 360 to hook up on high speed internet from DSL or Cable internet.","[[Electronics,Computers & Accessories,Cables & Accessories,Cables & Interconnects,Ethernet Cables]]"
1951,102426,Opteka MCH-25 Multi Camera Carrier Harness Holster System for DSLR Cameras,"[[Electronics,Camera & Photo,Bags & Cases,Camera Cases]]"
1952,102431,"Cooler Master Sleeve Bearing 120mm Silent Fan for Computer Cases, CPU Coolers, and Radiators (Value 4-Pack)","[[Electronics,Computers & Accessories,Computer Components,Fans & Cooling,Case Fans]]"
1953,102495,Kuzy - Retina 13-Inch BLACK Rubberized Hard Case for MacBook Pro 13.3&quot; with Retina Display A1502 / A1425 (NEWEST VERSION) Shell Cover - BLACK,"[[Electronics,Computers & Accessories,Laptop & Netbook Computer Accessories,Bags & Cases,Folio Cases]]"
1954,102537,Acase iPad Mini 2 Screen Protector CLEAR Invisible Film for Apple iPad Mini 2 with Retina Display / Apple iPad Mini - (2 Packs),"[[Electronics,Computers & Accessories,Touch Screen Tablet Accessories,Screen Protectors]]"
1955,102601,Samsung BD-F7500 4K Upscaling 3D Wi-Fi Blu-ray Disc Player,"[[Electronics,Television & Video,Blu-ray Players & Recorders,Blu-ray Players]]"
1956,102651,Polaroid 50-inch Photo / Video Travel Tripod Includes Deluxe Tripod Carrying Case For Digital Cameras &amp; Camcorders,"[[Electronics,Camera & Photo,Tripods & Monopods,Complete Tripods]]"
1957,102682,JVC KDX250BT Digital Media Receiver Bluetooth Front USB-AUX,"[[Electronics,Car & Vehicle Electronics,Car Electronics,Car Audio,Digital Media Receivers]]"
1958,102717,MonoPrice Speaker Stand - Black (SS-01) - Set of 2,"[[Electronics,Accessories & Supplies]]"
1959,102880,"CowboyStudio Single Flash Shoe Swivel Bracket Kit with 1 Mounting Bracket, 1 Umbrella, and 1 Stand Stand","[[Electronics,Camera & Photo,Lighting & Studio,Photo Studio,Backgrounds]]"
1960,102915,"CaseCrown Oxford Zip Case for iPad 4th Generation with Retina Display, iPad 3 and iPad 2 - Brown","[[Electronics,Computers & Accessories,Touch Screen Tablet Accessories,Cases & Sleeves,Cases]]"
1961,102924,AFUNTA Hdmi Cable Adapters Kit (6 Adapters),"[[Electronics,Computers & Accessories,Laptop & Netbook Computer Accessories,Chargers & Adapters]]"
1962,102955,"AMD Athlon 5350 APU, 2.05Ghz,  AD5350JAHMBOX","[[Electronics,Computers & Accessories,Computer Components,CPU Processors]]"
1963,102994,SanDisk 8GB SDHC Memory Card (RETAIL PACKAGE),"[[Electronics,Computers & Accessories,Cables & Accessories,Memory Cards,SD & SDHC Cards]]"
1964,103010,"EasyAcc&reg; 12000mAh Power Bank 4 USB 3.5A Output Portable Charger High Capacity External Battery Pack for iPhone iPad Samsung Galaxy Android Phone Smartphone Tablets Pc GoPro - Output: 0.5A ~ 2.1A, Black","[[Cell Phones & Accessories,Accessories,Batteries,External Battery Packs],[Cell Phones & Accessories,Accessories,Chargers,Travel Chargers],[Cell Phones & Accessories,Cases,Basic Cases],[Electronics,Computers & Accessories,Touch Screen Tablet Accessories,Chargers & Adapters]]"
1965,103023,"SUPCASE New Google Nexus 7 FHD 2nd Generation Tablet Slim Hard Shell Leather Case with Auto Wake/Sleep - Black, Multi-Angle Viewing, Business Card Holder","[[Cell Phones & Accessories,Cases,Basic Cases],[Electronics,Computers & Accessories,Touch Screen Tablet Accessories,Cases & Sleeves,Cases]]"
1966,103037,GoPro Limited Edition Battery BacPac,"[[Electronics,Camera & Photo,Accessories,Batteries & Chargers,Batteries,Camcorder Batteries]]"
1967,103113,Pandamimi ULAK(TM) Hybrid 3 Layer Hard Case Cover with Silicone Shell Inside Case for Apple iPod Touch Generation 5 + Stylus + Screen Protector,"[[Cell Phones & Accessories,Accessories,Screen Protectors],[Electronics,Portable Audio & Video,MP3 Players & Accessories,MP3 Player Accessories,Cases]]"
1968,103192,Metra 70-1782 Radio Wiring Harness for Geo/Isuzu 85-01 Power/4 Speaker,"[[Electronics,Car & Vehicle Electronics,Vehicle Electronics Accessories]]"
1969,103203,"Rosewill Micro-ATX Mini Tower Computer Case with Dual USB 3.0, Dual Fans and 12.5-Inch Card LINE-M Black","[[Electronics,Computers & Accessories,Computer Components,Computer Cases]]"
1970,103226,Nikon 18-140mm f/3.5-5.6G ED VR AF-S DX NIKKOR Zoom Lens,"[[Electronics,Camera & Photo,Lenses,Camera Lenses]]"
1971,103285,Apple iPod nano 16 GB Pink (6th Generation) OLD MODEL,"[[Electronics,Portable Audio & Video,MP3 Players & Accessories,MP3 Players]]"
1972,103298,NABI FUHUNABI-A 7-Inch 4 GB Tablet,"[[Electronics,Computers & Accessories,Tablets]]"
1973,103324,Nikon EN-EL14 Rechargeable Li-Ion Battery for Select Nikon DSLR Cameras (Retail Package),"[[Electronics,Camera & Photo,Accessories,Batteries & Chargers,Batteries,Camera Batteries]]"
1974,103529,Dell XPS M1330 65 Watt AC Adapter PA-21 Family - HR763,"[[Electronics,Computers & Accessories,Laptop & Netbook Computer Accessories,Chargers & Adapters]]"
1975,103593,"TRENDnet USB 2.0 to 10/100 Fast Ethernet LAN Wired Network Adapter for Macbook, Chromebook, Windows 8.1 and Earlier, Wii, Wii U, Linux, and Specific Android Tablets, ASIX AX88772A Chipset, TU2-ET100","[[Electronics,Computers & Accessories,Networking Products,Network Adapters,USB Network Adapters]]"
1976,103682,Mediabridge Coaxial Digital Audio/Video Cable (25 Feet) - Triple Shielded F-Pin to F-Pin with Easy Grip Connector Caps - Black,"[[Electronics,Accessories & Supplies,Audio & Video Accessories,Cables & Interconnects,Video Cables,F-Pin-Coaxial Tip]]"
1977,103707,Metra 40-GM10 GM Antenna Adapter,"[[Electronics,Car & Vehicle Electronics,Vehicle Electronics Accessories,Audio & Video Accessories,Antennas]]"
1978,103750,Neewer TT560 Flash Speedlite for Canon Nikon Sony Panasonic Olympus Fujifilm Pentax Sigma Minolta Leica and Other SLR Digital SLR Film SLR Cameras and Digital Cameras with single-contact Hot Shoe,"[[Electronics,Camera & Photo,Flashes,Shoe Mount Flashes]]"
1979,103773,Sapphire Radeon VAPOR-X R9 280X 3GB GDDR5 DVI-I/DVI-D/HDMI/DP OC Version (UEFI) PCI-Express Graphics Card 11221-02-40G,"[[Electronics,Computers & Accessories,Computer Components,Graphics Cards]]"
1980,103820,"SanDisk Cruzer 4GB USB 2.0 Flash Drive, Frustration-Free Packaging- SDCZ36-004G-AFFP","[[Electronics,Computers & Accessories,Data Storage,USB Flash Drives]]"
1981,103864,Blurex Slim Case for the Samsung Galaxy Note 8.0 with a Multi-Angle Stand,"[[Electronics,eBook Readers & Accessories,Covers]]"
1982,103879,RiteAV - Cat5e Network Ethernet Cable - Blue - 50 ft.,"[[Electronics,Computers & Accessories,Cables & Accessories,Cables & Interconnects,Ethernet Cables]]"
1983,103973,"C2G / Cables to Go 27142 Cat6 Snagless Unshielded (UTP) Network Patch Cable, Blue (7 Feet/2.13 Meters)","[[Electronics,Computers & Accessories,Cables & Accessories,Cables & Interconnects,Ethernet Cables]]"
1984,104048,WD My Passport Ultra 2TB Portable External USB 3.0 Hard Drive with Auto Backup - Black,"[[Electronics,Computers & Accessories,Data Storage,External Hard Drives]]"
1985,104176,GTMax 2-Pack Premium HD Guard Film Clear LCD Screen Protector for Lenovo IdeaTab A1000 7'' / 7 Inch Android Tablet with Microfiber Cloth,"[[Electronics,Computers & Accessories,Touch Screen Tablet Accessories,Screen Protectors]]"
1986,104289,ZAGG Cover Case with Backlit Bluetooth Keyboard  for iPad Air-White,"[[Electronics,Computers & Accessories,Touch Screen Tablet Accessories,Cases & Sleeves,Cases]]"
1987,104415,"2-piece of Super High Resolution Hdmi 2m (6 Feet) Accessory Bundle for Hdtv, Plasma, Lcd, Ps3, DVD Players, Satellite &amp; Cable Boxes","[[Electronics,Accessories & Supplies,Audio & Video Accessories,Cables & Interconnects,Video Cables,HDMI Cables]]"
1988,104512,Microsoft Surface Touch Cover Keyboard | Black,"[[Electronics,Computers & Accessories,Cables & Accessories,Keyboards]]"
1989,104518,2GB Memory RAM for Toshiba Mini NB305-N410BN (DDR2) Notebook by Arch Memory,"[[Electronics,Computers & Accessories,Computer Components,Memory]]"
1990,104547,Intel Network 6235AN.HMWWB Centrino WiFi Card Half Mini PCI Express Advanced-N 6235 Dual Band Bluetooth,"[[Electronics,Computers & Accessories,Computer Components,Network Cards]]"
1991,104551,Ravelli APGL3 Professional 66-inch Three Axis Head Camera Video Photo Tripod with Quick Release Plate and Carry Bag,"[[Electronics,Camera & Photo,Tripods & Monopods,Complete Tripods]]"
1992,104571,Canon PowerShot A2300 16.0 MP Digital Camera with 5x Optical Zoom (Silver),"[[Electronics,Camera & Photo,Digital Cameras,Point & Shoot Digital Cameras]]"
1993,104625,Polaroid Studio Series 58mm Lens Hood With Exclusive Pushbutton Mounting System - no more 'screwing around&quot; With Old Fashioned Threaded Hoods,"[[Electronics,Camera & Photo,Accessories,Lens Accessories,Lens Hoods]]"
1994,104715,"Opteka EN-EL9 EL9 Replacement Vertical Battery Grip for the Nikon D40x, D40, D60, D3000 &amp; D5000 Replacement Battery Packs (2000mAh Each 4000mAh in Total) + 1 Hour AC/DC Rapid Battery Charger + Wireless Shutter Release Remote Control + Leather Stabilizing Hand Grip Strap + 60 Inch Professional Tripod + Deluxe Lens Cleaning Kit + LCD Screen Potectors + Mini Tripod + 47stphoto Microfiber Cloth + $50 Photo Print Gift Card!","[[Electronics,Camera & Photo,Digital Cameras,Compact System Cameras]]"
1995,104811,SHARKK&reg; Apple iPad Mini Keyboard (Black) / iPad Mini Retina Bluetooth Keyboard Case Cover Stand For 7.9 Inch New Mini iPad 2 With 360 Degree Rotating Feature And Multiple Viewing Angles. Folio Style with IOS Commands. For the First Gen iPad Mini and the iPad Mini 2 Retina,"[[Electronics,Computers & Accessories,Touch Screen Tablet Accessories,Cases & Sleeves,Cases]]"
1996,104815,"AMD FX 4100 4-Core Processor, 3.6 4 Socket AM3+  FD4100WMGUSBX","[[Electronics,Computers & Accessories,Computer Components,CPU Processors]]"
1997,105032,Anker&reg; New Laptop Battery for Lenovo (IBM) ThinkPad X200 X200S X201 X201I Series - 18 Months Warranty [Li-ion 6-cell 4400mAh 49WH],"[[Electronics,Computers & Accessories,Laptop & Netbook Computer Accessories,Batteries]]"
1998,105147,Honeywell Ademco 5881enh Wireless Receiver,"[[Electronics,Home Audio,Stereo Components,Receivers & Amplifiers,Component Receivers]]"
1999,105179,Monoprice 105369 DVI and S/PDIF Digital Coax Optical Toslink Audio to HDMI Converter,"[[Electronics,Accessories & Supplies,Audio & Video Accessories,Cables & Interconnects,Video Cables,HDMI Cables]]"
2000,105189,NZXT HAVIK CPU Cooler with Dual 140MM Fans - Silver/Black,"[[Electronics,Computers & Accessories,Computer Components,Fans & Cooling,CPU Cooling Fans]]"
2001,105274,BlueRigger High Speed HDMI Cable with Ethernet 6.6 Feet (2-Pack) - Supports 3D and Audio Return [Latest Version],"[[Electronics,Accessories & Supplies,Audio & Video Accessories,Cables & Interconnects,Video Cables,HDMI Cables]]"
2002,105322,Coby DP700BLK 7-Inch Digital Picture Frame -Black,"[[Electronics,Camera & Photo,Lighting & Studio,Photo Studio,Storage & Presentation Materials,Digital Picture Frames]]"
2003,105340,NZXT Technologies KRAKEN X60 Premium 280MM Ultra Performance Liquid CPU Cooler RL-KRX60-01 Black,"[[Electronics,Computers & Accessories,Computer Components,Fans & Cooling,Water Cooling Systems]]"
2004,105442,Pyle Pro PTA1000 1000 Watt DJ Amplifier,"[[Electronics,Home Audio,Stereo Components,Receivers & Amplifiers,Component Amplifiers]]"
2005,105451,Pyle PWD701 4-Button Remote Door Lock Vehicle Security System,"[[Electronics,Car & Vehicle Electronics,Car Electronics,Car Safety & Security]]"
2006,105471,Apple iPod Nano 5th Generation (with Camera) Transparent Clear Snap On Crystal Plastic Hard Cover Case,"[[Electronics,Portable Audio & Video,MP3 Players & Accessories,MP3 Player Accessories,Cases]]"
2007,105608,Nikon WU-1b Wireless Mobile Adapter for Nikon D600 Digital SLR,"[[Electronics,Camera & Photo,Accessories,Digital Camera Accessories,Docking Stations]]"
2008,105631,JayBird BlueBuds X Sport Bluetooth Headphones - Midnight Black,"[[Cell Phones & Accessories,Accessories,Headsets,Bluetooth Headsets],[Electronics,Accessories & Supplies,Audio & Video Accessories,Headphones]]"
2009,105660,Orion 7220 70mm Multi-Use Finder Scope,"[[Electronics,Camera & Photo,Accessories,Telescope & Microscope Accessories,Telescope Accessories,Finder Scopes]]"
2010,105663,Apple Mac Mini MD387LL/A Desktop (NEWEST VERSION),"[[Electronics,Computers & Accessories,Desktops]]"
2011,105742,DC Power Jack Plug for EEE PC 1005HAB 1101HA 1008HA 1005HA 1201HA 1008HA 1005HA,"[[Electronics,Accessories & Supplies,Batteries, Chargers & Accessories,AC Adapters]]"
2012,105761,2in1 USB Cable For Microsoft Zune MP3 Player Sync + Charging Feature,"[[Electronics,Computers & Accessories,Cables & Accessories,Cables & Interconnects,USB Cables]]"
2013,105787,"BlueRigger 3.5mm to RCA (2) Stereo Audio Cable (8 Feet, White)","[[Electronics,Accessories & Supplies,Audio & Video Accessories,Cables & Interconnects,Audio Cables,RCA Cables]]"
2014,105834,"Sd3000v USB 3.0 Universal Docking Station for Windows 8.1, 8, 7, XP (DVI/VGA/HDMI to 2048x1152, GB Ethernet, 4 USB 2.0, 2USB 3.0)","[[Electronics,Computers & Accessories,Laptop & Netbook Computer Accessories,Docking Stations]]"
2015,105866,Razer TRON Gaming Keyboard (RZ03-00530100-R3U1),"[[Electronics,Computers & Accessories,Cables & Accessories,Keyboards]]"
2016,105892,Scm Microsystems Scr3500 Smartfold Portable Id1 Contact Smart Card Reader,"[[Electronics,Computers & Accessories,Cables & Accessories,Memory Card Readers]]"
2017,105979,Rii Mini Wireless Keyboard with Mouse Touchpad-Black,"[[Electronics,Computers & Accessories,Cables & Accessories,Input Devices,Numeric Keypads]]"
2018,106038,SD/MMC/USB/MP3 Wireless In Car FM Transmitter with Remote (Black),"[[Electronics,Portable Audio & Video,MP3 Players & Accessories,MP3 Player Accessories,FM Transmitters]]"
2019,106061,Fotasy CokinP18in1Set Rainbowimaging 18-In-1 Square Filter Kit Compatible for Cokin P Series,"[[Electronics,Camera & Photo,Accessories,Filters & Accessories,Filter Sets]]"
2020,106125,GoPro Headstrap Mount + Quick Clip,"[[Electronics,Camera & Photo,Accessories,Professional Video Accessories]]"
2021,106178,Barnes &amp; Noble Nook eReader - no 3G,"[[Electronics,eBook Readers & Accessories]]"
2022,106207,"Verbatim 2 GB USB 2.0 Flash Drive, Blue 97086","[[Electronics,Computers & Accessories,Data Storage,USB Flash Drives]]"
2023,106323,Pyle PLCM18SC License Plate Mount Rearview Backup Color Camera with Distance Scale Line (Zinc Metal Chrome),"[[Electronics,Car & Vehicle Electronics,Car Electronics,Car Safety & Security,Vehicle Backup Cameras]]"
2024,106336,"Antec High Current Gamer HCG-750, 80 PLUS BRONZE, 750 Watt Power Supply","[[Electronics,Computers & Accessories,Computer Components,Power Supplies]]"
2025,106421,PNY OPTIMA 1GB  DDR2 800 MHz PC2-6400  Desktop DIMM Memory Module MD1024SD2-800,"[[Electronics,Computers & Accessories,Computer Components,Memory]]"
2026,106436,2013 MODEL PIONEER AVH-X1500 DVD / AVHX1500 DVD In-Dash 6.1 Touchscreen,"[[Electronics,Car & Vehicle Electronics,Car Electronics,Car Audio,Car Stereo Receivers]]"
2027,106449,WD My Book 2 TB USB 3.0 Hard Drive with Backup,"[[Electronics,Computers & Accessories,Data Storage,External Hard Drives]]"
2028,106486,Microsoft Arc Touch Mouse - Black,"[[Electronics,Computers & Accessories,Cables & Accessories,Mice]]"
2029,106535,Kodak PlaySport (Zx3) HD Waterproof Pocket Video Camera - Black,"[[Electronics,Camera & Photo,Video,Camcorders]]"
2030,106546,Nikon 28mm f/2.8D AF Nikkor Lens for Nikon Digital SLR Cameras,"[[Electronics,Camera & Photo,Lenses,Camera Lenses,Digital Camera Lenses]]"
2031,106738,JBL Micro Wireless Ultra-Portable Speaker with Built-In Bass Port and Wireless Bluetooth Connectivity (Black),"[[Electronics,Portable Audio & Video,MP3 Players & Accessories,MP3 Player Accessories,Speaker Systems]]"
2032,106747,"Kindofsmile Flash Bounce Diffuser for Yongnuo Yn-560,560ii&#65292;560ex&#65292;565&#65292;568","[[Electronics,Camera & Photo,Accessories,Flash Accessories,Diffusers]]"
2033,106764,"Empire quality replacement for V-TECH 80-5017-00-00, 80-5216-00-00, 1500mAh, 1yr warranty","[[Electronics,Accessories & Supplies,Telephone Accessories,Batteries]]"
2034,106779,Plantronics GameCom 367 Closed-Ear Gaming Headset,"[[Electronics,Computers & Accessories,Cables & Accessories,Headsets & Microphones]]"
2035,106805,ASUS BW-12B1ST/BLK/G/AS 12X Blu-ray Internal Burner Drive with Disc Encryption - Black - Retail Box,"[[Electronics,Computers & Accessories,External Components,Optical Drives,Blu-ray Drives]]"
2036,106811,Audio-Technica ATHM50RD Pro DJ Headphones - Red,"[[Electronics,Accessories & Supplies,Audio & Video Accessories,Headphones]]"
2037,106829,"Simbans (TM) S92W 9 inch Dual Core Tablet PC - Dual Camera, 8GB, A20 1.2Ghtz , HDMI, Touch Screen, WiFi - WHITE","[[Electronics,Computers & Accessories,Tablets]]"
2038,106852,FiiO E5 Headphone Amplifier,"[[Electronics,Accessories & Supplies,Audio & Video Accessories,Headphone Accessories,Amps]]"
2039,106947,HDE All-in-One Universal International Travel Power Plug Adapter 110v ~ 220v,"[[Electronics,Accessories & Supplies,Batteries, Chargers & Accessories,Power Converters]]"
2040,107008,Canon Deluxe Gadget Bag 100EG,"[[Electronics,Camera & Photo,Bags & Cases,Camera Cases]]"
2041,107062,"OtterBox iPad 1 Defender Case, Black Pink","[[Electronics,Computers & Accessories,Touch Screen Tablet Accessories,Cases & Sleeves,Cases]]"
2042,107082,CM Storm QuickFire Stealth - Compact Mechanical Gaming Keyboard with CHERRY MX GREEN Switches and Covert Keycaps,"[[Electronics,Computers & Accessories,Cables & Accessories,Keyboards]]"
2043,107170,BlueRigger High Speed HDMI Cable with Ethernet 3 Feet (2-Pack) - Supports 3D and Audio Return [Latest Version],"[[Electronics,Accessories & Supplies,Audio & Video Accessories,Cables & Interconnects,Video Cables,HDMI Cables]]"
2044,107199,"Pwr+&reg; 5.5 Ft Car Charger for Acer Iconia A A110, A1-810, A3-A10; Iconia B B1-710, B1-720; Iconia W4 W4-820 Tablet PC Tab 10W DC Adapter Power Supply Cord","[[Electronics,Computers & Accessories,Touch Screen Tablet Accessories,Chargers & Adapters]]"
2045,107201,"Canon EOS 7D 18 MP CMOS Digital SLR Camera, Body Only (DISCONTINUED)","[[Electronics,Camera & Photo,Digital Cameras,Digital SLR Cameras]]"
2046,107207,"PadTab iPad and Tablet Wall Mounting System Kit (Mounts in 2 Locations, The Original Damage Free Solution, Universal Mounting, All iPads, Android, &amp; More)","[[Electronics,Computers & Accessories,Touch Screen Tablet Accessories,Stands]]"
2047,107268,CIB 65 Feet BNC Video Cable with Power Wire for CCTV Security Cameras [Camera],"[[Electronics,Security & Surveillance,Accessories,Surveillance Camera Cables]]"
2048,107358,Nissan / Infiniti 6.5 Inch Black Plastic Speaker Adapter Bracket Ring,"[[Electronics,Computers & Accessories,Laptop & Netbook Computer Accessories,Bags & Cases,Sleeves & Slipcases]]"
2049,107476,"Samsung Galaxy Tab 2 (7-Inch, Wi-Fi) 2012 Model","[[Electronics,Computers & Accessories,Tablets]]"
2050,107521,BlueRigger USB 2.0 Type A Male to A Female Active Extension / Repeater Cable - 32 Feet (10M),"[[Electronics,Computers & Accessories,Cables & Accessories,Cables & Interconnects,USB Cables]]"
2051,107559,Hoya 82mm Alpha UV (Ultra Violet) Multi Coated Glass Filter,"[[Electronics,Camera & Photo,Accessories,Filters & Accessories,Skylight & UV Filters]]"
2052,107638,"Prolite 2.8X DSLR LCD Screen Viewfinder for Canon EOS Digital Rebel T2i, 550D, Kiss X4 Digital SLR Camera","[[Electronics,Camera & Photo,Accessories,Viewfinders]]"
2053,107789,SF Cable IEC C5 to USA NEMA 5-15P Power Plug adapter,"[[Electronics,Accessories & Supplies,Batteries, Chargers & Accessories,Power Converters]]"
2054,107832,KEF KHT3005BL (SE) 5.1 Home Theater Speaker System (Gloss Black) (Discontinued by Manufacturer),"[[Electronics,Home Audio,Stereo Components,Speakers,Speaker Systems]]"
2055,107843,Power Bright VC500W Voltage Transformer 500 Watt Step Up/Down converter  110/120 Volt - 220/240 Volt,"[[Electronics,Accessories & Supplies,Batteries, Chargers & Accessories,Power Converters]]"
2056,107852,DGK Color Tools Optek Premium Reference White Balance Card Set- 3 Card Set- 3 Card Digital Color Correction Tool,"[[Electronics,Camera & Photo,Lighting & Studio,Light Meters & Accessories,Color Calibration Charts]]"
2057,107890,Lowepro LP36324-0WW Tahoe 30 Camera Pouch (Red),"[[Electronics,Camera & Photo,Bags & Cases,Camera Cases]]"
2058,107999,Canon EW-EOS Wide Strap for Canon 50D Digital SLRs,"[[Electronics,Camera & Photo,Bags & Cases,Bag & Case Accessories]]"
2059,108136,Linksys EA6500 Smart Wi-Fi Dual-Band AC Router with Gigabit and 2x USB,"[[Electronics,Computers & Accessories,Routers]]"
2060,108262,Altec Lansing iM-237 Orbit Ultraportable Speaker for MP3 Players (Silver),"[[Electronics,Portable Audio & Video,MP3 Players & Accessories,MP3 Player Accessories,Speaker Systems]]"
2061,108311,Corsair Vengeance Blue 8 GB (2X4 GB) PC3-12800 1600mHz DDR3 240-Pin SDRAM Dual Channel Memory Kit CMZ8GX3M2A1600C9B,"[[Electronics,Computers & Accessories,Computer Components,Memory]]"
2062,108327,Sapphire Radeon HD 7870 GHZ OC 2 GB 256 -bit GDDR5 DL-DVI-I/SL-DVI-D/HDMI/DP PCI-Express Graphics Card 100354OC-2L,"[[Electronics,Computers & Accessories,Computer Components,Graphics Cards]]"
2063,108489,Moko Leather Folio Cover Case with Multi-Angle Stand for Toshiba Thrive 10.1-inch Android Tablet,"[[Electronics,Computers & Accessories,Touch Screen Tablet Accessories,Cases & Sleeves,Cases]]"
2064,108500,Sony 50DMR47SP 16x DVD-R 4.7GB Recordable DVD Media - 50 Pack Spindle,"[[Electronics,Accessories & Supplies,Blank Media,DVD-R Discs]]"
2065,108552,5 LENS CAP LEASH LENS CAP HOLDER/SAFETY CORD FOR SONY CANON NIKON OLYMPUS PENTAX LENS CAP,"[[Electronics,Camera & Photo,Accessories,Lens Accessories,Lens Caps]]"
2066,108573,Linksys/Cisco AE1000 300Mbps 802.11n Dual-Band Wireless LAN USB 2.0 Adapter w/Extension Cable (Black)(Refurbished),"[[Electronics,Computers & Accessories,Computer Components,I/O Port Cards,USB Port Cards]]"
2067,108658,"Targus CleanVu Cleaning Pads for iPad, iPad mini, iPhone, Motorola, Samsung, BlackBerry and Other Touch Screen Devices, 2 Black/1 Red (TXA00212US)","[[Electronics,Computers & Accessories,Touch Screen Tablet Accessories,Cases & Sleeves]]"
2068,108661,StarTech 6-Feet Mini DisplayPort to DisplayPort Adapter Cable - M/M (MDP2DPMM6),"[[Electronics,Accessories & Supplies,Audio & Video Accessories,Cables & Interconnects,Video Cables,HDMI Cables]]"
2069,108726,Monoprice 1.5-Feet USB 3.0 A Male to A Female Extension 28/24AWG Cable (Gold Plated) (106504),"[[Electronics,Computers & Accessories,Cables & Accessories,Computer Cable Adapters]]"
2070,108753,i-Blason Apple iPad Mini / iPad Mini with Retina Display Case Auto Wake / Sleep with Bonus Stylus (Black),"[[Electronics,Computers & Accessories,Touch Screen Tablet Accessories,Cases & Sleeves,Cases]]"
2071,108762,C2G / Cables to Go 40010 VGA to HDMI Converter (Black),"[[Electronics,Accessories & Supplies,Audio & Video Accessories,Video Converters]]"
2072,108812,"Muslin Clamp - Heavy-duty 6-pack Set of 4-1/2&quot; Clamps - for Photo Studio Backdrops/backgrounds, Wood and Woodworking, Crafts - Bear Hug Clamps by Grandpa Blue - Strong Grip with Soft Pads - the Reinforced Nylon Spring Clip with a 3-year Warranty","[[Electronics,Camera & Photo,Lighting & Studio,Photo Studio,Backgrounds]]"
2073,108845,AmazonBasics High-Speed HDMI Cable - 15 Feet ( 4.6 Meters) Supports Ethernet,"[[Electronics,Accessories & Supplies,Audio & Video Accessories,Cables & Interconnects,Video Cables,HDMI Cables]]"
2074,108910,Poetic Slimline Case for SamSung Galaxy Note 8.0 Black (3 Year Manufacturer Warranty From Poetic),"[[Electronics,Computers & Accessories,Touch Screen Tablet Accessories,Cases & Sleeves,Cases]]"
2075,109006,Battery Charger for SONY Li-Ion NP-FM500H NP-F550 NP-F570,"[[Electronics,Camera & Photo,Accessories,Batteries & Chargers,Battery Chargers,Camera]]"
2076,109020,"VideoSecu LCD Monitor TV Wall Mount Articulating Arm Bracket for most 12&quot;-24&quot;, some up to 27&quot; with VESA 100/75mm LED Flat Panel Screen TV ML10B 1E9","[[Electronics,Accessories & Supplies,Audio & Video Accessories,TV Accessories & Parts,TV Ceiling & Wall Mounts]]"
2077,109148,OSD Audio TSM-01-113 Full Motion Tilt and Swivel Wall Mount for 13-inch to 23-inch LCD TV,"[[Electronics,Accessories & Supplies,Audio & Video Accessories,TV Accessories & Parts,TV Ceiling & Wall Mounts]]"
2078,109244,Bose&reg; QuietComfort&reg; 15 ear cushion kit - Black,"[[Electronics,Accessories & Supplies,Audio & Video Accessories,Headphones]]"
2079,109245,Seagate Backup Plus 1TB Desktop External Hard Drive USB 3.0 (STCA1000100),"[[Electronics,Computers & Accessories,Data Storage,External Hard Drives]]"
2080,109268,Coby CSP96 300-Watt 5.1-Channel Home Theater Speaker System (Black),"[[Electronics,Home Audio,Stereo Components,Speakers,Speaker Systems]]"
2081,109272,Kinivo ZX100 Mini Portable Speaker with Rechargeable Battery and Enhanced Bass Resonator,"[[Electronics,Portable Audio & Video,MP3 Players & Accessories,MP3 Player Accessories,Speaker Systems]]"
2082,109301,BlueRigger High Speed HDMI Cable with Ethernet 6.6 Feet (2m) - Supports 3D and Audio Return [Latest Version],"[[Electronics,Accessories & Supplies,Audio & Video Accessories,Cables & Interconnects,Video Cables,HDMI Cables]]"
2083,109437,AmazonBasics Compact Camera Case,"[[Electronics,Camera & Photo,Bags & Cases,Camera Cases]]"
2084,109493,"50 Ct - Zeiss Pre-Moistened Lens Cleaning Cloths for Cameras, Microscopes, Glasses","[[Electronics,Accessories & Supplies,Audio & Video Accessories,Cleaning & Repair,Lens Cleaners]]"
2085,109545,StarTech 3.5-Inch to 5.25-Inch Floppy Mounting Kit Bracket (Black Plastic),"[[Electronics,Computers & Accessories,Cables & Accessories,Hard Drive Enclosures]]"
2086,109843,"Ematic EMW6001 Fixed/Tilt Wall Mount Kit for 37-Inch to 60-Inch TV with 6-Feet and 15-Feet HDMI Cable, Cleaning Solution and Cleaning Cloth","[[Electronics,Accessories & Supplies,Audio & Video Accessories,TV Accessories & Parts,TV Ceiling & Wall Mounts]]"
2087,109846,RND Power Solutions Desktop Tablet / iPad Charging Station with 3 AC Plugs and 3 USB ports Surge Protector includes a slot for iPads and Tablets.,"[[Electronics,Computers & Accessories,Touch Screen Tablet Accessories,Chargers & Adapters]]"
2088,109880,i-Blason Apple iPad Mini / iPad Mini with Retina Display (2nd Generation) HD Matte Bubble Free Screen Protector Reusable HD Clear Anti Glare (White),"[[Electronics,Computers & Accessories,Touch Screen Tablet Accessories,Screen Protectors]]"
2089,109949,Sony Alpha a6000 24.3 MP Interchangeable Lens Camera with 16-50mm Power Zoom Lens,"[[Electronics,Camera & Photo,Digital Cameras,Compact System Cameras]]"
2090,109959,Nikon D5100 16.2MP CMOS Digital SLR Camera with 3-Inch Vari-Angle LCD Monitor (Body Only),"[[Electronics,Camera & Photo,Digital Cameras,Digital SLR Cameras]]"
2091,110017,Accell B087B-006B UltraAV Mini DisplayPort to DVI-D Single-Link Active Adapter ATI Certified (Black),"[[Electronics,Computers & Accessories,Cables & Accessories,Computer Cable Adapters]]"
2092,110047,HDE Hard Case for Kodak EasyShare Digital Cameras,"[[Electronics,Camera & Photo,Bags & Cases,Camera Cases]]"
2093,110125,Grounding Block Single Hi Frequency UL approved,"[[Electronics,Computers & Accessories,Cables & Accessories,Computer Cable Adapters]]"
2094,110184,HDE EasyCap Model 002 - 4 Channel USB 2.0 DVR Video Audio CCTV Capture Adapter,"[[Electronics,Computers & Accessories,Computer Components,Internal TV Tuner & Capture Cards]]"
2095,110207,8GB USB Crystal Gold Colored Owl Style USB Flash Drive with necklacev,"[[Electronics,Computers & Accessories,Data Storage,USB Flash Drives]]"
2096,110258,"Nikon MH-24 Quick Charger for EN-EL14 Li-ion Battery compatible with Nikon D3100 DSLR, D5100 DSLR, and P7000 Digital Cameras","[[Electronics,Camera & Photo,Accessories,Batteries & Chargers,Battery Chargers,Camera]]"
2097,110359,myGear Products &quot;The new iPad 3 3rd Generation&quot; &amp; Apple iPad 2 Screen Protectors 4 PACK Films (2 Clear and 2 Anti-Glare),"[[Electronics,Computers & Accessories,Touch Screen Tablet Accessories,Screen Protectors]]"
2098,110362,iFlash Bubble Free Screen Protector: Anti Glare edition - For Apple Nano 7th Generation - (3Pack) Retail Packaging,"[[Electronics,Portable Audio & Video,MP3 Players & Accessories,MP3 Player Accessories,Screen Protectors]]"
2099,110481,IVSO&reg; Nexus 7 Tablet Micro USB Host OTG Cable - Micro USB B/Male to USB2.0 A/Female OTG Host Cable for Nexus 7 (Black),"[[Electronics,Computers & Accessories,Cables & Accessories,Cables & Interconnects,USB Cables]]"
2100,110502,"Verbatim 700 MB 52x 80 Minute Branded Recordable Disc CD-R, 50-Disc Spindle 94691","[[Electronics,Accessories & Supplies,Blank Media,CD-R Discs]]"
2101,110546,"SecurityIng - Black Housing 420 TVL 1/3&quot; Sony CCD Colorful Night Vision Indoor / Outdoor Bullet CCTV Security Camera, 36PCS IR LEDs Support 90 Feet View Distance, IP66 Waterproof Level","[[Electronics,Camera & Photo,Video Surveillance,Surveillance Cameras,Bullet Cameras]]"
2102,110607,ASUS Computer International Direct Blu-Ray Writer BW-16D1HT,"[[Electronics,Computers & Accessories,External Components,Optical Drives,Blu-ray Drives]]"
2103,110615,GoPro Tripod Mount,"[[Electronics,Camera & Photo,Tripods & Monopods,Tripod Heads]]"
2104,110646,VideoSecu 100ft Video Audio Power Cable BNC RCA CCTV Security Surveillance DVR Camera Cable Wire A27,"[[Electronics,Security & Surveillance,Accessories,Surveillance Camera Cables]]"
2105,110655,Logitech Wireless Illuminated Keyboard K800,"[[Electronics,Computers & Accessories,Cables & Accessories,Keyboards]]"
2106,110656,SquareTrade 2-Year MP3 Accident Protection Plan ($350-400),"[[Electronics,Electronics Warranties]]"
2107,110708,Cisco-Linksys WPC54G Wireless-G Notebook Adapter,"[[Electronics,Computers & Accessories,Networking Products,Network Adapters,Laptop Network Adapters]]"
2108,110736,Logitech Wired Keyboard with Lightning Connector for iPad 4/iPad Air/iPad mini/ iPad mini with retina display,"[[Electronics,Computers & Accessories,Cables & Accessories,Keyboards]]"
2109,110795,FirePower ZX Series 850W 80Plus Gold Fully-Modular High Performance Power Supply ZX850W,"[[Electronics,Computers & Accessories,Computer Components,Power Supplies]]"
2110,110848,"Panasonic RPHJE120D In-Ear Headphone, Orange","[[Electronics,Accessories & Supplies,Audio & Video Accessories,Headphones]]"
2111,110885,VideoSecu 2 Pack 2-6 inch Metal Wall Ceiling Mounts Adjustable Pan Tilt Video Camera Mounting Brackets with Ceiling Clip for CCTV DVR Home Installation Surveillance System 1SG,"[[Electronics,Security & Surveillance,Accessories,Surveillance Housing & Mounting Brackets]]"
2112,111001,Wagan 4-Way 12V Automotive Socket Extender,"[[Electronics,Accessories & Supplies,Audio & Video Accessories,Cables & Interconnects]]"
2113,111037,4GB (2X2GB) Memory RAM for Gateway MD 7820U MT 6840 MT 6841 MT6828 MT6840 MT6919 - Laptop Memory Upgrade - Limited Lifetime Warranty,"[[Electronics,Computers & Accessories,Computer Components,Memory]]"
2114,111043,Metra 95-3106 Double DIN Installation Dash Kit for Most 2000-2005 Saturn Vehicles,"[[Electronics,Car & Vehicle Electronics,Vehicle Electronics Accessories]]"
2115,111044,Dynamic Buddy Box - USA Company - Black - Rugged Rubber Combo Hybrid Hard Back Cover Case for iPhone 4/4s,"[[Cell Phones & Accessories,Cases,Basic Cases],[Electronics,Computers & Accessories,Touch Screen Tablet Accessories,Cases & Sleeves,Cases]]"
2116,111116,TASCAM DR DR-60D Linear PCM Recorder for DSLR Filmmaking and Field Recording,"[[Electronics,Camera & Photo,Accessories,Professional Video Accessories,Microphones]]"
2117,111145,OtterBox Defender Series Case for iPad mini - Black,"[[Electronics,Computers & Accessories,Touch Screen Tablet Accessories,Cases & Sleeves,Cases]]"
2118,111181,Sigma 18-250mm F3.5-6.3 DC OS HSM Lens for Canon EOS w/ 62mm Filter Lens Kit Bundle,"[[Electronics,Camera & Photo,Accessories,Digital Camera Accessories,Accessory Kits]]"
2119,111245,Transcend 400X - 64 GB Compact Flash Memory Card TS64GCF400 (Blue),"[[Electronics,Computers & Accessories,Cables & Accessories,Memory Cards,CompactFlash Cards]]"
2120,111311,Micro SATA Cables -mSATA to SATA Adapter,"[[Electronics,Computers & Accessories,Computer Components]]"
2121,111331,Philips D52N650 52X 700MB CD-R 100PK,"[[Electronics,Accessories & Supplies,Blank Media,CD-R Discs]]"
2122,111344,"Kinivo BTD-300 Bluetooth 3.0 USB adapter - For Windows 7 / Windows XP / Vista, Mac OS 10.3.9 or Later","[[Electronics,Computers & Accessories,Networking Products,Network Adapters,Bluetooth Network Adapters]]"
2123,111434,Kuzy 15-Inch Screen Protector Film for Apple MacBook Pro 15.4-Inch with Retina Display A1398,"[[Electronics,Computers & Accessories,Laptop & Netbook Computer Accessories,Screen Protectors]]"
2124,111508,Corsair XMS3 4GB (2x2GB) DDR3 1333 MHz (PC3 10666) Desktop Memory (TW3X4G1333C9),"[[Electronics,Computers & Accessories,Computer Components,Memory]]"
2125,111516,Targus CityLite Clamshell Case Designed for 15 Inch Laptops CVR400 Black with Grey Accents),"[[Electronics,Computers & Accessories,Laptop & Netbook Computer Accessories]]"
2126,111519,"Tech Armor Anti-Glare/Anti-Fingerprint Combo Screen Protector for Apple iPad 4TH Gen/iPad 3,iPad 2 - 2 pack (SP-AGF-APL-ID-2)","[[Electronics,Computers & Accessories,Touch Screen Tablet Accessories,Screen Protectors]]"
2127,111530,SanDisk Extreme Plus 16GB MicroSDHC UHS-I Memory Card Speed Up To 80MB/s With Adapter- SDSDQX-016G-U46A,"[[Electronics,Computers & Accessories,Cables & Accessories,Memory Cards,Micro SD Cards]]"
2128,111547,RCA AH12R Speaker Wire Clips,"[[Electronics,Accessories & Supplies]]"
2129,111579,Monster Cable Earth Wind and Fire Gratitude In-ear Headphones,"[[Electronics,Accessories & Supplies,Audio & Video Accessories,Headphones]]"
2130,111614,"JVC HAFX8A In-Ear Headphone,Riptidz","[[Electronics,Accessories & Supplies,Audio & Video Accessories,Headphones]]"
2131,111705,HDE Blue Case for Nikon Coolpix Digital Cameras,"[[Electronics,Camera & Photo,Bags & Cases,Camera Cases]]"
2132,111708,AmazonBasics 70-Inch Pistol Grip Tripod,"[[Electronics,Camera & Photo,Tripods & Monopods,Complete Tripods]]"
2133,111732,StarTech.com 2 Port SATA 6 Gbps PCI Express SATA Controller Card PEXSAT32,"[[Electronics,Computers & Accessories,Cables & Accessories,Cables & Interconnects,SATA Cables]]"
2134,111833,Onkyo TX-NR509 5.1 Channel Network A/V Receiver (Discontinued by Manufacturer),"[[Electronics,Home Audio,Stereo Components,Receivers & Amplifiers,Component Receivers]]"
2135,111923,Ultralast Uniden BT-1007 Cordless Phone Battery Replacement For 2 AA w/Mitsumi,"[[Electronics,Accessories & Supplies,Telephone Accessories,Batteries]]"
2136,111956,Belkin BG108000-04 Conserve Energy-Saving Surge Strip,"[[Electronics,Computers & Accessories,Cables & Accessories,Surge Protectors]]"
2137,111993,"Kodak Portra 400 Professional ISO 400, 120 propack, Color Negative Film (5 Rolls per Pack)","[[Electronics,Camera & Photo,Film Photography,Film]]"
2138,112018,"Sabrent Premium 4 Port Aluminum USB Hub (9.5&quot; cable) for iMac, MacBook, MacBook Pro, MacBook Air, Mac Mini, or any PC (HB-UMAC)","[[Electronics,Computers & Accessories,Networking Products,Hubs]]"
2139,112040,Western Digital Caviar Green 2.5 TB SATA III Intellipower 64 MB Cache Bare/OEM Desktop Drive - WD25EZRX,"[[Electronics,Computers & Accessories,Data Storage,Internal Hard Drives]]"
2140,112067,Pack of 20 11x14 White Picture Mats with White Core Bevel Cut for 8x10 Pictures,"[[Electronics,Camera & Photo,Lighting & Studio,Photo Studio,Storage & Presentation Materials]]"
2141,112144,TEAC CD-RW890 CD Recorder with Remote (Black),"[[Electronics,Home Audio,Stereo Components,CD Players & Recorders,CD Players]]"
2142,112151,StarTech.com 5in Micro USB to USB OTG Host Adapter - Micro USB Male to USB A Female On-The-GO Host Cable Adapter,"[[Electronics,Computers & Accessories,Cables & Accessories,Cables & Interconnects,USB Cables]]"
2143,112202,FiiO E12 Mont Blanc Portable Headphone Amplifier,"[[Electronics,Home Audio,Stereo Components,Receivers & Amplifiers,Component Amplifiers]]"
2144,112529,Cowboystudio Heavy Duty Photography Video L bracket with 2 Standard Flash Hot Shoe Mounts,"[[Electronics,Camera & Photo,Lighting & Studio,Photo Studio,Background Support Equipment]]"
2145,112613,Extra Battery Transmitter for 418-TX 418MHZ,"[[Electronics,Portable Audio & Video,MP3 Players & Accessories,MP3 Player Accessories,FM Transmitters]]"
2146,112615,Sennheiser PC 31-II Binaural Headset with Microphone,"[[Electronics,Computers & Accessories,Cables & Accessories,Headsets & Microphones,PC Microphones]]"
2147,112693,Sony 8GB SDHC/SDXC Class 10 UHS-1 R40 Memory Card (SF8UY/TQMN),"[[Electronics,Computers & Accessories,Cables & Accessories,Memory Cards,SD & SDHC Cards]]"
2148,112710,Cable Matters Gold Plated DisplayPort to DisplayPort Cable 6 Feet,"[[Electronics,Computers & Accessories,Cables & Accessories,Cables & Interconnects]]"
2149,112742,LG Electronics Tone+ HBS-730 Bluetooth Headset - Retail Packaging - Black,"[[Cell Phones & Accessories,Accessories,Headsets,Bluetooth Headsets],[Electronics,Accessories & Supplies,Audio & Video Accessories]]"
2150,112778,Navitech - Acer Iconia A1 810 7.9&quot; Black Bycast Leather Case / Cover &amp; Screen Protector / Guard &amp; Stylus Pen,"[[Electronics,Computers & Accessories,Laptop & Netbook Computer Accessories]]"
2151,112787,C&amp;E 100 Feet 14AWG Enhanced Loud Oxygen-Free Copper Speaker Wire Cable,"[[Electronics,Accessories & Supplies,Audio & Video Accessories,Cables & Interconnects,Audio Cables,Speaker Cables]]"
2152,112797,VIZIO M501d-A2R 50-Inch 1080p 3D Smart LED  HDTV (2013 Model),"[[Electronics,Television & Video,Televisions,LED TVs]]"
2153,112810,"VideoSecu ML510B Articulating Tilt Wall Mount for LCD/LED TV, Black","[[Electronics,Accessories & Supplies,Audio & Video Accessories,TV Accessories & Parts,TV Ceiling & Wall Mounts]]"
2154,113029,BOOMYOURS 2.7&quot; TFT 270&deg;Rotating Dual Camera Lens HD Car DVR,"[[Electronics,Car & Vehicle Electronics,Car Electronics,Car Video,On-Dash Video]]"
2155,113055,3.5mm Audio Line Out + 30pin Usb Dock Cable for Iphone Ipod,"[[Electronics,Portable Audio & Video,MP3 Players & Accessories,MP3 Player Accessories,Speaker Systems]]"
2156,113105,Crucial m4 32GB mSATA Internal Solid State Drive CT032M4SSD3,"[[Electronics,Computers & Accessories,Data Storage,Internal Solid State Drives]]"
2157,113202,Das Keyboard Model S Ultimate Mechanical Keyboard,"[[Electronics,Computers & Accessories,Cables & Accessories,Keyboards]]"
2158,113261,Harmon Kardon HK395 Dell 7E840 3-Piece Speakers,"[[Electronics,Computers & Accessories,Cables & Accessories,Computer Speakers]]"
2159,113280,"Opteka .35x HD&sup2; Super Wide Angle Panoramic Macro Fisheye Lens for Canon EOS 50D, 40D, 30D, 20D, 10D","[[Electronics,Camera & Photo,Lenses,Camera Lenses]]"
2160,113297,84&quot; X 84&quot; Manual Projector Projection Screen Pull Down 119&quot; Screen,"[[Electronics,Accessories & Supplies,Office Electronics Accessories,Projection Screens]]"
2161,113352,Zeikos ZE-FLK43 43mm Multi-Coated 3 Piece Filter Kit (UV-CPL-FLD),"[[Electronics,Camera & Photo,Accessories,Filters & Accessories,Filter Sets]]"
2162,113381,Poetic(TM) Cover Mate Plus case for Apple's iPad 2 - The Traveler (3 Year Manufacturer Warranty From Poetic),"[[Electronics,Computers & Accessories,Touch Screen Tablet Accessories,Cases & Sleeves,Cases]]"
2163,113431,TopCase&reg; PINK Keyboard Silicone Cover Skin for Macbook 13&quot; Unibody / Macbook Pro 13&quot; 15&quot; 17&quot; with or without Retina Display TOPCASE&reg; Logo Mouse Pad,"[[Electronics,Computers & Accessories,Cables & Accessories,Keyboard & Mice Accessories,Keyboard Skins]]"
2164,113436,TEAC CD-P1260 CD Player with LCD and MP3 Playback,"[[Electronics,Home Audio,Stereo Components,CD Players & Recorders,CD Players]]"
2165,113439,Microsoft - HD Digital A/V Adapter for Surface,"[[Electronics,Computers & Accessories,Touch Screen Tablet Accessories,Chargers & Adapters]]"
2166,113452,SilverStone FP33S Aluminum 3.5-Inch Drive Bay/Expansion Slot with Independent Fan Controllers (Silver),"[[Electronics,Computers & Accessories,Computer Components,Fans & Cooling,CPU Cooling Fans]]"
2167,113497,"Ortek Windows 7 Vista XP Media Center MCE PC Remote Control and Infrared Receiver for Home, Premium and Ultimate Edition","[[Electronics,Accessories & Supplies,Audio & Video Accessories,Remote Controls,Remote-Control Extenders]]"
2168,113551,OSD Audio AP650 White 6.5-inch  Indoor or Outdoor 150-Watt Patio Speaker Pair,"[[Electronics,Home Audio,Stereo Components,Speakers]]"
2169,113636,Metra 70-1722 Radio Wiring Harness for Honda 2006-Up,"[[Electronics,Car & Vehicle Electronics,Vehicle Electronics Accessories]]"
2170,113698,Manfrotto 5001B 74-Inch Nano Stand Replaces Manfrotto 001B - Black,"[[Electronics,Camera & Photo,Lighting & Studio,Lighting,Booms & Stands]]"
2171,113802,Silverstone Tek Aluminum 3.5-Inch Drive Bay with USB 3.0X4 and HD Audio Ports (FP32B-E),"[[Electronics,Computers & Accessories,Cables & Accessories,Computer Cable Adapters]]"
2172,113809,"White Flash Diffuser for YONGNUO YN 560, 565, YN560 I II II &amp; YN565EX","[[Electronics,Camera & Photo,Accessories,Flash Accessories,Diffusers]]"
2173,113861,XFX AMD Radeon HD 5450 1GB GDDR3 VGA/DVI/HDMI Low Profile PCI-Express Video Card ONXFX1PLS2,"[[Electronics,Computers & Accessories,Computer Components,Graphics Cards]]"
2174,113898,"Wasabi Power Battery (2-Pack) and Charger for Canon LP-E6 and Canon EOS 5D Mark II, EOS 5D Mark III, EOS 6D, EOS 7D, EOS 60D, EOS 60Da, EOS 70D","[[Electronics,Camera & Photo,Accessories,Batteries & Chargers,Batteries,Camera Batteries]]"
2175,113919,Logitech Ultrathin Keyboard Cover Black for iPad 2 and iPad (3rd/4th generation),"[[Electronics,Computers & Accessories,Touch Screen Tablet Accessories,Cases & Sleeves,Cases]]"
2176,114105,Lexar Professional 400x 16GB SDHC UHS-I Flash Memory Card 2-Pack LSD16GCTBNA4002,"[[Electronics,Computers & Accessories,Cables & Accessories,Memory Cards,SD & SDHC Cards]]"
2177,114304,Bluecell Heavy Duty Metallic Headphone Wall Mount Stand with 180 Degree Swing Hanger,"[[Electronics,Accessories & Supplies,Audio & Video Accessories,TV Accessories & Parts,TV Ceiling & Wall Mounts]]"
2178,114399,Innovation Cooling Diamond &quot;7 Carat&quot; Thermal Compound - 1.5 Grams,"[[Electronics,Computers & Accessories,Computer Components,Fans & Cooling,Heatsinks]]"
2179,114414,"Polk Audio PSW10 10-Inch Powered Subwoofer (Single, Black)","[[Electronics,Home Audio,Stereo Components,Speakers,Subwoofers]]"
2180,114437,Nikon SB-700 AF Speedlight Flash for Nikon Digital SLR Cameras,"[[Electronics,Camera & Photo,Flashes,Shoe Mount Flashes]]"
2181,114460,Seasonic M12II-850 BRONZE ATX 850 Power Supply,"[[Electronics,Computers & Accessories,Computer Components,Power Supplies]]"
2182,114482,"MaximalPower 2PCS Replacement Battery for Canon NB5L &amp; SD700IS,790IS,800IS,850IS,870IS,880IS,890IS and 900 Camera (DB CAN NB5L X2)","[[Electronics,Camera & Photo,Accessories,Batteries & Chargers,Batteries,Camera Batteries]]"
2183,114561,Tripp Lite ISOBAR6DBS Isobar Surge Protector Metal 6 Outlet RJ11 Coax 6 feet Cord 2850 J,"[[Electronics,Computers & Accessories,Cables & Accessories,Surge Protectors]]"
2184,114725,Two Gigahertz Low-Loss RF Splitters for TV and Satellite MKII - 2 Way 2 GigaHertz RF Splitter,"[[Electronics,Computers & Accessories,Cables & Accessories,Computer Cable Adapters,DVI-HDMI Adapters]]"
2185,114880,"eForCity TPU Rubber Case Compatible with Apple&reg; iPad&reg; Mini, Hot Pink S Shape","[[Electronics,Computers & Accessories,Touch Screen Tablet Accessories,Cases & Sleeves,Cases]]"
2186,114904,LE Replacement Headphone Cable for Dr. Dre Headphones Monster Solo Beats Studio 1.2m By Ylab Audio,"[[Electronics,Accessories & Supplies,Audio & Video Accessories,Headphones]]"
2187,114929,"DiMeCard micro8 microSD Memory Card Holder (Ultra thin credit card size holder, writable label)","[[Electronics,Computers & Accessories,Cables & Accessories,Memory Cards,Micro SD Cards]]"
2188,114995,Sony DSC-W710/B 16 MP Digital Camera with 2.7-Inch LCD (Black),"[[Electronics,Camera & Photo,Digital Cameras,Point & Shoot Digital Cameras]]"
2189,115020,ASUS X200CA-DB01T 11.6-Inch Touchscreen Laptop (Black) (OLD VERSION),"[[Electronics,Computers & Accessories,Laptops]]"
2190,115080,XScorpion Silver Finish Ring Terminal Connection Style Battery Terminal,"[[Electronics,Car & Vehicle Electronics,Vehicle Electronics Accessories]]"
2191,115099,Ubiquiti NanoStation loco M2,"[[Electronics,Computers & Accessories,Networking Products,Wireless Access Points]]"
2192,115304,PYLE PLCM21 License Plate Camera Zinc Metal Chrome with 0.3 Lux at F2-Inch,"[[Electronics,Car & Vehicle Electronics,Car Electronics,Car Safety & Security,Vehicle Backup Cameras]]"
2193,115314,Accell UltraAV B142C-010B DisplayPort to DisplayPort 1.2 Cable with Latches (10 Feet / 3m),"[[Electronics,Accessories & Supplies,Audio & Video Accessories,Cables & Interconnects,Video Cables,HDMI Cables]]"
2194,115344,Vitek Mighty Dome / VT-MD/CNMT Corner Mount Adapter,"[[Electronics,Accessories & Supplies,Audio & Video Accessories,TV Accessories & Parts,TV Ceiling & Wall Mounts]]"
2195,115432,"Pioneer FH-X700BT In-Dash Double DIN CD/MP3/USB Car Stereo Receiver w/ Bluetooth, Pandora Link, MIXTRAX &amp; iPod Support","[[Electronics,Car & Vehicle Electronics,Car Electronics,Car Audio,Car Stereo Receivers]]"
2196,115434,Nikon WU-1a Wireless Mobile Adapter for Nikon Digital SLRs,"[[Electronics,Camera & Photo]]"
2197,115538,Hoya 77mm UV (Ultra Violet) Multi Coated Glass Filter,"[[Electronics,Camera & Photo,Accessories,Filters & Accessories,Skylight & UV Filters]]"
2198,115539,"FotoTech 3.5 mm to Male Flash PC Sync Cable 14-Inch Coiled Cord with Screw Lock Suitable for Nikon, Canon, and most DSLR cameras Pocketwizard Miniphone PC1 with FotoTech Velvet Bag (1 PC)","[[Electronics,Camera & Photo]]"
2199,115599,for Canon EOS Digital Rebel XTi XT NEW Battery Charger,"[[Electronics,Camera & Photo,Accessories,Batteries & Chargers,Battery Chargers,Camera]]"
2200,115613,Belkin Speaker and Headphone Splitter,"[[Electronics,Accessories & Supplies,Audio & Video Accessories,Headphone Accessories,Adapters]]"
2201,115746,Altec Lansing MZX736PK Bliss Platinum Series Headphones - Pink,"[[Electronics,Accessories & Supplies,Audio & Video Accessories,Headphones]]"
2202,115751,4GB SDHC (Secure Digital HC) Card Sandisk SDSDB-4096 (BUB-S),"[[Electronics,Computers & Accessories,Cables & Accessories,Memory Cards,SD & SDHC Cards]]"
2203,115935,"CM Storm Stryker - Gaming Full Tower Computer Case with Carrying Handle and External 2.5-Inch Drive Dock, White","[[Electronics,Computers & Accessories,Computer Components,Computer Cases]]"
2204,115939,Syba SD-PEX20122 2 Port USB 3.0 with 19 Pin Header PCI-E x1 Card,"[[Electronics,Computers & Accessories,Computer Components,I/O Port Cards,Serial Port Cards]]"
2205,115990,Zeikos ZE-LC62 62mm Plastic Snap On Lens Cap (Black),"[[Electronics,Camera & Photo,Accessories,Lens Accessories,Lens Caps]]"
2206,116002,Kenwood KTC-HR300 HD Radio Tuner Box with Itunes Tagging,"[[Electronics,Car & Vehicle Electronics,Vehicle Electronics Accessories,Audio & Video Accessories]]"
2207,116015,Rokinon FE14M-N 14mm F2.8 Ultra Wide Lens for Nikon (Black),"[[Electronics,Camera & Photo,Lenses,Camera Lenses,Digital Camera Lenses]]"
2208,116138,"Bear Motion Premium Slim Folio Case for Apple iPad (Wake or put your device to sleep by opening or closing the case) (iPad mini, Black)","[[Electronics,Computers & Accessories,Touch Screen Tablet Accessories,Cases & Sleeves,Cases]]"
2209,116180,iPearl mCover HARD Shell CASE for 13.3&quot; Dell XPS 13 L321X L322X Ultrabook laptop - BLACK,"[[Electronics,Computers & Accessories,Laptop & Netbook Computer Accessories,Skins & Decals]]"
2210,116223,Netgear DOCSIS 3.0 N300 Cable Modem Router for Charter Communications CG3000D-100NAS (Non-Retail Packaging),"[[Electronics,Computers & Accessories,Routers]]"
2211,116255,E-3lue Mazer Type-R 2500DPI USB Wired Optical Game Gaming Mouse Black-Gray EMS140,"[[Electronics,Computers & Accessories,Cables & Accessories,Mice]]"
2212,116347,ASUS Transformer TF101-A1 10.1-Inch Tablet (Dock Sold Separately),"[[Electronics,Computers & Accessories,Tablets]]"
2213,116358,Kodak Easyshare C195 Digital Camera (Silver),"[[Electronics,Camera & Photo,Digital Cameras,Point & Shoot Digital Cameras]]"
2214,116403,Encore ENUET-3USB 3-Port USB Hub w/ Ethernet Adapter,"[[Electronics,Computers & Accessories,Networking Products,Network Adapters,USB Network Adapters]]"
2215,116410,NEW AC Adapter Power Supply Charger+Cord for HP/Compaqhc Presario 2510p 2533t CQ40 CQ45 CQ50 CQ50-115NR CQ70 cq50-110us cq60 fe869ua,"[[Electronics,Computers & Accessories,Laptop & Netbook Computer Accessories,Chargers & Adapters]]"
2216,116458,12ft 2 RCA Male - 2 RCA Female / Male PiggyBack Cable,"[[Electronics,Accessories & Supplies,Audio & Video Accessories,Cables & Interconnects,Audio Cables,RCA Cables]]"
2217,116550,Mini Digital Color Alarm Clock DVR,"[[Electronics,Camera & Photo,Video Surveillance,Surveillance Cameras,Hidden Cameras]]"
2218,116592,"Chargercity Exclusive - Magellan Mount Kit for Magellan Maestro 3200 3210 3220 3225 3250 4200 4210 4220 4250 4350 4370 GPS, Kit include Windshield suction mount &amp; Bracket holster cradle","[[Electronics,GPS & Navigation,GPS System Accessories,Vehicle Mounts]]"
2219,116597,Plantronics GameCom 780 Surround Sound Stereo PC Gaming Headset - Frustration Free Packaging,"[[Electronics,Computers & Accessories,Cables & Accessories,Headsets & Microphones,PC Headsets]]"
2220,116677,"CableJive dockBoss: Instantly upgrade your audio dock. Connect iPhone or Android smartphones and tablets to a pre-iPhone 5 audio dock. Compatible with Bose SoundDock, iHome, JBL, and many other popular audio docks.","[[Electronics,Computers & Accessories,Cables & Accessories,Cables & Interconnects,Lightning Cables],[Electronics,Computers & Accessories,Touch Screen Tablet Accessories,Chargers & Adapters]]"
2221,116679,"Sinjimoru Tablet PC Aluminum Sync Stand Dock for Apple iPad (All), iPad Mini &amp; Samsung Galaxy 30-Pin Connector Tablets","[[Electronics,Computers & Accessories,Touch Screen Tablet Accessories,Stands]]"
2222,116708,VANGUARD ESPOD PLUS 233CB Espod Plus Tripod,"[[Electronics,Camera & Photo,Tripods & Monopods,Complete Tripods]]"
2223,116718,TopCase Aqua Blue Keyboard Silicone Skin Cover with palm rest area for Macbook Pro 13 A1278 including TopCase Mouse Pad,"[[Electronics,Computers & Accessories,Cables & Accessories,Keyboard & Mice Accessories,Keyboard Skins]]"
2224,116890,"TotalMount ROKU MOUNTING KIT (Compatible with Roku HD, Roku XS, and Roku XD)","[[Electronics,Television & Video,Streaming Media Players]]"
2225,117020,Monster High Case for iPod Touch 5G,"[[Electronics,Portable Audio & Video,MP3 Players & Accessories,MP3 Player Accessories,Cases]]"
2226,117025,Kenwood KDC-X796 In-Dash USB/CD Receiver with Bluetooth/HD Radio,"[[Electronics,Car & Vehicle Electronics,Car Electronics,Car Audio,Car Stereo Receivers]]"
2227,117051,3-Way Audio Video AV RCA Switch Selector Box Splitter For XBOX XBOX360 DVD PS2 PS3 with AV Cable,"[[Electronics,Accessories & Supplies,Audio & Video Accessories,Distribution,Selector Switch Boxes]]"
2228,117142,Kingston Digital 8GB DataTraveler Micro USB 2.0 (DTMCK/8 GB),"[[Electronics,Computers & Accessories,Data Storage,USB Flash Drives]]"
2229,117226,"Nikon EN-EL14 Rechargeable Li-Ion Battery + 5pc Deluxe Cleaning Kit for Nikon D3100, D3200, D5100, D5200, Coolpix P7000, P7100 &amp; P7700 Digital Cameras","[[Electronics,Camera & Photo,Accessories,Batteries & Chargers,Batteries,Camera Batteries]]"
2230,117309,Rosewill Stallion Series 700W Power Supply RD700 Black,"[[Electronics,Computers & Accessories,Computer Components,Power Supplies]]"
2231,117466,"Opteka HD&sup2; 0.20X Professional AF Fisheye Lens for Canon EOS 60D, 50D, 40D, 30D, 20D, 7D, 6D, 5D, 1D, Rebel T4i, T3i, T3, T2i, T1i, XS, XSi, XTi &amp; XT DSLR Cameras","[[Electronics,Camera & Photo,Lenses,Camera Lenses,Film SLR Lenses]]"
2232,117494,72MM Lens Hood Set - Includes: Tulip Flower Lens Hood + Rubber Lens Hood + Premium MagicFiber Microfiber Cleaning Cloth,"[[Electronics,Camera & Photo,Accessories,Lens Accessories,Lens Hoods]]"
2233,117496,Cables Unlimited Zip-Linq Male/Male Retractable 3.5mm Stereo Cable,"[[Electronics,Accessories & Supplies,Audio & Video Accessories,Cables & Interconnects,Audio Cables,Stereo Jack Cables]]"
2234,117552,ASUS P7P55D-E - LGA 1156 - Intel P55 - DDR3 - USB 3.0 SATA 6 Gb/s - ATX Motherboard,"[[Electronics,Computers & Accessories,Computer Components,Motherboards]]"
2235,117565,"iRulu Folio Artificial Leather Case Cover for 10 Inch 16:9 Android Tablet PC, Red","[[Electronics,Computers & Accessories,Touch Screen Tablet Accessories,Cases & Sleeves,Cases]]"
2236,117571,Yongnuo RF-603 C1 2.4GHz Wireless Flash Trigger/Wireless Shutter Release Transceiver Kit for Canon Rebel 300D/350D/400D/450D/500D/550D/1000D Series,"[[Electronics,Camera & Photo,Accessories,Digital Camera Accessories,Shutter Release Cords]]"
2237,117637,"iXCC Dual USB 3.1A 15W Blue FAST AC Travel Wall Charger 2 Port High Speed Charging for Apple iPad Air, iPad 5, iPad 4, New iPad 3, iPad 2 / Google Galaxy Nexus 7, Galaxy Nexus 10 / Nook Color / other Tablet Devices, iPhone, iPod, iPad Mini","[[Cell Phones & Accessories,Accessories,Chargers,Travel Chargers],[Electronics,Computers & Accessories,Touch Screen Tablet Accessories,Chargers & Adapters]]"
2238,117640,Monoprice 108796 8-Inch4-Pin Molex Male to Two 15-Pin SATA II Female with 90 degree Power Cable,"[[Electronics,Computers & Accessories,Cables & Accessories,Cables & Interconnects,SATA Cables]]"
2239,117643,eForCity 349361 6-Feet 1.8m Gold HDTV HDMI to VGA HD15 Adapter Cable,"[[Electronics,Accessories & Supplies,Audio & Video Accessories,Connectors & Adapters]]"
2240,117733,"ViewSonic VP2770-LED 27-Inch SuperClear IPS LED-Lit Professional Monitor, WQHD 2560x1440, Pre-Calibrated, 1.07b Colors","[[Electronics,Computers & Accessories,Monitors]]"
2241,117749,KHOMO: PU Leather Case with DETACHABLE Bluetooth Keyboard for Motorola Xoom Tablet,"[[Electronics,Computers & Accessories,Touch Screen Tablet Accessories,Cases & Sleeves,Cases]]"
2242,117838,CaseCrown Ace Flip Case (Black) for Apple iPad Mini / iPad Mini with Retina Display Tablets (Built-in magnet for sleep / wake feature),"[[Electronics,Computers & Accessories,Touch Screen Tablet Accessories,Cases & Sleeves,Cases]]"
2243,117868,Technics Dust cover for SL1200/1210 MKII,"[[Electronics,Home Audio,Stereo Components,Turntables]]"
2244,117886,"WD Blue 750 GB Desktop Hard Drive: 3.5 Inch, 7200 RPM, SATA III, 64 MB Cache - WD7500AZEX","[[Electronics,Computers & Accessories,Data Storage,Internal Hard Drives]]"
2245,117888,Miscellaneous 10x26mm Compact Binoculars SPOP1025,"[[Electronics,Camera & Photo,Binoculars & Scopes,Binoculars]]"
2246,117927,"eForCity&reg; 3.5&quot; IDE HDD Enclosure, Black","[[Electronics,Computers & Accessories,Cables & Accessories,Hard Drive Enclosures]]"
2247,117996,DUNU DN-1000 Hybrid earphone (twin BA + 1 dynamic drivers),"[[Electronics,Accessories & Supplies,Audio & Video Accessories,Headphones]]"
2248,118032,"Set of 4 Professional Laptop, LCD, iPad, iPod Spudgers Non-Mar Nylon and Metal Pry Open Repair Tools for Plastic Cell Phone, Tablet and MP3 Cases","[[Electronics,Computers & Accessories,Computer Components,Laptop Replacement Parts],[Electronics,Computers & Accessories,Touch Screen Tablet Accessories,Cases & Sleeves,Cases]]"
2249,118109,"Neewer&reg; Power Vertical Battery Grip Holder MB-D14 Replacement for DSLR Nikon D600 DSLR Camera, Compatible with EN-EL15 Battery","[[Electronics,Camera & Photo,Accessories,Digital Camera Accessories,Battery Grips]]"
2250,118136,Ac Adapter Battery Charger For Acer Aspire 5530 5532 5534 5535 5536,"[[Electronics,Computers & Accessories,Laptop & Netbook Computer Accessories,Chargers & Adapters]]"
2251,118193,amFilm Samsung Galaxy Tab 3 8.0 Tablet T3100 Premium Screen Protector Film HD Clear (2 Pack) [Lifetime Warranty],"[[Electronics,Computers & Accessories,Touch Screen Tablet Accessories,Screen Protectors]]"
2252,118204,Replacement Ear Cup Pads for MDR-V600 MDRV600 MDR-V900 Earpads,"[[Electronics,Accessories & Supplies,Audio & Video Accessories,Headphone Accessories,Earpads]]"
2253,118291,Mini-Box picoPSU-160-XT High Power 24 Pin Mini-ITX Power Supply,"[[Electronics,Computers & Accessories,Computer Components,Power Supplies]]"
2254,118325,AcaseView Screen Protector for Samsung Galaxy Note 10.1 - Premium Clear LCD Cover Guard Shield Protective Film Kit (3 Pack),"[[Electronics,Computers & Accessories,Laptop & Netbook Computer Accessories,Screen Protectors]]"
2255,118340,"EEEKit for GoPro Hero 1/2/3 Accessory Bundle, Windshield Suction Cup Mount With Ballhead + GoPro Tripod Mount","[[Electronics,Camera & Photo,Accessories,Accessory Bundles]]"
2256,118432,Logitech Washable Keyboard K310 for Windows PCs - Black,"[[Electronics,Computers & Accessories,Cables & Accessories,Keyboards]]"
2257,118455,Channel Master CM 9067 Y-Type Heavy Duty TV Antenna Chimney Mount,"[[Electronics,Accessories & Supplies,Audio & Video Accessories,Antennas,Radio Antennas]]"
2258,118491,PYLE PLG5C 5.25-Inch 300 Watt 2-Way Custom Component System,"[[Electronics,Car & Vehicle Electronics,Car Electronics,Car Audio,Speakers,Coaxial Speakers]]"
2259,118509,Kingston Memory Card 16GB microSDHC Memory Card with SD Adapter,"[[Electronics,Computers & Accessories,Cables & Accessories,Memory Cards,Micro SD Cards]]"
2260,118535,Rogue FlashBenders ROGUERESM Small Positionable Reflector,"[[Electronics,Camera & Photo,Lighting & Studio,Lighting,Lighting Controls & Modifiers,Reflectors]]"
2261,118543,"Canon PSC-55 Deluxe Leather Compact Case for SD430, SD500, SD550, SD600, SD630, SD700IS, SD800IS, SD850 IS, SD900,SD950IS &amp; SD870IS 300 HS , 100 HS Canon Digital Cameras models","[[Electronics,Camera & Photo]]"
2262,118581,"DUNU DN-12 Trident Metal Full Range Noise-Isolation Earphones, Earbuds with Elegant and Powerful Design","[[Electronics,Accessories & Supplies,Audio & Video Accessories,Headphones]]"
2263,118721,Belkin Components 20ft CAT5E Gray Patch Cord Snagless,"[[Electronics,Computers & Accessories,Cables & Accessories,Cables & Interconnects,Ethernet Cables]]"
2264,118756,Photive BTH3 Bluetooth 4.0 Headphones with Built-in Mic and 12 Hour Battery. Includes Hard Travel Case. 2014 New Release,"[[Electronics,Accessories & Supplies,Audio & Video Accessories,Headphones]]"
2265,118776,LG ANWL100W Digital Device 1080P Media Streamer[Compatible with 2010 LG TVs,"[[Electronics,Computers & Accessories,External Components,KVM Switches]]"
2266,118809,32GB SD Class 10 SCT Professional High Speed Memory Card SDHC 32G (32 Gigabyte) Memory Card for Canon Digital Camera EOS Rebel T1i T2i EF-S 60D 450D 500D 550D 1000D XS XSi with custom formatting,"[[Electronics,Computers & Accessories,Cables & Accessories,Memory Cards,SD & SDHC Cards]]"
2267,118887,CMVision IR130 - 198 LED Indoor/Outdoor Long Range 300-400ft IR Illuminator With Free 3A 12VDC Adaptor,"[[Electronics,Security & Surveillance,Motion Detectors]]"
2268,118951,Nikon 50mm f/1.8D AF Nikkor Lens for Nikon Digital SLR Cameras,"[[Electronics,Camera & Photo,Lenses,Camera Lenses,Digital Camera Lenses]]"
2269,119010,"2-Pack LI-50B High-Capacity Replacement Batteries with Rapid Travel Charger for Olympus SH-25MR SP-720UZ SP-800UZ SP-810UZ SZ-31MR - UltraPro BONUS INCLUDED: Camera Cleaning Kit, Camera Screen Protector, Mini Travel Tripod","[[Electronics,Camera & Photo,Accessories,Batteries & Chargers,Battery Chargers,Camera]]"
2270,119042,Monopod 500 Floor Standing Monopod,"[[Electronics,Camera & Photo,Tripods & Monopods,Monopods]]"
2271,119048,"JLab USB Laptop Speakers - Portable, Compact, Travel Notebook Speaker for Windows PC and Mac - B-Flex X-Bass Hi-Fi Stereo USB Laptop Speaker - Black","[[Electronics,Computers & Accessories,Cables & Accessories,Computer Speakers]]"
2272,119098,"PLEMO Homage to Freedom Neoprene 15-15.6 Inch Laptop / Notebook Computer / MacBook / MacBook Pro Sleeve Case Bag Cover, Pink","[[Electronics,Computers & Accessories,Laptop & Netbook Computer Accessories,Bags & Cases,Sleeves & Slipcases]]"
2273,119137,Fiio E3 Headphone Amp,"[[Electronics,Accessories & Supplies,Audio & Video Accessories,Headphone Accessories,Amps]]"
2274,119147,"3x Canon PowerShot SX50 HS Digital Camera Premium Clear LCD Screen Protector Cover Guard Shield Film Kits. Exact fit, no cutting. (3 pieces by GUARMOR)","[[Electronics,Camera & Photo,Accessories,Digital Camera Accessories,Screen Protector Foils]]"
2275,119293,Eee Pad Transformer TF101 Case Sleeve Folio Leather Cover with Stand &amp; Dock (Black),"[[Electronics,Computers & Accessories,Touch Screen Tablet Accessories,Cases & Sleeves,Cases]]"
2276,119383,"ViewSonic VX2370SMH-LED 23-Inch SuperClear IPS LED Monitor (Frameless Design, Full HD 1080p, 30M:1 DCR, HDMI/DVI/VGA)","[[Electronics,Computers & Accessories,Monitors]]"
2277,119498,"HyperX 8GB 1600MHz DDR3 PC3-12800 CL10 DIMM Desktop Memory, Black KHX16C10B1B/8","[[Electronics,Computers & Accessories,Computer Components,Memory]]"
2278,119504,Canon EOS Rebel T4i Digital SLR Camera Body &amp; EF-S 18-55mm IS II Lens with 55-250mm IS Lens + 32GB Card + Tripod + Battery + Backpack + Filters + Remote + Telephoto &amp; Wide-Angle Lenses + Accessory Kit,"[[Electronics,Camera & Photo,Digital Cameras,Digital SLR Camera Bundles]]"
2279,119564,Creative A220 2.1 Multimedia Speaker System,"[[Electronics,Computers & Accessories,Cables & Accessories,Computer Speakers]]"
2280,119568,DGL DGL-820-TBP Sour Apple Blow Pops Candy Comfort Plus Novelty Noise-Reducing Stereo Over Ear Aviator Headphones - Retail Packaging,"[[Electronics,Accessories & Supplies,Audio & Video Accessories,Headphones]]"
2281,119595,Fotasy AccKitLX7 Accessory Kit for Panasonic Lumix DMC-LX7 and Leica D-LUX6 (Black),"[[Electronics,Camera & Photo,Accessories,Filters & Accessories,Filter Sets]]"
2282,119708,"HDE 17&quot; Widescreen Laptop Notebook Sleeve Carrying Flip Case Bag for Fujitsu, Samsung, Dell, Acer, ASUS Eee PC, Gateway, HP, Sony, Compaq, IBM, Mac, Sharp, Toshiba models","[[Electronics,Computers & Accessories,Laptop & Netbook Computer Accessories,Bags & Cases,Sleeves & Slipcases]]"
2283,119766,Raspberry Pi 8GB Preloaded (NOOBS) SD Card,"[[Electronics,Computers & Accessories,Cables & Accessories,Memory Cards,SD & SDHC Cards]]"
2284,119793,Griffin Road Trip Charger for iPhone and iPod,"[[Electronics,Portable Audio & Video,MP3 Players & Accessories,MP3 Player Accessories,Chargers]]"
2285,119844,Memory Card Carrying Case - Suitable for SDHC and SD Cards - 8 Pages and 22 Slots - ECO-FUSED Microfiber Cleaning Cloth Included (Black),"[[Electronics,Computers & Accessories,Laptop & Netbook Computer Accessories,Bags & Cases]]"
2286,119918,Corsair Vengeance Blue 16 GB (2x8 GB) DDR3 1600MHz (PC3 12800) Desktop Memory CMZ16GX3M2A1600C10B &nbsp; &nbsp;,"[[Electronics,Computers & Accessories,Computer Components,Memory]]"
2287,120034,"Syba CL-SPK20151 17-Inch USB Powered Sound Bar Speaker, Wood Grain Style","[[Electronics,Computers & Accessories,Laptop & Netbook Computer Accessories,Chargers & Adapters]]"
2288,120109,"BIRUGEAR 6 Pack Lens Cap Holder Keeper with Elastic Leash + Cleaning Cloth for Canon EOS REBEL XT XTi XSi T1i T2i T3i T3 T4i T5i T5 SL1, NIKON D610 D600 D7100 D5100 D5300 D3300 D3200 D3100 D40 D60 D80 D3000 D5000 D7000 Any DSLR Lens Caps","[[Electronics,Camera & Photo,Accessories,Lens Accessories,Lens Caps]]"
2289,120111,GoPro Head Strap Camera Mount,"[[Electronics,Camera & Photo,Bags & Cases,Binocular, Camera & Camcorder Straps]]"
2290,120135,BlackMagic Design Battery Converter HDMI to SDI,"[[Electronics,Accessories & Supplies,Audio & Video Accessories,Video Converters]]"
2291,120227,FOM 360 Degree Rotate Detachable Bluetooth Wireless Keyboard Sliding Cover Case for iPad 2 iPad 3 iPad 4 - White,"[[Electronics,Computers & Accessories,Touch Screen Tablet Accessories,Cases & Sleeves,Cases]]"
2292,120424,CE Compass 77mm 8 Star Point Line Filter For Canon Nikon Sony Olympus Camera Lens,"[[Electronics,Camera & Photo,Accessories,Filters & Accessories,Effects Filters]]"
2293,120435,TopCase 2 in 1 Rubberized PURPLE Hard Case Cover and Keyboard Cover for Macbook Pro 13-inch (A1278/with or without Thunderbolt) with TopCase Mouse Pad,"[[Electronics,Computers & Accessories,Laptop & Netbook Computer Accessories,Bags & Cases,Folio Cases]]"
2294,120457,Kingston HyperX Beast 8 GB Kit (2x4 GB) 1600MHz DDR3 PC3-12800 Non-ECC CL9 DIMM XMP Desktop Memory KHX16C9T3K2/8X,"[[Electronics,Computers & Accessories,Computer Components,Memory]]"
2295,120514,Lens Replacement Kit Glass Cover Lens for GoPro HD Hero 2 Housing Case,"[[Electronics,Computers & Accessories,Cables & Accessories,Video Projector Accessories,Lamps]]"
2296,120588,Gigabyte H97 SATA Express M.2 SSD UEFI DualBIOS DDR3 1600 LGA 1150 Motherboard GA-H97-D3H,"[[Electronics,Computers & Accessories,Computer Components,Motherboards]]"
2297,120764,eForCity Reusable Clear Screen Protector Film Guard for Microsoft Surface 8 Pro/Surface RT (PMICSURFSP01),"[[Electronics,Computers & Accessories,Touch Screen Tablet Accessories,Screen Protectors]]"
2298,120765,Tenergy Centura 9V 200mAh Low Self-Discharge NiMH Rechargeable Batteries -2pcs card,"[[Electronics,Portable Audio & Video,MP3 Players & Accessories,MP3 Player Accessories,Batteries]]"
2299,120943,Slappa SL-D2I-RP25/100 CD Pages Package of 25 D2I CD Pages,"[[Electronics,Accessories & Supplies,Audio & Video Accessories,Media Storage & Organization,Disc Jewel Cases]]"
2300,121023,Canon Rebel T5i Digital SLR Camera,"[[Electronics,Camera & Photo,Digital Cameras,Digital SLR Cameras]]"
2301,121053,Incipio Watson Case for Samsung Galaxy Note 8.0 - Black with Black Elastic Strap (SA-406),"[[Electronics,Computers & Accessories,Touch Screen Tablet Accessories,Cases & Sleeves,Cases]]"
2302,121079,Canon EW-63C Lens Hood For EF-S 18-55mm f/3.5-5.6 IS STM Lens,"[[Electronics,Camera & Photo,Accessories,Lens Accessories,Lens Hoods]]"
2303,121084,APC Back-UPS ES 500 Battery 12V 7Ah,"[[Electronics,Computers & Accessories,Cables & Accessories,Uninterrupted Power Supply (UPS)]]"
2304,121119,"VideoSecu Articulating Arm TV LCD Monitor Wall Mount, Full Motion Tilt Swivel and Rotate for Most 15&quot; 17&quot; 19&quot; 20&quot; 22&quot; 23&quot; 24&quot; 26&quot; 27&quot; LED TV Flat Panel Screen with VESA 100, 75 ML12B CB5","[[Electronics,Accessories & Supplies,Audio & Video Accessories,TV Accessories & Parts,TV Ceiling & Wall Mounts]]"
2305,121146,Etekcity&reg; USB Wireless Wi-Fi Network Adapter with Dual 6 dBi Antennas - 802.11 B/G/N 300Mbps,"[[Electronics,Computers & Accessories,Networking Products,Network Adapters,USB Network Adapters]]"
2306,121176,EyeClops Mini Projector,"[[Electronics,Computers & Accessories,Cables & Accessories,Video Projector Accessories]]"
2307,121216,Opteka MP100 67&quot; Professional Heavy Duty Photo / Video Monopod,"[[Electronics,Camera & Photo,Tripods & Monopods,Monopods]]"
2308,121302,Lenovo Ultraslim Plus Wireless Keyboard and Mouse,"[[Electronics,Computers & Accessories,Cables & Accessories,Keyboard & Mouse Combos]]"
2309,121377,Gigabyte LGA 1150 Intel H87 HDMI SATA 6Gbps USB 3.0 Micro ATX DDR3 1600 Intel Motherboards GA-H87M-D3H,"[[Electronics,Computers & Accessories,Computer Components,Motherboards]]"
2310,121396,Kicker 09GT1 1/0-4AWG ROHS Compliant Ground Termination Block,"[[Electronics,Car & Vehicle Electronics,Vehicle Electronics Accessories,Vehicle Audio & Video Installation,Amplifier Installation,Power-Cable Terminals]]"
2311,121462,ZMODO 8Channel DVR Security Camera System Recorder w/ 8 600TVL Hi-Resolution Night Vision outdoor Surveillance Cameras With 1TB Hard Drive,"[[Electronics,Camera & Photo,Bags & Cases,Camera Cases]]"
2312,121606,33 ft / 10 meter Premium Active USB 2.0 Extender / Repeater / Extension Cable with Built-in signal booster chips - Supports High Speed Data Transfer Rate of up to 480 Mbps,"[[Electronics,Computers & Accessories,Cables & Accessories,Cables & Interconnects,USB Cables]]"
2313,121726,Gumdrop Cases Drop Tech Series Case for Apple iPad 2- Black-Black,"[[Electronics,Computers & Accessories,Touch Screen Tablet Accessories,Cases & Sleeves,Cases]]"
2314,121728,Apple MacBook Pro MC724LL/A 13.3-Inch Laptop (OLD VERSION),"[[Electronics,Computers & Accessories,Laptops]]"
2315,121801,Polaroid Bluetooth Wireless Rechargeable Stereo Speaker Pbt1000,"[[Electronics,Portable Audio & Video,MP3 Players & Accessories,MP3 Player Accessories,Speaker Systems]]"
2316,121821,NBOX Digital Media Player,"[[Electronics,Television & Video,Streaming Media Players]]"
2317,121840,Monoprice 3ft 24AWG CL2 High Speed HDMI Cable w/ Net Jacket - Black,"[[Electronics,Accessories & Supplies,Audio & Video Accessories,Cables & Interconnects,Video Cables,HDMI Cables]]"
2318,121858,"Neewer Shutter Release Timer Remote Control Cord For Canon EOS 550D/Rebel T2i, 450D/XSi, 400D/XTi, 350D/XT, 300D, 60D, 600D, 500D, 1100D, 1000D, 1D, 1D Mark II, 1D Mark II N, 1D Mark III, 1Ds, 1Ds Mark II, 1Ds Mark III, 5D, 5D Mark II, 10D, 20D, 30D, 40D, 50D, EOS Film SLR EOS 1V 1VHS 3","[[Electronics,Camera & Photo]]"
2319,121917,CM Storm Enforcer - Gaming Mid Tower Computer Case with USB 3.0 and Windowed Side Panel,"[[Electronics,Computers & Accessories,Computer Components,Computer Cases]]"
2320,121966,"In-Win 200-Watt Mini-ITX Case, Black BP655.200BL","[[Electronics,Computers & Accessories,Computer Components,Computer Cases]]"
2321,121971,Kingston HyperX 3K 240 GB SATA III 2.5-Inch 6.0 Gb/s Solid State Drive SH103S3/240G,"[[Electronics,Computers & Accessories,Data Storage,Internal Solid State Drives]]"
2322,122086,Sony LCS-X20 Soft Carrying Case for most Sony Camcorders,"[[Electronics,Camera & Photo,Bags & Cases,Camcorder Cases]]"
2323,122139,AmazonBasics 16-Gauge Speaker Wire - 50 Feet,"[[Electronics,Accessories & Supplies,Audio & Video Accessories,Cables & Interconnects,Audio Cables,Speaker Cables]]"
2324,122140,LG Electronics Optical DVD Drive GH24NSB0B,"[[Electronics,Computers & Accessories,External Components,Optical Drives,DVD Drives]]"
2325,122162,RCA LED19B30RQ 19-Inch 720p 60Hz LED HDTV (Black),"[[Electronics,Television & Video]]"
2326,122178,Hosa GRA101 RCA Female to RCA Female Coupler,"[[Electronics,Accessories & Supplies,Audio & Video Accessories,Cables & Interconnects,Audio Cables,RCA Cables]]"
2327,122266,Pyrus Electronics 4gb Mp3/mp4/mp5 Player with 2.8 Inch Touch Screen and All Stainless Steel Casing - Black,"[[Electronics,Portable Audio & Video,MP3 Players & Accessories,MP3 Players]]"
2328,122337,EVGA SuperNOVA 1000G2 1000W ATX12V/EPS12V 80Plus Gold Power Supply 120-G2-1000-XR,"[[Electronics,Computers & Accessories,Computer Components,Power Supplies]]"
2329,122473,Belkin Conserve Socket with Energy Saving Outlet,"[[Electronics,Computers & Accessories,Cables & Accessories,Surge Protectors]]"
2330,122640,Fancier Speedlite Softbox L-bracket Speedlight softbox 20 inch with Shoe Mount and Carry Case for Nikon Canon Sb800 Ex580,"[[Electronics,Camera & Photo,Lighting & Studio,Lighting,Lighting Controls & Modifiers,Soft Boxes]]"
2331,122646,"360 Degrees Rotating Stand (Purple) Leather Case for Apple iPad 2 (FOR iPAD 2 ONLY, NOT FOR iPAD 3rd Gen)","[[Electronics,Computers & Accessories,Touch Screen Tablet Accessories,Cases & Sleeves,Cases]]"
2332,122649,The Friendly Swede Bundle of 10 Flexible Soft Silicone Angel Devil Skins for Apple iPod Touch 4 4G + Screen Protector + Microfiber Cleaning Cloth in Retail Packaging,"[[Electronics,Portable Audio & Video,MP3 Players & Accessories,MP3 Player Accessories,Cases]]"
2333,122652,Seagate Expansion 500GB Portable External Hard Drive USB 3.0 (STBX500100),"[[Electronics,Computers & Accessories,Data Storage,External Hard Drives]]"
2334,122703,Logitech Rechargeable Touchpad T650 with Windows 8 Multi-Touch Navigation - Black,"[[Electronics,Computers & Accessories,Cables & Accessories,Input Devices,Trackballs]]"
2335,122744,"V-MODA BoomPro Gaming, VoIP Headset Headphone with Mic, Black","[[Electronics,Accessories & Supplies,Audio & Video Accessories,Headphones]]"
2336,122844,"HDMI Cable - Version 1.4 High Speed, 360 Degree-Rotating, (6ft Black, 24K Gold Plated Connectors) for 3D TV, Xbox 360, PS3, DVD/Blu-Ray DVD Players","[[Electronics,Accessories & Supplies,Audio & Video Accessories,Cables & Interconnects,Video Cables,HDMI Cables]]"
2337,122919,Nikon COOLPIX P510 16.1 MP CMOS Digital Camera with 42x Zoom NIKKOR ED Glass Lens and GPS Record Location (Black),"[[Electronics,Camera & Photo,Digital Cameras,Point & Shoot Digital Cameras]]"
2338,123106,Sony 100DMR47SP 16x DVD-R 4.7GB Recordable DVD Media - 100 Pack Spindle,"[[Electronics,Accessories & Supplies,Blank Media,DVD-R Discs]]"
2339,123205,Smallrig 3/8&quot;-16 Female to 1/4&quot;-20 Male Tripod Thread Reducer / Adapter Brass NEW (2-pack),"[[Electronics,Camera & Photo,Accessories,Tripod & Monopod Accessories]]"
2340,123391,"58MM Reversible Flower Lens Hood (2013 Update) for CANON REBEL (T5i T4i T3i T3 T2i T1i XT XTi XSi SL1), CANON EOS (700D 650D 600D 550D 500D 450D 400D 350D 300D 1100D 100D 60D) + Premium MagicFiber Microfiber Lens Cleaning Cloth","[[Electronics,Camera & Photo,Accessories,Lens Accessories,Lens Hoods]]"
2341,123431,Hildozine Transceiver Caddy V3 for PocketWizard Plus III,"[[Electronics,Camera & Photo,Accessories,Tripod & Monopod Accessories]]"
2342,123449,ASUS Socket 1366/Intel X58/SATA3&amp;USB3.0/A&amp;GbE/ATX Motherboard P6X58D-E,"[[Electronics,Computers & Accessories,Computer Components,Motherboards]]"
2343,123473,Transcend 16GB Class 10 SDHC Flash Memory Card (TS16GSDHC10E),"[[Electronics,Computers & Accessories,Cables & Accessories,Memory Cards,SD & SDHC Cards]]"
2344,123484,Power Acoustik 2.0 Farad Digital Power Capacitor,"[[Electronics,Car & Vehicle Electronics,Vehicle Electronics Accessories]]"
2345,123498,USB 2.0 A to 5-Pin Mini B Cable - 10 Feet,"[[Electronics,Computers & Accessories,Cables & Accessories,Cables & Interconnects,USB Cables]]"
2346,123519,Finevu NEW CR-500HD 16gb Full Hd Record Car Vehicle Black Box Recorder Camera Racing 1920x1080p@30fps w/SONY CMOS Sensor,"[[Electronics,Car & Vehicle Electronics,Car Electronics,Car Safety & Security,Vehicle Backup Cameras]]"
2347,123635,Logitech S120 2.0 Multimedia Speakers,"[[Electronics,Computers & Accessories,Cables & Accessories,Computer Speakers]]"
2348,123666,Kingston 19-in-1 USB 2.0 Flash Memory Card Reader FCR-HS219/1,"[[Electronics,Computers & Accessories,Cables & Accessories,Memory Card Readers]]"
2349,123667,Your Cable Store 15 Foot USB 2.0 Extension Cable,"[[Electronics,Computers & Accessories,Cables & Accessories,Cables & Interconnects,USB Cables]]"
2350,123690,3D Camera and 3D Viewer Bundle,"[[Electronics,Camera & Photo,Accessories,Accessory Bundles]]"
2351,123701,Pyle PLR44MU In-Dash AM/FM-MPX Detachable Face Receiver with MP3 Playback and USB/SD/Aux Inputs,"[[Electronics,Car & Vehicle Electronics,Car Electronics,Car Audio,Car Stereo Receivers]]"
2352,123742,"OtterBox Defender Series Case with Screen Protector and Stand for iPad 4th Generation, iPad 2 and 3 - Black","[[Electronics,Computers & Accessories,Touch Screen Tablet Accessories,Cases & Sleeves,Cases]]"
2353,123879,Sigma 18-250mm F3.5-6.3 DC MACRO HSM for Sony Digital SLR Cameras,"[[Electronics,Camera & Photo,Lenses,Camera Lenses]]"
2354,124007,"Sony LCSCSQ Soft Carrying Case for Sony T, W, and N Series Digital Cameras (Black)","[[Electronics,Camera & Photo,Bags & Cases,Camera Cases]]"
2355,124117,Evecase 8.9 to 10.1 inch Tablet Ultraportable Neoprene Zipper Carrying Case with Dual Hidden Pocket &amp; Handle - Black/ Red,"[[Electronics,Computers & Accessories,Touch Screen Tablet Accessories,Cases & Sleeves,Cases]]"
2356,124144,Samsung UN32F5500 32-Inch 1080p 60Hz Slim Smart LED HDTV (2013 Model),"[[Electronics,Television & Video,Televisions,LED TVs]]"
2357,124175,Roku HD Streaming Player (Old Model),"[[Electronics,Television & Video,Streaming Media Players]]"
2358,124403,"Digital Reins 9&quot; Inch Tablet PC Google Android 4.0 Capacitive Multi-Touch Screen 8GB 512DDR3 Dual Camera A13 1.5GHz Supports Skype Video Chatting, YouTube, Google Play, Netflix","[[Electronics,Computers & Accessories,Tablets]]"
2359,124543,Belkin PureAV Digital Optical Audio Cable-12 feet,"[[Electronics,Accessories & Supplies,Audio & Video Accessories,Cables & Interconnects,Audio Cables,Fiber Optic Cables]]"
2360,124580,Rapiddominance Classic Military Messenger Bags,"[[Electronics,Computers & Accessories,Laptop & Netbook Computer Accessories,Bags & Cases,Messenger Bags]]"
2361,124583,Crystal Diamond Slipper Jewelry USB Flash Drive with Necklace:8GB(Gold),"[[Electronics,Computers & Accessories,Data Storage,USB Flash Drives]]"
2362,124593,Samsung DDR3-1333 SODIMM 4GB Notebook Memory,"[[Electronics,Computers & Accessories,Computer Components,Memory]]"
2363,124619,"Inateck Superspeed 4 Ports PCI-E to USB 3.0 Expansion Card - Interface USB 3.0 4-Port Express Card Desktop with 15 Pin SATA Power Connector, [ Include with A 4pin to 2x15pin Cable + A 15pin to 2x 15pin SATA Y-Cable ]","[[Electronics,Computers & Accessories,Computer Components,I/O Port Cards,USB Port Cards]]"
2364,124841,Lexar Echo ZX 16GB USB Backup Flash Drive LEHZX16GBSBNA,"[[Electronics,Computers & Accessories,Data Storage,USB Flash Drives]]"
2365,124861,Shakespeare 5101 Centennial White 8' VHF Marine Antenna,"[[Electronics,Car & Vehicle Electronics,Marine Electronics,Marine Antennas]]"
2366,124875,"Jackery Mini Premium Ultra-Compact Aluminum Portable Charger 3200mAh External Battery Pack Power Bank for Apple iPhone 5S, 5C, 5, 4S, iPad, Air, Mini, Samsung Galaxy S4, S3, Note, Nexus, LG, HTC, Moto. Portable Battery Charger, Portable Phone Charger, USB Battery, Rechargeable Battery Backup, External Charger, USB Battery Charger (Orange)","[[Cell Phones & Accessories,Accessories,Batteries,External Battery Packs],[Cell Phones & Accessories,Accessories,Chargers,Travel Chargers],[Electronics,Computers & Accessories,Touch Screen Tablet Accessories,Chargers & Adapters]]"
2367,124909,"iKlear Micro Chamois Kloth for iPad, iPhone, Galaxy, LCD, Plasma TV, Computer Monitor and Keyboard (Cloth and Wipes)","[[Electronics,Accessories & Supplies,Audio & Video Accessories,Cleaning & Repair,Lens Cleaners]]"
2368,124917,LG BD670 3D Wireless Network Blu-ray Disc Player with Smart TV,"[[Electronics,Television & Video,Blu-ray Players & Recorders,Blu-ray Players]]"
2369,124984,Intellinet 12-Port Cat6 Wall-mount Patch Panel (560269),"[[Electronics,Computers & Accessories,Cables & Accessories,Cables & Interconnects,Ethernet Cables]]"
2370,125020,Corsair Hydro Series H110 280 mm High Performance Liquid CPU Cooler,"[[Electronics,Computers & Accessories,Computer Components,Fans & Cooling,Water Cooling Systems]]"
2371,125046,Removable Floaty + Anti-Fog Inserts compatible with all GoPro&reg; HERO&reg; cameras by The Accessory Pro,"[[Electronics,Camera & Photo,Underwater Photography,Camcorders]]"
2372,125220,ASUS Sabertooth 990FX/GEN3 R2.0 DDR3 1800 AM3 Motherboards,"[[Electronics,Computers & Accessories,Computer Components,Motherboards]]"
2373,125231,V-MODA Crossfade LP Over-Ear Noise-Isolating Metal Headphone (White Pearl),"[[Electronics,Accessories & Supplies,Audio & Video Accessories,Headphones]]"
2374,125267,(9-cell) Laptop Battery for Dell Inspiron 1520 1521 1720 1721 Vostro 1500 1700 Series Pn 312-0504 312-0513 312-0518 312-0520,"[[Electronics,Computers & Accessories,Laptop & Netbook Computer Accessories,Batteries]]"
2375,125500,Kenwood KDC-152 In-Dash MP3/WMA CD Receiver,"[[Electronics,Car & Vehicle Electronics,Car Electronics,Car Audio,Car Stereo Receivers]]"
2376,125612,CowboyStudio Red Foam Floating Wrist Strap for UnderWater/WaterProof Cameras - Red,"[[Electronics,Camera & Photo,Bags & Cases,Bag & Case Accessories]]"
2377,125620,Bose IE2 Audio Headphones,"[[Electronics,Accessories & Supplies,Audio & Video Accessories,Headphones]]"
2378,125670,Memorex MP4907BK CD MP3 Boombox MP3 with Cassette Player and AM/FM Radio,"[[Electronics,Portable Audio & Video,Boomboxes]]"
2379,125695,Motorola S305 Bluetooth Stereo Headset w/ Microphone (Black) - Retail Packaging,"[[Cell Phones & Accessories,Accessories,Headsets,Bluetooth Headsets],[Electronics,Accessories & Supplies,Audio & Video Accessories]]"
2380,125741,Laptop/Notebook Battery for Dell Inspiron,"[[Electronics,Computers & Accessories,Laptop & Netbook Computer Accessories,Batteries]]"
2381,125752,"58MM Altura Photo Collapsible Rubber Lens Hood for for CANON Rebel T5i T4i T3i T3 T2i T1i XT XTi XSi SL1, CANON EOS 700D 650D 600D 550D 500D 450D 400D 350D 300D 1100D 100D 60D + MagicFiber Microfiber Lens Cleaning Cloth","[[Electronics,Camera & Photo,Accessories,Lens Accessories,Lens Hoods]]"
2382,125757,Mediasonic HF2-SU3S2 ProBox 4 Bay Hard Drive Enclosure with USB 3.0 &amp; eSATA,"[[Electronics,Computers & Accessories,Cables & Accessories,Hard Drive Enclosures]]"
2383,125758,Lowepro Nova 170 AW Camera Bag,"[[Electronics,Computers & Accessories,Laptop & Netbook Computer Accessories,Bags & Cases]]"
2384,125796,BOSS Audio P55.4C Phantom 300-watt 4 way auto 5.25&quot; Coaxial Speaker,"[[Electronics,Car & Vehicle Electronics,Car Electronics,Car Audio,Speakers,Component Speakers]]"
2385,125911,Samsung Galaxy Tab Detachable Car Charger with USB to 30 Pin Data Cable (ECA-P10CBEGSTA),"[[Electronics,Computers & Accessories,Touch Screen Tablet Accessories,Chargers & Adapters]]"
2386,125965,Canon PowerShot ELPH 310 HS 12.1 MP CMOS Digital Camera with 8x Wide-Angle Optical Zoom Lens and Full 1080p HD Video (Blue),"[[Electronics,Camera & Photo,Digital Cameras,Point & Shoot Digital Cameras]]"
2387,125970,Fujifilm FinePix XP60 16.4MP Digital Camera with 2.7-Inch LCD (Red),"[[Electronics,Camera & Photo,Underwater Photography,Cameras]]"
2388,126007,Raidmax Hybrid 730W ATX12V/ EPS12V Power Supply RX-730SS,"[[Electronics,Computers & Accessories,Computer Components,Power Supplies]]"
2389,126155,"StarTech.com ExpressCard 34mm to 54mm Stabilizer Adapter, 3 Pack (ECBRACKET2)","[[Electronics,Computers & Accessories,Cables & Accessories,Computer Cable Adapters]]"
2390,126161,amCase Protective Neoprene Cushion Sleeve Carrying Case (Black) for Microsoft Surface Tablet RT/Pro and Surface 2/ Pro 2,"[[Electronics,Computers & Accessories,Touch Screen Tablet Accessories,Cases & Sleeves,Sleeves]]"
2391,126196,MMT Monitor2Go HD 15.6&quot; HDMI &amp; USB Portable Monitor,"[[Electronics,Computers & Accessories,Monitors]]"
2392,126274,LimoStudio 2 x Photo Studio Photography 105 Watt 6500K Day Light Fluorescent Full Spectrum Bulb,"[[Electronics,Computers & Accessories,Cables & Accessories,Video Projector Accessories,Lamps]]"
2393,126335,"Headset Buddy Adapter: PC Headset to CISCO Phone Jack, RJ9/RJ10 to Dual 3.5mm Adapter, Not RJ11","[[Electronics,Accessories & Supplies,Telephone Accessories,Headsets]]"
2394,126383,Apogee HDMI 3x1 Mini Switcher - No power supply needed,"[[Electronics,Accessories & Supplies,Audio & Video Accessories,Distribution,Selector Switch Boxes]]"
2395,126388,Silverstone Tek Flat Flexible Short Cable Set for Modular PSUs (PP05-E),"[[Electronics,Computers & Accessories,Cables & Accessories,Computer Cable Adapters]]"
2396,126413,SanDisk 2 GB Secure Digital SD Card - 2 PACK,"[[Electronics,Computers & Accessories,Cables & Accessories,Memory Cards,Micro SD Cards]]"
2397,126523,Pink .TAB Nero / Zeepad 7.0 Deluxe Tablet PC Leather Case Protector,"[[Electronics,Computers & Accessories,Touch Screen Tablet Accessories,Cases & Sleeves,Cases]]"
2398,126572,LUVVITT&reg; DOLCE Slim-fit Smart Cover Companion / Compatible TPU Case (BACK COVER only) for iPad 2 &amp; iPad 3 &amp; iPad 4 Clear,"[[Electronics,Computers & Accessories,Touch Screen Tablet Accessories,Cases & Sleeves,Cases]]"
2399,126585,HDE USB 2.0 Hi-Speed 4-Port Power Strip Style Hub - White,"[[Electronics,Computers & Accessories,Networking Products,Hubs]]"
2400,126671,"Ram Mount RAM-HOL-GA40U Cradle Holder for Garmin GPSMAP 78, 78s and 78sc (Black)","[[Electronics,GPS & Navigation,GPS System Accessories,Vehicle Mounts]]"
2401,126691,Vivitar Auto Focus Teleconverter Lens for Nikon - Black (2X4N),"[[Electronics,Camera & Photo,Lenses,Camera Lenses]]"
2402,126721,"ABC Products&reg; All in One USB Multi Digital Camera / Cell Phone / Mobile Picture Memory Card Reader Writer USB 2.0 Windows 98SE, ME, 2000, XP, Vista, 7, 8 and Apple Mac OS V9.2 &amp; above, PLUG and PLAY Digital Photo Frame Transfer, Reads all Cards Except Smart Media, USB Cable Included","[[Electronics,Computers & Accessories,Cables & Accessories,Memory Card Readers]]"
2403,126777,niceEshop(TM) 2pcs USB Male To USB Male M/M Gender Changer / Adapter / Coupler / Converter -Random Color +Free niceEshop Cable Tie,"[[Electronics,Accessories & Supplies,Audio & Video Accessories,Connectors & Adapters]]"
2404,126992,Dell U2713HM-IPS-LED CVN85 27-Inch Screen LED-lit Monitor,"[[Electronics,Computers & Accessories,Monitors]]"
2405,127021,Vizio VBR140 Blu-Ray Player with Wireless Internet Application,"[[Electronics,Television & Video,Blu-ray Players & Recorders,Blu-ray Players]]"
2406,127090,Deluxe Soft Medium Camcorder Case For Sony HDR-CX160 HDR-CX190 HDR-CX200 HDR-CX210 HDR-CX260V HDR-CX300 HDR-CX305 HDR-CX220 HDR-CX230 HDR-CX290 HDR-CX380 HDR-CX430V + More!!,"[[Electronics,Camera & Photo,Bags & Cases,Camcorder Cases]]"
2407,127151,Blue Leather Case with Bluetooth Wireless Keyboard for Ipad2/3 By Shiningtek,"[[Electronics,Computers & Accessories,Touch Screen Tablet Accessories,Cases & Sleeves,Cases]]"
2408,127166,Xcsource Focal Reducer Speed Booster Lens Turbo Adapter for Nikon AI to Sony NEX 5N DC410,"[[Electronics,Camera & Photo,Accessories,Lens Accessories,Adapters & Converters]]"
2409,127177,moshi TrackGuard (2 pack) for Aluminum Unibody Macbook Pros,"[[Electronics,Computers & Accessories,Cables & Accessories,Monitor Accessories,Screen Protectors]]"
2410,127312,JL Audio RBC 1 Remote Bass Control,"[[Electronics,Accessories & Supplies,Audio & Video Accessories,Remote Controls,TV Remote Controls]]"
2411,127399,Mount-it! MI-326B Articulating LCD HD Ultra-Low Profile Wall Mount for 32-Inch to 60-Inch TV,"[[Electronics,Accessories & Supplies,Audio & Video Accessories,TV Accessories & Parts,TV Ceiling & Wall Mounts]]"
2412,127414,"Perixx MX-1800B, Programmable Gaming Mouse - Black - 7 Programmable Button - Omron Micro Switches - Avago ADNS3090 Optical 4000dpi Sensor - Changeable Side Wing - Ultra Polling 125-1000HZ","[[Electronics,Computers & Accessories,Cables & Accessories,Mice]]"
2413,127423,Microsoft Limited Edition ARC Touch RVF-00032 BlueTrack Wireless Mouse,"[[Electronics,Computers & Accessories,Cables & Accessories,Mice]]"
2414,127481,AMD FD8320FRHKBOX FX-8320 FX-Series 8-Core Black Edition,"[[Electronics,Computers & Accessories,Computer Components,CPU Processors]]"
2415,127682,"BitFenix Mini-ITX Tower Case Without Power Supply, Midnight Black BFC-PRO-300-KKXSK-RP","[[Electronics,Computers & Accessories,Computer Components,Computer Cases]]"
2416,127686,eForCity Mini Display Port to DVI Male / Female Adapter,"[[Electronics,Accessories & Supplies,Audio & Video Accessories,Cables & Interconnects,Video Cables,DVI Cables]]"
2417,127850,"OREI Grounded Universal 2 in 1 Schuko Plug Adapter Type E/F for Germany, France, Europe, Russia &amp; more - High Quality - CE Certified - RoHS Compliant WP-EF-GN","[[Electronics,Accessories & Supplies,Batteries, Chargers & Accessories,Power Converters]]"
2418,127864,"Replacement NB-6L Battery For Canon PowerShot S120, SX170 IS, SX260 HS, SX280 HS, SX500 IS, SX510 HS, SX600 HS, SX700 HS, ELPH 500 HS, D10, D20, D30 Digital Camera + More!!!","[[Electronics,Camera & Photo,Accessories,Digital Camera Accessories,Accessory Kits]]"
2419,127884,Canon Speedlite 430EX II Flash for Canon Digital SLR Cameras,"[[Electronics,Camera & Photo,Accessories,Flash Accessories,Diffusers]]"
2420,127892,Samsung 16GB PLUS Micro SDHC with Adapter - up to 48MB/s - UHS-1 Class 10 Memory Card (MB-MPAGCA/AM),"[[Electronics,Computers & Accessories,Cables & Accessories,Memory Cards,Micro SD Cards]]"
2421,127901,"Case Fan, 40x40x10mm, Ball Bearing, 3-pin","[[Electronics,Computers & Accessories,Computer Components,Fans & Cooling,Case Fans]]"
2422,127950,Importer520 Gold Plated HDMI Female to DVI-D Male Video Adapter,"[[Electronics,Accessories & Supplies,Audio & Video Accessories,Connectors & Adapters]]"
2423,127974,Arkon Replacement Upgrade or Additional Windshield Dashboard Suction Mounting Pedestal for Garmin nuvi 40 50 1450 1200 GPS,"[[Electronics,GPS & Navigation,GPS System Accessories,Vehicle Mounts]]"
2424,128027,"Pwr+&reg; Laptop Car Charger for Toshiba Satellite U920t, U925t U925t-S2120; W35Dt W35Dt-A3300; Toshiba Portege Z10t Z15t; Toshiba Thrive 10.1-inch At105 At105-t1016 Android Os Tablet PC PA3922U-1ARA PA5072U-1ACA PA5072A-1AC3 Tab Notebook Battery Power Supply Cord Netbook Computer 40W","[[Electronics,Computers & Accessories,Cables & Accessories,Keyboards]]"
2425,128057,DURAGADGET High Quality Silver Laptop Case,"[[Electronics,Computers & Accessories,Laptop & Netbook Computer Accessories,Bags & Cases,Sleeves & Slipcases]]"
2426,128155,"Floureon 2 Pack Rechargeable Cordless Phone Battery for Uniden BT-1001, BT1001, BT-1004, BT1004, BT-909, BT909, BBTY0483001, BBTY0507001, BBTY0566001, BBTY0616001, DCT736, DCT736-2, DCT7362, DCT736-3, DCT7363, DCT736-4, DCT7364, DCT737, DCT738, DCT738-3, DCT7383, DCT738-3T","[[Electronics,Accessories & Supplies,Telephone Accessories,Batteries]]"
2427,128178,Corsair Air Series SP120 Quiet Edition Twin Pack Fan (CO-9050006-WW),"[[Electronics,Computers & Accessories,Computer Components,Fans & Cooling,CPU Cooling Fans]]"
2428,128195,Crystal Asymmetric Heart Shape Jewelry USB Flash Drive with Necklace:8GB(silver),"[[Electronics,Computers & Accessories,Data Storage,USB Flash Drives]]"
2429,128225,.alm Computing Div. Treo Pro Battery,"[[Electronics,Computers & Accessories,Laptop & Netbook Computer Accessories,Batteries]]"
2430,128258,Samsung UN46F6300 46-Inch 1080p 120Hz Slim Smart LED HDTV (2013 Model),"[[Electronics,Television & Video,Televisions,LED TVs]]"
2431,128268,SanDisk 8 GB microSDHC Card with SD Adapter,"[[Electronics,Computers & Accessories,Cables & Accessories,Memory Cards,Micro SD Cards]]"
2432,128284,"2 RCA Male / 2 RCA Male, High Quality Audio Cable, 3 ft","[[Electronics,Accessories & Supplies,Audio & Video Accessories,Cables & Interconnects,Audio Cables,RCA Cables]]"
2433,128398,BlueRigger High Speed HDMI to DVI Adapter Cable (6.6 Feet/ 2 Meters),"[[Electronics,Accessories & Supplies,Audio & Video Accessories,Cables & Interconnects,Video Cables,HDMI Cables]]"
2434,128447,ASUS TF701T-DOCK-AD02 Transformer Pad,"[[Electronics,Computers & Accessories,Cables & Accessories,Keyboards]]"
2435,128456,"SanDisk Extreme Plus 64GB SDXC UHS-1 Flash Memory Card Speed Up To 80MB/s, Frustration-Free Packaging- SDSDXS-064G-AFFP","[[Electronics,Computers & Accessories,Cables & Accessories,Memory Cards,SD & SDHC Cards]]"
2436,128594,"Ultra Clarity HDMI Extension Cable (10 Feet) with Ethernet, Male to Female - 2 Pack","[[Electronics,Accessories & Supplies,Audio & Video Accessories,Cables & Interconnects,Video Cables,HDMI Cables]]"
2437,128656,Hosa Cable CMS103 1/8 inch TRS to 1/4 Inch TRS Adapter Cable - 3 Foot,"[[Electronics,Accessories & Supplies,Audio & Video Accessories,Headphone Accessories,Extension Cords]]"
2438,128698,iLLumiShield - Lenovo Yoga 2 Pro Screen Protector Japanese Ultra Clear HD Film with Anti-Bubble and Anti-Fingerprint - High Quality (Invisible) LCD Shield - Lifetime Replacement Warranty - [2-Pack] OEM / Retail Packaging,"[[Electronics,Computers & Accessories,Laptop & Netbook Computer Accessories,Screen Protectors]]"
2439,128719,Seagate Expansion 1 TB USB 3.0 Portable External Hard Drive STAX1000102,"[[Electronics,Computers & Accessories,Data Storage,External Hard Drives]]"
2440,128817,"STK's Canon BP-511 Battery - TWO PACK 2200 mAh BP-511A BP511 BP511A Lithium Ion Battery Pack for Canon EOS 5D, 50D, 40D, 20D, 30D, 10D, Digital Rebel, 1D, D60, 300D, D30, Kiss, Powershot G5, Pro 1, G2, G3, G6, G1, Pro90 is, Optura 20, Xi, 10, PI, 200MC, 100MC","[[Electronics,Camera & Photo,Accessories,Batteries & Chargers,Batteries,Camera Batteries]]"
2441,128837,Syba SY-ADA20082 USB 3.0 Gender Changer Adapter Male to Male,"[[Electronics,Computers & Accessories,Cables & Accessories,Computer Cable Adapters]]"
2442,128844,Yongnuo 2.4GHz Wireless Flash Trigger/Receiver and Shutter Remote for Canon 1D/5D/7D/10D/20D/30D/40D/50D DSLR,"[[Electronics,Camera & Photo,Accessories,Flash Accessories,Sync & PC Cords]]"
2443,128884,AGPtek&reg; USB to HDMI Converter With 3.5mm Audio Cable 1080P For Windows XP/VISTA/7 and Mac OS X,"[[Electronics,Accessories & Supplies,Audio & Video Accessories,Cables & Interconnects,Video Cables,HDMI Cables]]"
2444,129011,Western Digital 160 GB Caviar Blue SATA 7200 RPM 8 MB Cache Bulk/OEM Desktop Hard Drive WD1600AAJS,"[[Electronics,Computers & Accessories,Data Storage,Internal Hard Drives]]"
2445,129052,"Cowboystudio 400 Watt Photography Studio Monolight, Studio Strobe Light with 75 W Model Lamp","[[Electronics,Camera & Photo,Lighting & Studio,Lighting,Strobe Lighting,Monolights]]"
2446,129125,Garmin nuvi 1450LMT 5-Inch Portable GPS Navigator with Lifetime Map &amp; Traffic Updates (Discontinued by Manufacturer),"[[Electronics,GPS & Navigation,Vehicle GPS]]"
2447,129381,"Noctua NH-D14 SE2011 Quiet CPU Cooler for Intel LGA 2011 Socket with 6 Heatpipes, 140/120mm SSO Bearing PWM Fans NH-D14 SE2011","[[Electronics,Computers & Accessories,Computer Components,Fans & Cooling,Case Fans]]"
2448,129411,Canon EOS Rebel T3i Digital Camera Adapter Coupler Kit - Replacement For Canon ACK-E8 and The DR-E8 Coupler,"[[Electronics,Camera & Photo,Accessories,Digital Camera Accessories,Accessory Kits]]"
2449,129433,Pioneer X-EM21 Micro HiFi CD/FM Stereo System with iPod-Dock USB-in Remote,"[[Electronics,Home Audio,Compact Stereos]]"
2450,129461,DBPOWER&reg; Internal Hard Drive Mounting Kit for Sony PS3 System Compatible with CECH-400X Series,"[[Electronics,Accessories & Supplies,Blank Media,Floppy Diskettes]]"
2451,129479,WD My Passport for Mac 500GB Portable External Hard Drive Storage USB 3.0 (WDBLUZ5000ASL-NESN),"[[Electronics,Computers & Accessories,Data Storage,External Hard Drives]]"
2452,129552,AppleCare Protection Plan for iPad,"[[Electronics,Computers & Accessories,Cables & Accessories]]"
2453,129587,Dell UltraSharp U2412M 24-Inch Screen LED-lit Monitor,"[[Electronics,Computers & Accessories,Cables & Accessories,Monitor Accessories]]"
2454,129688,"Shure SE215-K Live Sound Monitor, Black","[[Electronics,Accessories & Supplies,Audio & Video Accessories,Headphones]]"
2455,129719,"Perixx PERIBOARD-717, Wireless Remote Keyboard with Touchpad - Palm Sized 5.67&quot;x3.70&quot;x0.55&quot; Dimension - 3.20&quot; Large Touchpad - Nano Receiver - On/Off Switch - Rechargeable Battery - US English Layout","[[Electronics,Computers & Accessories,Cables & Accessories,Keyboards]]"
2456,129725,"BIRUGEAR Digital Camera Zipper Eva Pouch Carrying Case for Sony CyberShot DSC-W830, W800, TX30, WX350, WX300, W710, W730, WX80, WX150, TX20, TX66, W690, W670, WX70, W650, W620, W610, TX200V, WX50, TX55, WX10, T110, TX100V, TX10, HX7V, W510, W570, W560, H70, WX9, W530","[[Electronics,Camera & Photo,Bags & Cases,Camera Cases]]"
2457,129770,Raidmax ATX-321WR  Computer Case,"[[Electronics,Computers & Accessories,Computer Components,Computer Cases]]"
2458,129794,M.2 (NGFF) SSD to SATA adapter,"[[Electronics,Computers & Accessories,Data Storage,Internal Hard Drives]]"
2459,129854,Aurum Ultra Series - High HDMI Cable (100 ft) w/ Built-in Signal Booster Supports 3D &amp; Audio Return Channel - Full HD [Latest Version] - 100 Feet,"[[Electronics,Accessories & Supplies,Audio & Video Accessories,Cables & Interconnects,Video Cables,HDMI Cables]]"
2460,129881,"EVGA GeForce GTX770 SuperClocked with EVGA ACX Cooler, 2GB GDDR5 256bit, DL DVI-I, DVI-D, HDMI, DP, SLI Ready Graphics Cards (02G-P4-2774-KR)","[[Electronics,Computers & Accessories,Computer Components,Graphics Cards]]"
2461,129888,Coby LEDTV1526 15&quot; LED High Definition TV,"[[Electronics,Television & Video,Televisions,LED TVs]]"
2462,129901,HANKEN ACK-E8 AC Power Adapter Supply Kit For Canon EOS Rebel T2i T3i 550D 600D Kiss X4 X5 DSLR Cameras,"[[Electronics,Camera & Photo,Accessories,Batteries & Chargers,Adapters]]"
2463,130115,SquareTrade 3-Year Computer Accident Protection Plan ($450-500),"[[Electronics,Computers & Accessories,Warranties & Services,Computer Equipment Warranties]]"
2464,130231,AmazonBasics 3-Button USB Wired Mouse (Black),"[[Electronics,Computers & Accessories,Cables & Accessories,Mice]]"
2465,130363,Nikon LC-52 Snap on Front Lens Cap,"[[Electronics,Camera & Photo,Accessories,Lens Accessories,Lens Caps]]"
2466,130379,Neewer Ultra-thin Optical Glass LCD Screen Protector for Canon 6D DSLR Camera,"[[Electronics,Camera & Photo,Accessories,Digital Camera Accessories,Screen Protector Foils]]"
2467,130498,VanGoddy Hydei Sleeve - Modern Padded Bag Pack Cover w/ Shoulder Strap fits Lenovo Yoga Tablet 10 10.1&quot; Multimode Device | FOREST GREEN |,"[[Electronics,Computers & Accessories,Touch Screen Tablet Accessories,Cases & Sleeves,Sleeves]]"
2468,130625,ZyXEL 300 Mbps Wireless N Router with High Gain Antennas (NBG418n),"[[Electronics,Computers & Accessories,Routers]]"
2469,130630,Opteka SB-110 Universal Gel Softbox Diffuser for External Camera Flash Units -Blue/ Green/ Red/ Yellow/ Amber/Pink Gels,"[[Electronics,Camera & Photo,Accessories,Flash Accessories,Diffusers]]"
2470,130758,Sapphire Radeon HD 7970 OC with Boost 3GB DDR5 DL-DVI-I/SL-DVI-D/HDMI/DP PCI-Express Graphics Card 11197-03-40G,"[[Electronics,Computers & Accessories,Computer Components,Graphics Cards]]"
2471,130760,Winegard DS2076 76 cm Dish Antenna (Discontinued by Manufacturer),"[[Electronics,Accessories & Supplies,Audio & Video Accessories,Antennas,TV Antennas]]"
2472,130788,Cables Unlimited AUD130510 Pro A/V Series 10-Feet (1xRCA) Video Cable with Gold Connectors,"[[Electronics,Accessories & Supplies,Audio & Video Accessories,Cables & Interconnects,Audio Cables,RCA Cables]]"
2473,130872,SMAKN&reg; New Gold Plated Hdmi Female to Dvi-d Male Video Adaptor,"[[Electronics,Computers & Accessories,Cables & Accessories,Computer Cable Adapters,DVI-HDMI Adapters]]"
2474,130889,Vizio XPG404 Theater 3D Glasses - Family Pack,"[[Electronics,Television & Video,Video Glasses]]"
2475,130963,Pentax Q 12.4 MP CMOS Digital Camera Body (Black),"[[Electronics,Camera & Photo,Digital Cameras,Point & Shoot Digital Cameras]]"
2476,131060,Lowepro Stealth Reporter D200 AW Camera Bag,"[[Electronics,Camera & Photo,Bags & Cases,Camera Cases]]"
2477,131124,ZTO 9-Inch Android 4.2 8GB Capacitive Multi-Touchscreen Widescreen Internet Tablet 1.2GHz Processor with Built-In Camera White N51,"[[Electronics,Computers & Accessories,Tablets]]"
2478,131157,SanDisk 32 GB Compact Flash Memory Card SDCFX-032G-X46 (Black),"[[Electronics,Computers & Accessories,Cables & Accessories,Memory Cards,CompactFlash Cards]]"
2479,131215,"Fotodiox Metal Step Up Ring, Anodized Black Metal 67mm-77mm, 67-77 mm","[[Electronics,Camera & Photo,Accessories,Lens Accessories]]"
2480,131271,Microsoft Arc Mouse - Black,"[[Electronics,Computers & Accessories,Cables & Accessories,Input Devices,Touch Pads]]"
2481,131417,Logitech Speaker System Z520 (Black),"[[Electronics,Computers & Accessories,Cables & Accessories,Computer Speakers]]"
2482,131534,IO Crest SATA III 4-Port PCI-e 2.0 x 2 Card with Marvell HyperDuo RAID Mode Support and Low Profile Brackets SI-PEX40057,"[[Electronics,Computers & Accessories,Computer Components,I/O Port Cards,SCSI Port Cards]]"
2483,131558,ColorYourLife 10pcs Microfiber Cleaning Polishing Cloths for LCD Screen of Electronic Devices and Glasses Optics etc in Retail Packaging,"[[Electronics,Camera & Photo,Accessories,Cleaning Equipment,Cloths]]"
2484,131599,Android 4.0 Mini PC,"[[Electronics,Computers & Accessories,Computer Components,Desktop Barebones]]"
2485,131614,KaysCase Slim Soft Gel Smart Cover Compatible Back Cover Case for Apple iPad Mini (Smoked),"[[Electronics,Computers & Accessories,Touch Screen Tablet Accessories,Cases & Sleeves,Cases]]"
2486,131739,Speaker Cabinet Carpet Covering Charcoal Yard 54&quot; Wide,"[[Electronics,Accessories & Supplies,Audio & Video Accessories,Speaker Parts & Components,Carpet & Vinyl]]"
2487,131807,RiteAV - BNC Female to RCA Male Adapter,"[[Electronics,Accessories & Supplies,Audio & Video Accessories,Connectors & Adapters]]"
2488,131912,Coolmax 400W SATA&amp;20/24pin Power Supply V-400,"[[Electronics,Computers & Accessories,Cables & Accessories,Uninterrupted Power Supply (UPS)]]"
2489,132019,Hoya 55mm HMC UV Digital Multi-Coated Slim Frame Glass Filter,"[[Electronics,Camera & Photo,Accessories,Filters & Accessories,Skylight & UV Filters]]"
2490,132061,Nikon 24-85mm f/3.5-4.5G ED VR AF-S Nikkor Lens,"[[Electronics,Camera & Photo,Lenses,Camera Lenses,Digital Camera Lenses]]"
2491,132062,ExpertPower&reg; 14.5&quot; DUAL BAND 144/430Mhz U/V SMA-F Antenna For BAOFENG UV-5R WOUXUN KG-UVD1P,"[[Electronics,Portable Audio & Video,CB & Two-Way Radios,Accessories,Antennas]]"
2492,132102,Panasonic Lumix G Micro 4/3 LEICA DG SUMMILUX 25mm f/1.4 Leica Aspherical Lens,"[[Electronics,Camera & Photo,Lenses,Camera Lenses,Compact System Camera Lenses]]"
2493,132105,OP/TECH USA 4701202 Battery Holster - Black,"[[Electronics,Camera & Photo,Bags & Cases,Camera Cases]]"
2494,132111,"New and Improved EZSee by DC Large Print English QWERTY Keyboard - Vivid Black Letters on Yellow BackGround Keys - Wired USB Connection - For Visually Impaired, Weak Vision in Low Lighted Areas","[[Electronics,Computers & Accessories,Cables & Accessories,Keyboards]]"
2495,132137,Auto Lens Cap For PANASONIC LUMIX DMC LX3 LX-3 + MagicFiber Microfiber Lens Cleaning Cloth,"[[Electronics,Camera & Photo,Accessories,Lens Accessories,Lens Caps]]"
2496,132156,CowboyStudio Quick Neck Shoulder Camera Sling Belt Strap for Canon Nikon Sony Cameras,"[[Electronics,Camera & Photo,Bags & Cases,Binocular, Camera & Camcorder Straps]]"
2497,132255,Intellitouch OHP6000 Digital Player/Recorder for PBX and Key Phone Systems,"[[Electronics,Portable Audio & Video,MP3 Players & Accessories,MP3 Player Accessories,Speaker Systems]]"
2498,132553,"*New* High-end! SMDV RFN-4 Wireless Remote Shutter Release Cable for Canon EOS 1D, 1DS Mark II, III, Mark III, IV, 1DC, 1DX, D30, D60, 10D, 20D, 20DA, 30D, 40D, 50D, 5D, 5D Mark II, III, 7D, fully compatible with Canon RS80N3","[[Electronics,Camera & Photo,Accessories,Digital Camera Accessories,Shutter Release Cords]]"
2499,132700,PLR Optics 55MM Lens Hood For The Sony DSC-HX300 Digital Camera,"[[Electronics,Camera & Photo,Accessories,Lens Accessories,Lens Hoods]]"
2500,132716,NEEWER&reg; Rechargeable Li-ion Battery Replaces Nikon EN-EL9/EN-LE9A Battery Pack for Nikon D3X D40 D40x D5000 D60 D3000 DSLR Cameras,"[[Electronics,Camera & Photo,Accessories,Batteries & Chargers,Batteries,Camera Batteries]]"
2501,132879,PWM Y Splitter Cable Adapter,"[[Electronics,Computers & Accessories,Laptop & Netbook Computer Accessories,Chargers & Adapters]]"
2502,132951,SoundMAGIC E10 Noise Isolating In-Ear Earphones (BlackGunmetal),"[[Electronics,Accessories & Supplies,Audio & Video Accessories,Headphones]]"
2503,132967,KnuKonceptz KCA Complete 4 Gauge Amp Installation Kit,"[[Electronics,Car & Vehicle Electronics,Vehicle Electronics Accessories]]"
2504,133013,iLuv (iCB758) USB Audio Adapter (USB to 3.5mm Headset-Mic. Adapter),"[[Electronics,Accessories & Supplies,Audio & Video Accessories,Connectors & Adapters]]"
2505,133042,Corsair Hydro Series H55 Quiet Edition Liquid CPU Cooler (CW-9060010-WW),"[[Electronics,Computers & Accessories,Computer Components,Fans & Cooling,Case Fans]]"
2506,133058,Dynex Dx-wbrdvd1-ca Blu-ray Disc Player,"[[Electronics,Television & Video,Blu-ray Players & Recorders,Blu-ray Players]]"
2507,133105,"Sewell Hammerhead VGA to HDMI Converter, 1080p","[[Electronics,Accessories & Supplies,Audio & Video Accessories,Video Converters]]"
2508,133136,Cowboystudio 4 Piece Continuous Photography /Video Studio Digital Lighting Kit with Umbrellas and Background Lights,"[[Electronics,Camera & Photo,Lighting & Studio,Lighting,Lighting Controls & Modifiers,Umbrellas]]"
2509,133156,oCOSMO 32-Inch 720p 60Hz LED  HDTV (Glossy Black),"[[Electronics,Television & Video,Televisions,LED TVs]]"
2510,133172,i.Trek Vent Mount for Garmin Nuvi (Silver),"[[Electronics,GPS & Navigation,GPS System Accessories,Vehicle Mounts]]"
2511,133203,Kootek&reg; Raspberry Pi Case Box Enclosure (Black),"[[Electronics,Computers & Accessories,Computer Components,Computer Cases]]"
2512,133278,"TP-LINK TL-WR841N Wireless N300 Home Router, 300Mpbs, IP QoS, WPS Button","[[Electronics,Computers & Accessories,Routers]]"
2513,133288,HDE 13 piece Universal Anti Dust Silicone Port Plugs for PC and Mac Laptops and Notebooks (Orange),"[[Electronics,Computers & Accessories,Cables & Accessories,Keyboard & Mice Accessories,Keyboard Skins]]"
2514,133416,SanDisk Cruzer Glide USB 64GB Flash Drive (SDCZ60-064G-A11),"[[Electronics,Computers & Accessories,Data Storage,USB Flash Drives]]"
2515,133537,Q Power Single 12-Inch Vented Unloaded Box,"[[Electronics,Car & Vehicle Electronics,Car Electronics,Car Audio,Subwoofers,Subwoofer Boxes and Enclosures]]"
2516,133566,Orion 07215 Schmidt-Cassegrain Finder Scope Base (Black),"[[Electronics,Camera & Photo,Accessories,Telescope & Microscope Accessories,Telescope Accessories]]"
2517,133612,Logitech Harmony Smart Control with Smartphone App and Simple Remote - Black (915-000194),"[[Electronics,Accessories & Supplies,Audio & Video Accessories,Remote Controls,TV Remote Controls]]"
2518,133714,Monoprice 100-Feet 14AWG High-Purity Oxygen-Free Copper Speaker Wire,"[[Electronics,Accessories & Supplies]]"
2519,133778,CE Compass Digital SPDIF / Coaxial to Analog L/R RCA Audio Decoder w/ 3.5mm Headphone Jack,"[[Electronics,Accessories & Supplies,Audio & Video Accessories,Cables & Interconnects,Audio Cables,Fiber Optic Cables]]"
2520,133950,AmazonBasics SDHC Class 10 4 GB Secure Digital Card,"[[Electronics,Computers & Accessories,Cables & Accessories,Memory Cards,SD & SDHC Cards]]"
2521,133970,Toshiba Canvio 750 GB USB 3.0 Basics Portable Hard Drive - HDTB107XK3AA(Black),"[[Electronics,Computers & Accessories,Data Storage,External Hard Drives]]"
2522,133995,Intel Core 2 Duo E8500 Processor 3.16 GHz 6 MB Cache Socket LGA775,"[[Electronics,Computers & Accessories,Computer Components,CPU Processors]]"
2523,134002,BenQ W6000 1080p DLP Projector,"[[Electronics,Computers & Accessories,Video Projectors]]"
2524,134017,Belkin N150 Wireless USB Adapter (Latest Generation),"[[Electronics,Computers & Accessories,Networking Products,Network Adapters,USB Network Adapters]]"
2525,134034,FUJIFILM FP-3000B 3.34 X 4.25 Inches Professional Instant Black and White Film,"[[Electronics,Camera & Photo,Film Photography,Film]]"
2526,134083,ArmorSuit MilitaryShield - Samsung Galaxy Note 10.1 Screen Protector Shield + Lifetime Replacements,"[[Electronics,Computers & Accessories,Touch Screen Tablet Accessories,Screen Protectors]]"
2527,134084,"Adonit Jot Pro Fine Point Stylus for iPad, iPad Air, iPad Mini, iPhone, &amp; Kindle Fire - Turquoise","[[Electronics,Computers & Accessories,PDAs, Handhelds & Accessories,PDA & Handheld Accessories,Keyboards & Styluses]]"
2528,134170,Logitech Ultrathin Keyboard Cover Mini for iPad mini - Black,"[[Electronics,Computers & Accessories,Cables & Accessories,Keyboards]]"
2529,134188,AULA GHOST SHARK 400-2000 DPI Wired USB Expert Gaming Mouse - Black,"[[Electronics,Computers & Accessories,Cables & Accessories,Mice]]"
2530,134221,V-MODA Crossfade LP Over-Ear Noise-Isolating Metal Headphone (Nero),"[[Electronics,Accessories & Supplies,Audio & Video Accessories,Headphones]]"
2531,134276,PCI Express Sound Blaster X-Fi Titanium Fatal1ty Champion Series,"[[Electronics,Computers & Accessories,Computer Components,Internal Sound Cards]]"
2532,134390,SteelSeries 6Gv2 Mechanical Gaming Keyboard,"[[Electronics,Computers & Accessories,Cables & Accessories,Keyboards]]"
2533,134431,Kensington Car Audio AUX Cable for iPhone/iPod including iPhone 4S,"[[Electronics,Computers & Accessories,Cables & Accessories,Cable Security Devices]]"
2534,134470,Bear Motion Premium Folio Case for 7 inch Samsung Galaxy Tab 3 7.0 - 7&quot; (P3200) - Black,"[[Electronics,Computers & Accessories,Touch Screen Tablet Accessories,Cases & Sleeves,Cases]]"
2535,134493,NOOK HD 7&quot; 16GB Tablet,"[[Electronics,Computers & Accessories,Tablets]]"
2536,134534,Sony MDRXB60EX 13.5mm Driver Extra Bass In-Ear Headphones (Gold) (Discontinued by Manufacturer),"[[Electronics,Accessories & Supplies,Audio & Video Accessories,Headphones]]"
2537,134599,"Acer Aspire E1-531-2438 15.6&quot; Laptop (1.9 GHz Intel Celeron 1005M Processor, 4 GB RAM, 500 GB HDD - DVD plus/minus RW DL Drive, Windows 7 Home Premium 64-bit) Glossy Black","[[Electronics,Computers & Accessories,Laptops]]"
2538,134612,"VideoSecu LED LCD TV Wall Mount for most 22&quot;-47&quot; LCD, LED &amp; Plasma Televisions and some models up to 55&quot; inches - up to 88 lb VESA 400x400 mm with Full Motion Swivel Articulating Arm, 20 in Extension and Post-installation Leveling System, for Monitor Flat Panel Screen, Bonus 10 ft HDMI cable and Magnetic Bubble Leveler WP5","[[Electronics,Accessories & Supplies,Audio & Video Accessories,TV Accessories & Parts,TV Ceiling & Wall Mounts]]"
2539,134626,Kingston Digital 16 GB SDHC/SDXC Class 10 UHS-1 Flash Memory Card 30MB/s (SD10V/16GB),"[[Electronics,Computers & Accessories,Cables & Accessories,Memory Cards,SD & SDHC Cards]]"
2540,134756,Kuzy - AIR 13inch Screen Protector Clear Film for Apple MacBook Air 13.3&quot; (Model A1369 and A1466) - Clear,"[[Electronics,Computers & Accessories,Laptop & Netbook Computer Accessories,Screen Protectors]]"
2541,134866,Cables Unlimted 6-feet Mickey Mouse Power Cord,"[[Electronics,Accessories & Supplies,Audio & Video Accessories,Cables & Interconnects,Power Cables]]"
2542,134909,Noctua NH-L12 Low-profile Quiet CPU Cooler with 120/90mm Dual PWM Fan,"[[Electronics,Computers & Accessories,Computer Components,Fans & Cooling,CPU Cooling Fans]]"
2543,135148,Transcend 8 GB Class 10 SDHC Flash Memory Card (TS8GSDHC10E),"[[Electronics,Computers & Accessories,Cables & Accessories,Memory Cards,SD & SDHC Cards]]"
2544,135186,Patriot 32GB Supersonic Rage Series USB 3.0 Flash Drive With Up To 180MB/sec- PEF32GSRUSB,"[[Electronics,Computers & Accessories,Data Storage,USB Flash Drives]]"
2545,135214,Kingston Digital 8GB DataTraveler 101 G2 USB 2.0 Drive - Red (DT101G2/8GBZET),"[[Electronics,Computers & Accessories,Data Storage,USB Flash Drives]]"
2546,135226,"ASUS X550LA-DH51 15.6-Inch HD Laptop, Core i5","[[Electronics,Computers & Accessories,Laptops]]"
2547,135335,Canon 200DG Digital Camera Gadget Bag -Black,"[[Electronics,Camera & Photo,Bags & Cases,Camera Cases]]"
2548,135377,ARCTIC MX-4 Carbon-Based Thermal Compound,"[[Electronics,Computers & Accessories,Computer Components,Fans & Cooling,Heatsinks]]"
2549,135380,StarTech.com PYO2SATA 6in SATA Power Y Splitter Cable Adapter - M/F,"[[Electronics,Computers & Accessories,Cables & Accessories,Cables & Interconnects,SATA Cables]]"
2550,135466,SensorWand 14mm for cleaning DigiCameras,"[[Electronics,Camera & Photo,Accessories,Cleaning Equipment,Brushes]]"
2551,135756,"Spal Replacement Magsafe 45w Ac Power Adapter Charger Cord for Macbook Mac Air 11&quot; 13&quot; 14.5V,3.1A","[[Electronics,Computers & Accessories,Laptop & Netbook Computer Accessories,Chargers & Adapters]]"
2552,135805,Centon 4 GB DataStick Pro USB 2.0 Flash Drive DSP4GB-007,"[[Electronics,Computers & Accessories,Data Storage,USB Flash Drives]]"
2553,135851,Vivitar 52MM Close Up Macro Filters and Accessory Kit for NIKON D7100 D7000 D5300 D5200 D5100 D5000 D3300 D3200 D3100 D3000 D90 D80 DSLR Cameras - Includes: Vivitar Macro Close-Up Filter Set + Collapsible Lens Hood + Center-Pinch Lens Cap w/ Cap Keeper Leash + MagicFiber Microfiber Lens Cleaning Cloth,"[[Electronics,Camera & Photo,Accessories,Filters & Accessories,Filter Sets]]"
2554,135958,Zeikos ZE-OCSCC Off Camera Shoe Cord for Canon Flash,"[[Electronics,Camera & Photo]]"
2555,135989,SANOXY 360 Degrees Rotating Stand (black) Leather Case for iPad 2 2nd generation (iPad 2/3/4 BLACK),"[[Electronics,Computers & Accessories,Touch Screen Tablet Accessories,Cases & Sleeves,Cases]]"
2556,136026,Vivitar YELLOW Floating Wrist Strap for UnderWater/WaterProof Cameras,"[[Electronics,Camera & Photo,Underwater Photography,Housings]]"
2557,136039,rooCASE Multi-Angle (Black) Vegan Leather Folio Case Cover for Google Nexus 7 Tablet (NOT Compatible with 2013 Nexus 7 2 FHD),"[[Electronics,Computers & Accessories,Touch Screen Tablet Accessories,Cases & Sleeves,Cases]]"
2558,136079,ASUS Sabertooth X79 LGA 2011 Intel X79 SATA 6Gb/s USB 3.0 ATX Intel Motherboard,"[[Electronics,Computers & Accessories,Computer Components,Motherboards]]"
2559,136148,"Orion Male 3.5mm Plug Stereo Splitter to 2 Male RCA Plugs 6 feet Cable for iPod, iRiver, Zune, Audiovox FMM100 FM Modulator or other AUX adapter","[[Electronics,Accessories & Supplies,Audio & Video Accessories,Cables & Interconnects,Audio Cables,Stereo Jack Cables]]"
2560,136257,i-BLASON Samsung Galaxy Note 10.1 inch tablet Leather Case Cover for New 2012 16G 32G 3G 4G Wifi N8000 N8010  (Black),"[[Electronics,Computers & Accessories,Touch Screen Tablet Accessories,Cases & Sleeves,Cases]]"
2561,136309,Patriot 64GB Supersonic Magnum Series USB 3.0 Flash Drive With Up To Read 260MB/sec &amp; Write 160MB/sec - PEF64GSMNUSB,"[[Electronics,Computers & Accessories,Data Storage,USB Flash Drives]]"
2562,136381,GMYLE (R) Black Premium Quality Synthetic Leather With Crazy Horse Pattern Dual Zipper Sleeve Bag Skin Case Cover For Apple Macbook Pro 13-inches,"[[Electronics,Computers & Accessories,Laptop & Netbook Computer Accessories,Bags & Cases]]"
2563,136452,StarTech.com 1m (3 ft) Apple&reg; 30-pin Dock Connector to USB Cable for iPhone / iPod / iPad with Stepped Connector - Charge and Sync Cable,"[[Electronics,Computers & Accessories,Cables & Accessories,Cables & Interconnects,USB Cables]]"
2564,136481,LaCie d2 Quadra 5 TB External Hard Drive,"[[Electronics,Computers & Accessories,Data Storage,External Hard Drives]]"
2565,136510,Logitech Tablet Mouse for Android 3.1+ (910-002626),"[[Electronics,Computers & Accessories,Cables & Accessories,Mice]]"
2566,136531,Olympus M ED 9-18mm f/4.0-5.6 micro Four Thirds Lens for Olympus and Panasonic Micro Four Third Interchangeable Lens Digital Camera,"[[Electronics,Camera & Photo,Lenses,Camera Lenses]]"
2567,136740,"Apple iPad (first generation) MB292LL/A Tablet (16GB, Wifi)","[[Electronics,Computers & Accessories,Tablets]]"
2568,136785,Canon EOS Rebel T3 12.2 MP CMOS Digital SLR with 18-55mm IS II Lens + Canon EF 75-300mm f/4-5.6 III Telephoto Zoom Lens,"[[Electronics,Camera & Photo,Digital Cameras,Digital SLR Camera Bundles]]"
2569,136841,"Micca 5V-5.2V 2000mA (2A) Car Power Adapter For Micca Portable Media Players: Speck, Slim, Slim-HD","[[Electronics,Accessories & Supplies,Batteries, Chargers & Accessories,AC Adapters]]"
2570,136966,"Verbatim 94934 700 MB 52x LightScribe Gold Recordable Discs CD-R, 30-Disc Spindle (Discontinued by Manufacturer)","[[Electronics,Accessories & Supplies,Blank Media,CD-R Discs]]"
2571,137077,TWO Battery And Charger For CANON Digital Rebel XT Xti,"[[Electronics,Camera & Photo,Accessories,Batteries & Chargers,Battery Chargers,Camera]]"
2572,137146,U-8 USB Cable/Cord for KODAK EASYSHARE DIGITAL CAMERA [Camera],"[[Electronics,Computers & Accessories,Cables & Accessories,Cables & Interconnects,USB Cables]]"
2573,137153,Anker&reg; AH231 USB Hub with 9 USB 3.0 Data Ports + 1 Smart Charging Port (5V / 2.1A)with 12V 5A Power Adapter [VIA VL812-B2 Chipset and updated Firmware 9081],"[[Electronics,Computers & Accessories,Networking Products,Hubs]]"
2574,137208,T-Power AC Adapter fit FOR Sony SDM-S71/b SDM-S81 LCD Monitor AC DC Adapter POWER CHARGER SUPPLY CORD,"[[Electronics,Accessories & Supplies,Batteries, Chargers & Accessories,AC Adapters]]"
2575,137317,Clear CD Tower - holds 30 standard CD jewel cases,"[[Electronics,Accessories & Supplies,Audio & Video Accessories,Media Storage & Organization,CD Racks]]"
2576,137371,"Polk Audio Monitor Series CS1 Center Channel Speaker (Single, Cherry)","[[Electronics,Home Audio,Stereo Components,Speakers,Center-Channel Speakers]]"
2577,137403,SODIAL(TM) High Speed All-in-1 USB Card Reader for all Digital Memory Cards,"[[Electronics,Computers & Accessories,Cables & Accessories,Memory Card Readers]]"
2578,137520,Creative Aurvana Live! Headphones,"[[Electronics,Accessories & Supplies,Audio & Video Accessories,Headphones]]"
2579,137528,SANOXY Flexible 5.0 Megapixel USB PC Camera Webcam with Microphone,"[[Electronics,Computers & Accessories,Webcams]]"
2580,137536,US Wall Travel Adapter Charger with Car Charge Adapter Power Supply for Microsoft Surface Rt 10.6 Windows 8 Tablet Charger 12V 2A,"[[Electronics,Computers & Accessories,Touch Screen Tablet Accessories,Chargers & Adapters]]"
2581,137602,iloome iPhone 5 / 5S / 5C ScreenMate Flex Flexible Glass 8H Hardness Premium Screen Protector with Oleophobic Coating,"[[Electronics,Computers & Accessories,Touch Screen Tablet Accessories,Screen Protectors]]"
2582,137649,AF 17-50mm f/2.8 XR Di II LD Aspherical Lens (IF) - Canon Mount,"[[Electronics,Camera & Photo,Lenses,Camera Lenses,Digital Camera Lenses]]"
2583,137808,Flip Video Battery Pack for Select Flip UltraHD Video Cameras,"[[Electronics,Camera & Photo,Accessories,Batteries & Chargers,Batteries,Camcorder Batteries]]"
2584,138222,ORICO 2598US3-BK Tool Free Portable USB 3.0 2.5 &quot; SATA Hard Drive External Enclosure,"[[Electronics,Computers & Accessories,Cables & Accessories,Hard Drive Enclosures]]"
2585,138487,Sony DSC-W330 14.1MP Digital Camera with 4x Wide Angle Zoom with Digital Steady Shot Image Stabilization and 3.0 inch LCD (Silver),"[[Electronics,Camera & Photo,Digital Cameras,Point & Shoot Digital Cameras]]"
2586,138495,Samsung Galaxy Tab 10.1 Screen Protector (Samsung GTP7510),"[[Electronics,Computers & Accessories,Touch Screen Tablet Accessories,Screen Protectors]]"
2587,138546,Audio-Technica ATH-M50x Professional Headphones,"[[Electronics,Accessories & Supplies,Audio & Video Accessories,Headphones]]"
2588,138609,Thermaltake Chaser MK-1 VN300M1W2N No PS Full Tower Case (Black),"[[Electronics,Computers & Accessories,Computer Components,Computer Cases]]"
2589,138776,Monster iSport LIVESTRONG In-Ear Headphones (Discontinued by Manufacturer),"[[Electronics,Accessories & Supplies,Audio & Video Accessories,Headphones]]"
2590,138782,Kuzy - AQUA BLUE Rubberized Hard Case Cover for Apple MacBook Pro 15.4&quot; with Retina Display Model: A1398 (NEWEST VERSION) 15-Inch - AQUA BLUE,"[[Electronics,Computers & Accessories,Laptop & Netbook Computer Accessories,Bags & Cases,Folio Cases]]"
2591,138842,CowboyStudio 40-Inch Photo Soft Box Light Tent with 4 Chroma Key Backdrops,"[[Electronics,Camera & Photo,Lighting & Studio,Photo Studio,Backgrounds]]"
2592,138879,CowboyStudio 9-Inch Portable Quick Setup Speedlite Softbox with Velcro Strap for Nikon Canon Flash Light (Black),"[[Electronics,Camera & Photo,Lighting & Studio,Lighting,Lighting Controls & Modifiers,Soft Boxes]]"
2593,138882,GolfLogix GPS by GARMIN (2007 Model),"[[Electronics,GPS & Navigation,Sports & Handheld GPS,Golf Course GPS Units]]"
2594,138927,Case Logic DLC-115 15.6-Inch Laptop and Tablet Briefcase (Black),"[[Electronics,Computers & Accessories,Touch Screen Tablet Accessories,Cases & Sleeves,Cases]]"
2595,138960,"eForCity Leather Wallet Case with Card Holder for iPod touch 5G, Black","[[Electronics,Portable Audio & Video,MP3 Players & Accessories,MP3 Player Accessories,Cases]]"
2596,139067,URC MasterControl RF20 Universal Learning Remote with RF Capability,"[[Electronics,Accessories & Supplies,Audio & Video Accessories,Remote Controls,TV Remote Controls]]"
2597,139070,AmazonBasics USB 2.0 A-Male to A-Female Extension Cable - 9.8 Feet (3 Meters),"[[Electronics,Computers & Accessories,Cables & Accessories,Cables & Interconnects,USB Cables]]"
2598,139095,Professional Rubber Sealed Water Proof Memory Card Case for 4 CF cards 8 SD cards,"[[Electronics,Computers & Accessories,Cables & Accessories,Memory Card Adapters]]"
2599,139159,Zeikos ZE-DK336 6-in-1 Digital Camera Kit,"[[Electronics,Camera & Photo,Accessories,Cleaning Equipment,Cleaning Kits]]"
2600,139241,"The OontZ Angle Ultra Portable Wireless Bluetooth Speaker - Better Sound, Better Volume, Incredible Online Price - The Perfect Speaker to take everywhere with you this summer (Black)","[[Cell Phones & Accessories,Accessories,Bluetooth Speakers],[Electronics,Portable Audio & Video,MP3 Players & Accessories,MP3 Player Accessories,Speaker Systems]]"
2601,139324,"ClearMax Two (2) EN-EL9 / ENEL9 High Capacity Batteries and Multi Voltage Charger For Nikon D40, D40x, D60, D3000, D5000 Digital SLR Cameras","[[Electronics,Camera & Photo,Accessories,Batteries & Chargers,Batteries,Camera Batteries]]"
2602,139334,Nikon 200mm f/2G AF-S ED VR II Nikkor Lens for Nikon Digital SLR Cameras,"[[Electronics,Camera & Photo,Lenses,Camera Lenses,Digital Camera Lenses]]"
2603,139385,Atomos Sunhood for Samurai Blade and Ninja Blade Recorders,"[[Electronics,Camera & Photo,Accessories,Blank Video Media,MiniDV]]"
2604,139506,HP Pavilion p6-2136b PC Desktop Bundle 20&quot; AMD A6 500GB HDD 6GB DDR3 Desktop PC,"[[Electronics,Computers & Accessories,Desktops]]"
2605,139607,Rosewill RX35-AT-IU BLK Aluminum 3.5-Inch IDE to USB 2.0 External Enclosure (Black),"[[Electronics,Computers & Accessories,Cables & Accessories,Hard Drive Enclosures]]"
2606,139610,Audio-Technica AT690 14 Gauge 1/4 Inch Speaker Cable - 10 Feet,"[[Electronics,Accessories & Supplies,Audio & Video Accessories,Cables & Interconnects,Audio Cables,Speaker Cables]]"
2607,139770,Cobra 75WXST 40-Channel CB Radio,"[[Electronics,Portable Audio & Video,CB & Two-Way Radios,CB Radios & Scanners]]"
2608,139809,Olympus SKIN SILIC 1030 SW CLEAR,"[[Electronics,Camera & Photo,Bags & Cases,Camera Cases]]"
2609,139911,Foscam FI9805W 960P Outdoor HD Wireless IP Camera (Silver),"[[Electronics,Camera & Photo,Video Surveillance,Surveillance Cameras,Bullet Cameras]]"
2610,139943,Altec Lansing IML227 Orbit USB Lite Speaker for Laptops and Netbooks,"[[Electronics,Computers & Accessories,Cables & Accessories,Computer Speakers]]"
2611,139947,Google Chromecast HDMI Streaming Media Player,"[[Electronics,Television & Video,Streaming Media Players]]"
2612,140049,Case Logic DLC-117 17.3-Inch Laptop and Tablet Case,"[[Electronics,Computers & Accessories,Touch Screen Tablet Accessories,Cases & Sleeves,Cases]]"
2613,140070,NETGEAR GS108NA ProSafe 8-Port Gigabit Ethernet Desktop Switch,"[[Electronics,Computers & Accessories,Networking Products,Switches]]"
2614,140084,Onkyo C-7030 Compact Disc Player (Black),"[[Electronics,Home Audio,Stereo Components,CD Players & Recorders,CD Players]]"
2615,140093,Neewer 3.5mm Hands Free Computer Clip on Mini Lapel Microphone (1x Lapel Microphone),"[[Electronics,Computers & Accessories,Cables & Accessories,Headsets & Microphones,PC Microphones]]"
2616,140144,Goal Zero 22003 Escape 30M Solar Panel Briefcase,"[[Electronics,Accessories & Supplies,Batteries, Chargers & Accessories],[Tools & Home Improvement,Power & Hand Tools,Hand Tools,Flashlights],[Sports & Outdoors,Accessories,Electronics & Gadgets],[Sports & Outdoors,Cycling],[Automotive,Tools & Equipment,Jump Starters, Battery Chargers & Portable Power,Battery Chargers],[Cell Phones & Accessories,Accessories,Chargers,Solar Chargers],[Patio, Lawn & Garden,Generators & Portable Power,Solar & Wind Power,Solar Panels]]"
2617,140272,Kicker Hideaway Compact Powered Sub,"[[Electronics,Car & Vehicle Electronics,Car Electronics,Car Audio,Subwoofers,Component Subwoofers]]"
2618,140332,"Mediabridge 3.5mm Male To Male Stereo Audio Cable (8 Feet) - Step Down Design for iPhone, iPod, Smartphone, Tablet and MP3 Cases","[[Electronics,Accessories & Supplies,Audio & Video Accessories,Cables & Interconnects,Audio Cables,Stereo Jack Cables]]"
2619,140333,Hakuba DMSP-SD4 Mediacase for Digital Memory,"[[Electronics,Camera & Photo,Bags & Cases,Camera Cases]]"
2620,140335,Altec Lansing BXR1220 2-Piece Desktop Speaker System,"[[Electronics,Computers & Accessories,Cables & Accessories,Computer Speakers]]"
2621,140479,Sanus Systems Vmpl50A-B1 32-Inch to 70-Inch Visionmount Tilt Mount,"[[Electronics,Accessories & Supplies,Audio & Video Accessories,TV Accessories & Parts,TV Ceiling & Wall Mounts]]"
2622,140508,Metra 70-5521 Radio Wiring Harness for Ford 03-Up Amp,"[[Electronics,Car & Vehicle Electronics,Vehicle Electronics Accessories]]"
2623,140516,NETGEAR XAV2001 Powerline AV 200 Adapter,"[[Electronics,Accessories & Supplies,Blank Media,DVD+R Discs]]"
2624,140519,Westcott 2001 43-Inch Optical White Satin Collapsible Umbrella,"[[Electronics,Camera & Photo,Lighting & Studio,Lighting,Lighting Controls & Modifiers,Umbrellas]]"
2625,140589,Jl Audio Jx500/1d Mono Subwoofer Amplifier - 500 Watts RMS X 1 At 2 Ohms,"[[Electronics,Car & Vehicle Electronics,Car Electronics,Car Audio,Amplifiers,Mono Amplifiers]]"
2626,140693,"Power Adapter DC 5V, 2A, 10W for BeagleBone Black","[[Electronics,Accessories & Supplies,Batteries, Chargers & Accessories,AC Adapters]]"
2627,140695,elago Tripshell WORLD TRAVEL ADAPTER - Built-in Dual USB Charger,"[[Electronics,Accessories & Supplies,Batteries, Chargers & Accessories,AC Adapters]]"
2628,140709,C&amp;E CNE86960 HDE HDMI Splitter Amplifier 1 In to 2 Out Dual Display,"[[Electronics,Accessories & Supplies,Audio & Video Accessories,Satellite TV Equipment]]"
2629,140893,C&amp;E CNE28224 USB 2.0 A Female to Micro B Male Adapter Cable Micro USB Host Mode OTG Cable,"[[Electronics,Computers & Accessories,Cables & Accessories,Cables & Interconnects,USB Cables]]"
2630,141008,"Speck Products SeeThru Satin Soft Touch, Hard Shell Case for MacBook Pro with Retina Display 15-Inch, Black (SPK-A1500)","[[Electronics,Computers & Accessories,Touch Screen Tablet Accessories,Cases & Sleeves,Cases]]"
2631,141144,LYD W802AJ4 2.4Ghz (4)Wireless Infrared Color Camera Set with Quad View USB DVR feature.,"[[Electronics,Security & Surveillance,Home Security Systems]]"
2632,141146,Mediabridge USB 2.0 - Micro-USB to USB Coiled Cable (1.5-3 Feet) - High-Speed A Male to Micro B with Gold-Plated Connectors,"[[Electronics,Computers & Accessories,Cables & Accessories,Cables & Interconnects,USB Cables]]"
2633,141170,"Wasabi Power Battery (2-Pack) and New Charger for GoPro HD HERO3+, HERO3 and GoPro AHDBT-201, AHDBT-301, AHDBT-302","[[Electronics,Camera & Photo,Accessories,Batteries & Chargers,Batteries,Camcorder Batteries]]"
2634,141184,Bobj Heavy Duty Case for ASUS Transformer Prime TF201 (TF201T) and Pad300 TF300 (TF300T) - BobjGear protective cover - Bold Black,"[[Electronics,Computers & Accessories,Touch Screen Tablet Accessories,Cases & Sleeves,Cases]]"
2635,141189,Xcsource 3.5mm Audio Aux Micro USB Cable for Samsung Galaxy S3 S iii i9300 AC135,"[[Electronics,Computers & Accessories,Cables & Accessories,Cables & Interconnects,USB Cables]]"
2636,141208,Lexar Professional 600x 16GB SDHC UHS-I Flash Memory Card LSD16GCTBNA600,"[[Electronics,Computers & Accessories,Cables & Accessories,Memory Cards,SD & SDHC Cards]]"
2637,141275,HDE HDMI 1.4b Component Switcher 3-in-1 Pigtail Cable - Supports Stereoscopic 3D and Audio Return Channel,"[[Electronics,Accessories & Supplies,Audio & Video Accessories,Distribution,Selector Switch Boxes]]"
2638,141279,"EasyAcc US 40Pin 15V 1.2A AC Adapter Wall Charger for ASUS Eee Pad Transformer TF101, Prime TF201, SL101, Pad 300 TF300 TF700T-with EMI CORES:1.6M","[[Cell Phones & Accessories,Accessories,Chargers,Car Chargers],[Cell Phones & Accessories,Accessories,Chargers,Travel Chargers],[Electronics,Accessories & Supplies,Cables]]"
2639,141290,IR Wireless Remote Control for Nikon D5000/D5100 ML-L3,"[[Electronics,Camera & Photo,Accessories,Remote Controls]]"
2640,141299,ASUS RT-AC66U Dual-Band Wireless-AC1750 Gigabit Router,"[[Electronics,Computers & Accessories,Routers]]"
2641,141315,"Pwr+&reg; 6.5 Ft AC Adapter 2.1A Rapid Charger for Google Nexus 7, 10 Tablet Tab; Samsung Galaxy Tab 3, Note 8.0; Nexus S Phone ; Asus EEE MeMO Pad Smart ME171, ASUS Transformer Book T100TA; Galaxy S5, S4, S3, S2 Phone Power Supply Cord","[[Electronics,Computers & Accessories,Touch Screen Tablet Accessories,Chargers & Adapters]]"
2642,141333,ASUS VivoBook S550CA-DS51T 15.6-Inch Laptop (Black) (OLD VERSION),"[[Electronics,Computers & Accessories,Laptops]]"
2643,141404,Sylvania SYL-WH930GB Wireless Headphones (Black) (Discontinued by Manufacturer),"[[Electronics,Accessories & Supplies,Audio & Video Accessories,Headphones]]"
2644,141429,"52MM Graduated Color Filter Set for NIKON DSLR Cameras (D3200 D3100 D3000 D5200 D5100 D5000 D90 D80 D40 D300S D700) - Includes: Graduated Orange, Blue and Gray ND (Neutral Density) Filters + Premium MagicFiber Microfiber Lens Cleaning Cloth","[[Electronics,Camera & Photo,Accessories,Filters & Accessories,Filter Sets]]"
2645,141441,Logitech Webcam C110,"[[Electronics,Computers & Accessories,Webcams]]"
2646,141453,"Ergonomic Aluminium Portable Foldable Cooling X-Stand for 12&quot;-17&quot; Laptops, Notebook PC, MacBook","[[Electronics,Computers & Accessories,Laptop & Netbook Computer Accessories,Cooling Pads]]"
2647,141473,4-Year Camera/Camcorder Accident Protection Plan ($500-600),"[[Electronics,Electronics Warranties]]"
2648,141474,Canon Eye Cup Eb,"[[Electronics,Camera & Photo,Accessories,Binocular Accessories]]"
2649,141716,Sony HDR-PJ230/B High Definition Handycam Camcorder with 2.7-Inch LCD (Black),"[[Electronics,Camera & Photo,Video,Camcorders]]"
2650,141755,"Twisted Veins (6 ft) High Speed HDMI Cable + Right Angle Adapter and Velcro Cable Ties (Latest Version Supports Ethernet, 3D, and Audio Return)","[[Electronics,Accessories & Supplies,Audio & Video Accessories,Cables & Interconnects,Video Cables,HDMI Cables]]"
2651,141916,Mediabridge ULTRA Series Subwoofer Cable (15 Feet) - Dual Shielded with Gold Plated RCA to RCA Connectors - White,"[[Electronics,Accessories & Supplies,Audio & Video Accessories,Cables & Interconnects,Audio Cables,Subwoofer Cables]]"
2652,141948,Sony VCT-R100 Lightweight Compact Tripod with 3-Way Pan/Tilt Head,"[[Electronics,Camera & Photo,Tripods & Monopods,Complete Tripods]]"
2653,141999,Samsung VG-KBD2000 Wireless Keyboard,"[[Electronics,Computers & Accessories,Cables & Accessories,Keyboards]]"
2654,142066,eForCity Hybrid Case for iPod touch 4G (Black/Green),"[[Electronics,Portable Audio & Video,MP3 Players & Accessories,MP3 Player Accessories,Cases]]"
2655,142120,Datacomm 50-3323-WH-KIT Flat Panel TV Cable Organizer Kit with Power Solution - White,"[[Electronics,Accessories & Supplies,Audio & Video Accessories,Distribution,Wall Plates & Connectors]]"
2656,142223,"Jackery Bar Premium Fast-Charging Aluminum Portable Charger 6000mAh External Battery Pack Power Bank for Apple iPhone 5S, 5C, 5, 4S, iPad, Air, Mini, Samsung Galaxy S4, S3, Note, Nexus, LG, HTC. Portable Battery Charger, External Charger, USB Battery Pack, Rechargeable Battery Backup, Power Bank, Mobile Charger (Orange)","[[Cell Phones & Accessories,Accessories,Batteries,External Battery Packs],[Cell Phones & Accessories,Accessories,Chargers,Travel Chargers],[Electronics,Computers & Accessories,Touch Screen Tablet Accessories,Chargers & Adapters]]"
2657,142236,Motorola SURFboard SB6141 DOCSIS 3.0 High-Speed Cable Modem (OEM Brown Box),"[[Electronics,Computers & Accessories,Networking Products,Modems]]"
2658,142265,Thermaltake V3 Black Edition VL80001W2Z No PS Mid Tower Gaming Case (Black),"[[Electronics,Computers & Accessories,Computer Components,Computer Cases]]"
2659,142402,Nikon 4809 SB-910 Speedlight Supplied with; AS-21 Speedlight Stand; SW-13H Nikon Diffusion Dome; SZ-2FL Fluorescent Filter; SZ-2TN Incandescent Filter; SS-910 Soft Case,"[[Electronics,Camera & Photo,Flashes,Shoe Mount Flashes]]"
2660,142495,Neewer&reg; Grey/White Balance Card Two Sides Double Face Focus Board for Photograph Shoot (12 Inch),"[[Electronics,Camera & Photo,Lighting & Studio,Light Meters & Accessories,Grey Cards]]"
2661,142529,Heavy Duty Photography L Bracket with 2 Standard Flash Hot Shoe Mounts,"[[Electronics,Camera & Photo,Accessories,Flash Accessories,Shoe Mounts]]"
2662,142607,ASUS RT-N66U Dual-Band Wireless-N900 Gigabit Router,"[[Electronics,Computers & Accessories,Routers]]"
2663,142643,Asus VS248H-P 24-Inch Full-HD LED-lit LCD Monitor,"[[Electronics,Computers & Accessories,Monitors]]"
2664,142664,Sony ECM-XYST1M Stereo Microphone (Black),"[[Electronics,Camera & Photo,Accessories,Professional Video Accessories,Microphones]]"
2665,142665,StarTech.com 36-Inch SATA to Right Angle SATA Serial ATA Cable (SATA36RA1),"[[Electronics,Computers & Accessories,Cables & Accessories,Cables & Interconnects,SATA Cables]]"
2666,142669,"Agasio A621W Outdoor POE Pan/Tilt/Zoom IP Camera with 3x Optical Zoom Pan 355Degree Tilt 90Degree, White","[[Electronics,Camera & Photo,Video Surveillance,Surveillance Cameras,Dome Cameras]]"
2667,142750,AC Adapter Battery Charger For Toshiba Satellite C655,"[[Electronics,Computers & Accessories,Laptop & Netbook Computer Accessories,Chargers & Adapters]]"
2668,142898,Logitech 920-003390 Tablet Keyboard for Android 3.0 Plus,"[[Electronics,Computers & Accessories,Cables & Accessories,Keyboards]]"
2669,142978,"Adonit Jot Touch 4 Bluetooth Pressure Sensitive Stylus for iPad, iPad Air, &amp; iPad Mini - Gun Metal","[[Electronics,Computers & Accessories,Cables & Accessories,Input Devices,Graphics Tablet Styluses]]"
2670,143066,SPIN-CLEAN - STARTER KIT RECORD WASHER SYSTEM Mk2,"[[Electronics,Accessories & Supplies]]"
2671,143094,STM Micro Shoulder Bag Fits iPad and Tablets up to 10.2 Inches,"[[Electronics,Computers & Accessories,Touch Screen Tablet Accessories,Cases & Sleeves,Sleeves]]"
2672,143157,Next Generation 3-EYE Infrared Remote Control Extender Emitter Cable,"[[Electronics,Security & Surveillance,Motion Detectors]]"
2673,143162,Skullcandy S2IKDY-003 Ink'd 2.0  Earbud Headphones with Mic (Black),"[[Electronics,Accessories & Supplies,Audio & Video Accessories,Headphones]]"
2674,143201,"BenQ MX522 XGA 3000L HDMI Smarteco 3D Projector with 10,000 Hour Lamp Life Projector","[[Electronics,Computers & Accessories,Video Projectors]]"
2675,143290,RiteAV - Cat5e Network Ethernet Cable - Blue - 200 ft.,"[[Electronics,Computers & Accessories,Cables & Accessories,Cables & Interconnects,Ethernet Cables]]"
2676,143303,iSee Case Full Protection Case for iPod Touch 4 4th Generation with Built in Screen Protector Locking Belt Swivel Clip (Black on Blue),"[[Electronics,Portable Audio & Video,MP3 Players & Accessories,MP3 Player Accessories,Cases]]"
2677,143421,"Perixx PERIMICE-710R, Wireless Mouse for Laptop - Red - 2.4G - Up to 30 Ft Operating Range - 1000/1600 DPI Optical Resolution - Nano Receiver - On/Off Switch - Elegant Rubber Painting - Energizer Batteries Included","[[Electronics,Computers & Accessories,Cables & Accessories,Mice]]"
2678,143534,Bravo Audio V2 Class A 12AU7 Tube Multi-Hybrid Headphone Amplifier,"[[Electronics,Accessories & Supplies,Audio & Video Accessories,Headphone Accessories,Amps]]"
2679,143536,"Medialink Wireless-N USB Adapter (300 Mbps) - 802.11n, 2.4 ghz - Compatible with Windows 8 / Windows 7 / Windows Vista / Windows XP","[[Electronics,Computers & Accessories,Networking Products,Network Adapters,USB Network Adapters]]"
2680,143553,FireStik MK-J4R Hood Channel Jeep Antenna Mount Kit,"[[Electronics,Portable Audio & Video,CB & Two-Way Radios,CB Radios & Scanners,Fixed-mount CB Radios]]"
2681,143734,"Silicon Power 16 GB Blaze B10 USB 3.0 Flash Drive, Read/Write Speed up to 80/25 MB/s SP016GBUF3B10V1B, Turkey Blue","[[Electronics,Computers & Accessories,Data Storage,USB Flash Drives]]"
2682,143791,"Definitive Technology StudioMonitor 450 Speakers (Pair, Black) (Discontinued by Manufacturer)","[[Electronics,Home Audio,Stereo Components,Speakers,Satellite Speakers]]"
2683,143808,"Logisys Corp. 550W 120mm Ball Bearing Fan with PSU ATX 550 Power Supply PS550E12BK, Black","[[Electronics,Computers & Accessories,Computer Components,Power Supplies]]"
2684,143811,Memorex CD/DVD Sleeves Paper with Window Cut-OutandBack Flap 50-Pack,"[[Electronics,Computers & Accessories,Computer Components]]"
2685,143944,Kuzy - Circles PURPLE Keyboard Cover Silicone Skin for MacBook Pro 13&quot; 15&quot; 17&quot; (with or w/out Retina Display) iMac and MacBook Air 13&quot; - Purple,"[[Electronics,Computers & Accessories,Cables & Accessories,Keyboard & Mice Accessories,Keyboard Skins]]"
2686,143959,"Aputure Pro Coworker Wireless Remote, RF Radio Shutter Release for Canon EOS Digital Rebel T2i, T3, T3i, T4i, T5i, SL1, Powershot G10, G11, G12, G1X, Replaces Canon RS 60-E3","[[Electronics,Camera & Photo,Accessories,Digital Camera Accessories,Shutter Release Cords]]"
2687,144101,HGST Travelstar 2.5 Inch 500GB 7200 RPM SATA II 16 MB Cache Internal Hard Drive (0S02858),"[[Electronics,Computers & Accessories,Data Storage,Internal Hard Drives]]"
2688,144326,Premium Flexible TPU Soft Gel Skin Case for Apple iPod Touch 4th Generation / 4th Gen - Checkers Argyle Smoke Color Design,"[[Electronics,Portable Audio & Video,MP3 Players & Accessories,MP3 Player Accessories,Cases]]"
2689,144345,PNY 32GB Classic Attach Flash Drive (P-FD32GCLCAP-GE),"[[Electronics,Computers & Accessories,Data Storage,USB Flash Drives]]"
2690,144354,D-Link Wireless Pan and Tilt Day/Night Network Surveillance Camera with mydlink-Enabled and a Built-In Wi-Fi Extender (DCS-5020L),"[[Electronics,Camera & Photo,Video Surveillance,Surveillance Systems,Remote Home Monitoring Systems]]"
2691,144388,"TRENDnet 8P/RJ-45 and 6P/RJ-12, RJ-11 Crimp, Cut, and Strip Tool, TC-CT68","[[Electronics,Computers & Accessories,Cables & Accessories,Cleaning & Repair,Repair Kits]]"
2692,144411,Samsung MicroSDHC 32GB Class 10 Plus UHS-I Memory Card,"[[Electronics,Computers & Accessories,Cables & Accessories,Memory Cards,Micro SD Cards]]"
2693,144422,Nikon 50mm f/1.8G AF-S NIKKOR FX Lens for Nikon Digital SLR Cameras,"[[Electronics,Camera & Photo,Lenses,Camera Lenses,Digital Camera Lenses]]"
2694,144463,Power2000 ACD-409 Rechargeable Battery for Canon LP-E12,"[[Electronics,Camera & Photo,Accessories,Batteries & Chargers,Batteries,Camera Batteries]]"
2695,144531,Corsair 4GB (1x4GB) DDR3 1333 MHz (PC3 10666) Laptop Memory (CMSO4GX3M1A1333C9),"[[Electronics,Accessories & Supplies,Blank Media,DVD-RAM Discs]]"
2696,144576,Fujifilm S-Series Deluxe Padded Nylon Digital Camera Case,"[[Electronics,Camera & Photo,Bags & Cases,Camera Cases]]"
2697,144581,Targus Digital 6-Inch Aluminum Table Top Tripod (TG-CT7),"[[Electronics,Camera & Photo,Tripods & Monopods,Tripod Legs]]"
2698,144591,GoPro HERO3: Silver Edition,"[[Electronics,Camera & Photo,Video,Camcorders]]"
2699,144643,"HP Pavilion 17-e020us 17-Inch Notebook (2.4GHz Intel Core i3-3110M Processor, 6GB Ram, 750GB Hard Drive, Windows 8 64-bit)","[[Electronics,Computers & Accessories,Laptops]]"
2700,144754,67mm Ultraviolet UV(C) Haze Multicoated Filter,"[[Electronics,Camera & Photo,Accessories,Filters & Accessories,Skylight & UV Filters]]"
2701,144765,"SanDisk Extreme 64GB USB 3.0 Flash Drive With Speed Up To 190MB/s, Frustration-Free Packaging- SDCZ80-064G-AFFP","[[Electronics,Computers & Accessories,Data Storage,USB Flash Drives]]"
2702,144921,Garmin Silicone Case for Edge 800/810 - White,"[[Electronics,GPS & Navigation,GPS System Accessories,Cases]]"
2703,144935,Fotga Pro DSLR camera CCD CMOS sensor dust Jelly cleaning kits cleaner for Canon Nikon,"[[Electronics,Camera & Photo,Accessories,Cleaning Equipment,Cleaning Kits]]"
2704,145083,"BlueRigger High Speed HDMI cable with Ethernet, Supports 3D and Audio Return (25 Feet)","[[Electronics,Accessories & Supplies,Audio & Video Accessories,Cables & Interconnects,Video Cables,HDMI Cables]]"
2705,145109,Nagoya UT-102UV 144/430Mhz 2.15dB SMA-Female Magnet Antenna w/Cable by Lucky Castle,"[[Electronics,Accessories & Supplies,Audio & Video Accessories,Antennas,Radio Antennas]]"
2706,145113,Keedox&reg; USB 2.0 Video Capture Adapter for Windows Xp/2000/ Vista/ Win7,"[[Electronics,Computers & Accessories,Cables & Accessories,Cables & Interconnects,USB Cables]]"
2707,145124,ARRIS / Motorola SB6121 SURFboard DOCSIS 3.0 Cable Modem - Retail Packaging,"[[Electronics,Computers & Accessories,Networking Products,Modems]]"
2708,145160,"Samsung Electronics SATA 1.5 Gb-s Optical Drive, Black SH-224DB/BEBE","[[Electronics,Computers & Accessories,External Components,Optical Drives,DVD Drives]]"
2709,145215,Monster Standard RF Splitters For CATV Signals MKII - 2 Way RF Splitter,"[[Electronics,Computers & Accessories,Cables & Accessories,Computer Cable Adapters,DVI-HDMI Adapters]]"
2710,145247,Stroboframe Bracket Shoe Mount,"[[Electronics,Camera & Photo,Accessories,Digital Camera Accessories]]"
2711,145257,"Shorty Antenna - OE Replacement for Chrysler Sebring, Jeep Liberty - Smart Car","[[Electronics,Car & Vehicle Electronics,Vehicle Electronics Accessories,Audio & Video Accessories,Antennas]]"
2712,145329,"Canon RC-6 Wireless Remote Controller for Canon XT/XTi, XSi, T1i and T2i Digital SLR Cameras","[[Electronics,Camera & Photo,Accessories,Remote Controls]]"
2713,145389,JKase LINO Executive Series Leather Case Cover for Microsoft Surface Tablet 10.6 inch RT Windows 8 Tablet with Built-in Stand (Blue),"[[Electronics,Computers & Accessories,Touch Screen Tablet Accessories,Cases & Sleeves,Cases]]"
2714,145482,FLIRC USB Dongle for Media Centre / Raspberry Pi / XBMC,"[[Electronics,Computers & Accessories,Computer Components]]"
2715,145499,UTR&reg; Black 2.4GHZ Wireless Cordless Optical Mouse with DPI Switch Bluetooth USB Nano Receiver (For Laptop &amp; PC Desktop),"[[Electronics,Computers & Accessories,Cables & Accessories,Mice]]"
2716,145532,Xbox 360 - 8 GB USB 2.0 Flash Drive by SanDisk SDCZGXB-008G-A11,"[[Electronics,Computers & Accessories,Data Storage,USB Flash Drives]]"
2717,145564,SanDisk ImageMate All-in-1 Flash Memory Card Reader,"[[Electronics,Computers & Accessories,Cables & Accessories,Memory Card Readers]]"
2718,145641,Sony DE220 Portable CD Player,"[[Electronics,Portable Audio & Video,Portable CD Players]]"
2719,145768,SanDisk 64GB SATA 6.0GB/s 2.5-Inch 7mm Height Solid State Drive (SSD) With Read Up To 475MB/s- SDSSDP-064G-G25,"[[Electronics,Computers & Accessories,Data Storage,Internal Solid State Drives]]"
2720,145800,Epson PowerLite Home Cinema 720 720p 3LCD Home Theater Projector,"[[Electronics,Computers & Accessories,Video Projectors]]"
2721,145854,Zeikos ZE-WGS Professional Wrist Grip Strap for Digital and Film SLR Cameras,"[[Electronics,Camera & Photo,Bags & Cases,Bag & Case Accessories]]"
2722,145866,PYLE PLHR76 7-Inch Widescreen TFT/LCD Video Monitor with Headrest Shroud,"[[Electronics,Car & Vehicle Electronics,Car Electronics,Car Video,Headrest Video]]"
2723,145947,"ReVIVE Series AC / DC Dual Camera Battery Charger w/ Interchangeable Charging Plates for Sony NP-FH30 , NP-FH40 , NP-FH50 , NP-FH60 - Works for DCR-DVD650 , DSLR-A230L , DSC-HX100V , DSC-HX200V &amp; More!","[[Electronics,Camera & Photo,Accessories,Batteries & Chargers,Battery Chargers,Camera]]"
2724,145967,"Fotodiox 7 Metal Step Up Ring Set, Anodized Black Metal 49-52mm, 52-55mm, 55-58mm, 58-62mm, 62-67mm, 67-72mm, 72-77mm","[[Electronics,Camera & Photo,Accessories,Flash Accessories,Adapter Rings]]"
2725,146044,COD(TM) Auto Car Home Wall Charger and USB Data Cable for Samsung Galaxy Tab 3 7.0 8.0 10.1 (Black),"[[Electronics,Computers & Accessories,Touch Screen Tablet Accessories,Chargers & Adapters]]"
2726,146080,ASUS XONAR DG Headphone Amp &amp; PCI 5.1 Audio Card,"[[Electronics,Computers & Accessories,Computer Components,Internal Sound Cards]]"
2727,146105,Bluelounge Charge &amp; Sync Cable - Micro-USB Connector - Short: 7.9 Inches,"[[Electronics,Computers & Accessories,Cables & Accessories,Cables & Interconnects,USB Cables]]"
2728,146168,Sewell 4 Gauge AWG 2000W Amplifier Installation Kit,"[[Electronics,Car & Vehicle Electronics,Vehicle Electronics Accessories]]"
2729,146204,"52mm Flower Petal Lens Hood for Canon 50mm F/1.8d, Nikon D40/d40x/d50/d60/, Nikon Af-s Dx 18-55mm, Nikon Af-s Dx 18-55mm Vr, Nikon 50mm F/1.8d, Nikon 50mm F1.4d","[[Electronics,Camera & Photo,Accessories,Lens Accessories,Lens Hoods]]"
2730,146243,Newer Technology AdaptaDrive 2.5&quot; to 3.5&quot; Drive Converter Bracket.,"[[Electronics,Computers & Accessories,Cables & Accessories,Hard Drive Enclosures]]"
2731,146246,Coby MP620-8GRED 8 GB 1.8-Inch Video MP3 Player with FM Radio (Red) (Discontinued by manufacturer),"[[Electronics,Portable Audio & Video,MP3 Players & Accessories,MP3 Players]]"
2732,146261,AmazonBasics Ultra-Thin Indoor HDTV Antenna - Made in USA,"[[Electronics,Accessories & Supplies,Audio & Video Accessories,Antennas,TV Antennas]]"
2733,146262,"AKASA - AK-CBSA05-50BK SATA 3.0, Super Slim Cable, 50CM, BLK","[[Electronics,Computers & Accessories,Cables & Accessories,Cables & Interconnects,SATA Cables]]"
2734,146288,Black Vangoddy Soho Standing Portfolio Case for Asus Transformer Pad TF701T 10.1&quot; Tablet,"[[Electronics,Computers & Accessories,Touch Screen Tablet Accessories,Cases & Sleeves,Cases]]"
2735,146311,Canon ACK-DC80 Replacement AC Power Adapter Supply Kit For PowerShot G1 X and SX40 HS Digital Cameras,"[[Electronics,Camera & Photo,Accessories,Batteries & Chargers,Adapters]]"
2736,146336,Kensington Pro Fit Full-Size Mouse USB (K72369US),"[[Electronics,Computers & Accessories,Cables & Accessories,Mice]]"
2737,146369,NZXT Technologies Premium Cables Starter Kit (AC-CBSTR-O1),"[[Electronics,Computers & Accessories,Cables & Accessories,Computer Cable Adapters]]"
2738,146424,MSI Computer Corp. Motherboard ATX DDR3 1333 LGA 1150 Motherboards Z87-GD65 GAMING,"[[Electronics,Computers & Accessories,Computer Components,Motherboards]]"
2739,146499,BlueRigger High Speed Braided HDMI cable with Ethernet 6.6 Feet (2m) - Supports 3D and Audio return [Latest Version],"[[Electronics,Accessories & Supplies,Audio & Video Accessories,Cables & Interconnects,Video Cables,HDMI Cables]]"
2740,146574,ASUS TF700T-B1-GR 10.1-Inch Tablet (Gray) 2012 Model,"[[Electronics,Computers & Accessories,Tablets]]"
2741,146663,C&amp;E CNE35805 USB to Parallel IEEE 1284 Printer Adapter Cable PC,"[[Electronics,Computers & Accessories,Cables & Accessories,Cables & Interconnects,USB Cables]]"
2742,146739,Datacolor Spyder4Pro S4P100 Colorimeter for Display Calibration,"[[Electronics,Camera & Photo,Lighting & Studio,Light Meters & Accessories,Light Meters]]"
2743,146771,KOMPUTERBAY 128GB Professional COMPACT FLASH CARD CF 1000X 150MB/s Extreme Speed UDMA 7 RAW 128 GB,"[[Electronics,Computers & Accessories,Cables & Accessories,Memory Cards,CompactFlash Cards]]"
2744,146809,Intel Core i3-4130 3.4 3 FCLGA 1150 Processor BX80646I34130,"[[Electronics,Computers & Accessories,Computer Components,CPU Processors]]"
2745,146818,"iPad, iPad 2, The New iPad 3, 4, 5 iPad Air Tripod Mount Adapter - Holder - Attachment - Bracket - Featuring G6 Pro&reg; by iShot Pro&reg; Mounts (BBG6PRO)","[[Electronics,Computers & Accessories,Laptop & Netbook Computer Accessories,Chargers & Adapters]]"
2746,146857,Sandbag Sandbags Black Yellow Sandbag Photography Sandbag Studio Video Equipment Sandbag Sand Bag Saddle Bag for Boom Stand Tripod By Fancierstudio Black Yellow Sandbag,"[[Electronics,Camera & Photo,Lighting & Studio,Photo Studio,Sandbags]]"
2747,146925,Ravelli ALS Full 10' Air Cushioned Light Stand With Included Adaptor To Also Support 1/4&quot; and 3/8&quot; Photo Equipment and Heavy Duty Carry Bag,"[[Electronics,Camera & Photo,Lighting & Studio,Lighting,Booms & Stands]]"
2748,146958,Thermaltake iCage A2309 HDD Module with 12cm Blue LED Fan,"[[Electronics,Computers & Accessories,Computer Components,Fans & Cooling,Case Fans]]"
2749,146974,Panasonic RQ2102 Cassette Recorder,"[[Electronics,Portable Audio & Video,Cassette Players & Recorders]]"
2750,147073,NZXT Phantom 410 Mid Tower USB 3.0 Gaming Case - White,"[[Electronics,Computers & Accessories,Computer Components,Computer Cases]]"
2751,147166,D-Link Wireless Dual Band N 300+ Mbps Wi-Fi Gigabit Range Extender and Access Point (DAP-1522),"[[Electronics,Computers & Accessories,Networking Products,Repeaters]]"
2752,147182,BIRUGEAR Small EVA Pouch Cover Case for Apple iPod Shuffle / Nano 7th 7G Generation MP3 Player - Hot Pink,"[[Electronics,Portable Audio & Video,MP3 Players & Accessories,MP3 Player Accessories,Cases]]"
2753,147199,PcProfessional Screen Protector for HP15.6&quot; ENVY /Pavilion/Spectre/Essentual Home High Clarity Anti Scratch filter radiation+ high quality microfiber cloth,"[[Electronics,Computers & Accessories,Laptop & Netbook Computer Accessories,Screen Protectors]]"
2754,147221,3 Port HDMI Pigtail Switch with 50 cm HDMI Cable,"[[Electronics,Accessories & Supplies,Audio & Video Accessories,Distribution,Selector Switch Boxes]]"
2755,147441,"Topcase Silicone Cover Skin for Apple Wireless Keyboard with Topcase Mouse Pad (METALLIC, METALLIC BLUE)","[[Electronics,Computers & Accessories,Cables & Accessories,Keyboard & Mice Accessories,Keyboard Skins]]"
2756,147457,Polaroid Dive Rated Waterproof Underwater Housing Case For Sony Alpha NEX-3 Digital Camera WITH A 16mm Lens,"[[Electronics,Camera & Photo,Underwater Photography,Housings]]"
2757,147593,Portta PET0301SSP 3-Port HDMI Switch Switcher Video/Audio Switch Hub Box for HDTV 1080P,"[[Electronics,Accessories & Supplies,Audio & Video Accessories,Distribution,Selector Switch Boxes]]"
2758,147636,BOSS Audio BV7320 In-Dash Single-Din 3.2-inch Detachable Screen DVD/CD/USB/SD/MP4/MP3 Player Receiver with Remote,"[[Electronics,Car & Vehicle Electronics,Car Electronics,Car Video,In-Dash DVD & Video Receivers]]"
2759,147716,"Samsung Galaxy Tab (7-inch, 16GB, Wi-Fi)","[[Electronics,Computers & Accessories,Tablets]]"
2760,147725,ePhoto Photography Video Backdrop Background Heavy Duty Support Stand with Case for Chromakey or Muslin by ePhotoInc H30,"[[Electronics,Camera & Photo,Lighting & Studio,Photo Studio,Background Support Equipment]]"
2761,147771,"VCT VP-109 Universal Travel Grounded Plug Adapter For Germany, France, Spain, Netherlands, Russia","[[Electronics,Accessories & Supplies,Batteries, Chargers & Accessories,AC Adapters]]"
2762,147790,"iPod Touch 4G, 4th Generation Hard Case Black and Green Flux Case","[[Electronics,Portable Audio & Video,MP3 Players & Accessories,MP3 Player Accessories,Cases]]"
2763,147813,"Carl's Blackout Cloth, 16:9, 110x200, Projector Screen Material, White, 1.0","[[Electronics,Television & Video,Projection Screens]]"
2764,147910,Kingston Digital 120GB SSDNow V300 SATA 3 2.5 (7mm height) Notebook Bundle Kit with Adapter Solid State Drive SV300S3N7A/120G,"[[Electronics,Computers & Accessories,Data Storage,Internal Solid State Drives]]"
2765,147931,Sewell Direct Universal Soundbar Bracket,"[[Electronics,Accessories & Supplies,Audio & Video Accessories,TV Accessories & Parts,TV Ceiling & Wall Mounts]]"
2766,147945,Samsung 64GB Class 10 MicroSDXC Ultra High Speed Memory Card 50MB/s Read 20MB/s Write with Komputerbay SD Adapter and MobileMate USB Reader,"[[Electronics,Computers & Accessories,Cables & Accessories,Memory Cards,Micro SD Cards]]"
2767,148081,Seagate Expansion 1TB Desktop External Hard Drive USB 3.0 (STBV1000100),"[[Electronics,Computers & Accessories,Data Storage,External Hard Drives]]"
2768,148195,"Remote Shutter Release Cord for Canon Rebel XS, XSi, XT, XTi Digital SLR Cameras","[[Electronics,Camera & Photo,Accessories,Telescope & Microscope Accessories,Telescope Accessories,Remote Controls]]"
2769,148230,Fintie Slim Fit Folio Case Cover for Samsung Galaxy Tab 2 10.1 inch Tablet - Purple,"[[Electronics,Computers & Accessories,Touch Screen Tablet Accessories,Cases & Sleeves,Cases]]"
2770,148284,"Photive PHML-L3 Wireless Shutter Release Remote For Nikon D5300, D3200, D5100, D5000, D7000, D600, D610, D80, D90, p7000, P7100, Nikon J1, V1, Nikon 1 AW1 Digital SLRS(Replaces Nikon PHML-L3)","[[Electronics,Camera & Photo,Accessories,Remote Controls]]"
2771,148311,NZXT Technologies Source 210 Computer Case (White),"[[Electronics,Computers & Accessories,Computer Components,Computer Cases]]"
2772,148315,Mediasonic HW-150PVR HomeWorx ATSC Digital TV Converter Box with Media Player and Recording PVR Function/HDMI Out (Black),"[[Electronics,Television & Video,Analog-to-Digital (DTV) Converters]]"
2773,148316,Silverstone Tek Flexible 30cm LED 12-Inch Light Strip (LS01W),"[[Electronics,Computers & Accessories,Cables & Accessories,Monitor Accessories]]"
2774,148405,"58MM Accessory Kit for CANON REBEL (T5i T4i T3i T3 T2i T1i XT XTi XSi SL1), CANON EOS (700D 650D 600D 1100D 550D 500D 100D) - Includes: Tulip Lens Hood + Collapsible Rubber Lens Hood + UV Lens Filter + Lens Cleaning Pen + MagicFiber Microfiber Lens Cleaning Cloth","[[Electronics,Camera & Photo,Accessories]]"
2775,148669,Corsair Vengeance Red 8GB (2x4GB)  DDR3 1866 MHz (PC3 15000) Desktop Memory (CMZ8GX3M2A1866C9R),"[[Electronics,Computers & Accessories,Computer Components,Memory]]"
2776,148697,Toshiba 32L2300U 32-Inch 720p 120Hz&nbsp; LED HDTV (Black with gun metal trim),"[[Electronics,Television & Video,Televisions,LED TVs]]"
2777,148722,"NEW 37mm UltraPro PREMIUM Digital Lens Hood Bundle, Includes Flower Tulip Lens Hood + Lens Cleaning Pen + Lens Cap Keeper. For the Olympus PEN E-PL3, E-P3, E-PM1 Digital Camera Which Have Any Of These (17mm, 45mm) Micro Olympus Lenses.","[[Electronics,Camera & Photo,Accessories,Accessory Bundles]]"
2778,148898,Transcend Express Card Reader for SD/SDHC/SDXC/UHS-1 (TS-RDF1),"[[Electronics,Computers & Accessories,Cables & Accessories,Memory Card Readers]]"
2779,148982,WD My Book Live 1TB Personal Cloud Storage NAS Share Files and Photos,"[[Electronics,Computers & Accessories,Data Storage,External Hard Drives]]"
2780,148987,Kuzy - Teal / Turquoise HOT Blue Keyboard Silicone Cover Skin for Macbook / Macbook Pro 13&quot; 15&quot; 17&quot; Aluminum Unibody (fits MacBook with or w/out Retina Display),"[[Electronics,Computers & Accessories,Cables & Accessories,Keyboard & Mice Accessories,Keyboard Skins]]"
2781,148995,Tamron AF 28-75mm f/2.8 SP XR Di LD Aspherical (IF) for Canon Digital SLR Cameras (Model A09E),"[[Electronics,Camera & Photo,Lenses,Camera Lenses,Digital Camera Lenses]]"
2782,149040,SteelSeries Siberia V2 Full-Size Gaming Headset (White),"[[Electronics,Computers & Accessories,Cables & Accessories,Headsets & Microphones,PC Headsets]]"
2783,149132,Canon CB-2LU Battery Charger for 2L &amp; 3L Series Batteries,"[[Electronics,Camera & Photo,Accessories,Batteries & Chargers,Battery Chargers,Camera]]"
2784,149153,"USA Gear Protective Dual Band Handheld Transceiver Travel Case Pouch Sleeve w/ Carrying Belt Loop &amp; Carabiner Clip- Works with BaoFeng UV-5R , UV-5R Plus , UV-5Ra / Puxing 777 , 888 &amp; More!","[[Electronics,Portable Audio & Video,CB & Two-Way Radios,Accessories,Cases]]"
2785,149184,Lowepro S&amp;F Lens Exchange Case 200 AW,"[[Electronics,Camera & Photo,Bags & Cases,Bag & Case Accessories]]"
2786,149211,Samsung BD-F5100 Blu-ray Disc Player (2013 Model),"[[Electronics,Television & Video,DVD Players & Recorders,DVD Players]]"
2787,149226,Logitech Wireless Combo Mk520 With Keyboard and Laser Mouse,"[[Electronics,Computers & Accessories,Cables & Accessories,Keyboard & Mouse Combos]]"
2788,149238,Lenovo Digitizer Pen for ThinkPad Tablet (41U3143),"[[Electronics,Computers & Accessories,Cables & Accessories,Input Devices]]"
2789,149241,Zmodo PKD-DK4216-500GB H.264 Internet &amp; 3G Phone Accessible 4-Channel DVR with 4 Night Vision Cameras and 500 GB HD,"[[Electronics,Camera & Photo,Video Surveillance,Surveillance Systems,Surveillance DVR Kits]]"
2790,149263,LensPEN Lens Cleaning System [Old Version],"[[Electronics,Camera & Photo,Accessories,Cleaning Equipment,Cleaning Kits]]"
2791,149488,Logitech Wireless Keyboard K360 - Ink Gear,"[[Electronics,Computers & Accessories,Cables & Accessories,Keyboards]]"
2792,149551,UPPERCASE Ultra Thin Clear Soft TPU Keyboard Cover Skin for Macbook Pro 13 15 17 Inch,"[[Electronics,Computers & Accessories,Cables & Accessories,Keyboard & Mice Accessories,Keyboard Skins]]"
2793,149578,"Canon EF 75-300mm f/4-5.6 III Telephoto Zoom Lens + SSE Lens Accessory Kit For Canon 5D Mark III, 5D Mark II, 6D, 70D, SL1, 60D, 7D, T5i, T4i, T3i, T3, T2i, T1i, Xsi, XS Digital SLR Camera","[[Electronics,Camera & Photo,Accessories,Lens Accessories]]"
2794,149679,Logitech Ultrathin Touch Mouse T631 for Mac,"[[Electronics,Computers & Accessories,Cables & Accessories,Mice]]"
2795,149924,Cable Matters - Gold-Plated DisplayPort to HDMI Adapter (Male to Female) with Audio in Black,"[[Electronics,Computers & Accessories,Cables & Accessories,Computer Cable Adapters,DVI-HDMI Adapters]]"
2796,149926,Monster MCC AVL300-S Home Theater and Lighting Controller with Omnilink,"[[Electronics,Accessories & Supplies,Audio & Video Accessories,Remote Controls,TV Remote Controls]]"
2797,150097,L.F. New Black keyboard for HP Pavilion DV6000 DV6000T DV6000Z DV6040 DV6105 DV6107 DV6108 DV6110 DV6113 DV6119 DV6120 DV6129 DV6130 DV6139 DV6140 DV6149 DV6150 DV6205 DV6206 DV6215 DV6225 DV6226 DV6235 DV6236 DV6245 DV6255 DV6256 DV6265 DV6275 DV6305 DV6324 DV6325 DV6326 DV6335 DV6337 DV6345 DV6353 DV6355 DV6365 DV6375 DV6405 DV6425 DV6426 DV6445 DV6450 DV6470 DV6500T DV6500Z DV6560 DV6570 DV6700Z DV6707 DV6725 DV6745 DV6749 DV6751 DV6752 DV6753 DV6807 DV6810 DV6823 DV6830 DV6833 DV6871 ; HP Pavillion DV 6244 6245 6255 6256 6265 6275 6305 6324 6325 6326 6335 6337 6345 6353 6355 6365 6375 6405 6425 6426 6445 6450 6470 6500T 6500Z 6560 6570 6700Z 6707 6725 6745 6749 6751 6752 6753 6807 6810 6823 6830 6833 6871 Laptop / Notebook US Layout,"[[Electronics,Computers & Accessories,Cables & Accessories,Keyboards]]"
2798,150110,"Gumdrop Cases Drop Tech Series Case for Apple iPad mini and iPad mini Retina Display, Army Green (DT-IPADMINI-ARGN)","[[Electronics,Computers & Accessories,Touch Screen Tablet Accessories,Cases & Sleeves,Cases]]"
2799,150127,"Complete 58MM Filter Kit for CANON Rebel (T5i T4i T3i T3 T2 T2i T1i XT XTi XSi XS SL1), CANON EOS (1100D 700D 650D 600D 550D 500D 450D 400D 350D 300D 100D 60D 7D) - Includes: Full Color Filter Set + Close-Up Filter Kit (+1,+2,+4,+10) + Neutral Density Filter Set (ND2, ND4, ND8) + Star Filter + MagicFiber Microfiber Lens Cleaning Cloth","[[Electronics,Camera & Photo,Accessories,Filters & Accessories,Filter Sets]]"
2800,150193,Rosewill RDCR-11003 74-In-1 USB 3.0 3.5-Inch Internal Card Reader with USB Port (RDCR-11003),"[[Electronics,Computers & Accessories,Cables & Accessories,Memory Card Readers]]"
2801,150278,Sony BCG34HRE4KN Cycle Energy Quick with Refresh Charger and 4 Pre-Charged 2000 mAh AA Batteries (Discontinued by Manufacturer),"[[Electronics,Camera & Photo,Accessories,Batteries & Chargers,Battery Chargers]]"
2802,150298,HDMI Splitter (1 to 2) Premium Splitter Cable,"[[Electronics,Accessories & Supplies,Audio & Video Accessories,Cables & Interconnects,Video Cables,HDMI Cables]]"
2803,150336,G.skill Ripjaws Series 16gb (4 X 4gb) 240-pin Ddr3 Sdram Ddr3 1333 (Pc3 10666) Desktop Memory Model F3-10666cl9q-16gbrl,"[[Electronics,Computers & Accessories,Computer Components,Memory]]"
2804,150340,3-Year LCD-LED TV Plan ($200-250),"[[Electronics,Electronics Warranties]]"
2805,150386,Hoodman Ruggedized Raw Steel Superspeed USB 3.0 UDMA Card Reader - Hoodman RAWUSB3,"[[Electronics,Computers & Accessories,Cables & Accessories,Memory Card Readers]]"
2806,150425,Gigabyte GeForce GTX 680 OC 4GB GDDR5 DVI-I/DVI-D/HDMI/Displayport PCI-Express 3.0 SLI Ready Graphics Card GV-N680OC-4GD,"[[Electronics,Computers & Accessories,Computer Components,Graphics Cards]]"
2807,150431,"Anker&reg; USB 3.0 to SATA 3ft Converter Adapter Cable for 2.5 inch/3.5 inch Hard Drive Disk HDD and SSD, Power Adapter included","[[Electronics,Computers & Accessories,Cables & Accessories,Cables & Interconnects,USB Cables]]"
2808,150474,"i-BLASON Apple iPad Mini / iPad mini with Retina Display Auto Wake / Sleep Smart Cover Leather Case (Elastic Hand Strap, Multi-Angle, Card Holder) With Bonus Stylus (Multi-Color to Choose From) 3 Year Warranty (Black)","[[Electronics,Computers & Accessories,Touch Screen Tablet Accessories,Cases & Sleeves,Cases]]"
2809,150500,RCA AH18100N 100 feet 18-Gauge Speaker Wire,"[[Electronics,Accessories & Supplies,Audio & Video Accessories,Cables & Interconnects,Audio Cables,Speaker Cables]]"
2810,150607,"Opteka SB-1 Universal Studio Soft Box Flash Diffuser for Canon EOS, Nikon, Olympus, Pentax, Sony, Sigma, &amp; Other External Flash Units","[[Electronics,Camera & Photo,Accessories,Flash Accessories,Diffusers]]"
2811,150621,Tripp Lite U222-010-R USB 2.0 Hi-Speed Hub 10-Port with 2 Swivel Ports,"[[Electronics,Computers & Accessories,Networking Products,Hubs]]"
2812,150627,Toshiba L55-A5284 15.6&quot; Professional Laptop,"[[Electronics,Computers & Accessories,Laptops]]"
2813,150750,Kingston ValueRAM 512 MB 400MHz PC3200 DDR CL3 DIMM Desktop Memory KVR400X64C3A/512,"[[Electronics,Computers & Accessories,Computer Components,Memory]]"
2814,150782,"CNE67929 HDMI Cable, 6 ft. 2 Pack","[[Electronics,Accessories & Supplies,Audio & Video Accessories,Cables & Interconnects,Video Cables,HDMI Cables]]"
2815,150814,NP-BN1 Compatible Li-ion Battery,"[[Electronics,Camera & Photo,Accessories,Batteries & Chargers,Batteries,Camera Batteries]]"
2816,150823,"MoKo Slim-fit Cover for Google Nexus 7 Android Tablet, Orange","[[Electronics,Computers & Accessories,Touch Screen Tablet Accessories,Cases & Sleeves,Cases]]"
2817,150908,e-joy Dancing Water Speaker (Black),"[[Electronics,Portable Audio & Video,MP3 Players & Accessories,MP3 Player Accessories,Speaker Systems]]"
2818,150920,CowboyStudio 6 x 9 Feet Photography Photo Seamless Pro Black Vinyl Backdrop Background,"[[Electronics,Camera & Photo,Lighting & Studio,Photo Studio,Backgrounds]]"
2819,151059,Antec Kuhler H2O 920 Liquid CPU Cooler System,"[[Electronics,Computers & Accessories,Computer Components,Fans & Cooling,CPU Cooling Fans]]"
2820,151153,"TP-LINK TL-WR702N Wireless N150 Travel Router, Nano Size, Router/AP/Client/Bridge/Repeater Modes, 150Mpbs, USB Powered","[[Electronics,Computers & Accessories,Networking Products,Repeaters]]"
2821,151196,HDE VGA Adapter to TV S-Video RCA Out Cable for PC Video,"[[Electronics,Computers & Accessories,Cables & Accessories,Computer Cable Adapters]]"
2822,151262,"Pixel Wired remote Shutter Release Control compatible with CANON RS-60E3, PENTAX CS-205, CONTAX LA; fits Canon EOS 60D, 300D, 350D, 400D, 450D, 500D, 550D, 600D, 1000D, 1100D, Rebel XTi, Rebel 2000, Rebel T1i, Rebel T2, Rebel T2i, Rebel T3, Rebel T3i, EKiss, KISS X2, Kiss X5, PowerShot G10, G11, G12; PENTAX K7, K5, K200D, K100D, K110D, K20D, K10D, *ist DL2, *ist DL, *ist DS2, *ist D, *ist Ds, MZ-6, ZX-L; SAMSUNG GX-1L, GX-1S, GX-10, GX-20, NX10, NX100, NX5.","[[Electronics,Camera & Photo,Accessories,Telescope & Microscope Accessories,Telescope Accessories,Remote Controls]]"
2823,151381,Logitech Wireless Anywhere Mouse MX for PC and Mac,"[[Electronics,Computers & Accessories,Cables & Accessories,Mice]]"
2824,151440,Sony SA-W2500 Performance Line 100 Watt Subwoofer,"[[Electronics,Home Audio,Stereo Components,Speakers,Subwoofers]]"
2825,151461,Sony SRSBTX300 Portable NFC Bluetooth Wireless Speaker System (Black) (Discontinued by Manufacturer),"[[Electronics,Portable Audio & Video,MP3 Players & Accessories,MP3 Player Accessories,Speaker Systems]]"
2826,151463,Belkin SurgeMaster 6 Outlet Wall-Mount Surge Protector,"[[Electronics,Computers & Accessories,Cables & Accessories,Surge Protectors]]"
2827,151506,Lensbaby Macro Converters - 8mm Converter and 16mm Converter (LBMC),"[[Electronics,Camera & Photo,Lenses,Camera Lenses]]"
2828,151634,Pioneer TS-SWX251 10&quot; Flat Subwoofer with Enclosure 800 Watts,"[[Electronics,Car & Vehicle Electronics,Car Electronics,Car Audio,Subwoofers,Component Subwoofers]]"
2829,151658,"BlendMount Valentine One Radar Detector Mount. Custom Mount for Your V1 (BV1-2000,2001,2002,2003,2004,2005,2008,2009,2010,2011,2012, or 2013)(NOT COMPATIBLE WITH EUROPEAN VEHICLES AND C6 CORVETTES)","[[Electronics,Car & Vehicle Electronics,Vehicle Electronics Accessories,Radar Detectors]]"
2830,151668,Mediabridge USB 2.0 - USB Extension Cable (6 Feet) - A Male to A Female with Gold-Plated Contacts,"[[Electronics,Computers & Accessories,Cables & Accessories,Cables & Interconnects,USB Cables]]"
2831,151775,"EVGA GeForce GTX670 2048MB GDDR5 256bit, 2x Dual-Link DVI, HDMI, DP, 4-Way SLI Ready Graphics Card (02G-P4-2670-KR)","[[Electronics,Computers & Accessories,Computer Components,Graphics Cards]]"
2832,151785,EarlyBirdSavings Car Battery Adapter Eliminator for Baofeng UV-5R,"[[Electronics,Portable Audio & Video,CB & Two-Way Radios,Accessories,Batteries]]"
2833,151787,Anker&reg; Uspeed USB 3.0 3.5 inch Front Panel with 2 USB 3.0 Ports Hub [20 Pin Connector &amp; 2ft Adapter Cable],"[[Electronics,Computers & Accessories,Data Storage,Floppy & Tape Drives]]"
2834,151885,Transcend Information USB 3.0 Card Reader (TS-RDF5K),"[[Electronics,Car & Vehicle Electronics,Marine Electronics,Boating GPS Chartplotters]]"
2835,151947,JBL Charge Portable Wireless Bluetooth Speaker (Gray),"[[Electronics,Portable Audio & Video,MP3 Players & Accessories,MP3 Player Accessories,Speaker Systems]]"
2836,151985,"Sir Lancelot's Armor - iPad 2, the New iPad, iPad 4 (2/3/4gen) - Clear Screen Protector","[[Electronics,Computers & Accessories,Touch Screen Tablet Accessories,Screen Protectors]]"
2837,152011,Battery Grip Kit for Nikon D5100 D5200 D5300 Digital SLR Camera Includes Qty 2 Replacement EN-EL14 Batteries + Vertical Battery Grip + More!!,"[[Electronics,Camera & Photo,Accessories,Digital Camera Accessories,Battery Grips]]"
2838,152017,Hosa Cable CMR206 Stereo 1/8 Inch to Dual RCA Adapter Cable - 6 Foot,"[[Electronics,Accessories & Supplies,Audio & Video Accessories,Cables & Interconnects,Audio Cables,Stereo Jack Cables]]"
2839,152036,BOSS Audio P69.4C Phantom 800-watt 4 way auto 6&quot; x 9&quot; Coaxial Speaker,"[[Electronics,Car & Vehicle Electronics,Car Electronics,Car Audio,Speakers,Coaxial Speakers]]"
2840,152050,CowboyStudio Pro 30-Inch Octagon Umbrella Speedlite Softbox for Nikon Canon Flash Light,"[[Electronics,Camera & Photo,Lighting & Studio,Lighting,Lighting Controls & Modifiers,Umbrellas]]"
2841,152092,Nikon EN-MH2-B4/MH-73 2 hour Charger with 4 2300mAh Ni-MH AA Rechargeable Batteries - Retail Packaging,"[[Electronics,Camera & Photo,Accessories,Batteries & Chargers,Batteries,Camera Batteries]]"
2842,152106,Micro SATA Cables - PCI-E Express 16 x Riser Cable with Latch,"[[Electronics,Computers & Accessories,Cables & Accessories,Cables & Interconnects]]"
2843,152123,AMD Athlon II X2 270 Regor 3.4 GHz 2x1 MB L2 Cache Socket AM3 65W Dual-Core Desktop Processor - Retail ADX270OCGMBOX,"[[Electronics,Computers & Accessories,Computer Components,CPU Processors]]"
2844,152176,Apple Mini DisplayPort to VGA Adapter MB572Z/B,"[[Electronics,Computers & Accessories,Cables & Accessories,Computer Cable Adapters,USB-to-VGA Adapters]]"
2845,152238,Terk HDTVa Indoor Amplified High-Definition Antenna for Off-Air HDTV Reception,"[[Electronics,Portable Audio & Video,CB & Two-Way Radios,Accessories,Antennas]]"
2846,152306,Cisco-Linksys BEFSR41 EtherFast Cable/DSL Router with 4-Port 10/100 Switch,"[[Electronics,Computers & Accessories,Routers]]"
2847,152329,Nikon D3200 24.2 MP CMOS Digital SLR with 18-55mm f/3.5-5.6 AF-S DX VR NIKKOR Zoom Lens (Black),"[[Electronics,Camera & Photo,Digital Cameras,Digital SLR Camera Bundles]]"
2848,152400,Sony DPF-D95 9-Inch LED Backlit Digital Photo Frame with Remote (Black),"[[Electronics,Camera & Photo,Lighting & Studio,Photo Studio,Storage & Presentation Materials,Digital Picture Frames]]"
2849,152411,AntennaX Power Antenna Replacement Mast for Lexus RX300,"[[Electronics,Car & Vehicle Electronics,Vehicle Electronics Accessories,Audio & Video Accessories,Antennas]]"
2850,152430,Cable Matters MHL to HDMI Adapter for Samsung Galaxy S3/S4 and Note 2/Note 3 in Black,"[[Electronics,Accessories & Supplies,Audio & Video Accessories,Cables & Interconnects,Video Cables,HDMI Cables]]"
2851,152490,Olympus DP-201 Digital Voice Recorder,"[[Electronics,Portable Audio & Video,Digital Voice Recorders]]"
2852,152543,Craig 4GB MP3 Video Player,"[[Electronics,Portable Audio & Video,MP3 Players & Accessories,MP3 Players]]"
2853,152548,ASUS K200MA-DS01T 11.6-Inch HD Touchscreen Laptop (Black),"[[Electronics,Computers & Accessories,Laptops]]"
2854,152615,"CowboyStudio Table Top Photography Studio Lighting Tent Kit in a Box - 1 Tent, 2 Light Set, 1 Tripod, 1 Display Table Top","[[Electronics,Camera & Photo,Lighting & Studio,Lighting,Lighting Controls & Modifiers,Soft Boxes]]"
2855,152641,Sony SF8NX/TQM 8GB SDHC Class 10 Memory Card,"[[Electronics,Computers & Accessories,Cables & Accessories,Memory Cards,SD & SDHC Cards]]"
2856,152670,"C2G / Cables to Go 54170 USB 3.0 A Male to A Male Cable, Black (1 Meter/3.2 Feet)","[[Electronics,Computers & Accessories,Cables & Accessories,Cables & Interconnects,USB Cables]]"
2857,152691,R/T 10-Inch Sealed Truck Speaker Enclosure - Single,"[[Electronics,Car & Vehicle Electronics,Car Electronics,Car Audio,Subwoofers,Subwoofer Boxes and Enclosures]]"
2858,152705,"[3-Pack] SUPERSHIELDZ- High Definition Clear Screen Protector For Apple iPad Mini With Retina display &amp; iPad Mini , 2nd generation iPad Mini + Lifetime Replacements Warranty [3-PACK] - Retail Packaging","[[Electronics,Computers & Accessories,Touch Screen Tablet Accessories,Screen Protectors]]"
2859,152848,"Fintie iPad Folio Leather Case Cover for iPad 4th Generation With Retina Display, the New iPad 3 &amp; iPad 2 (Built-in magnet for sleep / wake feature) - Leopard Rainbow","[[Electronics,Computers & Accessories,Touch Screen Tablet Accessories,Cases & Sleeves,Cases]]"
2860,152877,Panasonic LUMIX DMC-GM1 16.0 MP Digital Camera - Black (Body Only),"[[Electronics,Camera & Photo,Digital Cameras,Compact System Cameras]]"
2861,152897,Microsoft Wireless Desktop 800,"[[Electronics,Computers & Accessories,Cables & Accessories,Keyboard & Mouse Combos]]"
2862,152938,Baofeng 7.4v 3800mAh Li-ion Battery for UV-5R-1 UV-5R-2 UV-5R-3 UV-5R-4 UV-5R-5 UV-5R-6 UV-5R-7 UV-5R-L BF-F8 BF-F8+ BF-F9,"[[Electronics,Portable Audio & Video,CB & Two-Way Radios,Accessories,Batteries]]"
2863,152998,Hoodman HOODPC Hood for 14-Inch to 16-Inch PC Laptop,"[[Electronics,Computers & Accessories,Cables & Accessories,Monitor Accessories,Screen Protectors]]"
2864,153074,"Monster iSport Immersion In-Ear Headphones with ControlTalk, Black (Discontinued by Manufacturer)","[[Electronics,Accessories & Supplies,Audio & Video Accessories,Headphones]]"
2865,153108,Replacement Laptop AC Adapter/Power Supply/Charger w/US Power Cord for Dell Inspiron,"[[Electronics,Computers & Accessories,Laptop & Netbook Computer Accessories,Chargers & Adapters]]"
2866,153305,Metra '07-up Honda Crv Radio Install Kit,"[[Electronics,Car & Vehicle Electronics,Vehicle Electronics Accessories]]"
2867,153341,miniSD to standard SD adapter (CNV),"[[Electronics,Computers & Accessories,Cables & Accessories,Memory Cards,MiniSD Cards]]"
2868,153390,"ASUS MeMOPad HD 7-Inch 16 GB Tablet, Blue (ME173X-A1-BL) 2013 Model","[[Electronics,Computers & Accessories,Tablets]]"
2869,153453,KOMPUTERBAY 32GB Professional COMPACT FLASH CARD CF 1000X 150MB/s Extreme Speed UDMA 7 RAW 32 GB,"[[Electronics,Computers & Accessories,Cables & Accessories,Memory Cards,CompactFlash Cards]]"
2870,153505,"ENGLISH US LARGE LETTERING KEYBOARD STICKER (UPPER CASE) YELLOW BACKGROUND FOR DESKTOP, LAPTOP AND NOTEBOOK","[[Electronics,Computers & Accessories,Cables & Accessories,Keyboards]]"
2871,153562,Winegard FreeVision FV-30BB HDTV Antenna,"[[Electronics,Accessories & Supplies,Audio & Video Accessories,Antennas,TV Antennas]]"
2872,153578,"Epson EX7220 Wireless WXGA 3LCD Projector, 3000 Color Lumens, 3000 White Lumens (V11H550020)","[[Electronics,Computers & Accessories,Video Projectors]]"
2873,153594,"eForCity Leather Case for 7-Inch Samsung Galaxy Tab 2 P3100/P3110, Black (PSAMGLXTLC05)","[[Electronics,Computers & Accessories,Touch Screen Tablet Accessories,Cases & Sleeves,Cases]]"
2874,153664,JLab JBuds Hi-Fi Noise-Reducing Ear Buds (White),"[[Electronics,Accessories & Supplies,Audio & Video Accessories,Headphones]]"
2875,153705,Hannspree HL269DPB 26-Inch Screen LED-lit Monitor,"[[Electronics,Computers & Accessories,Monitors]]"
2876,153708,"Group Vertical - Metal Pry Opening Tool for iPad iPhone iPod - This tool Opens iPad Mini, iPad 2, iPad 3, iPad 4 Gen","[[Electronics,Computers & Accessories,Touch Screen Tablet Accessories,Cases & Sleeves,Cases]]"
2877,153719,OnQ / Legrand WP1014WH Cable Access Strap,"[[Electronics,Accessories & Supplies,Audio & Video Accessories,Distribution,Wall Plates & Connectors]]"
2878,153729,AmazonBasics iPad Air and Netbook Bag with Handle Fits 7 to 10-Inch Tablets (Black),"[[Electronics,Computers & Accessories,Laptop & Netbook Computer Accessories,Bags & Cases,Sleeves & Slipcases]]"
2879,153838,Panasonic HFS014042 14-42mm Zoom lens for Micro third cameras,"[[Electronics,Computers & Accessories,Cables & Accessories,Monitor Accessories,Screen Filters]]"
2880,154003,5RCA 3 feet Component Video with 2RCA Audio Cable,"[[Electronics,Accessories & Supplies,Audio & Video Accessories,Cables & Interconnects,Video Cables,Composite Video]]"
2881,154008,Right Angle VGA to VGA Cable Adapter Type 2 - M/F,"[[Electronics,Accessories & Supplies,Audio & Video Accessories,Connectors & Adapters]]"
2882,154039,C&amp;E CNE11485 Black 15 Foot USB 2.0 Extension Cable,"[[Electronics,Computers & Accessories,Cables & Accessories,Cables & Interconnects,USB Cables]]"
2883,154085,Case Logic VNA-216 16-Inch Laptop Attache (Black),"[[Electronics,Computers & Accessories,Touch Screen Tablet Accessories,Cases & Sleeves,Cases]]"
2884,154090,"Altura Photo Rubber Eyepiece Eyecup for CANON Rebel T5i T4i T3i T3 T2i T1i XTi XSi XS SL1, CANON EOS 1100D 700D 650D 600D 550D 500D 450D 400D 300D 100D + Premium MagicFiber Microfiber Lens Cleaning Cloth","[[Electronics,Camera & Photo,Accessories,Viewfinders]]"
2885,154127,"iPad2 To HDMI Cable Adapter For Apple ,new version ipad connector, new ipad,iphon4S and ipad2 iSO 5.1 compatible, Connect iPad To HDTV Screen adapter with charger and sync connector , and 5ft 24AWG/28AWG super charging USB cable 2-pieces kit","[[Electronics,Computers & Accessories,Cables & Accessories,Computer Cable Adapters,DVI-HDMI Adapters]]"
2886,154152,StarTech.com 1 Port PCI Parallel Adapter Card PCI1PECP,"[[Electronics,Computers & Accessories,Computer Components,I/O Port Cards,Parallel Port Cards]]"
2887,154202,"Mediabridge 3.5mm Male To Male Stereo Audio Cable (12 Feet) - Step Down Design for iPhone, iPod, Smartphone, Tablet and MP3 Cases","[[Electronics,Accessories & Supplies,Audio & Video Accessories,Cables & Interconnects,Audio Cables,Stereo Jack Cables]]"
2888,154220,"Anker Universal AC Power Cord ForLaptops,Notebook [U.S. standard, 3-Prong Mickey Mouse Style]","[[Electronics,Computers & Accessories,Laptop & Netbook Computer Accessories,Chargers & Adapters]]"
2889,154228,Nikon 85mm f/1.4G AF-S Nikkor Lens for Nikon Digital SLR,"[[Electronics,Camera & Photo,Lenses,Camera Lenses,Digital Camera Lenses]]"
2890,154296,75ft BLUE Category 5e Cat5e Molded Snagless Ethernet Network Patch Cable Cord for Internet Router Switch Hub and Gaming - Gold Plated Male to Male RJ45 Connectors for Base-T Networks - Works best for your desktop laptop router modem switch hub DSL Xbox PS2 or PS3,"[[Electronics,Computers & Accessories,Cables & Accessories,Cables & Interconnects,Ethernet Cables]]"
2891,154358,Pyle-Pro PQA3100 19-Inch Rack Mount 3100-Watt Professional Power Amplifier,"[[Electronics,Computers & Accessories,Computer Components,Power Supplies]]"
2892,154371,"YongNuo YN-468 II E-TTL Speedlite With LCD Display, for Canon 50D 40D T1i Xsi XS","[[Electronics,Camera & Photo,Flashes,Shoe Mount Flashes]]"
2893,154558,"Vantec CB-ISATAU2 SATA/IDE to USB 2.0 Adapter Supports 2.5-Inch, 3.5-Inch, 5.25-Inch Hard Disk Drives (Black)","[[Electronics,Computers & Accessories,Cables & Accessories,Cables & Interconnects,SATA Cables]]"
2894,154559,52MM Center Pinch Lens Cap for PANASONIC Lumix G5 G5K G5kk GX1 + MagicFiber Microfiber Cleaning Cloth,"[[Electronics,Camera & Photo,Accessories,Lens Accessories,Lens Caps]]"
2895,154564,SilverStone AEROSLOT Maximum Vented PCI Slot Covers,"[[Electronics,Computers & Accessories]]"
2896,154593,Kingston HyperX Beast 16 GB Kit (2x8 GB) 1600MHz DDR3 PC3-12800 Non-ECC CL9 DIMM XMP Desktop Memory KHX16C9T3K2/16X,"[[Electronics,Computers & Accessories,Computer Components,Memory]]"
2897,154679,"Fotodiox Filter Wrench Kit (Pair of Two) - Large, for Lens Thread 62mm, 67mm, 72mm, 77mm","[[Electronics,Camera & Photo,Accessories,Lens Accessories,Adapters & Converters]]"
2898,154762,PocketWizard PlusX Wireless Radio Flash Remote Trigger,"[[Electronics,Camera & Photo,Accessories,Digital Camera Accessories,Shutter Release Cords]]"
2899,154772,C2G / Cables to Go 40650 RCA Male to Dual RCA Female Adapter (Black),"[[Electronics,Accessories & Supplies,Audio & Video Accessories,Cables & Interconnects,Audio Cables,RCA Cables]]"
2900,154804,Sleeved ATX 4 Pin P4 Male to ATX P4 Female CPU Power Extension Cable Black,"[[Electronics,Accessories & Supplies,Audio & Video Accessories,Connectors & Adapters]]"
2901,154861,"TEKTON 6235 Assorted Cable Ties, 200-Piece","[[Electronics,Accessories & Supplies,Cord Management,Cable Ties]]"
2902,155000,PNY 16GB Kit (4 x 4GB) 16 Quad Channel Kit DDR3 1866 (PC3 15000) 240-Pin DDR3 SDRAM MD16384K4D3-1866-X9,"[[Electronics,Computers & Accessories,Computer Components,Memory]]"
2903,155039,"NEEWER 32-Inch 80CM Portable 5 in 1 Translucent, Silver, Gold, White, and Black Collapsible Round Multi Disc Light Reflector for Studio or any Photography Situation","[[Electronics,Camera & Photo,Lighting & Studio,Lighting,Lighting Controls & Modifiers,Reflectors]]"
2904,155052,Cables Unlimited AUD-1605-06 6-Feet Pro A/V Series RCA Audio Cables,"[[Electronics,Accessories & Supplies,Audio & Video Accessories,Cables & Interconnects,Audio Cables,RCA Cables]]"
2905,155115,Belkin AV22303B06 HDMI to Mini HDMI Male to Male Cable (Discontinued by Manufacturer),"[[Electronics,Accessories & Supplies,Audio & Video Accessories,Cables & Interconnects,Video Cables,HDMI Cables]]"
2906,155210,"Foldable Flexible Waterproof Keyboard (Black, USB 2.0, Compatible to Windows 7)","[[Electronics,Computers & Accessories,Cables & Accessories,Keyboards]]"
2907,155399,GreatShield Ultra Anti-Glare (Matte) Clear Screen Protector Film for Toshiba Thrive 10.1 Touchscreen Tablet (3 Pack),"[[Electronics,Computers & Accessories,Touch Screen Tablet Accessories,Screen Protectors]]"
2908,155481,"BNC To RCA Cable, 6 Feet","[[Electronics,Accessories & Supplies,Audio & Video Accessories,Cables & Interconnects,Video Cables,F-Pin-Coaxial Tip]]"
2909,155507,CalDigit SuperSpeed USB 3.0 2-Port PCIe x1 Card for Mac Pro,"[[Electronics,Computers & Accessories,Computer Components,I/O Port Cards,USB Port Cards]]"
2910,155564,"Fintie Kindle Fire HD 7&quot; (2012 Old Model) Slim Fit Leather Case with Auto Sleep/Wake (will only fit Amazon Kindle Fire HD 7&quot;, Previous Generation) - Orange","[[Electronics,Computers & Accessories,Touch Screen Tablet Accessories,Cases & Sleeves,Cases]]"
2911,155610,"Wasabi Power Battery (2-Pack) and Charger for Sony NP-FV100 and Sony DCR-SR15, SR21, SR68, SR88, SX15, SX21, SX44, SX45, SX63, SX65, SX83, SX85, FDR-AX100, HDR-CX105, CX110, CX115, CX130, CX150, CX155, CX160, CX190, CX200, CX210, CX220, CX230, CX260V, CX290, CX300, CX305, CX330, CX350V, CX360V, CX380, CX430V, CX520V, CX550V, CX560V, CX580V, CX700V, CX760V, CX900, HC9, PJ10, PJ30V, PJ50, PJ200, PJ230, PJ260V, PJ340, PJ380, PJ430V, PJ540, PJ580V, PJ650V, PJ710V, PJ760V, PJ790V, PJ810, TD10, TD20V, TD30V, XR150, XR155, XR160, XR260V, XR350V, XR550V, HXR-NX3D1U, NX30U, NX70U, NEX-VG10, VG30, VG30H, VG900","[[Electronics,Camera & Photo,Accessories,Batteries & Chargers,Batteries,Camcorder Batteries]]"
2912,155626,5 Pack of 18&quot; Double Locking SATA III/6Gb/s Cables,"[[Electronics,Computers & Accessories,Cables & Accessories,Cables & Interconnects,SATA Cables]]"
2913,155678,Garmin n&uuml;vi 52LM 5-Inch Portable Vehicle GPS with Lifetime Maps (US),"[[Electronics,GPS & Navigation,Vehicle GPS]]"
2914,155733,Manfrotto 808RC4 3-Way Standard Head with Quick Release Plate 410PL (Black),"[[Electronics,Camera & Photo,Tripods & Monopods,Tripod Heads]]"
2915,155756,HDE SX-907 Bluetooth Stereo Headphones,"[[Electronics,Accessories & Supplies,Audio & Video Accessories,Headphones]]"
2916,155794,Fancierstudio Flash Bracket Swivel Bracket Umbrella Holder Studio Tilting Bracket for Nikon Canon E430 E580 SB600 SB800 SB900 By Fancierstudio Bracket B,"[[Electronics,Camera & Photo,Accessories,Flash Accessories,Camera Brackets]]"
2917,155800,Das Keyboard Professional Keyboard with Quiet Keys (DASK3MKPRORED),"[[Electronics,Computers & Accessories,Cables & Accessories,Keyboards]]"
2918,155935,FotoTech Camera Buckle Lens Cap Holder 67mm 58mm 52mm Lens Cap Sizes for Canon Nikon Sony Pentax Sigma DSLR/SLR/EVIL Camera with FotoTech Velvet Bag,"[[Electronics,Camera & Photo,Accessories,Lens Accessories,Lens Caps]]"
2919,155954,New Trent Airbender 2.0/3.0 New Ipad Air Case Cover with Detachable 360&deg; Spin &amp; Wireless Bluetooth Smart Keyboard for Apple Ipad 5,"[[Electronics,Computers & Accessories,Touch Screen Tablet Accessories,Cases & Sleeves,Cases]]"
2920,156003,Hoya 52mm HD High Definition Protective Filter,"[[Electronics,Camera & Photo,Accessories,Filters & Accessories,Filter Sets]]"
2921,156025,16 Pack Maha Imedion 2400 AA Low Discharge Batteries Sixteen Battery Bundle with Four Free Battery Holders,"[[Electronics,Camera & Photo,Accessories,Accessory Bundles]]"
2922,156034,Cable Matters Gold Plated HDMI Female Coupler,"[[Electronics,Accessories & Supplies,Audio & Video Accessories,Cables & Interconnects,Video Cables,HDMI Cables]]"
2923,156054,C&amp;E CNE25969 6-Feet 1.8m PCD Basics Fiber Optic Audio Cable,"[[Electronics,Accessories & Supplies,Audio & Video Accessories,Cables & Interconnects,Video Cables,DVI Cables]]"
2924,156182,16GB SD Class 10 IF3C Professional High Speed Memory Card SDHC 16G (16 Gigabyte) Memory Card for Nikon SLR Digital Camera D40 D40x D60 D80 D90 D300s D700 D3000 D31000 D5000 D7000 with custom formatting + FREE SD CARD READER,"[[Electronics,Computers & Accessories,Cables & Accessories,Memory Cards,SD & SDHC Cards]]"
2925,156212,BlueRigger High Speed HDMI cable with Ethernet - Supports 3D and Audio Return [Latest Version] - 10 Feet,"[[Electronics,Accessories & Supplies,Audio & Video Accessories,Cables & Interconnects,Video Cables,HDMI Cables]]"
2926,156408,Pixel RC Series Remote Shutter Release Control for Nikon D700 D300 D200 D3x D3 compatible with Nikon MC-DC0,"[[Electronics,Camera & Photo,Accessories,Digital Camera Accessories,Shutter Release Cords]]"
2927,156442,Apple iPod nano 16GB Silver (7th Generation) NEWEST MODEL,"[[Electronics,Portable Audio & Video,MP3 Players & Accessories,MP3 Players]]"
2928,156459,"4 pairs - Children's Passive 3D Glasses for Kids Genuine Ultimate 3D Heaven Sealed RealD Compatible Circular Polarized 3D Glasses for Passive 3D TV's Televisions from Vizio, Toshiba, LG, Philips and JVC and for use in Real-D Theaters","[[Electronics,Accessories & Supplies,Audio & Video Accessories,3D Glasses]]"
2929,156463,Opteka SteadyVid 400EX Video Stabilizer System with Micro Balancing Adjustment for DSLR Cameras up to 5 LBS,"[[Electronics,Camera & Photo,Accessories,Professional Video Accessories,Stabilizers]]"
2930,156483,Lensbaby Composer Pro with Double Glass Optic for Canon Digital SLR,"[[Electronics,Camera & Photo,Lenses,Camera Lenses,Digital Camera Lenses]]"
2931,156509,Black iPad Mini TPU Skin Case Cover,"[[Electronics,Computers & Accessories,Touch Screen Tablet Accessories,Cases & Sleeves]]"
2932,156519,Dell Inspiron i13z-8864sLV 13-Inch Laptop,"[[Electronics,Computers & Accessories,Laptops]]"
2933,156532,"Q-See QS558-852-1 8 Channel Full D1 Security Surveillance DVR System with 8 High-Resolution Cameras and 1TB Hard Drive, Black","[[Electronics,Camera & Photo,Video Surveillance,Surveillance Systems,Surveillance DVR Kits]]"
2934,156540,Cables Unlimited Cat7 Shielded 600Mhz Patch Cables 7 Feet White,"[[Electronics,Computers & Accessories,Networking Products,Modems]]"
2935,156637,Seagate Desktop HDD 500GB 7200RPM SATA 3Gb/s 16 MB Cache 3.5&quot;- Internal Drive Retail Kit (ST3500641AS-RK),"[[Electronics,Computers & Accessories,Data Storage,Internal Hard Drives]]"
2936,156678,"Generic 7-Port USB Hub with ON/OFF Switch, Black (7 Port USB Hub)","[[Electronics,Computers & Accessories,Data Storage,External Hard Drives]]"
2937,156760,Gateway Nv55c Laptop Battery 4400mAh (Replacement),"[[Electronics,Computers & Accessories,Laptop & Netbook Computer Accessories,Batteries]]"
2938,156826,DVI Gear HDMI Cable 2M 6 feet,"[[Electronics,Accessories & Supplies,Audio & Video Accessories,Cables & Interconnects,Video Cables,HDMI Cables]]"
2939,156896,Decalrus - Matte Decal Skin Sticker for Google Samsung Chromebook with 11.6&quot; screen (IMPORTANT read: Compare your laptop to IDENTIFY image on this listing for correct model) case cover Mat_Chromebook11-61,"[[Electronics,Computers & Accessories,Laptop & Netbook Computer Accessories,Skins & Decals]]"
2940,156929,"Western Digital 150 GB VelociRaptor SATA 3 Gb/s 10,000 RPM 16 MB Cache Bulk/OEM Enterprise Hard Drive - WD1500HLFS","[[Electronics,Computers & Accessories,Data Storage,Internal Hard Drives]]"
2941,156945,Fintie iPad mini 2 with Retina Display / iPad mini SmartShell Case - Ultra Slim Lightweight Smart Cover Auto Wake / Sleep with Semi Transparent Hard Shell for Mini 2 (2013 Edition) and Mini (2012 Edition) - Green/Frost,"[[Electronics,Computers & Accessories,Touch Screen Tablet Accessories,Cases & Sleeves,Cases]]"
2942,157021,iLLumiShield - Dell Venue 11 Pro Screen Protector Japanese Ultra Clear HD Film with Anti-Bubble and Anti-Fingerprint - High Quality (Invisible) LCD Shield - Lifetime Replacement Warranty - [2-Pack] OEM / Retail Packaging,"[[Electronics,Computers & Accessories,Touch Screen Tablet Accessories,Screen Protectors]]"
2943,157042,"Vizio CT14-A0 14-Inch Thin Light Ultrabook Laptop PC (1.80GHz Intel Core i3-3217U Processor, 4GB RAM 128GB SSD Windows 7 Home Premium) Silver","[[Electronics,Computers & Accessories,Laptops]]"
2944,157080,Penabled Tablet Pc Eraser Pen,"[[Electronics,Computers & Accessories,Touch Screen Tablet Accessories]]"
2945,157105,Cisco SG300-10 10-port Gigabit Managed Switch (SRW2008-K9-NA),"[[Electronics,Computers & Accessories,Networking Products,Switches]]"
2946,157148,BestDealUSA Black Suction Cup Mount GPS Holder for Garmin Nuvi Car Windscreen Windshield,"[[Electronics,GPS & Navigation,GPS System Accessories,Vehicle Mounts]]"
2947,157297,"Yongnuo YN-468 II i-TTL Speedlite Flash With LCD Display, for Nikon","[[Electronics,Camera & Photo,Flashes,Shoe Mount Flashes]]"
2948,157375,"Onkyo TX-SR313 5.1- Channel Home Theater A/V Receiver, Black","[[Electronics,Home Audio,Stereo Components,Receivers & Amplifiers,Component Receivers]]"
2949,157404,Noctua NF-F12 PWM Cooling Fan,"[[Electronics,Computers & Accessories,Computer Components,Fans & Cooling,Case Fans]]"
2950,157405,"Generic 11.10V,7200mAh, 9 cells, Li-Ion, Replacement Laptop Battery For Dell Inspiron 1501, Inspiron 6400, Inspiron E1505, Latitude 131L, Vostro 1000 Brand New","[[Electronics,Computers & Accessories,Laptop & Netbook Computer Accessories,Batteries]]"
2951,157552,Panasonic RP-HJE295-S Deep Base Ergo-Fit Inner Ear Earbud Headphone Silver (Discontinued by Manufacturer),"[[Electronics,Accessories & Supplies,Audio & Video Accessories,Headphones]]"
2952,157572,Cables Unlimited AUD-1100-06 6 feet 3.5 MM Male to Male Stereo Cable,"[[Electronics,Accessories & Supplies,Audio & Video Accessories,Cables & Interconnects,Audio Cables,Stereo Jack Cables],[Electronics,Computers & Accessories,Computer Components]]"
2953,157659,MUKii ZIPO ZIO-P010 Hard Disk Case,"[[Electronics,Computers & Accessories,Cables & Accessories,Hard Drive Bags]]"
2954,157672,Case Logic DCB-308 SLR Camera Sling (Black),"[[Electronics,Camera & Photo,Bags & Cases,Camera Cases]]"
2955,157857,Tabeo 7 Inch Kids Tablet,"[[Electronics,Computers & Accessories,Tablets]]"
2956,158027,Rode VideoMic Directional Video Condenser Microphone w/Mount,"[[Electronics,Camera & Photo,Accessories,Professional Video Accessories,Microphones]]"
2957,158104,DVI to DVI LCD Monitor Cable 6 Foot,"[[Electronics,Accessories & Supplies,Audio & Video Accessories,Cables & Interconnects,Video Cables,DVI Cables]]"
2958,158211,"LimoStudio 10' x 10' Photo Studio Muslin Backdrop Background Set - Blue Chromakey &amp; Red, AGG955","[[Electronics,Camera & Photo,Lighting & Studio,Photo Studio,Backgrounds]]"
2959,158381,Apple IPod Nano 6 6th Gen Screen Protector Film Clear (Invisible),"[[Electronics,Portable Audio & Video,MP3 Players & Accessories,MP3 Player Accessories,Screen Protectors]]"
2960,158515,Sentina Motion Sensor Lamp,"[[Electronics,Computers & Accessories,Cables & Accessories,Video Projector Accessories,Lamps]]"
2961,158607,AXDA3000DKV4D AMD Athlon XP 3000+ 2.16GHz Processor AXDA3000DKV4D,"[[Electronics,Computers & Accessories,Computer Components,CPU Processors]]"
2962,158761,Corsair Carbide Series White 500R Mid Tower Computer Case (CC-9011013-WW),"[[Electronics,Computers & Accessories,Computer Components,Computer Cases]]"
2963,158787,"Jabra PRO 9470 Mono Wireless Headset with Touchscreen for Deskphone, Softphone &amp; Mobile Phone","[[Electronics,Accessories & Supplies,Telephone Accessories,Headsets]]"
2964,158823,Cooler Master V1000 - 1000W Power Supply with Fully Modular Cables and 80 PLUS Gold Certification,"[[Electronics,Computers & Accessories,Laptop & Netbook Computer Accessories,Chargers & Adapters]]"
2965,158864,Intel Core i5-3570K Quad-Core Processor 3.4 GHz 4 Core  LGA 1155 - BX80637I53570K,"[[Electronics,Computers & Accessories,Computer Components,CPU Processors]]"
2966,158876,"Griffin Reveal Case for iPod touch 2G, 3G (Black)","[[Electronics,Portable Audio & Video,MP3 Players & Accessories,MP3 Player Accessories,Cases]]"
2967,159018,Azio USB Micro Bluetooth Adapter Version 4.0 + EDR with apt-X (BTD-V400),"[[Electronics,Computers & Accessories,Networking Products,Network Adapters,Bluetooth Network Adapters]]"
2968,159028,Black Rapid RS-Sport2 Strap - Slim Version with 'BRAD' + 2 Quick Release Plates for the Manfrotto RC2 Rapid Connect Adapter,"[[Electronics,Camera & Photo,Bags & Cases,Bag & Case Accessories]]"
2969,159033,"EarSkinz EarPod Covers (ES2) - Turquoise - for Apple iPhone 5S / 5C / 5 , iPod Nano 7G, iPod Touch 5G","[[Electronics,Accessories & Supplies,Audio & Video Accessories,Headphones]]"
2970,159051,Yamaha RX-V475 5.1-Channel Network AV Receiver with Airplay,"[[Electronics,Home Audio,Stereo Components,Receivers & Amplifiers,Component Receivers]]"
2971,159125,Nikon EN-EL15 Rechargeable Li-Ion Battery for Select DSLR Cameras (Retail Packaging),"[[Electronics,Camera & Photo,Accessories,Batteries & Chargers,Batteries,Camera Batteries]]"
2972,159210,OKGEAR FLOP2MOLEX-C Floppy 4pin extension cable w/ black sleeved,"[[Electronics,Computers & Accessories,Cables & Accessories,Cables & Interconnects,SATA Cables]]"
2973,159308,J-Tech Digital (TM) 2 Ports HDMI 1x2 Powered Splitter Ver 1.3 Certified for Full HD 1080P with Deep Color &amp; HD Audio and Max Bandwidth of 10.2Gbps,"[[Electronics,Accessories & Supplies,Audio & Video Accessories,Distribution,Selector Switch Boxes]]"
2974,159317,"PBL 12ft Backdrop Background Support System, Heavy Duty, Air Cushioned, Adjustable Crossbar","[[Electronics,Camera & Photo,Lighting & Studio,Photo Studio,Background Support Equipment]]"
2975,159374,"MeFoto Travel Tripod Kit, Gold (A0350Q0A)","[[Electronics,Camera & Photo,Tripods & Monopods,Complete Tripods]]"
2976,159403,"3WARE Cable, 1 Unit Of 1 Meter Multi-lane Internal (SFF-8087) Serial Ata Breakou","[[Electronics,Computers & Accessories,Cables & Accessories,Cables & Interconnects,SATA Cables]]"
2977,159426,MJ-1 Mouse Jiggler,"[[Electronics,Computers & Accessories,Networking Products,Network Adapters,Laptop Network Adapters]]"
2978,159459,Nook HD 7&quot; 8GB Tablet,"[[Electronics,Computers & Accessories,Tablets]]"
2979,159495,Canon PowerShot ELPH 330 12.1MP Digital Camera with 10x Optical Image Stabilized Zoom with 3-Inch LCD (Black),"[[Electronics,Camera & Photo,Digital Cameras,Point & Shoot Digital Cameras]]"
2980,159507,Fintie Folio Classic Leather Case for Samsung Galaxy Tab 3 7.0 inch Tablet - Red,"[[Electronics,Computers & Accessories,Touch Screen Tablet Accessories,Cases & Sleeves,Cases]]"
2981,159674,"MoKo(TM) Flip Stand Cover Case for ASUS Transformer Pad TF300 and Multi-Functional Docking Station (Compatible WITH or WITHOUT Keyboard Dock), Black","[[Electronics,Computers & Accessories,Touch Screen Tablet Accessories,Cases & Sleeves,Cases]]"
2982,159723,AMD Athlon X4 AD750KWOHJBOX 100W 3.4Ghz Processor,"[[Electronics,Computers & Accessories,Computer Components,CPU Processors]]"
2983,159772,"Samsung Galaxy Tab 3 (8-Inch, White) 2013 Model","[[Electronics,Computers & Accessories,Data Storage,Internal Hard Drives]]"
2984,159806,Poetic Slimbook Leather-Like Case for Nook HD+ 9 (Support Auto Sleep/Wake Function),"[[Electronics,Computers & Accessories,Touch Screen Tablet Accessories,Cases & Sleeves,Cases]]"
2985,159842,GoPro Chest Mount Harness for HERO Cameras,"[[Electronics,Camera & Photo,Accessories,Digital Camera Accessories,Accessory Kits]]"
2986,160005,"NEEWER CN-216 216PCS LED Dimmable Ultra High Power Panel Digital Camera / Camcorder Video Light, LED Light for Canon, Nikon, Pentax, Panasonic, SONY, Samsung and Olympus Digital SLR Cameras","[[Electronics,Camera & Photo,Lighting & Studio,Lighting,On-Camera Video Lights]]"
2987,160253,ASUS Crosshair V Formula-Z AM3+ AMD 990FX SATA 6Gb/s USB 3.0 ATX AMD Motherboard,"[[Electronics,Computers & Accessories,Computer Components,Motherboards]]"
2988,160386,"Blue Cady Cube Ultra Durable 15 inch Tactical Hard Messenger bag for your Apple MacBook Pro 15 Inch Laptop with Extra Features: Reinforced durable constructions, Extra dividers and mesh pockets for other Tablets, eReaders, pens, papers, and other school supplies, and Secure Velcro Straps","[[Electronics,Computers & Accessories,Laptop & Netbook Computer Accessories,Bags & Cases,Messenger Bags]]"
2989,160448,SANOXY&reg; HDMI Cable (15 feet),"[[Electronics,Accessories & Supplies,Audio & Video Accessories,Cables & Interconnects,Video Cables,HDMI Cables]]"
2990,160451,Jensen Marine AN150SR AM/FM Amplified Antenna,"[[Electronics,Car & Vehicle Electronics,Vehicle Electronics Accessories,Audio & Video Accessories,Antennas]]"
2991,160512,CowboyStudio 33 inch Black and Silver Photo Studio Reflective Umbrella,"[[Electronics,Camera & Photo,Lighting & Studio,Lighting,Lighting Controls & Modifiers,Umbrellas]]"
2992,160516,Thermaltake Thunderblade 120 mm 4 Led Case Fan 3 and 4 Pin AF0032 (Blue),"[[Electronics,Computers & Accessories,Computer Components,Fans & Cooling,Case Fans]]"
2993,160541,"ColorYourLife Bundle of 13-inch Free Birds Printed Laptop Sleeve Case Bag for MacBook / MacBook Pro / MacBook Air with 2 Stylus Pens and Microfiber Cleaning cloths (Yellow birdcage, 13 inch)","[[Electronics,Computers & Accessories,Laptop & Netbook Computer Accessories,Bags & Cases,Sleeves & Slipcases]]"
2994,160589,VideoSecu High Sensitive Audio Pickup Device External Amplified Tiny Spy Microphone for CCTV Security Camera with Bonus Warning Decal WD6,"[[Electronics,Camera & Photo,Accessories,Professional Video Accessories,Microphones]]"
2995,160620,"Accessory Power DC Charger for Magellan RoadMate 3030LM , 5045-LM and More GPS Devices","[[Electronics,GPS & Navigation,GPS System Accessories,Chargers & Cables]]"
2996,160688,Crucial m4 64GB 2.5-Inch (9.5mm) SATA 6Gb/s Solid State Drive CT064M4SSD2,"[[Electronics,Computers & Accessories,Data Storage,Internal Solid State Drives]]"
2997,160690,"Comply T-400 Isolation Earphone Tips (Platinum, 3 Pairs, Medium)","[[Electronics,Accessories & Supplies,Audio & Video Accessories,Headphone Accessories,Earpads]]"
2998,160721,"Premium 12-Inch RJ45 Splitter Adapter Cable Male / Female / Female - If you are connecting 2 computers to one internet access, please make sure only ONE computer is ON at any one time","[[Electronics,Computers & Accessories,Cables & Accessories,Computer Cable Adapters]]"
2999,160722,SANOXY&reg; Wireless USB PC Remote Control Mouse for PC,"[[Electronics,Accessories & Supplies,Audio & Video Accessories,Remote Controls,TV Remote Controls]]"
3000,160809,JL Audio TR050-CT,"[[Electronics,Car & Vehicle Electronics,Car Electronics,Car Audio,Speakers,Tweeters]]"
3001,160845,"OREI Grounded Universal 2 in 1 Plug Adapter Type G for UK, Hong Kong, Singapore &amp; more - High Quality - CE Certified - RoHS Compliant WP-G-GN","[[Electronics,Accessories & Supplies,Batteries, Chargers & Accessories,PDUs]]"
3002,160851,Orion 8891 Mini 50mm Guide Scope,"[[Electronics,Camera & Photo,Accessories,Telescope & Microscope Accessories,Telescope Accessories]]"
3003,160925,Sirius radio 5v cigarette lighter car power cord adapter 5v,"[[Electronics,Car & Vehicle Electronics,Vehicle Electronics Accessories,Audio & Video Accessories,Power Adapters]]"
3004,160931,Komputerbay 64GB Class 10 UHS-1 Grade 1 70MB/s MicroSDXC Pro Memory Card using Samsung NAND with Komputerbay SD Adapter,"[[Electronics,Computers & Accessories,Cables & Accessories,Memory Cards,Micro SD Cards]]"
3005,161029,SanDisk Ultra Plus 128GB SATA 6.0GB/s 2.5-Inch 7mm Height Solid State Drive (SSD) With Read Up To 530MB/s- SDSSDHP-128G-FFP,"[[Electronics,Computers & Accessories,Data Storage,Internal Solid State Drives]]"
3006,161098,PYLE-PRO PPSJ30 - 30ft. 12 Gauge Professional Speaker Cable Speakon to 1/4'',"[[Electronics,Accessories & Supplies,Audio & Video Accessories,Cables & Interconnects,Audio Cables,Speaker Cables]]"
3007,161103,"Apple MacBook 1,1 &quot;Core Duo&quot; 1.83Ghz 13&quot; 2GB DDR2, 80GB Hard drive","[[Electronics,Computers & Accessories,Laptops]]"
3008,161201,Ethernet RJ45 3 Way Network Cable Splitter Extender Plug Coupler,"[[Electronics,Computers & Accessories,Networking Products,Network Adapters,Laptop Network Adapters]]"
3009,161333,Fintie SmartShell Case for Apple iPad Air (iPad 5 5th Generation) Ultra Slim Lightweight Stand (with Smart Cover Auto Wake / Sleep) - Black,"[[Electronics,Computers & Accessories,Touch Screen Tablet Accessories,Cases & Sleeves,Cases]]"
3010,161351,Black Rapid RS-7 Camera Strap (Black),"[[Electronics,Camera & Photo]]"
3011,161400,Logitech Harmony 650 Remote Control (Silver),"[[Electronics,Portable Audio & Video,MP3 Players & Accessories,MP3 Player Accessories,Remote Controls]]"
3012,161455,Silicon Power 32GB SDHC Class 10 UHS-1 Elite Memory Card Up to 40MB/s (SP032GBSDHAU1V10),"[[Electronics,Computers & Accessories,Cables & Accessories,Memory Cards,SD & SDHC Cards]]"
3013,161473,GoPole EVO - Transparent Extension Pole for GoPro&reg; HERO Cameras (26&quot;),"[[Electronics,Camera & Photo,Accessories,Digital Camera Accessories,Accessory Kits]]"
3014,161500,Monoprice 100ft 16AWG CL2 Rated 2-Conductor Loud Speaker Cable (For In-Wall Installation),"[[Electronics,Accessories & Supplies,Audio & Video Accessories,Cables & Interconnects,Audio Cables,Speaker Cables]]"
3015,161517,"HDMI Cable Category 2, Full 1080P Capable (6 Feet)","[[Electronics,Accessories & Supplies,Audio & Video Accessories,Cables & Interconnects,Video Cables,HDMI Cables]]"
3016,161519,"Windshield Holder compatible with Apple iPad / iPad2, Black","[[Electronics,Computers & Accessories,Touch Screen Tablet Accessories,Stands]]"
3017,161652,Cable Electronics LABS AV 400SV Prograde S-Video Distribution Amplifier,"[[Electronics,Television & Video,AV Receivers & Amplifiers]]"
3018,161663,TASCAM PS-P515U AC Adapter for Select Portable Digital Recorders,"[[Electronics,Accessories & Supplies,Batteries, Chargers & Accessories,AC Adapters]]"
3019,161755,Vivitar Series 1 +1 +2 +4 +10 Close-Up Macro Filter Set w/Pouch (77mm),"[[Electronics,Camera & Photo,Accessories,Filters & Accessories,Filter Sets]]"
3020,161854,Acer Iconia Tab A500 A501 High Quality Premium Multi-Angle Leather Case Cover Folio-Black,"[[Electronics,Computers & Accessories,Touch Screen Tablet Accessories,Cases & Sleeves,Cases]]"
3021,161891,Neewer (2x) Universal Flash Bounce Diffuser Softbox for Canon Nikon SLR / DSLR Cameras NG - F01,"[[Electronics,Camera & Photo,Accessories]]"
3022,161904,Asus A41-K53 Tech Rover&trade; Max-Life Series 6-Cell Replacement Battery,"[[Electronics,Computers & Accessories,Laptop & Netbook Computer Accessories,Batteries]]"
3023,161913,Acer Aspire One AOD257-13685 10.1-Inch Netbook (Espresso Black),"[[Electronics,Computers & Accessories,Laptop & Netbook Computer Accessories,Bags & Cases,Sleeves & Slipcases]]"
3024,161984,HHI Aero Armor Case for iPad mini - Black (Package include a HandHelditems Sketch Stylus Pen),"[[Electronics,Computers & Accessories,Touch Screen Tablet Accessories,Cases & Sleeves,Cases]]"
3025,162056,"Strong HD LNB ,Digital Universal Single LNB (Best Performance)","[[Electronics,Accessories & Supplies,Audio & Video Accessories,Satellite TV Equipment]]"
3026,162150,52mm Hard Tulip Lens Hood for Nikon D5100 D5000 D3000 D40x D60,"[[Electronics,Camera & Photo,Accessories,Lens Accessories,Lens Hoods]]"
3027,162168,Intel Celeron G1620 2.70GHz LGA-1155 Processor BX80637G1620,"[[Electronics,Computers & Accessories,Computer Components,CPU Processors]]"
3028,162192,VIZIO E320i-A0 32-inch 720p 60Hz LED Smart HDTV (2013 Model),"[[Electronics,Television & Video,Televisions,LED TVs]]"
3029,162381,iMBAPrice iMBA-PS-06MM 6-Feet Gold Plated 3.5mm Male to 3.5mm Male Stereo Audio Cable,"[[Electronics,Accessories & Supplies,Audio & Video Accessories,Cables & Interconnects,Audio Cables,Speaker Cables]]"
3030,162421,HDMI to Micro HDMI F/M Adapter,"[[Electronics,Computers & Accessories,Cables & Accessories,Computer Cable Adapters,Gender Changers]]"
3031,162440,Mediabridge USB 2.0 - Micro-USB to USB Cable (6 Feet) - High-Speed A Male to Micro B with Gold-Plated Connectors,"[[Electronics,Computers & Accessories,Cables & Accessories,Cables & Interconnects,USB Cables]]"
3032,162592,Audio-Technica ATH-M30 Professional Studio Monitor Closed-back Dynamic Stereo Headphones,"[[Electronics,Accessories & Supplies,Audio & Video Accessories,Headphones]]"
3033,162724,Microsoft Bluetooth Notebook Mouse 5000 - Black,"[[Electronics,Computers & Accessories,Cables & Accessories,Mice]]"
3034,162794,"Kaito KA200 Pocket AM/FM Radio, Black","[[Electronics,Portable Audio & Video,Radios,Personal Radios]]"
3035,162822,Microsoft Wireless Mobile Mouse 3500 - Loch Ness Gray,"[[Electronics,Computers & Accessories,Cables & Accessories,Mice]]"
3036,162850,67MM Altura Photo Neutral Density Professional Photography Filter Set (ND2 ND4 ND8) + Premium MagicFiber Microfiber Cleaning Cloth,"[[Electronics,Camera & Photo,Accessories,Filters & Accessories,Neutral Density Filters]]"
3037,162953,"EVGA GeForce GTX760 w/EVGA ACX Cooler 2GB GDDR5 256bit, Dual-Link DVI-I, DVI-D, HDMI,DP, SLI Ready Graphics Card (02G-P4-2763-KR) Graphics Cards 02G-P4-2763-KR","[[Electronics,Computers & Accessories,Computer Components,Graphics Cards]]"
3038,163006,Sony MDR7506 Professional Large Diaphragm Headphone,"[[Electronics,Accessories & Supplies,Audio & Video Accessories,Headphones]]"
3039,163013,"Rode NTG-3 Location Sound Booming Kit with Rode BLIMP, and K-Tek KE-79CC Boom Pole","[[Electronics,Camera & Photo,Accessories,Professional Video Accessories,Microphones]]"
3040,163059,MSI NVIDIA GeForce GTX 770 Gaming OC 4GB GDDR5 2DVI/HDMI/DisplayPort PCI-Express Video Card N770 TF 4GD5/OC,"[[Electronics,Computers & Accessories,Computer Components,Graphics Cards]]"
3041,163124,1.8&quot; LCD Car Mp3 Mp4 Player Wireless Fm Transmitter Sd MMC Remote (Black),"[[Electronics,Car & Vehicle Electronics,Car Electronics,Car Audio,Digital Media Receivers]]"
3042,163130,Aurum Ultra Series - High Speed HDMI Cable With Ethernet 2 PACK (3 Ft) - Supports 3D &amp; Audio Return Channel [Latest Version] - 3 Feet - 2 Pack,"[[Electronics,Accessories & Supplies,Audio & Video Accessories,Cables & Interconnects,Video Cables,HDMI Cables]]"
3043,163150,eForCity&reg; 2 pack BT1007 Compatible with Uniden Home Cordless Phone Battery,"[[Electronics,Accessories & Supplies,Telephone Accessories,Batteries]]"
3044,163247,Corsair Vengeance 16GB (2 x 8GB) DDR3 2400MHz PC3 C10 240 Pin DIMM Memory CMZ16GX3M2A2400C10,"[[Electronics,Computers & Accessories,Computer Components,Memory]]"
3045,163293,Samsung HM1700  Bluetooth Headset (Gray),"[[Cell Phones & Accessories,Accessories,Headsets,Bluetooth Headsets],[Electronics,Computers & Accessories]]"
3046,163530,"TRENDnet 8-Port Unmanaged Gigabit GREENnet Desktop Metal Housing Switch, TEG-S80g","[[Electronics,Computers & Accessories,Networking Products,Switches]]"
3047,163584,Olympus 32 MB xD Picture Card,"[[Electronics,Computers & Accessories,Cables & Accessories,Memory Cards,xD-Picture Cards]]"
3048,163596,"Twisted Veins 6ft High Speed HDMI 2 Pack (includes TWO 6' cables, Right Angle Adapter, Velcro Ties) - Latest Version: Supports Ethernet, 3D, and Audio Return","[[Electronics,Accessories & Supplies,Audio & Video Accessories,Cables & Interconnects,Video Cables,HDMI Cables]]"
3049,163648,HDE&reg; Mini Display Port to HDMI Adapter Cable - 6 ft.,"[[Electronics,Computers & Accessories,Cables & Accessories,Computer Cable Adapters,DVI-HDMI Adapters]]"
3050,163687,Microsoft Sculpt Touch Mouse,"[[Electronics,Computers & Accessories,Cables & Accessories,Mice]]"
3051,163911,Canon EOS Rebel T4i DSLR with 18-55mm EF-S IS II Lens (OLD MODEL),"[[Electronics,Camera & Photo,Digital Cameras,Digital SLR Cameras]]"
3052,163937,"4GB (2x2GB)PC5300 667MHz SODIMM Memory Upgrade 4 Dell Inspiron 1420, 1520, 1521, 1525, 1720, 1721 Notebook","[[Electronics,Computers & Accessories,Computer Components,Memory]]"
3053,163940,Car Rear Vehicle Backup View Camera (Waterproof),"[[Electronics,Car & Vehicle Electronics,Car Electronics,Car Safety & Security,Vehicle Backup Cameras]]"
3054,163983,Gigabyte GTX 760 GDDR5-2GB 2xDVI/HDMI/DP OC WINDFORCE 3X Graphics Cards GV-N760OC-2GD REV2.0,"[[Electronics,Computers & Accessories,Computer Components,Graphics Cards]]"
3055,164010,NEW Laptop Charger fit HP Pavilion and Compaq Presario Series,"[[Electronics,Computers & Accessories,Laptop & Netbook Computer Accessories,Chargers & Adapters]]"
3056,164020,NZXT Guardian Black SECC Steel Chassis ATX Mid Tower Case 921RB-RL,"[[Electronics,Computers & Accessories,Computer Components,Computer Cases]]"
3057,164038,Battery Charger for Dell Inspiron 1520 1525 710M Laptop,"[[Electronics,Computers & Accessories,Laptop & Netbook Computer Accessories,Chargers & Adapters]]"
3058,164051,"LP-E8 2 Pack Of Replacement Batteries For Canon LP-E8 LPE8 1700MAH For Canon Rebel T5i, T4i, T2i 550D T3i, EOS 600D DSLR Digital Camera Includes 2 Batteries In Total + Free LCD Screen Protectors Bundle","[[Electronics,Camera & Photo,Accessories,Batteries & Chargers,Batteries,Camera Batteries]]"
3059,164061,"Griffin CinemaSeat (GB02464) for the&nbsp; iPad (3rd Generation) and iPad 2, Grey","[[Electronics,Computers & Accessories,Touch Screen Tablet Accessories,Cases & Sleeves,Cases]]"
3060,164089,DataComm 45-0001-BK 1-Gang Recessed Low Voltage Cable Plate (Black),"[[Electronics,Accessories & Supplies,Audio & Video Accessories,Distribution,Wall Plates & Connectors]]"
3061,164111,ArmorSuit MilitaryShield - Apple iPad 2 Skin Protector Shield Full Body with Lifetime Replacements,"[[Electronics,Computers & Accessories,Touch Screen Tablet Accessories,Skins & Decals]]"
3062,164123,D-Link Camera Video Recorder mydlink-Enabled (DNR-202L),"[[Electronics,Security & Surveillance,Surveillance Video Equipment,Surveillance Video Recorders]]"
3063,164168,AudioSource Sound pOp Bluetooth Speaker (Navy Blue),"[[Electronics,Portable Audio & Video,MP3 Players & Accessories,MP3 Player Accessories,Speaker Systems]]"
3064,164219,Canon PowerShot SD960IS 12.1 MP Digital Camera with 4x Wide Angle Optical Image Stabilized Zoom and 2.8-inch LCD (Silver),"[[Electronics,Camera & Photo,Digital Cameras,Point & Shoot Digital Cameras]]"
3065,164254,ASUS Xonar U3 Sound Cards (XONAR_U3/UAD/B/A),"[[Electronics,Computers & Accessories,Computer Components,Internal Sound Cards]]"
3066,164300,SUPERNIGHT&reg; Ultrathin Wireless Bluetooth Keyboard Case Stand for Google Nexus 7 inch 7&quot; Tablet (Nexus 7 1st Gen) Aluminum Black Silver -Rubberized Non-Slip Grip,"[[Electronics,Computers & Accessories,Touch Screen Tablet Accessories,Cases & Sleeves,Cases]]"
3067,164342,Nikon D3200 24.2 MP CMOS Digital SLR with 18-55mm VR and 55-200mm Non-VR DX Zoom Lenses,"[[Electronics,Camera & Photo,Digital Cameras,Digital SLR Cameras]]"
3068,164381,Garmin n&uuml;vi 2595LMT 5-Inch Portable Bluetooth GPS Navigator with Lifetime Maps and Traffic,"[[Electronics,GPS & Navigation,Vehicle GPS]]"
3069,164467,Kicker 11ds652 6.5 Component System W/20mm Twt,"[[Electronics,Car & Vehicle Electronics,Car Electronics,Car Audio,Speakers,Coaxial Speakers]]"
3070,164499,Sony DVC60PRL Mini DV Tape 60min Premium Data Cartridge 10 Packs,"[[Electronics,Accessories & Supplies,Blank Media,Data Cartridges]]"
3071,164569,"Sylvania SDVD7027-C, 7-Inch Portable DVD Player with Car Bag/Kit, Swivel Screen, USB/SD Card Reader (Black)","[[Electronics,Television & Video,DVD Players & Recorders]]"
3072,164615,Portable Finger Hand Held 4D Usb Mini Trackball Mouse / Handheld USB Trackball Finger Mouse--Off-Table Design for Free and Comfortable Operation / Fits Left and Right Handed Users--Great for Laptop Lovers,"[[Electronics,Computers & Accessories,Cables & Accessories,Mice]]"
3073,164628,"RainbowImaging  HM52 52MM Metal Lens Hood for Nikkor AF 35mm f2, 35mm f1.4, 50mm f1.8, 50mm f1.4 Standard","[[Electronics,Camera & Photo,Accessories,Lens Accessories,Lens Hoods]]"
3074,164815,Cable Matters SuperSpeed USB 3.0 Type A to Micro-B Cable in Blue 6 Feet,"[[Electronics,Computers & Accessories,Cables & Accessories,Cables & Interconnects,USB Cables]]"
3075,164854,Maxell CD-330 CD-to-Cassette Audio Adapter (190038),"[[Electronics,Portable Audio & Video,MP3 Players & Accessories,MP3 Player Accessories,Cassette Player Adapters]]"
3076,164936,TomTom GPS Dashboard Mount for TomTom GPS Navigators,"[[Electronics,GPS & Navigation,GPS System Accessories,Vehicle Mounts]]"
3077,165068,"A&amp;R BRAND Professional 58mm Digital Tulip Flower Lens Hood For canon 18-55mm , 28-80mm , 28-90mm , 28-105mm , 55-250mm , 70-300mm , 75-300mm , 100-300mm , 50mm 1.4 , 85mm 1.8 with Lens cap Holder and Lens cleaning Kit","[[Electronics,Camera & Photo,Accessories,Lens Accessories,Lens Hoods]]"
3078,165092,NZXT Sentry LX High Performance Fan Controller (Black),"[[Electronics,Computers & Accessories,Computer Components,Fans & Cooling,Case Fans]]"
3079,165211,IOGEAR SD/MicroSD/MMC Card Reader/Writer GFR204SD (Green/Gray),"[[Electronics,Computers & Accessories,Cables & Accessories,Memory Card Readers]]"
3080,165220,NZXT Technologies RF-FZ120-U1 NZXT FZ-120mm LED Airflow Fan Series Cooling Case Fan - Blue,"[[Electronics,Computers & Accessories,Computer Components,Fans & Cooling,Case Fans]]"
3081,165223,3.5&quot; iPRO-1 USB 2.0 External Hard Drive Enclosure - Supports up to 2TB,"[[Electronics,Computers & Accessories,Cables & Accessories,Hard Drive Enclosures]]"
3082,165262,Memorex DVD plus R 16x 4.7GB 100 Pack Spindle,"[[Electronics,Accessories & Supplies,Blank Media,DVD+R Discs]]"
3083,165394,RadTech ScreenSavrz for 17-Inch Wide Screen Notebooks - Gray,"[[Electronics,Computers & Accessories,Cables & Accessories,Keyboards]]"
3084,165436,UPPERCASE Palm Rest Protector for MacBook (Retina MacBook Pro 13&quot;),"[[Electronics,Computers & Accessories,Cables & Accessories,Keyboard & Mice Accessories,Keyboard Skins]]"
3085,165445,Silverstone Tek 140mm Ultra Fine Fan Filter with Magnet Cooling FF143B (Black),"[[Electronics,Computers & Accessories,Computer Components,Fans & Cooling,Grills]]"
3086,165475,Kuzy - GREEN 13-inch Ultra Slim Rubberized Hard Case Light Weight Matte Cover for Macbook Pro 13.3&quot; (A1278 with or without Thunderbolt) Aluminum Unibody - Green,"[[Electronics,Computers & Accessories,Laptop & Netbook Computer Accessories,Bags & Cases,Folio Cases]]"
3087,165522,Olympus Neoprene Soft Digital Camera Case,"[[Electronics,Camera & Photo,Bags & Cases,Camera Cases]]"
3088,165539,"Idolian Mini-Studio Dual Core 8&quot; Android 4.1 Jellybean OS 10-Point Capacitive Touchscreen Tablet PC 1.6GHz CPU 1Gb DDR3 RAM 16Gb Storage Front/Rear Camera Supports G-Sensor, 3D Games, 1080p HDMI micro-SD card 3G WIFI USB","[[Electronics,Computers & Accessories,Tablets]]"
3089,165547,"Targus Versavu Rotating Keyboard Case and Stand for iPad 3 and 4, Black (THZ17101US)","[[Electronics,Computers & Accessories,Touch Screen Tablet Accessories,Cases & Sleeves,Cases]]"
3090,165569,PTC Mini-DVI to HDMI Adapter with 6ft HDMI Cable for Macintosh,"[[Electronics,Accessories & Supplies,Audio & Video Accessories,Cables & Interconnects,Video Cables,HDMI Cables]]"
3091,165609,Case Logic SLRC-203 Large SLR Camera Bag (Black),"[[Electronics,Camera & Photo,Bags & Cases,Camera Cases]]"
3092,165619,Black 4-Port High Speed USB 2.0 Hub,"[[Electronics,Computers & Accessories,Cables & Accessories,Cables & Interconnects,USB Cables]]"
3093,165661,"Western Digital Caviar Blue 320 GB Bulk/OEM Hard Drive 3.5 Inch, 8 MB Cache, 7200 RPM SATA II WD3200AAJS","[[Electronics,Computers & Accessories,Data Storage,Internal Hard Drives]]"
3094,165676,55 x 4 DigiPro 640 USB Graphics Tablet w Cordless Pen Black,"[[Electronics,Computers & Accessories,Cables & Accessories,Input Devices,Graphics Tablets]]"
3095,165712,Gigabyte GA-H87N-WIFI LGA 1150 Intel H87 HDMI SATA 6Gb/s USB 3.0 Mini ITX Intel Motherboard Mini,"[[Electronics,Computers & Accessories,Computer Components,Motherboards]]"
3096,165792,"Sony Np-fw50 Sony Replacement Battery Nex-3,nex-5","[[Electronics,Camera & Photo,Accessories,Batteries & Chargers,Batteries,Camera Batteries]]"
3097,165879,BUFFALO MiniStation 1 TB USB 3.0 Portable Hard Drive (HD-PCF1.0U3BB),"[[Electronics,Computers & Accessories,Data Storage,External Hard Drives]]"
3098,165901,"MEElectronics A151-BK Balanced Armature In-Ear Headphones for iPod, iPhone, MP3/CD/DVD Players (Black)","[[Electronics,Accessories & Supplies,Audio & Video Accessories,Headphones]]"
3099,166057,Transcend 2 GB SD Flash Memory Card (TS2GSDC),"[[Electronics,Computers & Accessories,Cables & Accessories,Memory Cards,SD & SDHC Cards]]"
3100,166101,Roku HD Streaming Player - Manufacturer Refurbished,"[[Electronics,Television & Video,Streaming Media Players]]"
3101,166240,Sony MDR-E818LP Fontopia Ear-Bud Headphones with Acoustic Twin Turbo Circuit (Discontinued by Manufacturer),"[[Electronics,Accessories & Supplies,Audio & Video Accessories,Headphones]]"
3102,166301,Seagate Backup Plus 3TB USB 3.0 Desktop External Hard Drive for Mac (STCB3000900),"[[Electronics,Computers & Accessories,Data Storage,External Hard Drives]]"
3103,166309,PNY 128GB Elite Performance 90MB/s SDXC Class 10 Flash memory Card (P-SDX128U1H-GE),"[[Electronics,Computers & Accessories,Cables & Accessories,Memory Cards,SD & SDHC Cards]]"
3104,166330,66-inch Heavy Duty Tripod with Tripod Bag,"[[Electronics,Camera & Photo,Tripods & Monopods,Complete Tripods]]"
3105,166392,"Lime Green Cady Cube Ultra Durable 15 inch Tactical Messenger bag for your Apple MacBook Pro 15 Inch Laptop with Extra Features: Reinforced durable constructions, Extra dividers and mesh pockets for other Tablets, eReaders, pens, papers, and other school supplies, and Secure Velcro Straps","[[Electronics,Computers & Accessories,Laptop & Netbook Computer Accessories,Bags & Cases,Messenger Bags]]"
3106,166398,"OPSO Apple Certified iPhone 4 4S Charger Cable 30 Pin Dock Connector to USB Sync Cable Cord Charger for Apple iPhone 4 4S 3GS, iPad 2 iPad 3 ,iPod Touch, iPod Nano, 1.6 Feet Black","[[Cell Phones & Accessories,Accessories,Chargers],[Cell Phones & Accessories,Accessories,Data Cables],[Electronics,Computers & Accessories,Cables & Accessories,Cables & Interconnects,Lightning Cables],[Electronics,Computers & Accessories,Cables & Accessories,Cables & Interconnects,USB Cables]]"
3107,166551,GoPro Hero3+ Protective Lens + Cover,"[[Electronics,Camera & Photo,Accessories,Digital Camera Accessories,Accessory Kits]]"
3108,166559,Metra 70-1761 Radio Wiring Harness For Toyota 87-Up Power 4 Speaker,"[[Electronics,Car & Vehicle Electronics,Vehicle Electronics Accessories]]"
3109,166626,"Pack Of 2 EN-EL15 Batteries And Battery Charger Kit for Nikon 1 V1, D600, D610, D800, D810, D7000, D7100 Digital SLR Camera + More!!","[[Electronics,Camera & Photo,Accessories,Batteries & Chargers,Battery Chargers,Camera]]"
3110,166648,AGPtek&reg; 50ft USB Waterproof Snake Inspection Camera Endoscope,"[[Electronics,Security & Surveillance]]"
3111,166661,Kingston Digital microSD Class 10 UHS-1 Memory Card 30MB/s with Adapter SDC10/16GBET,"[[Electronics,Computers & Accessories,Cables & Accessories,Memory Cards,Micro SD Cards]]"
3112,166753,"Fotodiox Ultra Heavy Duty Flash Umbrella Bracket Kit -- With 1x Ultra Bracket, 1x Light stand, 1x 33&quot; Shoot-Thru Umbrella fits Yongnuo YN565EX, YN560, YN468, YN467, YN465, YN462, YN460","[[Electronics,Camera & Photo,Lighting & Studio,Lighting,Lighting Controls & Modifiers,Umbrellas]]"
3113,166800,ArmorSuit MilitaryShield - Apple iPad 2 Screen Protector Shield with Lifetime Replacements,"[[Electronics,Computers & Accessories,Touch Screen Tablet Accessories,Screen Protectors]]"
3114,167003,Rainbowimaging HES52 Metal Lens Hood for Canon EF 40mm F2.8 STM (Black),"[[Electronics,Camera & Photo,Accessories,Lens Accessories,Lens Hoods]]"
3115,167070,Mophie Juice Pack Air Battery Case for iPhone 5 and 5S,"[[Cell Phones & Accessories,Accessories,Batteries,Battery Charger Cases],[Electronics,Computers & Accessories]]"
3116,167109,Slappa SL-D2I-DVD DIV DVD Divider for Storage Box,"[[Electronics,Accessories & Supplies,Audio & Video Accessories,Media Storage & Organization,Disc Storage Wallets]]"
3117,167266,Cables Unlimited SATA Power Splitter Cable,"[[Electronics,Computers & Accessories,Cables & Accessories,Cables & Interconnects,SATA Cables]]"
3118,167270,Sony 24X SATA Internal DVD+/-RW Drive AD-7260S-0B - Bulk (Black),"[[Electronics,Computers & Accessories,Computer Components,Internal Optical Drives,Internal DVD Drives]]"
3119,167349,"Intel Core i7-4770K Quad-Core Desktop Processor (3.5 GHz,  8 MB Cache, Intel HD graphics, BX80646I74770K)","[[Electronics,Computers & Accessories,Computer Components,CPU Processors]]"
3120,167455,64GB KingSpec 1.8-inch ZIF 40-pin SSD Solid State Disk SMI Controller (MLC),"[[Electronics,Computers & Accessories,Data Storage,Internal Solid State Drives]]"
3121,167529,Belkin Silicone Sleeve Case for Ipod Classic Black/red,"[[Electronics,Portable Audio & Video,MP3 Players & Accessories,MP3 Player Accessories,Cases]]"
3122,167637,BOSS Audio CX122 Chaos Exxtreme 12-inch 1400-watt SINGLE Voice Coil Subwoofer,"[[Electronics,Car & Vehicle Electronics,Car Electronics,Car Audio,Subwoofers,Component Subwoofers]]"
3123,167648,Dynatron T459 Low Profile Active Copper LGA1156 Intel Core i3/i5/i7 CPU Cooler,"[[Electronics,Computers & Accessories,Computer Components,Fans & Cooling,Heatsinks]]"
3124,167688,"Case Logic CPL-107BK Camera Sling for DSLR, Black","[[Electronics,Camera & Photo,Bags & Cases,Camera Cases]]"
3125,167760,Kootek Aluminum Heatsink set for Raspberry Pi - Set of 3 Heat Sinks,"[[Electronics,Computers & Accessories,Computer Components,Fans & Cooling,Heatsinks]]"
3126,167778,"MoKo Apple iPad Air Case - Portfolio Wireless Bluetooth Keyboard Case for iPad Air (5th Gen) Tablet, PURPLE (With Smart Cover Auto Wake / Sleep)","[[Electronics,Computers & Accessories,Touch Screen Tablet Accessories,Cases & Sleeves,Cases]]"
3127,167834,RCA Basic Indoor Antenna,"[[Electronics,Accessories & Supplies,Audio & Video Accessories,Antennas,TV Antennas]]"
3128,167917,Easy-view Keyboard,"[[Electronics,Computers & Accessories,Cables & Accessories,Keyboards]]"
3129,167964,XO Vision XD103 FM and MP3 Stereo Receiver with USB Port and SD Card Slot,"[[Electronics,Car & Vehicle Electronics,Car Electronics,Car Audio,Digital Media Receivers]]"
3130,167975,6ft Samsung Galaxy S2 Skyrocket I727 Micro USB for Charger/Data/Sync Cable HQ M to Male USB 2.0 A to B Micro to cell phone Charging line (6 Feet),"[[Electronics,Computers & Accessories,Cables & Accessories,Cables & Interconnects,USB Cables]]"
3131,168064,Zeikos ZE-BRK12 Right Angle Flash Bracket for DSLR Cameras and Point and Shoot Cameras,"[[Electronics,Camera & Photo,Accessories,Flash Accessories,Camera Brackets]]"
3132,168083,D-Link PowerLine Adapter AV500 Gigabit Mini Starter Kit (DHP-501AV),"[[Electronics,Computers & Accessories,Networking Products,Network Adapters,Powerline Network Adapters]]"
3133,168146,Logitech X-540 5.1 Surround Sound Speaker System with Subwoofer,"[[Electronics,Computers & Accessories,Cables & Accessories,Computer Speakers]]"
3134,168152,StarTech Steel Full Profile Expansion Slot Cover Plate PLATEBLANK - 10 Pack - Silver,"[[Electronics,Computers & Accessories,Computer Components]]"
3135,168193,Toshiba Excite Write AT15PE-A32 PDA0EU-00401Y 10.1-Inch 32GB Tablet (Silver),"[[Electronics,Computers & Accessories,Tablets]]"
3136,168200,"Corsair Vengeance Pro 16GB 2x8GB DDR3 2400MHz PC3 19200 Desktop, Red CMY16GX3M2A2400C11R","[[Electronics,Computers & Accessories,Computer Components,Memory]]"
3137,168232,Dell S2240M CFGKT-IPS-LED 21.5-Inch Screen LED-lit Monitor,"[[Electronics,Computers & Accessories,Monitors]]"
3138,168234,Kapaxen EH-67 Replacement AC Power Adapter / Charger for Nikon Coolpix L820 L810 L310 L120 L110 L105 L100 Digital Cameras,"[[Electronics,Camera & Photo,Accessories,Batteries & Chargers,Battery Chargers,Camera]]"
3139,168338,"CableWholesale 10-Feet USB Type A Male / Type A Female 2.0 Version Extension Cable, Black (10U2-02110EBK)","[[Electronics,Computers & Accessories,Cables & Accessories,Cables & Interconnects,USB Cables]]"
3140,168341,Crucial 8GB Kit (4GBx2) DDR3/DDR3L 1600 MT/s (PC3-12800) CL11 SODIMM 204-Pin 1.35V/1.5V Memory For Mac CT2K4G3S160BM,"[[Electronics,Computers & Accessories,Computer Components,Memory]]"
3141,168343,DA-LIT 106IN DIA MODEL B MANUAL SCREEN MATTE WHITE 16:9 52X92IN,"[[Electronics,Accessories & Supplies,Office Electronics Accessories,Projection Screens]]"
3142,168388,StarTech.com 16-Inch DB25 Parallel Female to IDC 25-Pin Header Slot Plate (PLATE25F16),"[[Electronics,Computers & Accessories,Cables & Accessories,Computer Cable Adapters]]"
3143,168389,Cisco SG200-26 Gigabit Ethernet Smart Switch with 24 10/100/1000 Ports and 2 Combo Mini-GBIC Ports (SLM2024T),"[[Electronics,Computers & Accessories,Networking Products,Switches]]"
3144,168395,"VideoSecu LCD LED Monitor TV Ceiling Mount For Most 15&quot;-27&quot; Flat Panel Display with VESA100x100, 75x75, Fit flat and vaulted ceiling mount, and wall mount B17","[[Electronics,Accessories & Supplies,Audio & Video Accessories,TV Accessories & Parts,TV Ceiling & Wall Mounts]]"
3145,168448,"Simran SMF-200 Deluxe 200 Watts Step Down Voltage Converter for International Travel to AC 220V/240V Countries ~ Ideal for Laptops, Cameras, iPhones, Blackberry, iPods etc.","[[Electronics,Computers & Accessories,Laptop & Netbook Computer Accessories,Chargers & Adapters]]"
3146,168455,Yongnuo YN-565EX ETTL Speedlite Flash for Nikon,"[[Electronics,Camera & Photo,Flashes,Shoe Mount Flashes]]"
3147,168527,Masione 4 PACK 100ft security camera bnc video power cable extension wire cord for cctv dvr surveillance system,"[[Electronics,Security & Surveillance,Accessories,Surveillance Camera Cables]]"
3148,168589,Roku 2 XS 1080p Streaming Player (Old Model),"[[Electronics,Television & Video,Streaming Media Players]]"
3149,168632,"C2G / Cables to Go 03137 18 AWG Outlet Saver Power Extension Cord NEMA 5-15P to NEMA 5-15R, Black (1 Foot/0.30 Meters)","[[Electronics,Accessories & Supplies,Audio & Video Accessories,Headphone Accessories,Extension Cords]]"
3150,168650,SanDisk Extreme 16 GB USB 3.0 Flash Drive SDCZ80-016G-X46,"[[Electronics,Computers & Accessories,Data Storage,USB Flash Drives]]"
3151,168661,MegaGear LCD Optical Screen Protector For New Model Canon 5d mkIII Screen Protector,"[[Electronics,Camera & Photo,Accessories,Digital Camera Accessories,Screen Protector Foils]]"
3152,168677,Tamron AF 18-200mm f/3.5-6.3 XR Di II LD Aspherical (IF) Macro Zoom Lens for Canon Digital SLR Cameras (Model A14E),"[[Electronics,Camera & Photo,Lenses,Camera Lenses,Digital Camera Lenses]]"
3153,168697,Orion 08704 Tri-Mag 1.25-Inch 3x Barlow Lens (Black),"[[Electronics,Camera & Photo,Accessories,Telescope & Microscope Accessories,Telescope Accessories,Barlow Lenses]]"
3154,168752,Cable Matters Gold-Plated Active HDMI to VGA Adapter (Male to Female) with 3 Ft Micro USB Cable - White,"[[Electronics,Computers & Accessories,Cables & Accessories,Computer Cable Adapters,DVI-HDMI Adapters]]"
3155,168753,"eForCity 20 / 24-pin Power Supply Tester for ATX / SATA / HDD, Black","[[Electronics,Computers & Accessories,Computer Components,Power Supplies]]"
3156,168754,Sirius Radio 5.2v Cigarette Lighter Car Power Cord Adapter 5 V Sircla5,"[[Electronics,Car & Vehicle Electronics,Car Electronics,Car Audio,Satellite Radio]]"
3157,168778,Laptop/Notebook Battery for Compaq Presario CQ70-134CA cq-40 cq-45 cq-50 cq-70 cq40 cq45 cq50 cq70 cq70-120 cq70-134,"[[Electronics,Computers & Accessories,Laptop & Netbook Computer Accessories,Batteries]]"
3158,168801,Rosewill Gaming ATX Full Tower Computer Case Cases THOR V2 Black,"[[Electronics,Computers & Accessories,Computer Components,Computer Cases]]"
3159,168852,Vizio XPG302 Theater 3D Glasses - Adult Size,"[[Electronics,Television & Video,Video Glasses]]"
3160,168883,Seagate Laptop Thin SSHD 500GB Hard Drive ST500LM000 6Gb/s 64 MB Cache,"[[Electronics,Computers & Accessories,Data Storage,Internal Hard Drives]]"
3161,168903,Vantacor Dual PSU Adapter Cable 24 Pin 2-way,"[[Electronics,Computers & Accessories,Cables & Accessories,Computer Cable Adapters]]"
3162,168933,Rosewill 4-Port USB 2.0 Hub with Power Adapter (RHUB-210),"[[Electronics,Computers & Accessories,Networking Products,Hubs]]"
3163,168953,VANGUARD PH-10 Camera Pan Head,"[[Electronics,Camera & Photo,Tripods & Monopods,Complete Tripods]]"
3164,168971,Cmple Triple IR Emitter Mini Stick-On Infrared Emitters Blink Eye,"[[Electronics,Accessories & Supplies,Audio & Video Accessories,Remote Controls,Remote-Control Extenders]]"
3165,168997,"TRENDnet 5-Port Unmanaged 10/100 Mbps GREENnet Ethernet Desktop Plastic Housing Switch, TE100-S5","[[Electronics,Computers & Accessories,Networking Products,Switches]]"
3166,169065,Tamron SP AF 17-50mm F2.8 XR Di II VC Image Stabalise Lens Canon AF,"[[Electronics,Camera & Photo,Lenses,Camera Lenses]]"
3167,169181,"USB Keyboard Leather Case Can Stand for Android Tablet Pc Mid (9 Inch, Red)  (Tablet have to be Compatible with OTG function)","[[Electronics,Computers & Accessories,Touch Screen Tablet Accessories,Cases & Sleeves,Cases]]"
3168,169267,Canon PowerShot SX280 12.1MP Digital Camera with 20x Optical Image Stabilized Zoom with 3-Inch LCD (Black),"[[Electronics,Camera & Photo,Digital Cameras,Point & Shoot Digital Cameras]]"
3169,169286,SkipDr CD/DVD Repair and Cleaning System,"[[Electronics,Accessories & Supplies,Audio & Video Accessories,Cleaning & Repair,Disc Repair Kits]]"
3170,169355,"Kanex ATVPRO Adapter for AirPlay, iPad and Apple TV Mirroring to VGA Projector","[[Electronics,Accessories & Supplies,Audio & Video Accessories,Cables & Interconnects]]"
3171,169367,BIC America F12 12-Inch 475-Watt Front Firing Powered Subwoofer,"[[Electronics,Home Audio,Stereo Components,Speakers,Subwoofers]]"
3172,169476,TiVo TCDA94000 Stream,"[[Electronics,Television & Video,Streaming Media Players]]"
3173,169543,PBL Photo Studio 42&quot; Reflective Umbrella Softboxes Photo Lighting Umbrella Set of 2 Steve Kaeser Photographic Lighting,"[[Electronics,Camera & Photo,Lighting & Studio,Lighting,Lighting Controls & Modifiers,Umbrellas]]"
3174,169639,TAKSTAR the SGC-598 Photography Interview MIC Microphone for Nikon Canon Camera DV Camcorder,"[[Electronics,Camera & Photo,Accessories,Professional Video Accessories,Microphones]]"
3175,169688,Scosche SAC656 1995-up Neon 5.25/6.5-Inch Jeep Speaker Adapter - Pair,"[[Electronics,Car & Vehicle Electronics,Vehicle Electronics Accessories]]"
3176,169762,Your Cable Store Inline Ethernet CAT 6 / RJ45 Networking,"[[Electronics,Accessories & Supplies,Audio & Video Accessories,Connectors & Adapters]]"
3177,169831,amFilm Google Asus Nexus 7 FHD (2nd Generation) 2013 Tablet Premium Screen Protector Film HD Clear (2 Pack) [Lifetime Warranty],"[[Electronics,Computers & Accessories,Touch Screen Tablet Accessories,Screen Protectors]]"
3178,169905,"NEEWER&reg; 160 LED CN-160 Dimmable Ultra High Power Panel Digital Camera / Camcorder Video Light, LED Light for Canon, Nikon, Pentax, Panasonic,SONY, Samsung and Olympus Digital SLR Cameras","[[Electronics,Camera & Photo,Lighting & Studio,Lighting,On-Camera Video Lights]]"
3179,170015,"Pioneer VSX-522-K 400W 5-Channel A/V Receiver, iPod &amp; iPhone, Black","[[Electronics,Home Audio,Stereo Components,Receivers & Amplifiers,Component Receivers]]"
3180,170038,Roku 3500R Streaming Stick (HDMI) (2014),"[[Electronics,Television & Video,Streaming Media Players]]"
3181,170057,BestDealUSA Fader ND filter Adjustable variable ND2 to ND400 77mm,"[[Electronics,Camera & Photo,Accessories,Filters & Accessories,Neutral Density Filters]]"
3182,170075,"Perixx PERIBOARD-311PLUS, Backlit Ultrathin Keyboard - Wired USB with 1 Extra Hub - White LED Illuminated Feature - 17.56&quot;x6.27&quot;x0.77&quot; Full Size Dimension - Silent X Type Chiclet Keys - US English Layout","[[Electronics,Computers & Accessories,Cables & Accessories,Keyboards]]"
3183,170152,"Verbatim Store 'n' Stay 4 GB USB 2.0 Flash Drive, Black 97462","[[Electronics,Computers & Accessories,Data Storage,USB Flash Drives]]"
3184,170220,IOGEAR 8-Port PS/2 KVM Switch with AutoScan GCS78,"[[Electronics,Computers & Accessories,External Components,KVM Switches]]"
3185,170275,"EVGA GeForce 6200 512 MB DDR2 PCI 2.1 VGA/DVI-I/S-Video Graphics Card, 512-P1-N402-LR","[[Electronics,Computers & Accessories,Computer Components,Graphics Cards]]"
3186,170281,Sony Ultra Lightweight MDR-W08L Vertical In-The-Ear Headphones,"[[Electronics,Accessories & Supplies,Audio & Video Accessories,Headphones]]"
3187,170289,Opteka OSG18 1/8-Inch Universal Honeycomb Grid for External Camera Flashes,"[[Electronics,Camera & Photo,Accessories,Digital Camera Accessories,Battery Grips]]"
3188,170295,The Friendly Swede(TM) PU Leather Flip/Folding Case/Cover/Stand 8-Piece Bundle for Samsung Galaxy Note 10.1 N8000 N8010 N8013 Tablet in Retail Packaging (Purple),"[[Electronics,Computers & Accessories,Touch Screen Tablet Accessories,Bundles]]"
3189,170354,"Acer AOD270-1375 10.1&quot; Netbook (Intel Atom Processor N2600, 1GB DDR3 SDRAM, 320GB hard drive, Windows 7, Espresso Black)","[[Electronics,Computers & Accessories]]"
3190,170447,SANOXY 3.5mm Stereo Male to Female Extension Cable 25 ft.,"[[Electronics,Accessories & Supplies,Audio & Video Accessories,Cables & Interconnects,Audio Cables,Stereo Jack Cables]]"
3191,170462,Sony MDR-XB400/VIO XB Series Extra,"[[Electronics,Accessories & Supplies,Audio & Video Accessories,Headphones]]"
3192,170569,Nikon Starter Digital SLR Camera Case - Gadget Bag and Cameta Microfiber Cleaning Cloth,"[[Electronics,Camera & Photo,Bags & Cases,Camera Cases]]"
3193,170700,Panasonic RP-HTX7-R1 Monitor Stereo Headphones (Red),"[[Electronics,Accessories & Supplies,Audio & Video Accessories,Headphones]]"
3194,170783,PC-V351B HTPC Chassis,"[[Electronics,Computers & Accessories,Computer Components,Computer Cases]]"
3195,170820,SiriusXM SXV200v1 Connect Vehicle Tuner for SiriusXM-Ready Car Stereo Receivers,"[[Electronics,Car & Vehicle Electronics,Car Electronics,Car Audio,Satellite Radio]]"
3196,170906,Charge and Audio Extension Cable for Cars and Speaker Docks Fits Apple iPod / iPhone-White 4 Feet,"[[Electronics,Portable Audio & Video,MP3 Players & Accessories,MP3 Player Accessories]]"
3197,170964,Gateway NE56R50u 15.6-Inch Laptop (Black),"[[Electronics,Computers & Accessories,Laptops]]"
3198,170978,Wilson Electronics  DT - Cell Phone Signal Boost for Small Home or Office - Retail Packaging - Gray,"[[Cell Phones & Accessories,Accessories,Signal Boosters],[Electronics,Computers & Accessories,Computer Components]]"
3199,170986,Powerbass S1S 1-Inch Silk Dome Tweeters,"[[Electronics,Car & Vehicle Electronics,Car Electronics,Car Audio,Speakers,Coaxial Speakers]]"
3200,171030,Plugable USB 2.0 10 Port Hub (12.5W Power Adapter),"[[Electronics,Computers & Accessories,Networking Products,Hubs]]"
3201,171036,eForCity 227744 2-Pack 3-Feet High Speed HDMI for HDTV/DVD Player,"[[Electronics,Accessories & Supplies,Audio & Video Accessories,Connectors & Adapters]]"
3202,171080,Bobj Rugged Case for Google Nexus 10 Tablet - BobjGear protective cover - Bold Black,"[[Electronics,Computers & Accessories,Touch Screen Tablet Accessories,Cases & Sleeves,Cases]]"
3203,171187,RASPBERRY PI MODEL B 756-8308 Raspberry Pi B,"[[Electronics,Computers & Accessories,Computer Components]]"
3204,171211,Sony PRS-505 Portable Digital e-Reader System (Silver),"[[Electronics,eBook Readers & Accessories,eBook Readers]]"
3205,171263,"Mediabridge FLEX Series Mini-HDMI to HDMI Cable (5 Feet) - High-Speed Supports Ethernet, 3D and Audio Return [Newest Standard]","[[Electronics,Accessories & Supplies,Audio & Video Accessories,Cables & Interconnects,Video Cables,HDMI Cables]]"
3206,171278,Quad LCD Monitor Desk Mount Stand Heavy Duty Fully Adjustable fits 4 /Four Screens up to 27&quot; ~ (by VIVO),"[[Electronics,Accessories & Supplies,Mounts,Computer & Monitor Mounts]]"
3207,171362,Nokia Lumia 521 (T-Mobile),"[[Cell Phones & Accessories,Accessories],[Cell Phones & Accessories,Cell Phones,No-Contract Cell Phones,Phones],[Electronics,Computers & Accessories]]"
3208,171411,Benro A1692TB0 Travel Angel II Tripod Kit -Aluminum Twist Lock Legs with B0 Head (Black),"[[Electronics,Camera & Photo,Tripods & Monopods,Complete Tripods]]"
3209,171433,Microsoft Surface Touch Cover Keyboard | Cyan,"[[Electronics,Computers & Accessories]]"
3210,171519,Case Logic PNC-216 16-Inch Laptop Case (Black),"[[Electronics,Computers & Accessories,Laptop & Netbook Computer Accessories,Bags & Cases,Briefcases]]"
3211,171589,Addicore Raspberry Pi Heatsink Set (Set of 3 Aluminum Heat Sinks),"[[Electronics,Computers & Accessories,Computer Components,Fans & Cooling,Heatsinks]]"
3212,171635,"HooToo&reg; HT-UH002 Aluminum USB 3.0 HUB 4 Ports (5V/2A Power Adapter, Better Heat Dissipation, 3.3 feet USB 3.0 Cable, Latest VIA VL812-B2 Chipset &amp; 9081 Firmware), Backward Compatible with USB 2.0 and Supporting Windows / Mac / Linux OS","[[Electronics,Computers & Accessories,Networking Products,Hubs]]"
3213,171677,NEW Slim USB 2.0 External Slim USB 2.0 CD-ROM Drive for all Laptop notebook,"[[Electronics,Computers & Accessories,External Components,Optical Drives,CD Drives]]"
3214,171733,JVC KWAV61BT 6.1-Inch DVD-CD-USB Bluetooth Receiver,"[[Electronics,Car & Vehicle Electronics,Car Electronics,Car Video,In-Dash DVD & Video Receivers]]"
3215,171736,Chenbro Rackmount 4U Server Chassis RM42300-F,"[[Electronics,Computers & Accessories,Computer Components,Computer Cases]]"
3216,171865,"NVIDIA Quadro 2000 by PNY 1GB GDDR5 PCI Express Gen 2 x16 DVI-I DL and Dual DisplayPort OpenGL, Direct X, CUDA and OpenCL Profesional Graphics Board, VCQ2000-PB","[[Electronics,Computers & Accessories,Computer Components,Graphics Cards]]"
3217,171872,SUPERNIGHT (TM) 135&deg; Rotating Angle Wireless Bluetooth Keyboard Case Cover Stand Combo for Apple iPad Mini Aluminum Pink for Women Girls,"[[Electronics,Computers & Accessories,Touch Screen Tablet Accessories,Cases & Sleeves,Cases]]"
3218,171969,Kicker GR120 12&quot; Subwoofer Grill,"[[Electronics,Home Audio,Stereo Components,Speakers,Subwoofers]]"
3219,171975,Logitech Wireless Anywhere Mouse MX for PC and Mac,"[[Electronics,Computers & Accessories,Cables & Accessories,Mice]]"
3220,172159,Tiffen 46mm Circular Polarizer,"[[Electronics,Camera & Photo,Accessories,Filters & Accessories,Polarizing Filters]]"
3221,172211,EP Memory Despicable Me 2 Minions 8GB Stuart USB Flash Drive (DM2-STUART/8GB),"[[Electronics,Computers & Accessories,Data Storage,USB Flash Drives]]"
3222,172233,Magellan RoadMate 1700 7-Inch Portable GPS Navigator,"[[Electronics,GPS & Navigation,Vehicle GPS,Trucking GPS]]"
3223,172282,"Magenta Pink Cady Cube Ultra Durable 15 inch Tactical Hard Messenger bag for your Apple MacBook Pro 15 Inch Laptop with Extra Features: Reinforced durable constructions, Extra dividers and mesh pockets for other Tablets, eReaders, pens, papers, and other school supplies, and Secure Velcro Straps","[[Electronics,Computers & Accessories,Laptop & Netbook Computer Accessories,Bags & Cases,Messenger Bags]]"
3224,172363,Sigma EF-610 DG ST Electronic Flash for Sigma Digital SLR Cameras,"[[Electronics,Camera & Photo,Flashes,Shoe Mount Flashes]]"
3225,172433,Canon EF 50mm f/1.8 II Camera Lens,"[[Electronics,Camera & Photo,Lenses,Camera Lenses,Digital Camera Lenses]]"
3226,172462,"SANOXY&reg; USB Gender Changer, A Female To Female","[[Electronics,Computers & Accessories,Networking Products,Network Adapters,USB Network Adapters]]"
3227,172482,JVC  GZ-E200BUS1080p HD Everio Digital Video CameraVideo Camera with 3-Inch LCD Screen (Black),"[[Electronics,Camera & Photo,Video,Camcorders]]"
3228,172536,Philips Remote Control Part # Nh001Ud,"[[Electronics,Accessories & Supplies,Audio & Video Accessories,Remote Controls,TV Remote Controls]]"
3229,172775,Cable Matters CL2 In-Wall Rated (CM) RG6/U Quad Shield Coaxial Cable in Black 1000 Feet,"[[Electronics,Accessories & Supplies,Audio & Video Accessories,Cables & Interconnects,Video Cables,F-Pin-Coaxial Tip]]"
3230,172799,Sony SDHC Card 8 GB SF-8N4 (Black),"[[Electronics,Computers & Accessories,Cables & Accessories,Memory Cards,Micro SD Cards]]"
3231,173015,Ballistic SG0930-M365 SG Case for Samsung Galaxy SIII - 1 Pack - Retail Packaging - Black/Hot Pink,"[[Cell Phones & Accessories,Cases,Basic Cases],[Electronics,Accessories & Supplies,Batteries, Chargers & Accessories]]"
3232,173116,"25 Piece Advanced Lens Package For The Canon EOS Rebel T5I T4I SL1 T5 1100D 1000D T3 T3i 60D 600D 650D 7D 350D XS i XT XTI XS T2i, T1i, 50D, 40D, 30D, 20D, 6D, 5D, 1D, Kiss X5, Kiss X4, Kiss X6i, kISS X7i &amp; 550D (Canon EF-S 18-55mm &amp; EF-S 55-250mm Lenses) Includes 58MM 0.43X HD2 Wide Angle Panoramic Macro Fisheye Lens + 58MM 2.2x HD AF Telephoto Lens + 58MM 3 Piece Pro Filter Kit (UV, CPL, FLD) + 58MM 6 Piece Multi-Colored Graduated Filter Set + 58MM 5 PC Close-Up Set (+1, +2,+4 with 10X Macro Lens) + 58MM Flower Lens Hood + Deluxe Lens Cleaning Kit + 5PC Lens Cleaning Pen + Snap On Lens Cap + Air Blower Cleaner + Lens Cap Keeper Holder + LCD Screen Protectors + Mini Tripod + 47stphoto Microfiber Cloth + $50 Photo Print Gift Card!","[[Electronics,Camera & Photo,Lenses,Camera & Camcorder Lens Bundles]]"
3233,173206,Corsair RM Series 550 Watt ATX/EPS 80PLUS Gold-Certified Power Supply - CP-9020053-NA RM550,"[[Electronics,Computers & Accessories,Laptop & Netbook Computer Accessories,Chargers & Adapters]]"
3234,173315,Chest Mount Harness w/ J Hook Mount and Carry Bag - compatible with all GoPro&reg; HERO&reg; cameras,"[[Electronics,Camera & Photo]]"
3235,173323,Hoya 72mm Ultraviolet (UV) Multi-Coated Glass Pro 1 Digital Filter [Camera],"[[Electronics,Camera & Photo,Accessories,Filters & Accessories,Skylight & UV Filters]]"
3236,173328,"Epson EX7210 Projector (Portable WXGA 720p Widescreen 3LCD, 2800 lumens color brightness, 2800 lumens white brightness, HDMI, rapid setup)","[[Electronics,Computers & Accessories,Video Projectors]]"
3237,173351,Cable Matters High Speed HDMI Cable with One 270 Degree Elbow 6 Feet - 3D and 4K Resolution Ready,"[[Electronics,Accessories & Supplies,Audio & Video Accessories,Cables & Interconnects,Video Cables,HDMI Cables]]"
3238,173438,EVGA GeForce GTX 770 SC 2GB GDDR5 256 -Bit Dual BIOS Dual-Link DVI-I/DVI-D HDMI DP SLI Ready Graphics Cards with ACX Cooler 02G-P4-2776-KR,"[[Electronics,Computers & Accessories,Computer Components,Graphics Cards]]"
3239,173502,INVELLOP Black Leatherette Case Cover for Apple iPad Air 5G 5th 5 Generation,"[[Electronics,Computers & Accessories,Touch Screen Tablet Accessories,Cases & Sleeves,Cases]]"
3240,173536,AMD FD9370FHHKWOF FX-9370 FX-Series 8-Core Black Edition,"[[Electronics,Computers & Accessories,Computer Components,CPU Processors]]"
3241,173545,"Minisuit Aero Folding Case + Stand with Wake/Sleep for iPad Mini, 2 Retina Display","[[Electronics,Computers & Accessories,Touch Screen Tablet Accessories,Cases & Sleeves,Cases]]"
3242,173552,"Swann 8-Channel Camera Security Monitoring System, 4 Security Cameras, 500GB HDDDVR, 1/3&quot; SwannTruColor Image Sensor, 728x488 Resolution, Up to 65' (20m) Night Vision","[[Electronics,Camera & Photo,Video Surveillance,Surveillance Systems,Surveillance DVR Kits]]"
3243,173559,"Pioneer DEH-X6500BT Mobile Single Din In Dash CD/MP3 Receiver with Bluetooth, MIXTRAX and Pandora","[[Electronics,Car & Vehicle Electronics,Car Electronics,Car Audio,Car Stereo Receivers]]"
3244,173587,"MoKo Apple iPad Mini Case - Folding Case For Mini 7.9-inch tablet, Black (with Smar Cover Auto Sleep / wake)","[[Electronics,Computers & Accessories,Touch Screen Tablet Accessories,Cases & Sleeves,Cases]]"
3245,173617,Gigabyte AM3+ AMD 970 SATA 6Gbps USB 3.0 ATX DDR3 1800 AMD Motherboard GA-970A-UD3P,"[[Electronics,Computers & Accessories,Computer Components,Motherboards]]"
3246,173644,GreatShield Ultra Smooth Clear Screen Protector Film for Acer Iconia A1-810 - LIFETIME WARRANTY (3 Pack),"[[Electronics,Computers & Accessories,Touch Screen Tablet Accessories,Screen Protectors]]"
3247,173645,"Craig Tower Speaker Docking System for iPod iPhone iPad, Digital FM Radio with Aux In, Black (CHT910)","[[Electronics,Portable Audio & Video,MP3 Players & Accessories,MP3 Player Accessories,Speaker Systems]]"
3248,173664,Neewer USB EXTERNAL SOUND CARD 3D 5.1 AUDIO ADAPTER for PC,"[[Electronics,Computers & Accessories,Computer Components,Internal Sound Cards]]"
3249,173676,Cable Matters 270 Degree Vertical Flat Right HDMI Male to Female Adapter,"[[Electronics,Accessories & Supplies,Audio & Video Accessories,Cables & Interconnects,Video Cables,HDMI Cables]]"
3250,173678,Seagate Barracuda 1 TB 7200RPM SATA 32 MB Cache 3.5-Inch Bare Drive - ST31000524AS,"[[Electronics,Computers & Accessories,Data Storage,Internal Hard Drives]]"
3251,173688,Synology DiskStation 4-Bay (Diskless) Network Attached Storage DS412+ (Black),"[[Electronics,Computers & Accessories,Data Storage,Network Attached Storage]]"
3252,173697,Samsung UN55FH6030 55-Inch 1080p 120Hz 3D LED HDTV (2013 Model),"[[Electronics,Television & Video,Televisions,LED TVs]]"
3253,173698,RCA RTS735E Home Theater Sound Bar,"[[Electronics,Home Audio,Stereo Components,Speakers,Soundbar Speakers]]"
3254,173781,Cooler Master Elite Power - 400W Power Supply (RS400-PSARI3-US),"[[Electronics,Computers & Accessories,Computer Components,Power Supplies]]"
3255,173975,Azpen A701 7&quot; Android Tablet,"[[Electronics,eBook Readers & Accessories,eBook Readers]]"
3256,173997,Sceptre E195BD-SHD 19-Inches 720p TV Combo - Black,"[[Electronics,Television & Video]]"
3257,174034,Stereo Install Dash Kit the Pocket 4 GMC Chevy gmp333 -car radio wiring installation parts,"[[Electronics,Car & Vehicle Electronics,Vehicle Electronics Accessories]]"
3258,174038,Poetic GraphGrip Silicone Case (Multi-Colors to choose from)for Barnes &amp; Noble Nook HD 7&quot;Inch / Nook HD+ 9&quot; Inch Tablet Inch (3 Year Manufacturer Warranty From Poetic),"[[Electronics,Computers & Accessories,Touch Screen Tablet Accessories,Cases & Sleeves,Cases]]"
3259,174085,"Importer520 BLUE 50FT CAT5 CAT5e RJ45 PATCH ETHERNET NETWORK CABLE 50 FT For PC, Mac, Laptop, PS2, PS3, XBox, and XBox 360 to hook up on high speed internet from DSL or Cable internet.","[[Electronics,Computers & Accessories,Cables & Accessories,Cables & Interconnects,Ethernet Cables]]"
3260,174179,Kidz Gear Wired Headphones For Kids - Purple,"[[Electronics,Accessories & Supplies,Audio & Video Accessories,Headphones]]"
3261,174198,"Axis 7''pink Pu Leather Case for 7'' Axis Tablet, Dragon Touch A13 Q88, Zeepad, Chromo, Alldaymall, Matricom, Nero, Nero X2, Tagital Tablet By Quantum","[[Electronics,Computers & Accessories,Touch Screen Tablet Accessories,Cases & Sleeves,Cases]]"
3262,174351,Pioneer AVIC-F500BT 5.8-Inch Bluetooth Portable GPS Navigator,"[[Electronics,GPS & Navigation,Vehicle GPS]]"
3263,174405,Case Logic QHDC-101 Portable EVA Hard Drive Case  - Black,"[[Electronics,Computers & Accessories,Cables & Accessories,Hard Drive Bags]]"
3264,174408,WD My Net Wi-Fi Range Extender - universal dual-band wireless network range extender,"[[Electronics,Computers & Accessories,Networking Products,Network Antennas]]"
3265,174445,"Battery Compatible with Dell Inspiron 1501, 6400, E1505, Latitude 131L, Vostro 1000; 11.1 V 4800mAh","[[Electronics,Computers & Accessories,Laptop & Netbook Computer Accessories,Batteries]]"
3266,174506,ASUS PB278Q 27-Inch WQHD LED-lit Professional Graphics Monitor,"[[Electronics,Computers & Accessories,Laptop & Netbook Computer Accessories,Replacement Screens]]"
3267,174594,Toslink Cable-6 Feet Premium SPDIF,"[[Electronics,Accessories & Supplies,Audio & Video Accessories,Cables & Interconnects,Audio Cables,Fiber Optic Cables]]"
3268,174603,"Polk Audio RM705 5.1 Home Theater System (Set of Six, Black)","[[Electronics,Home Audio,Stereo Components,Speakers,Speaker Systems]]"
3269,174604,HP v100w 4 GB USB 2.0 Flash Drive 3-Pack P-FD4GBX3-HPV100W-FS,"[[Electronics,Computers & Accessories,Data Storage,USB Flash Drives]]"
3270,174634,CowboyStudio Flashlight /Hot Shoe/Umbrella Holder with Swivel/Tilt Bracket for Nikon and Canon E430 E580 SB600 SB800 SB900,"[[Electronics,Accessories & Supplies,Audio & Video Accessories,TV Accessories & Parts,TV Ceiling & Wall Mounts]]"
3271,174770,Intel 4965AGN Next-Gen Wireless-N PCIe Mini Card Network Adapter - Mini PCI Express - 300Mbps,"[[Electronics,Computers & Accessories,Networking Products,Network Adapters]]"
3272,174790,"2 Pack Of LP-E8 LPE8 Replacement Batteries Each For Canon Rebel T5i EOS 700D, T4i EOS 650D, T3i EOS 600D, T2i EOS 550D DSLR Digital Camera 2 Batteries In Total + More!!","[[Electronics,Camera & Photo,Accessories,Batteries & Chargers,Batteries,Camera Batteries]]"
3273,174797,eForCity&reg; 3 Pack Clear LCD Screen Guard Protector Compatible with Canon EOS 600D,"[[Electronics,Camera & Photo,Accessories,Digital Camera Accessories,Screen Protector Foils]]"
3274,174924,FotoTech Camera Buckle Lens Cap Holder for for Canon Nikon Sony Panasonic Fujifilm Olympus Pentax Sigma DSLR/SLR/EVIL Camera with FotoTech Velvet Bag (43mm 52mm 55mm),"[[Electronics,Camera & Photo,Accessories,Lens Accessories,Lens Caps]]"
3275,175046,AntennaCraft 5884 Color King VHF UHF FM TV Antenna (5884),"[[Electronics,Accessories & Supplies,Audio & Video Accessories,Antennas,TV Antennas]]"
3276,175120,Halter&reg; Freestanding Dual/Two LCD Monitor Desk Stand Holds Monitors up to 24&quot; Widescreen,"[[Electronics,Accessories & Supplies,Audio & Video Accessories,TV Accessories & Parts,TV Ceiling & Wall Mounts]]"
3277,175140,Microsoft Surface RT (32GB),"[[Electronics,Computers & Accessories,Tablets]]"
3278,175157,"Evecase Black and Gary Camera Large DSLR Backpack for Canon, Nikon Sony, Fujifilm, Panasonic, Pentax, Samsung, Olympus SLR Digital Cameras","[[Electronics,Camera & Photo,Bags & Cases,Bag & Case Accessories]]"
3279,175161,CE Compass Slim-Fold Magnetic Smart Cover Case Stand For Apple iPad 4 3 2 (Red),"[[Electronics,Computers & Accessories,Touch Screen Tablet Accessories,Cases & Sleeves,Cases]]"
3280,175167,Synthetic Leather Case with Standard USB 2.0 Keyboard and Kick Stand for 8&quot; Android 2.2 Tablet,"[[Electronics,Computers & Accessories,Touch Screen Tablet Accessories,Cases & Sleeves,Cases]]"
3281,175217,Metra 99-3105 Dash Kit For Saturn Din Mount  with Pocket 95-99,"[[Electronics,Car & Vehicle Electronics,Vehicle Electronics Accessories]]"
3282,175267,Menotek Gold Plated 3FT HDMI Cable Advanced High Speed Cat 2/Category 2 + Ethernet and 3D and Audio Return Channel 1080P,"[[Electronics,Accessories & Supplies,Audio & Video Accessories,Cables & Interconnects,Video Cables,HDMI Cables]]"
3283,175415,Sony AC-LS5K AC Adapter w/ AA Connecting Cord for Various Cybershot Digital Cameras,"[[Electronics,Camera & Photo,Accessories,Batteries & Chargers,Adapters]]"
3284,175609,HP Wireless Elite Keyboard v2,"[[Electronics,Computers & Accessories,Cables & Accessories,Keyboards]]"
3285,175728,Cables to Go 1.5 ft 1 to 4 Power Cord Splitter,"[[Electronics,Accessories & Supplies,Audio & Video Accessories,Connectors & Adapters]]"
3286,175873,Kingwin 2.5 Inch to 3.5 Inch Internal Hard Disk Drive Mounting Kit,"[[Electronics,Computers & Accessories,Data Storage,Internal Hard Drives]]"
3287,175933,LimoStudio PHOTOGRAPHY STUDIO LIGHTING KIT BLACK UMBRELLA LIGHT MUSLIN BACKDROP WHITE BLACK GREEN BACDKROP KIT_AGG707,"[[Electronics,Camera & Photo,Lighting & Studio,Lighting,Lighting Controls & Modifiers,Umbrellas]]"
3288,175958,Fancierstudio Studio Muslin backdrop Muslin Background 10'x12'ft By Fancierstudio W105,"[[Electronics,Camera & Photo,Lighting & Studio,Photo Studio,Backgrounds]]"
3289,175961,"TP-LINK TL-WN727N Wireless N150 USB Adapter,150Mbps, w/WPS Button, IEEE 802.1b/g/n, WEP, WPA/WPA2","[[Electronics,Computers & Accessories,Networking Products,Network Adapters,USB Network Adapters]]"
3290,176017,Panasonic KX-TCA60 Hands-Free Headset with Comfort Fit Headband for Use with Cordless Phones,"[[Electronics,Accessories & Supplies,Telephone Accessories,Headsets]]"
3291,176026,Iomega eGo  320 GB USB 2.0 Portable External Hard Drive 34616 (Silver),"[[Electronics,Computers & Accessories,Data Storage,External Hard Drives]]"
3292,176041,C&amp;E VGA-VGA Standard 15-Pin VGA Male to VGA Male Cable 10 FT,"[[Electronics,Computers & Accessories,Cables & Accessories,Cables & Interconnects,VGA Cables]]"
3293,176140,"Laptop Battery for HP/Compaq Pavilion DV7-2270US, 12 cells 6600mAh Black","[[Electronics,Computers & Accessories,Laptop & Netbook Computer Accessories,Batteries]]"
3294,176201,Apple TV MD199LL/A,"[[Electronics,Television & Video,Streaming Media Players]]"
3295,176225,Nikon D5100 Digital SLR Camera &amp; 18-55mm G VR DX AF-S Zoom Lens with 55-300mm VR Lens + 32GB Card + .45x Wide Angle &amp; 2x Telephoto Lenses + Remote + (2) Filters + Tripod + Accessory Kit,"[[Electronics,Camera & Photo,Digital Cameras,Digital SLR Camera Bundles]]"
3296,176239,LG Electronics 39LN5300 39-Inch 1080p 60Hz LED TV,"[[Electronics,Television & Video,Televisions,LED TVs]]"
3297,176292,Logitech 910-002974 M325 Wireless Mouse for Web Scrolling - Black,"[[Electronics,Computers & Accessories,Cables & Accessories,Mice]]"
3298,176305,Tera Grand HDMI 2-in-1 T Adapter - HDMI Female to Mini HDMI Male and Micro HDMI Male Adapter,"[[Electronics,Accessories & Supplies,Audio & Video Accessories,Cables & Interconnects,Video Cables,HDMI Cables]]"
3299,176307,amFilm Premium Screen Protector Film Clear (Invisible) for Microsoft Surface Windows RT and Pro/Pro 2 10.6 inch Tablet (2-Pack)[in Retail Packaging],"[[Electronics,Computers & Accessories,Touch Screen Tablet Accessories,Screen Protectors]]"
3300,176474,CowboyStudio 43 inch soft White Diffuser Photo Studio Umbrella,"[[Electronics,Camera & Photo,Lighting & Studio,Lighting,Lighting Controls & Modifiers,Umbrellas]]"
3301,176486,VIZIO All-in-One CA27-A2 27-Inch Desktop,"[[Electronics,Computers & Accessories,Desktops]]"
3302,176504,Intel Core i3-4330 Dual Core Processor 3.5 2 NA (BX80646I34330),"[[Electronics,Computers & Accessories,Computer Components,CPU Processors]]"
3303,176576,"Verbatim Store 'n' Go 4 GB USB 2.0 Flash Drive, 3 Pack (Red, Blue and Green) 97002","[[Electronics,Computers & Accessories,Data Storage,USB Flash Drives]]"
3304,176579,Bower Pro Lens Cap Keeper for SLR Cameras CK501,"[[Electronics,Camera & Photo,Accessories,Lens Accessories,Lens Caps]]"
3305,176581,"ADATA DashDrive Series UV128 32GB USB 3.0 Flash Drive, Black/Blue (AUV128-32G-RBE)","[[Electronics,Computers & Accessories,Data Storage,USB Flash Drives]]"
3306,176617,Gigabyte Intel Z77 LGA 1155 Dual UEFI BIOS ATX Motherboard GA-Z77-DS3H,"[[Electronics,Computers & Accessories,Computer Components,Motherboards]]"
3307,176641,Cisco SG 300-20 (SRW2016-K9-NA) 20-Port Gigabit Managed Switch,"[[Electronics,Computers & Accessories,Networking Products,Switches]]"
3308,176647,Komputerbay 128GB SDXC Secure Digital Extended Capacity Speed Class 10 400X UHS-I Ultra High Speed Flash Memory Card 45MB/s Write 60MB/s Read 128 GB,"[[Electronics,Computers & Accessories,Cables & Accessories,Memory Cards,SD & SDHC Cards]]"
3309,176663,AMD Quad Core A10-Series APU for Desktops A10-6800K with Radeon HD 8670D (AD680KWOHLBOX),"[[Electronics,Computers & Accessories,Computer Components,CPU Processors]]"
3310,176698,ORICO AC525-2S -BK Aluminum 2 Bay 5.25 &quot; to 2.5 &quot; Hard Drive SSD mounting Converter Bracket Adapter Support Crucial 256 / 128 GB M4 and Samsung 830,"[[Electronics,Computers & Accessories,Cables & Accessories,Hard Drive Enclosures]]"
3311,176707,Transcend 32 GB Class 4 microSDHC Flash Memory Card TS32GUSDHC4,"[[Electronics,Computers & Accessories,Cables & Accessories,Memory Cards,Micro SD Cards]]"
3312,177058,Pyle PLG64 6.5-Inch 300-Watt Mid-Bass Woofer,"[[Electronics,Car & Vehicle Electronics,Car Electronics,Car Audio,Speakers,Coaxial Speakers]]"
3313,177074,Pyle PLMRA200 400 Watt Bridgeable 2 Channel Waterproof  Marine/Car Amplifier,"[[Electronics,Car & Vehicle Electronics,Car Electronics,Car Audio,Amplifiers]]"
3314,177178,"Photive RC-6 Wireless Shutter Release For Canon Digital Rebel T5i, T4i, T3i, T2i, T1i, XT, Xti, 5D Mark II, 7D, 70D (Canon RC-5 RC-6 Replacement)","[[Electronics,Camera & Photo,Accessories,Digital Camera Accessories,Shutter Release Cords]]"
3315,177233,Lenovo IdeaPad S510p 59385901 15.6-Inch Touchscreen Laptop (Black),"[[Electronics,Computers & Accessories,Laptops]]"
3316,177270,LG Electronics 32LN530B 32-Inch 720p 60Hz LED TV,"[[Electronics,Television & Video,Televisions,LED TVs]]"
3317,177399,LG Electronics 24X SATA Super-Multi DVD Internal Rewriter with M-Disc Support (Black) GH24NS95B,"[[Electronics,Computers & Accessories,Computer Components,Internal Optical Drives,Internal DVD Drives]]"
3318,177456,"Manfrotto 458HL Hang Strap for 190X,055X,3001,3021PRO,458B and Mag Fiber Tripods","[[Electronics,Camera & Photo,Accessories,Tripod & Monopod Accessories]]"
3319,177492,"Samsung  8x Slim DVD+/-RW Slim USB External Drive, Black SE-208DB/TSBS","[[Electronics,Computers & Accessories,External Components,Optical Drives,DVD Drives]]"
3320,177520,Sisun 5ft ULTRA high speed HDMI1.4 Cable Wire for 3D Blu Ray 1080p PS3 HDTV ETHERNET,"[[Electronics,Accessories & Supplies,Audio & Video Accessories,Cables & Interconnects,Video Cables,HDMI Cables]]"
3321,177533,Fotodiox 5-in-1 22&quot; Premium-Grade Professional Collapsible Disc Reflector,"[[Electronics,Camera & Photo,Lighting & Studio,Lighting,Lighting Controls & Modifiers,Reflectors]]"
3322,177733,Fortress Security Store (TM) S02-A Wireless Home Security Alarm System DIY Kit Auto Dial,"[[Electronics,Security & Surveillance,Home Security Systems]]"
3323,177779,CrazyOnDigital Ionic USB Auto Car/Home Wall Charger for iPod nano 7G,"[[Electronics,Portable Audio & Video,MP3 Players & Accessories,MP3 Player Accessories,Chargers,Charger Kits]]"
3324,177836,NEEWER 60CM 22-Inch 5 in 1 Light Multi Photo Collapsible Reflector,"[[Electronics,Camera & Photo,Lighting & Studio,Lighting,Lighting Controls & Modifiers,Reflectors]]"
3325,177853,Clear TPU Keyboard Cover Fit for Lenovo Ideapad U310 U300S U400 U410 Z400 S300 S400 S405 Yoga 13 Ultrabook M490S Z400 U330P U330T S310 Yoga 2 Pro 13,"[[Electronics,Computers & Accessories,Cables & Accessories,Keyboard & Mice Accessories,Keyboard Skins]]"
3326,177946,Komputerbay 4GB Kit (2GBx2) DDR2 800MHz (PC2-6400) CL6 SODIMM 200-Pin 1.8v Notebook Laptop Memory Modules with Lifetime Warranty,"[[Electronics,Computers & Accessories,Computer Components,Memory]]"
3327,177998,Samsung BD-F5900 3D Wi-Fi Blu-ray Disc Player (2013 Model),"[[Electronics,Television & Video,Blu-ray Players & Recorders,Blu-ray Players]]"
3328,178000,HAKUBA USA INC DMSPCF4 Compact Flash Card Storage Wallet (Discontinued by Manufacturer),"[[Electronics,Computers & Accessories,Cables & Accessories]]"
3329,178060,BlueRigger High Speed HDMI Cable with Ethernet (3 Feet) - Supports 3D and Audio Return [Latest Version],"[[Electronics,Accessories & Supplies,Audio & Video Accessories,Cables & Interconnects,Video Cables,HDMI Cables]]"
3330,178100,"Power2000 Aluminum Memory Card Protector Case - Holds 8 SD, MS Duo or xD-Picture Cards","[[Electronics,Accessories & Supplies,Audio & Video Accessories,Media Storage & Organization]]"
3331,178152,Klipsch Image S4i Premium Noise-Isolating Headset with 3-Button Apple Control,"[[Electronics,Accessories & Supplies,Audio & Video Accessories,Headphones]]"
3332,178161,"LiteOn iHBS112-29 12x Internal SATA Blu-Ray Combo Burner 8Mb Cache, Black","[[Electronics,Computers & Accessories,Data Storage,Internal Hard Drives]]"
3333,178352,C2G / Cables to Go - 27400 - 6ft 3-Slot Notebook Power Cord,"[[Electronics,Accessories & Supplies,Audio & Video Accessories,Cables & Interconnects,Power Cables]]"
3334,178355,Zeikos ZE-DGC Digital Grey Card Set with Lanyard,"[[Electronics,Camera & Photo,Accessories]]"
3335,178370,Samsung UN39EH5003 39-Inch 1080p 60Hz LED HDTV (Black) (2012 Model),"[[Electronics,Television & Video,Televisions,LED TVs]]"
3336,178375,PowerGen 2.4Amps / 12W Dual USB Car charger Designed for Apple and Android Devices - White,"[[Electronics,Portable Audio & Video,MP3 Players & Accessories,MP3 Player Accessories,Chargers,Car Chargers]]"
3337,178443,"Atlantic Technology 444SB-BLK 12&quot; Powered Subwoofer, 325-Watt (Single, Black)","[[Electronics,Home Audio,Stereo Components,Speakers,Subwoofers]]"
3338,178444,"Coboc CY-CAT6-01-BK 1-Feet 24AWG Snagless Cat 6 550MHz UTP Ethernet Patch Cord Network Cable, Black","[[Electronics,Computers & Accessories,Cables & Accessories,Cables & Interconnects,Ethernet Cables]]"
3339,178445,"SF Cable, RJ11 6P4C Plug Flat Stranded 50 pcs per bag","[[Electronics,Computers & Accessories,Cables & Accessories,Cables & Interconnects,Ethernet Cables]]"
3340,178446,Universal Laptop Ac Adaptor,"[[Electronics,Computers & Accessories,Laptop & Netbook Computer Accessories,Chargers & Adapters]]"
3341,178447,(2-Pack) StealthShields Tablet Screen Protector for Dragon Touch DT-R10 10.1&quot; (Ultra Clear),"[[Electronics,Computers & Accessories,Touch Screen Tablet Accessories,Screen Protectors]]"
3342,178449,"DURAGADGET USB Socket Compact Travel Charger Adapter For Archos Arnova 10b G3 10G3 10.1 Inch tablet (1GHz Processor, 1GB RAM, 4GB Memory, 1080p HD Video Playback, Expandable Memory, Android 4.0), Base Tab 7.1 And Witsteck A91 7&quot; Tab","[[Electronics,Computers & Accessories,Touch Screen Tablet Accessories,Chargers & Adapters]]"
3343,178450,DHD1800DLV1C AMD Duron 1.8GHz Processor DHD1800DLV1C,"[[Electronics,Computers & Accessories,Computer Components,CPU Processors]]"
3344,178451,Boston S95 6x9-Inch 140w Peak 2 Way Car Speakers,"[[Electronics,Car & Vehicle Electronics,Car Electronics,Car Audio,Speakers,Coaxial Speakers]]"
3345,178453,"BingoBuy Clear Silicone Keyboard Protector Skin Cover for HP Pavilion Envy dv6-7xxx series, such as dv6-7245us, dv6-7134nr, dv6-7226nr, dv6-7210us (if your &quot;enter&quot; key looks like &quot;7&quot;, our skin can't fit)","[[Electronics,Computers & Accessories,Cables & Accessories,Keyboard & Mice Accessories,Keyboard Skins]]"
3346,178454,Bundle Monster Nook HD Tablet Ereader 3in1 Accessories Combo with Red Synthetic Leather Case Cover Jacket + Red Rose Vinyl Skin Art Decal Sticker + Crystal Clear Screen Guard Protector UPC: 700580457965,"[[Electronics,Computers & Accessories,Touch Screen Tablet Accessories,Bundles]]"
3347,178455,Atrend A202-12 Atrend Series 12-Inch Dual Up-Fire Bandpass Vented Enclosure for Dodge Ram Quad Cab 2002 and Up with Bedliner Finish,"[[Electronics,Car & Vehicle Electronics,Car Electronics,Car Audio,Subwoofers,Subwoofer Boxes and Enclosures]]"
3348,178456,UpBright&reg; New AC/DC Adapter For Akai XR20 Professional Beat Production Center Switching Power Supply Cord Wall Home Charger PSU,"[[Electronics,Accessories & Supplies,Batteries, Chargers & Accessories,AC Adapters]]"
3349,178457,"Ardinbir Studio 68&quot; 170cm Octagonal Softbox Diffuser with Eggcrate Grid for Elinchrom, Calumet Genesis &amp; some interfit (EXD, EX) Monolights","[[Electronics,Camera & Photo,Lighting & Studio,Lighting,Lighting Controls & Modifiers,Soft Boxes]]"
3350,178458,NEW Slim USB 2.0 External Slim USB 2.0 CD-ROM Drive for Toshiba Satellite U505-S2960PK U505-S2005PK 13.3-Inch series Laptop ( Pink ),"[[Electronics,Computers & Accessories,External Components,Optical Drives,DVD Drives]]"
3351,178459,Acer Aspire One D270,"[[Electronics,Computers & Accessories,Laptops]]"
3352,178460,Super Talent DDR3-1333 1 GB/128x8 CL9 Value Memory W1333UA1GV,"[[Electronics,Computers & Accessories,Computer Components,Memory]]"
3353,178461,DELL INSPIRON 700M INTEL 2.0 GHZ,"[[Electronics,Computers & Accessories,Laptops]]"
3354,178462,HP CC478A,"[[Electronics,Computers & Accessories,Laptops]]"
3355,178463,Humminbird TS WFM Speed Temperature Sensor,"[[Electronics,Car & Vehicle Electronics,Marine Electronics,Fishfinders]]"
3356,178464,Humminbird 7200511 AS YC Y Cable,"[[Electronics,GPS & Navigation,GPS System Accessories,Chargers & Cables]]"
3357,178465,PAC USB-TY1 OEM USB Retention Cable,"[[Electronics,Car & Vehicle Electronics,Car Electronics,Car Audio]]"
3358,178466,Adorama PT-53 AC/DC Rapid Battery Charger for Canon LP-E6,"[[Electronics,Camera & Photo,Accessories,Batteries & Chargers,Battery Chargers,Camera]]"
3359,178467,Genuine Samsung Galaxy Note 10.1 Original Book Cover Stand Case Synthetic Leather GT-N8000 N8010- BROWN,"[[Electronics,Computers & Accessories,Touch Screen Tablet Accessories,Cases & Sleeves,Cases]]"
3360,178468,"Battery for Gigaset E40, Gigaset E45, Gigaset E450, Gigaset E450 ECO, Gigaset E455, Gigaset E455 SIM Twin, Gigaset E450 SIM, Gigaset E455 ECO,","[[Electronics,Computers & Accessories,Laptop & Netbook Computer Accessories,Batteries]]"
3361,178470,Case Logic Form-Fitting Sleeve for 7-Inch Tablets - Purple (LAPST-107P),"[[Electronics,Computers & Accessories,Touch Screen Tablet Accessories,Cases & Sleeves,Sleeves]]"
3362,178471,DavisMAX 2X Telephoto Lens for Canon HFS20 HFS21 HFS200 Camcorders,"[[Electronics,Camera & Photo,Lenses,Camcorder Lenses]]"
3363,178472,4GB DDR3 Memory Upgrade forDell Inspiron 14R (N4010) Notebook PC3-10600 204 pin 1333MHz Laptop SODIMM RAM (PARTS-QUICK BRAND),"[[Electronics,Computers & Accessories,Computer Components,Memory]]"
3364,178474,URC MINI Remote-n-Go Mini Keychain Remote (Discontinued by Manufacturer),"[[Electronics,Accessories & Supplies,Audio & Video Accessories,Remote Controls,TV Remote Controls]]"
3365,178476,UpBright&reg; New Global AC Adapter For Sony AC-V012E ACV012E LCD Monitor Power Supply Cord Charger PSU,"[[Electronics,Accessories & Supplies,Batteries, Chargers & Accessories,AC Adapters]]"
3366,178478,2 Digit PCI PC Computer Motherboard Analyzer Tester Diagnostic Debug POST Card,"[[Electronics,Computers & Accessories,Computer Components,Motherboards]]"
3367,178479,Animal Kingdom Decorative Protector Skin Decal Sticker for 14 / 15 inch Notebook Laptop Computer,"[[Electronics,Computers & Accessories,Laptop & Netbook Computer Accessories,Skins & Decals]]"
3368,178480,Rokinon 85M-N 85mm F1.4 Aspherical Lens for Nikon (Black),"[[Electronics,Camera & Photo,Lenses,Camera Lenses,Digital Camera Lenses]]"
3369,178481,JL Audio CS110LG-TW3 Sealed PowerWedge Enclosure with 10&quot; TW3 Subwoofer,"[[Electronics,Car & Vehicle Electronics,Car Electronics,Car Audio,Subwoofers,Component Subwoofers]]"
3370,178482,Battery And Charger Kit for Nikon D5100 D5200 D5300 Digital SLR Camera Includes Vertical Battery Grip + Qty 4 Replacement EN-EL14 Batteries + Rapid AC/DC Charger + LCD Screen Protectors + Micro Fiber Cleaning Cloth,"[[Electronics,Camera & Photo,Bags & Cases,Camera Cases]]"
3371,178486,NAGOYA NA-771 SF SMA UV antenna Wouxun TK-3207 KGUVD1P Beifeng 5118A,"[[Electronics,Computers & Accessories,Networking Products,Network Antennas]]"
3372,178487,Bundle Monster Nook HD Tablet Ereader 3in1 Accessories Combo with Purple Synthetic Leather Case Cover Jacket + Purple Vine Vinyl Skin Art Decal Sticker + Crystal Clear Screen Guard Protector UPC: 700580457903,"[[Electronics,Computers & Accessories,Touch Screen Tablet Accessories,Bundles]]"
3373,178489,"Polaroid Optics 82mm HD Multi-Coated Variable Range (ND3, ND6, ND9, ND16, ND32, ND400) Neutral Density (ND) Fader Filter - 6 Filters in 1!","[[Electronics,Camera & Photo,Accessories,Filters & Accessories,Neutral Density Filters]]"
3374,178490,Studiohut Metal Tripod Mount Ring for Nikon AF-S NIKKOR 70-200mm f/4G ED VR lens,"[[Electronics,Camera & Photo,Accessories,Lens Accessories,Tripod Mount Rings]]"
3375,178491,"WonderPana 66 FreeArc Essentials 0.9SE Kit - Rotating Filter System Holder, Lens Cap, 6.6&quot;x8.5&quot; 0.9 (3-Stop) Soft Edge Graduated Neutral Density (Grad ND) and 145mm Circular Polarizer (CPL) Filters for the Nikon 14-24mm f/2.8G ED AF-S Nikkor Wide Angle Zoom Lens","[[Electronics,Camera & Photo,Accessories,Filters & Accessories,Filter Sets]]"
3376,178492,Verizon Universal Earbud Headset 2.5mm Plug,"[[Electronics,Computers & Accessories,Cables & Accessories,Headsets & Microphones]]"
3377,178494,Incase Book Jacket Classic for iPad 2 - Black - CL57924,"[[Electronics,Computers & Accessories,Touch Screen Tablet Accessories,Cases & Sleeves,Cases]]"
3378,178495,Cokin P125F Gradual Tobacco T2 Full Filter with Protective Case,"[[Electronics,Camera & Photo,Accessories,Filters & Accessories,Graduated Color Filters]]"
3379,178497,NEEWER&reg; Gradual Gradient Sunset Plexiglas Filter For Cokin P Series,"[[Electronics,Camera & Photo,Accessories,Filters & Accessories,Graduated Color Filters]]"
3380,178498,"Hitech 85mm Star Effect Resin Filter, 6 Point, fits &quot;P&quot; Series","[[Electronics,Camera & Photo,Accessories,Filters & Accessories,Effects Filters]]"
3381,178500,Dual Lens vehicle recoder (Mobile DVR) with 8G Micro SD Ram,"[[Electronics,Car & Vehicle Electronics,Car Electronics,Car Safety & Security,Vehicle Backup Cameras]]"
3382,178501,75 Meter Band Mobile HF Stick Antenna,"[[Electronics,Accessories & Supplies,Audio & Video Accessories,Antennas,Radio Antennas]]"
3383,178502,iFrogz BackBone Case for iPad 2 - Orange (IPAD2-BAK-ORG),"[[Electronics,Computers & Accessories,Touch Screen Tablet Accessories,Cases & Sleeves,Cases]]"
3384,178503,Genuine IBM Thinkpad X40 X41 Tablet Lenovo Utrabase Docking Station 26R8343,"[[Electronics,Computers & Accessories,Laptop & Netbook Computer Accessories,Docking Stations]]"
3385,178504,"14.4v 5200mah for IBM Thinkpad X41 Tablet 1866 1867 1869 Compatible with the Following Part #S: 73p5167, 73p5168, FRU 92p1082, FRU 92p1083, FRU 92p1084, FRU 92p1085 Compatible with the Following Models: IBM Thinkpad X41 Tablet 1866, Thinkpad X41 Tablet 1867, Thinkpad X41 Tablet 1869, Thinkpad X41 Tablet Series Series Laptop Battery.","[[Electronics,Computers & Accessories,Laptop & Netbook Computer Accessories,Batteries]]"
3386,178505,Sony DMXWL1 BRAVIA Wireless HD Link,"[[Electronics,Television & Video,Streaming Media Players]]"
3387,178507,Professional Kingston MicroSDHC 16GB (16 Gigabyte) Card for LG VS740 Phone Phone with custom formatting and Standard SD Adapter. (SDHC Class 4 Certified),"[[Electronics,Computers & Accessories,Cables & Accessories,Memory Cards,SD & SDHC Cards]]"
3388,178508,LG VS740 (Ally) Cell Phone Memory Card 8GB microSDHC Memory Card with SD Adapter,"[[Electronics,Computers & Accessories,Cables & Accessories,Memory Cards,Micro SD Cards]]"
3389,178509,JENSEN SIRIUS RECEIVER GEN 3.0 - SCC1MS,"[[Electronics,Car & Vehicle Electronics,Car Electronics,Car Audio,Satellite Radio]]"
3390,178512,SMSL FORT PCM2704 USB DAC Digital to Analog Convertor Sound Card Black,"[[Electronics,Home Audio,Stereo Components,Receivers & Amplifiers,Component Amplifiers]]"
3391,178514,Mennon Flash Diffuser for Canon C-430EX,"[[Electronics,Camera & Photo,Accessories,Flash Accessories,Diffusers]]"
3392,178515,"CowboyStudio Photo and Video Studio Continuous Lighting Kit, 10 X 20ft Black &amp; White Muslin Backdrops with Heavy Duty Backdrop Support System","[[Electronics,Camera & Photo,Lighting & Studio,Photo Studio,Backgrounds]]"
3393,178518,Monoprice 7FT 24AWG Cat6 550MHz UTP Ethernet Bare Copper Network Cable - Blue,"[[Electronics,Computers & Accessories,Cables & Accessories,Cables & Interconnects,Ethernet Cables]]"
3394,178519,Monoprice 3FT 24AWG Cat6 550MHz UTP Ethernet Bare Copper Network Cable - Blue,"[[Electronics,Computers & Accessories,Cables & Accessories,Cables & Interconnects,Ethernet Cables]]"
3395,178520,Genuine ATXPowerSupplies 6 Pin AUX Connector Adapter,"[[Electronics,Computers & Accessories,Computer Components]]"
3396,178521,"Think Tank Urban Disguise 40, Plain Looking, Fully Functional Briefcase Size Shoulder Bag for Two Pro SLRs &amp; Multiple Lenses up to a 70-200mm f/2.8","[[Electronics,Camera & Photo,Bags & Cases]]"
3397,178522,Black Front Faceplate Fascia Back Rear Case Housing Cover Red Clickwheel Button for Ipod 6th Gen Classic 80gb 120gb 7th Gen Classic Thin 160gb U2 Version,"[[Electronics,Portable Audio & Video,MP3 Players & Accessories,MP3 Player Accessories,Cases]]"
3398,178523,Pioneer Electronics USA BD Internal Writer Optical Drive 14700365 BDR-2208B5PK,"[[Electronics,Computers & Accessories,Computer Components,Internal Optical Drives,Internal Blu-ray Drives]]"
3399,178525,2 Pcs F Female to TV PAL Male Female T Joint Connector RF Coax Adapter,"[[Electronics,Accessories & Supplies,Audio & Video Accessories,Connectors & Adapters]]"
3400,178526,ARTEC 8.5 IN MINI MOBILE ATSC MNTRTV,"[[Electronics,Television & Video]]"
3401,178527,Manfrotto 117B Geared Video Tripod with Rubber Feet and Retractable Metal Spikes (Black),"[[Electronics,Camera & Photo,Accessories,Professional Video Accessories,Tripods]]"
3402,178528,"Precision Design PD-MBP ILC Digital Camera Mini Sling Backpack with NP-FW50 Battery &amp; Charger + Accessory Kit for Sony NEX-C3, NEX-F3, NEX-5N, NEX-5R, NEX-6 &amp; NEX-7 Cameras","[[Electronics,Camera & Photo,Bags & Cases,Camera Cases]]"
3403,178529,Sony MSACA8 Memory Stick Holder,"[[Electronics,Camera & Photo,Accessories,Camcorder Accessories]]"
3404,178530,Fujifilm FinePix X-PRO1 X-E1 HS30EXR HS33EXR Digital Camera Battery - NP-W126 Battery + LCD Screen Protectors + Micro Fiber Cleaning Cloth,"[[Electronics,Camera & Photo,Accessories,Batteries & Chargers,Batteries,Camera Batteries]]"
3405,178531,compact and retractable USB Power Port Ready charge cable designed for the Fujifilm Finepix XP60 and uses TipExchange,"[[Electronics,Camera & Photo]]"
3406,178532,Lexerd - Fujifilm FinePix XP60 TrueVue Anti-glare Digital Camera Screen Protector (Dual Pack Bundle),"[[Electronics,Camera & Photo,Accessories,Digital Camera Accessories,Screen Protector Foils]]"
3407,178533,ANLI TA-1UHF Antenna Trunk Mount For SO-239 Thread Antennas,"[[Electronics,Car & Vehicle Electronics,Vehicle Electronics Accessories,Audio & Video Accessories,Antennas]]"
3408,178534,AMERICAN INTERNATIONAL GMK333GREY Radio Relocation Kit,"[[Electronics,Car & Vehicle Electronics,Vehicle Electronics Accessories]]"
3409,178535,Corsair Carbide Series Black 500R Mid Tower Computer Case (CC-9011012-WW),"[[Electronics,Computers & Accessories,Computer Components,Computer Cases]]"
3410,178536,Generic DB25 Parallel Printer To PCI One Port Card Series Adapter 25Pin Controller,"[[Electronics,Computers & Accessories,Computer Components,I/O Port Cards,Parallel Port Cards]]"
3411,178537,Teac DV-W28E 8x DVD&plusmn;RW Notebook IDE Drive (Black),"[[Electronics,Computers & Accessories,Computer Components,Internal Optical Drives,Internal DVD Drives]]"
3412,178538,5 Pcs Green Plastic Cover 5/64&quot; Dia Thread Banana Binding Post Connector,"[[Electronics,Accessories & Supplies,Audio & Video Accessories,Connectors & Adapters]]"
3413,178539,Beige Plastic Module PSU 24 Pin Plug 90 Degree ATX Connector Adapter 5 Pcs,"[[Electronics,Computers & Accessories,Computer Components,Power Supplies]]"
3414,178540,6 Pcs Yellow 4mm Male Thread Audio Amplifier Binding Post Terminal,"[[Electronics,Accessories & Supplies,Audio & Video Accessories,Connectors & Adapters]]"
3415,178542,Asus Oc Station,"[[Electronics,Computers & Accessories,Computer Components,Motherboards]]"
3416,178543,LIAN LI PC-B10B Black Advanced Mid Tower 5 x 5.25 4 x 3.5 ATX / M-ATX Computer Case,"[[Electronics,Computers & Accessories,Computer Components,Computer Cases]]"
3417,178544,Iomega ZipCD 31025 8x4x32 Internal EIDE CDRW Drive,"[[Electronics,Computers & Accessories,Computer Components,Internal Optical Drives,Internal CD Drives]]"
3418,178545,Cyberpower 1010HT 10-Outlet Surge Suppressor 4200 Joules 15A RJ11/Coax(3)/RJ45 EMI/RFI Right-angle,"[[Electronics,Computers & Accessories,Cables & Accessories,Cables & Interconnects,Ethernet Cables]]"
3419,178546,Morewer (TM) 19V 4.74A 90W Ultra Slim AC Adapter &amp; Built-in USB Charger for Samsung AD-9019 8019 BA44-00147A 00215A PA-1900-08S NBP001324-00 API3AD05 AA-PA1N90W NBP001518-00 SPA-V20 A10 G15 GT6000 GT7000 GT8000 GT9000 M30 M40 M50 M55 M60 M70 P10 P20 P25 P28 P29 P30 P35 P40 P50 P55 P60 P200 P210 P400 P410 P500 P510 P560 Q1 Q1 Q35 Q40 Q45 Q70 R20+ R40 R45 R50 R60+ R65 R70 R700 T10 V20 V25 VM6000 VM7000 VM8000 X1 X05 X06 X10 X11 X15 Plus X20 X22 X25 X30 X50 X60 X65 Laptops [ 36 Months Warranty ],"[[Electronics,Computers & Accessories,Laptop & Netbook Computer Accessories,Chargers & Adapters]]"
3420,178548,Corsair Vengeance Pro 64GB DDR3 2133MHz C11 Desktop Memory CMY64GX3M8A2133C11,"[[Electronics,Computers & Accessories,Computer Components,Memory]]"
3421,178549,MICROSOFT Windows 7 Ultimate Upgrade / GLC-00184 /,"[[Electronics,Computers & Accessories,Monitors]]"
3422,178550,"Sound Storm Laboratories F1200M SSL FORCE 1,200-Watt MOSFET Monoblock Amplifier with Remote Subwoofer Level Control (Discontinued by Manufacturer)","[[Electronics,Car & Vehicle Electronics,Car Electronics,Car Audio,Amplifiers,Mono Amplifiers]]"
3423,178551,NANYA 512MB DDR2 PC2-4200U 533MHZ DESKTOP RAM MODULE,"[[Electronics,Computers & Accessories,Computer Components,Memory]]"
3424,178553,"Fotodiox Pro Pre-Trigger Remote Shutter Release Cable fits PocketWizard for Nikon Digital SLRs D70s, D80 (replaces PocketWizard N-MCDC2-P), Pocket Wizard","[[Electronics,Camera & Photo,Accessories,Digital Camera Accessories,Shutter Release Cords]]"
3425,178554,SONY VAIO VPCEG33FX/B Laptop Screen 14 LED BOTTOM LEFT WXGA HD,"[[Electronics,Computers & Accessories,Laptop & Netbook Computer Accessories,Replacement Screens]]"
3426,178556,GE 23600 50W to 150W Universal DC Battery Eliminator Converts AC to DC (Discontinued by Manufacturer),"[[Electronics,Accessories & Supplies,Batteries, Chargers & Accessories,Power Converters]]"
3427,178559,SUNYEE (TM) Plug And Play Muti-Colored Illuminated Dancing Water Speakers (SUNYEE Purple),"[[Electronics,Computers & Accessories,Cables & Accessories,Computer Speakers]]"
3428,178560,VanGoddy Hydei Bag Case for HP Split x2 Convertible Touchscreen Laptop / Tablet,"[[Electronics,Computers & Accessories,Touch Screen Tablet Accessories,Cases & Sleeves,Cases],[Electronics,Computers & Accessories,Laptop & Netbook Computer Accessories,Bags & Cases,Messenger Bags]]"
3429,178561,Battpit&trade; Laptop / Notebook Battery Replacement for HP Pavilion DV4-1120US (8800 mAh),"[[Electronics,Computers & Accessories,Laptop & Netbook Computer Accessories,Batteries]]"
3430,178563,"Apple Ipod Nano 1st, 2nd, 3rd Gen, Mini, Touch, Video, Classic, Photo, U2, Ip...","[[Electronics,Computers & Accessories,Cables & Accessories,Cables & Interconnects,USB Cables]]"
3431,178564,Stereo Wire Harness Dodge Viper 93 94 95 96 97 98 (car radio wiring installation parts),"[[Electronics,Car & Vehicle Electronics,Vehicle Electronics Accessories]]"
3432,178565,HDMI 3 Port Gold Platted Switch Switcher w/ IR Remote For HDTV Direct TV PS3 LCD Plasma,"[[Electronics,Accessories & Supplies,Audio & Video Accessories,Distribution,Selector Switch Boxes]]"
3433,178567,"MA-D (118 inch) High Quality Remote Shutter for Panasonic DMC-FZ30, DMC-FZ20, DMC-FZ50, DMC-FZ30K, DMC-FZ20K, DMC-FZ50K, DMC-FZ30S, DMC-FZ20S, DMC-FZ50S, LC-1, L1, DIGILUX 2, DIGILUX 3 fully compatible with Panasonic DMW-RS1","[[Electronics,Camera & Photo,Accessories,Digital Camera Accessories,Shutter Release Cords]]"
3434,178568,iHip NFF10270CBE NFL CINCINATI BENG Ear Buds,"[[Electronics,Accessories & Supplies,Audio & Video Accessories,Headphone Accessories,Earpads]]"
3435,178571,Speck Products SmartShell for iPad 2/3/4- Black (SPK-A1202),"[[Electronics,Computers & Accessories,Touch Screen Tablet Accessories,Cases & Sleeves,Cases]]"
3436,178573,1/2 Height to Full Height Mini PCIe Adapter Board,"[[Electronics,Computers & Accessories]]"
3437,178574,Replacement DMW-BLH7 Battery for Panasonic Lumix DMC-GM1 DMC-GM1K DMC-GM1KS Digital Camera + More!!,"[[Electronics,Camera & Photo,Accessories,Batteries & Chargers,Batteries,Camera Batteries]]"
3438,178576,Studio Photo Table Top Photography Studio Lighting Kit. New Improved Higher Output Bulbs 200 Watts. Steve Kaeser Photographic Lighting &amp; Accessories,"[[Electronics,Computers & Accessories,Cables & Accessories,Video Projector Accessories,Lamps]]"
3439,178577,HP 2000-239WM Laptop Screen 15.6 LED BOTTOM LEFT WXGA HD 1366x768,"[[Electronics,Computers & Accessories,Laptop & Netbook Computer Accessories,Replacement Screens]]"
3440,178579,Firebird 15&quot; 15.4&quot; 15.6&quot; inch Notebook Laptop Case Sleeve Carrying bag for Apple MacBook Pro 15 15.4 /Dell Inspiron 15R Vostro XPS Alienware M15X /ASUS A55 K55 N56 X54 /Sony E15 S15 EL2/Lenovo ThinkPad E530 /HP Acer,"[[Electronics,Computers & Accessories,Laptop & Netbook Computer Accessories,Batteries]]"
3441,178585,Tripp Lite PDUMV15 PDU Metered 120V 15A 5-15R 16 Outlet 5-15P Vertical 0URM,"[[Electronics,Portable Audio & Video,MP3 Players & Accessories,MP3 Player Accessories,Docking Stations]]"
3442,178586,Lezbuddy Body Cap for Nikon - D800 - B/w,"[[Electronics,Camera & Photo,Accessories,Lens Accessories,Lens Caps]]"
3443,178588,"FlexARMOR X Durable Waterproof Underwater Camera Case for Samsung HMX-300 , Panasonic DMC-TS4 , TS20 , Nikon AW100 , AW110 , Olympus TG-320 &amp; More Digital Cameras","[[Electronics,Camera & Photo,Bags & Cases,Camera Cases]]"
3444,178590,Digital Innovations 10105000 Skip Doctor,"[[Electronics,Accessories & Supplies,Audio & Video Accessories,Cleaning & Repair,Disc Repair Kits]]"
3445,178592,Your Cable Store 10 Foot DB9 9 Pin Serial Port Cable Female / Female RS232,"[[Electronics,Computers & Accessories,Cables & Accessories,Cables & Interconnects,Serial Cables]]"
3446,178593,Rosewill RNWD-N1502UBE IEEE 802.11n USB - Wi-Fi Adapter (RNWD-N1502UBE) -,"[[Electronics,Computers & Accessories,Networking Products,Network Adapters,USB Network Adapters]]"
3447,178594,"Cmple - High Speed HDMI 1.4 Cable with Ethernet - 30AWG, 10 Feet, Black Color (2 PACK)","[[Electronics,Accessories & Supplies,Audio & Video Accessories,Cables & Interconnects,Video Cables,HDMI Cables]]"
3448,178596,Great White Design Protective Decal Skin Sticker for SanDisk Sansa Fuze MP3 Player,"[[Electronics,Portable Audio & Video,MP3 Players & Accessories,MP3 Player Accessories,Skins & Decals]]"
3449,178598,IBM Lenovo Thinkpad US Keyboard X60 X60s X61 X61s p/n 42T3435,"[[Electronics,Computers & Accessories,Cables & Accessories,Keyboards]]"
3450,178599,Replacemen Laptop Battery for IBM ThinkPad X61 7679,"[[Electronics,Computers & Accessories,Laptop & Netbook Computer Accessories,Batteries]]"
3451,178600,Homegear 100&quot; HD Motorized 16:9 Projector Screen W/ Remote Control,"[[Electronics,Accessories & Supplies,Office Electronics Accessories,Projection Screens]]"
3452,178601,Battery1inc Replacement Projector Lamp V13H010L15 for EPSON EMP-600 EMP-600P EMP-800P EMP-800UG EMP-810P EMP-811 EMP-811P EMP-820 EMP-820P EMP-800 EMP-810 PowerLite 600p PowerLite 800p PowerLite 810p PowerLite 811p PowerLite 820p Projector Series,"[[Electronics,Computers & Accessories,Cables & Accessories,Video Projector Accessories,Lamps]]"
3453,178602,HIS HDD4086 DVI to VGA Adapter - Retail,"[[Electronics,Computers & Accessories,Cables & Accessories,Computer Cable Adapters]]"
3454,178603,"Replacement Laptop Battery for Dell Vostro 1015 Series, 6600mAh 9-Cell","[[Electronics,Computers & Accessories,Laptop & Netbook Computer Accessories,Batteries]]"
3455,178607,FIRESTIK R-3M Chrome Plated MEDIUM DUTY SPRING,"[[Electronics,Portable Audio & Video,CB & Two-Way Radios,Accessories,Antennas]]"
3456,178608,Bundle Monster Nook HD Tablet Ereader 3in1 Accessories Combo with Pink Synthetic Leather Case Cover Jacket + Sweet Plumeria Vinyl Skin Art Decal Sticker + Crystal Clear Screen Guard Protector UPC: 700580457828,"[[Electronics,Computers & Accessories,Touch Screen Tablet Accessories,Bundles]]"
3457,178610,Panasonic SC-PT670 1000W 5-DVD 5.1-Channel Large Speaker Home Theater System with Built-In iPod Dock (Discontinued by Manufacturer),"[[Electronics,Television & Video,Home Theater Systems]]"
3458,178612,DTI CAR AUDIO DTIMA30004400 Power Amplifier,"[[Electronics,Car & Vehicle Electronics,Car Electronics,Car Audio,Amplifiers,Multichannel Amplifiers]]"
3459,178614,8GB DDR3 Memory RAM kit (2 x 4GB) for Acer Aspire 5253 5551,"[[Electronics,Computers & Accessories,Computer Components,Memory]]"
3460,178616,14ga - 200ft 14 ga Caliber Xtreme 14 Gauge Speaker Wire Audio Cable Car / Home Installatiolation,"[[Electronics,Accessories & Supplies,Audio & Video Accessories,Cables & Interconnects,Audio Cables,Speaker Cables]]"
3461,178617,"RG58C Cable, BNC Male / Male, 4.0 ft","[[Electronics,Accessories & Supplies,Audio & Video Accessories,Cables & Interconnects,Video Cables,F-Pin-Coaxial Tip]]"
3462,178618,Body Pod for SteadiShot Flycam Glidecam,"[[Electronics,Camera & Photo,Accessories,Professional Video Accessories,Stabilizers]]"
3463,178619,HTS421210H9AT00 Hitachi Travelstar 4K120 Hard Disk Drive HTS421210H9AT00,"[[Electronics,Computers & Accessories,Data Storage,Internal Hard Drives]]"
3464,178620,Duzign Rover Messenger Bag (Light Brown) for Dell Inspiron 11 3000 Series + Pocket for Tablet,"[[Electronics,Computers & Accessories,Laptop & Netbook Computer Accessories,Batteries]]"
3465,178621,TSSS Best IP/Network Plug and Play Camera With Night VIsion(10 IR LEDs) Two-way Audio 3S Fast Easy Installation With Remote Phone Control,"[[Electronics,Computers & Accessories,Webcams]]"
3466,178622,"Etekcity&reg; VGA &amp; Component Video YPbPr to HDMI Converter Adapter with 3.5mm audio port: 720p &amp; 1080p HD Upscale works with HDTVs, PCs, DVD Players, Game Consoles, and Other VGA &amp; YPbPr Devices","[[Electronics,Accessories & Supplies,Audio & Video Accessories,Video Converters]]"
3467,178623,"Athlon 64 Fx/athlon 64 X2/ATHLON 64/SEMPRON, Socket 939, Via, K8M800, VT8251 Chi","[[Electronics,Computers & Accessories,Computer Components,Motherboards]]"
3468,178624,"Bargains Depot 5 feet AV Audio/Video Cord Sony Camera Compatible + Cable Tie For Sony CyberShot DSC-H90, DSC-S650, DSC-S700, DSC-S750, DSC-S780, DSC-W180, DSC-W190, DSC-W310, DSC-W320, DSC-W330, DSC-W370, DSC-W510, DSC-W530, DSC-W550, DSC-W610, DSC-W620, DSC-W630, DSC-W650, DSC-W670, DSC-W690, DSC-W710, DSC-W730","[[Electronics,Computers & Accessories,Cables & Accessories,Cables & Interconnects,USB Cables]]"
3469,178625,"Battery Kit For Canon PowerShot ELPH 330 HS, ELPH 310 HS ELPH 300 HS ELPH 100 HS Digital Camera and Canon VIXIA Mini Compact Personal Camcorder Includes Extended (900 Mah) Replacement Battery For Canon NB-4L + Screen Protectors + MicroFiber Cleaning Cloth","[[Electronics,Camera & Photo,Accessories,Batteries & Chargers,Batteries,Camera Batteries]]"
3470,178628,Rosewill 100-Feet Cat 6 Network Cable - Gray (RCW-586),"[[Electronics,Computers & Accessories,Cables & Accessories,Cables & Interconnects,Ethernet Cables]]"
3471,178629,"Turcom Mini High Definition 2D To 3D Video Converter, Enjoy 3D Movies And Games On 2D Television Screen with 3D Glasses And Remote Control Included","[[Electronics,Accessories & Supplies,Audio & Video Accessories,Video Converters]]"
3472,178632,New Phoenix Gold Stereo Audio Interconnect Cables 16FT,"[[Electronics,Accessories & Supplies,Audio & Video Accessories,Cables & Interconnects,Audio Cables,RCA Cables]]"
3473,178634,"Sony SRSM50/WHI Compact, Stylish, Transportable Speaker (White)","[[Electronics,Portable Audio & Video,MP3 Players & Accessories,MP3 Player Accessories,Speaker Systems]]"
3474,178636,6ft Micro USB Cable for Samsung Galaxy S 2 Skyrocket I727 A-B Micro. New Black,"[[Electronics,Computers & Accessories,Cables & Accessories,Cables & Interconnects,USB Cables]]"
3475,178637,MightySkins Protective Skin Decal Cover for HP Pavilion G6 Laptop with 15.6&quot; screen Sticker Skins Glossy Black,"[[Electronics,Computers & Accessories,Laptop & Netbook Computer Accessories,Skins & Decals]]"
3476,178640,KEYDEX 1ft Flat CAT7 SSTP 600Mhz Gold-Plated Snagless Network Lan Ethernet Patch Cable - Black,"[[Electronics,Computers & Accessories,Cables & Accessories,Cables & Interconnects,Ethernet Cables]]"
3477,178642,Sparkle Gold Class 80plus 1000W ATX Power Supply GW-EPS1000DA,"[[Electronics,Computers & Accessories,Computer Components,Power Supplies]]"
3478,178646,"4.5X HD Super Telephoto High Resolution Lens KIT For Canon SX1 SX1IS SX10 SX10IS With Tripod , Card Case , Lens Cleaning Kit , 3 Piece Filter Kit , Cap Keeper , LCD Protector , Lens Adapter Tube , Card Reader","[[Electronics,Camera & Photo,Accessories,Digital Camera Accessories,Accessory Kits]]"
3479,178648,eMachines Desktop PC - PENTIUM E5800/3GB/1TB/DVDRW/WIN7 HOME,"[[Electronics,Computers & Accessories,Desktops]]"
3480,178649,DSTE GH3 Replacement Battery Grip for Panasonic Lumix GH3 Camera + 2pcs DMW-BLF19E Battery + Charger DC141,"[[Electronics,Camera & Photo,Accessories,Batteries & Chargers,Batteries,Camera Batteries]]"
3481,178650,Sigma 18-250mm f/3.5-6.3 DC OS HSM IF Lens for Canon AF Digital SLR Cameras,"[[Electronics,Camera & Photo,Lenses,Camera Lenses]]"
3482,178653,Nexus GOOGLE Samsung GT-P8110 16GB WI-FI 10.1&quot; INCH ANDROID WIFI ONLY Tablet Black,"[[Electronics,Computers & Accessories,Tablets]]"
3483,178663,"Eva Gun Metal point and shoot digital camera case with Reinforced Zipper and Unique Extra Thick Design to fit all modles of your Canon Powershot SX260 HS or Canon Powershot SX230 HS , and Small Canon Accessories + Green Vangoddy Bracelet!!!","[[Electronics,Camera & Photo,Bags & Cases,Camera Cases]]"
3484,178667,Steren 205-528 10-Feet BNC-BNC RG58 Cable,"[[Electronics,Accessories & Supplies,Audio & Video Accessories,Cables & Interconnects,Audio Cables]]"
3485,178668,(4) Pack 100ft Pre-made All-in-One Video and Power BNC RCA Cable with BNC to RCA Connector for CCTV Security Camera System,"[[Electronics,Security & Surveillance,Accessories,Surveillance Camera Cables]]"
3486,178669,Dew Not 3&quot; Dew Heater Strip DN004,"[[Electronics,Camera & Photo,Accessories,Telescope & Microscope Accessories,Telescope Accessories,Dew Caps]]"
3487,178670,Large Print Danish USB Computer Keyboard for Visually Impaired - Yellow Keys with Black Letters,"[[Electronics,Computers & Accessories,Cables & Accessories,Keyboards]]"
3488,178671,Diamond Audio Cx69i 6x9&quot; 60w RMS Coaxial Speaker System,"[[Electronics,Car & Vehicle Electronics,Car Electronics,Car Audio,Speakers,Coaxial Speakers]]"
3489,178676,"PYRAMID 4108GS 3-Way Speakers, Pair (4'' x 10'' 300-Watts) (Pair)","[[Electronics,Car & Vehicle Electronics,Car Electronics,Car Audio,Speakers,Coaxial Speakers]]"
3490,178688,GTMax Purple Soft Rubber Silicone Skin Cover Case for Apple iPod nano 16GB 8GB 5th 5G Generation NEWEST MODEL,"[[Electronics,Portable Audio & Video,MP3 Players & Accessories,MP3 Player Accessories,Cases]]"
3491,178691,d2i CD Divider Set,"[[Electronics,Home Audio,Stereo Components,Speakers]]"
3492,178693,d2i DVD Storage Box,"[[Electronics,Accessories & Supplies,Audio & Video Accessories,Media Storage & Organization,Disc Storage Wallets]]"
3493,178696,BestDealUSA USB Male to Female Retractable Extension Cable Black,"[[Electronics,Computers & Accessories,Cables & Accessories,Cables & Interconnects,USB Cables]]"
3494,178701,Pioneer DV-393-S Progressive Scan DVD Player with Div-X,"[[Electronics,Television & Video,DVD Players & Recorders,DVD Players]]"
3495,178703,Vangoddy Hydei Carrying Bag Case (Black) for Lenovo IdeaPad Yoga 13 / Lenovo IdeaPad Ultrabook / Lenovo IdeaPad Laptop / Lenovo 13.3 inch Laptops,"[[Electronics,Computers & Accessories,Laptop & Netbook Computer Accessories,Chargers & Adapters]]"
3496,178708,"Premium Rubberized Hard Crystal Case Cover for Apple iPod Touch 4G, 4th Generation, 4th Gen - Orange, Seamless Rear Case Only","[[Electronics,Portable Audio & Video,MP3 Players & Accessories,MP3 Player Accessories,Cases]]"
3497,178709,USB 2.0 Mic Speaker 5.1 Audio Sound Card ADAPTER,"[[Electronics,Computers & Accessories,External Components,External Sound Cards]]"
3498,178711,External 5.1 USB 3D Audio Sound Card Adapter for PC Desktop Notebook Laptop,"[[Electronics,Computers & Accessories,Networking Products,Network Adapters,USB Network Adapters]]"
