index ID,item ID,titles,categories
0,7,"Plocky's Hummus Chips, Original, 1-Ounce (Pack of 24)","[[Grocery & Gourmet Food,Snack Foods,Chips & Crisps,Potato]]"
1,9,"Stash Tea Fusion Red, White &amp; Blueberry Tea, 18 Count Tea Bags in Foil (Pack of 6)","[[Grocery & Gourmet Food,Beverages,Coffee, Tea & Cocoa,Tea,White]]"
2,22,"Rold Gold Classic Stick Pretzels, 16 Ounce Bag","[[Grocery & Gourmet Food,Breads & Bakery,Breads,Pretzels]]"
3,57,"Twizzlers Pull 'n' Peel Candy, Cherry, 14-Ounce Bags (Pack of 6)","[[Grocery & Gourmet Food,Candy & Chocolate,Jelly Beans & Gummy Candy,Gummy Candy]]"
4,61,"Stretch Island Fruit Leather Variety Pack 48-Count, 0.5-Ounce Package","[[Grocery & Gourmet Food,Snack Foods,Fruit Leather]]"
5,72,"Trident Splash Sugar Free Gum, Strawberry - Lime, 9-Count (Pack of 10)","[[Grocery & Gourmet Food,Candy & Chocolate,Chewing & Bubble Gum]]"
6,76,"Wilton Edible Glitter, Pink Hearts","[[Grocery & Gourmet Food,Pantry Staples,Cooking & Baking,Frosting, Icing & Decorations,Glitter]]"
7,83,"Snappy Popcorn 1 Gallon Snappy Pure Peanut Oil No Color Added, 128 Fl Oz","[[Grocery & Gourmet Food,Pantry Staples,Cooking & Baking,Cooking Oils, Vinegars & Sprays,Oils,Peanut]]"
8,129,house of herbs blackstrap molasses 16 oz Glass Jar,"[[Grocery & Gourmet Food,Cooking & Baking,Syrups, Sugars & Sweeteners,Molasses]]"
9,164,"Krusteaz Lemon Bars Supreme Mix, 19.35-Ounce Boxes (Pack of 12)","[[Grocery & Gourmet Food,Cooking & Baking,Baking Mixes,Cakes]]"
10,189,"Armour Potted Meat Made with Chicken and Pork, 5.5-Ounce Cans (Pack of 24)","[[Grocery & Gourmet Food,Pantry Staples,Canned, Jarred & Packaged Foods,Meat, Poultry & Seafood,Spiced Meat]]"
11,221,"Yankee Traders Classic Candy, Atomic Fireballs, 2 Pound","[[Grocery & Gourmet Food,Candy & Chocolate,Hard Candy & Lollipops,Hard Candy]]"
12,275,"Giorgio Mushrooms, Pieces N Stems, 4-Ounce (Pack of 24)","[[Grocery & Gourmet Food,Pantry Staples,Canned, Jarred & Packaged Foods,Vegetables,Mushrooms]]"
13,296,30 Packages Mama Tom Yum Flavour Instant Noodles,"[[Grocery & Gourmet Food,Canned, Jarred & Packaged Foods,Packaged Meals & Side Dishes,Pasta & Noodle Dishes]]"
14,304,"Knorr Italian Sides, Four Cheese Pasta, 4.1Ounce Packages (Pack of 12)","[[Grocery & Gourmet Food,Pantry Staples,Canned, Jarred & Packaged Foods,Packaged Meals & Side Dishes,Pasta & Noodle Dishes]]"
15,306,"Peak Instant Full-Cream Dry Whole Milk Powder, 400-Grams (Pack of 2)","[[Grocery & Gourmet Food,Pantry Staples,Cooking & Baking,Condensed & Powdered Milk,Powdered]]"
16,310,"Green Mountain Coffee Fair Trade Wild Mountain Blueberry, 24-Count K-Cups for Keurig Brewers (Pack of 2)","[[Grocery & Gourmet Food,Beverages,Coffee, Tea & Cocoa,Coffee,Single-Serve Capsules & Pods]]"
17,317,"San Francisco Bay Coffee Whole Bean Decaf Espresso Roast, 32-Ounce Bag","[[Grocery & Gourmet Food,Beverages,Coffee, Tea & Cocoa,Coffee,Roasted Coffee Beans]]"
18,320,"Vigo Extra Virgin Olive Oil, 34 Ounce Glass","[[Grocery & Gourmet Food,Cooking & Baking,Cooking Oils, Vinegars & Sprays,Oils,Olive]]"
19,326,"Land O Lakes, Cocoa Mix Classic Raspberry, 1.25-Ounce (12 Pack)","[[Grocery & Gourmet Food,Beverages,Coffee, Tea & Cocoa,Cocoa]]"
20,336,"MIO Energy Liquid Enhancer Energy Drink, Acai Berry Storm 1.62 Ounce","[[Grocery & Gourmet Food,Beverages,Bottled Beverages, Water & Drink Mixes,Energy Drinks]]"
21,347,"Vita Coco Kids Coconut Water Variety Pack, 6 Ounce Containers (Pack of 18)","[[Grocery & Gourmet Food,Beverages,Bottled Beverages, Water & Drink Mixes,Coconut Water]]"
22,375,"Peanut Butter &amp; Co. Peanut Butter, Mighty Maple, 16-Ounce Jars (Pack of 6)","[[Grocery & Gourmet Food,Pantry Staples,Nut & Seed Butters,Peanut Butter]]"
23,385,"Edward &amp; Sons Organic Mashed Potatoes, Roasted Garlic, 3.5-Ounce Boxes (Pack of 6)","[[Grocery & Gourmet Food,Pantry Staples,Canned, Jarred & Packaged Foods,Packaged Meals & Side Dishes,Potatoes & Stuffings,Potato Side Dishes]]"
24,398,Spicy Bits,[[]]
25,432,"Fondarific Vanilla Fondant Antique White, 2-Pounds","[[Grocery & Gourmet Food,Pantry Staples,Cooking & Baking,Frosting, Icing & Decorations]]"
26,446,"Hansen's Apple Juice, 64 Ounce Bottles (Pack of 8)",[[]]
27,448,"Hain Pure Foods Safflower Oil, 32 Ounce","[[Grocery & Gourmet Food,Pantry Staples,Cooking & Baking,Cooking Oils, Vinegars & Sprays,Oils,Safflower]]"
28,539,24 Butterfly Twinkle Pops Assorted 7 Flavors,"[[Grocery & Gourmet Food,Candy & Chocolate,Hard Candy & Lollipops,Suckers & Lollipops]]"
29,565,"Hodgson Mill, Organic Whole Wheat Angel Hair Pasta, 12- ounce (Pack of 12)","[[Grocery & Gourmet Food,Pantry Staples,Pasta & Noodles,Pasta,Capellini]]"
30,573,"Ambrosia Pure Honey by Ambrosia Honey Co., 23 Ounce Bottles (Pack of 4)","[[Grocery & Gourmet Food,Pantry Staples,Cooking & Baking,Syrups, Sugars & Sweeteners,Honey]]"
31,577,"Nature Valley Chewy Granola Bars, Vanilla Yogurt, 6-Count Boxes (Pack of 12)","[[Grocery & Gourmet Food,Snack Foods,Bars,Granola]]"
32,637,"Jelly Belly Jelly Beans Gift Box, 21-Ounce","[[Grocery & Gourmet Food,Food & Beverage Gifts,Candy & Chocolate Gifts]]"
33,642,"Folgers Lively Colombian Coffee, 80-Count cups","[[Grocery & Gourmet Food,Beverages,Coffee, Tea & Cocoa]]"
34,653,Green &amp; Black's Organic Dark Chocolate 2-Flavor Variety: Two 3.5 oz Bars Each of Organic 70% Dark Chocolate and Organic 85% Dark Chocolate in a Gift Box,"[[Grocery & Gourmet Food,Candy & Chocolate,Candy & Chocolate Bars]]"
35,656,"Erdschwalbe Organic Almond Flour, 8.8 Oz., (Pack of 3)","[[Grocery & Gourmet Food,Cooking & Baking,Flours & Meals,Almond]]"
36,664,"Miracle Noodle Shirataki Pasta, Angel Hair, 7-Ounce (Pack of 6)","[[Grocery & Gourmet Food,Pantry Staples,Pasta & Noodles,Noodles,Shirataki]]"
37,675,"Side Mates Traditional Couscous, Roasted Garlic and Broccoli, 6 Ounce (Pack of 8)","[[Grocery & Gourmet Food,Dried Beans, Grains & Rice,Grains & Rice,Couscous]]"
38,679,"International Delight Coffee House Inspirations Half and Half, 180 Count Single Serve Creamers","[[Grocery & Gourmet Food,Dairy, Cheese & Eggs,Milk & Cream,Coffee Creamers]]"
39,682,Da Vinci Gourmet Syrups Hazelnut Syrup 750 ml Bottle,"[[Grocery & Gourmet Food,Beverages,Bottled Beverages, Water & Drink Mixes,Flavor Syrups]]"
40,690,"Kernel Season's Nacho Cheddar Seasoning, 2.85 Ounce Shakers (Pack of 6)","[[Grocery & Gourmet Food,Herbs, Spices & Seasonings,Salt & Salt Substitutes,Popcorn Salt]]"
41,695,"Amy's Organic Black Bean Chili, 14.7-Ounce Cans (Pack of 12)","[[Grocery & Gourmet Food,Soups, Stocks & Broths,Chili]]"
42,700,"Burton's Digestive Biscuits, 14 Ounce Roll","[[Grocery & Gourmet Food,Snack Foods,Cookies,Biscuits]]"
43,746,"Barilla Elbow Pasta, 16 Ounce Boxes (Pack of 16)","[[Grocery & Gourmet Food,Pantry Staples,Pasta & Noodles,Pasta,Penne]]"
44,749,"Dentyne Pure Gum, Mint with Herbal Accents, 9-Piece Packages (Pack of 10)","[[Grocery & Gourmet Food,Candy & Chocolate,Chewing & Bubble Gum]]"
45,759,"Namaste Foods, Gluten Free Waffle &amp; Pancake Mix,  21-Ounce Bags (Pack of 6)","[[Grocery & Gourmet Food,Cooking & Baking,Baking Mixes,Pancakes & Waffles]]"
46,800,"Tamanishiki Super Premium Short Grain Rice, 15-Pound","[[Grocery & Gourmet Food,Dried Beans, Grains & Rice,Grains & Rice,White]]"
47,804,"Bubble Yum Gum, Cotton Candy, 5-Piece Packages (Pack of 36)","[[Grocery & Gourmet Food,Candy & Chocolate,Chewing & Bubble Gum]]"
48,833,White Mulberry Tea (Morus Alba) Dr. Oz - 30 tea bags,"[[Grocery & Gourmet Food,Beverages,Coffee, Tea & Cocoa,Tea]]"
49,864,Nick's Sticks Grass-Fed Beef Snack Sticks (6 1.7oz packages of 2 sticks),"[[Grocery & Gourmet Food,Snack Foods,Jerky & Dried Meats]]"
50,946,"Amoretti Premium Syrup, Amaretto, 25.4 Ounce","[[Grocery & Gourmet Food,Beverages,Bottled Beverages, Water & Drink Mixes,Flavor Syrups]]"
51,967,"Flavorganics Organic Extract, Hazelnut, 2 Ounce Bottle","[[Grocery & Gourmet Food,Pantry Staples,Cooking & Baking,Extracts,Natural]]"
52,979,"Nature's All Foods Freeze-Dried Blueberries, 1.2 Ounce","[[Grocery & Gourmet Food,Produce,Dried Fruits & Vegetables,Dried Fruits,Dried Berries]]"
53,989,Snickers Dark Chocolate Candy (Pack of 24),"[[Grocery & Gourmet Food,Candy & Chocolate,Candy & Chocolate Bars]]"
54,993,"Kitchens of India Paste for Butter Chicken Curry, 3.5-Ounce Boxes (Pack of 6)","[[Grocery & Gourmet Food,Pantry Staples,Sauces, Gravies & Marinades,Sauces,Asian,Curry Sauce]]"
55,999,"Joyva Marble Halvah, 16 oz","[[Grocery & Gourmet Food,Candy & Chocolate,Traditional & International Sweets,Halva]]"
56,1000,"Roland Sushi Ginger, 16-Ounce (Pack of 6)","[[Grocery & Gourmet Food,Herbs, Spices & Seasonings,Single Herbs & Spices,Ginger]]"
57,1026,Tea Forte Loose Leaf Tea Canister - Coconut Chai Latte,"[[Grocery & Gourmet Food,Beverages,Coffee, Tea & Cocoa,Tea,Chai]]"
58,1038,"McCormick Italian Seasoning, 6.25-Ounce","[[Grocery & Gourmet Food,Herbs, Spices & Seasonings,Mixed Spices & Seasonings,Italian Seasoning]]"
59,1058,"Special K Chocolate Delight Protein Snack Bar, 5.5 oz. Pkgs. 6 Bars per Pack, Pack of 6","[[Grocery & Gourmet Food,Breakfast Foods,Breakfast & Cereal Bars]]"
60,1075,"Twinings Irish Breakfast Tea K-Cups, 24 Count","[[Grocery & Gourmet Food,Beverages,Coffee, Tea & Cocoa,Tea,Herbal]]"
61,1077,EZ-Sweetz (2 Pack 1.05oz - Liquid Sweetener 400 Servings/Bottle),"[[Grocery & Gourmet Food,Cooking & Baking,Sugar Substitutes,Stevia]]"
62,1088,Jane Parker Dark Fruit Cake (16oz),"[[Grocery & Gourmet Food,Breads & Bakery,Cakes,Fruitcakes]]"
63,1127,"Nabisco Original Premium Saltine Crackers Topped with Sea Salt, 3 Pound","[[Grocery & Gourmet Food,Snack Foods,Crackers,Saltines]]"
64,1150,"Nestle Chunky King Size, 2.5-Ounce Candy Bars (Pack of 24)","[[Grocery & Gourmet Food,Candy & Chocolate,Candy & Chocolate Bars]]"
65,1152,Dry Lovage Leaves ( Leustean Frunze ) - 15 g,"[[Grocery & Gourmet Food,Herbs, Spices & Seasonings,Mixed Spices & Seasonings,Gourmet Rubs]]"
66,1178,Bakers &amp; Chefs Light Brown Sugar - 7 lb. bag,"[[Grocery & Gourmet Food,Pantry Staples,Cooking & Baking,Syrups, Sugars & Sweeteners,Sugars]]"
67,1195,"Gerber 3rd Foods Chicken Noodle, 6-Ounce (Pack of 12)",[[]]
68,1201,Byler's Relish House Homemade Amish Country Pickled Garlic 16 oz.,"[[Grocery & Gourmet Food,Olives, Pickles & Relishes,Pickled Mixed Vegetables]]"
69,1240,"Barbara's Bakery Snackimals Animal Cookies, Oatmeal, 2.125-Ounce Bags (Pack of 18)","[[Grocery & Gourmet Food,Breads & Bakery,Cookies,Oatmeal]]"
70,1247,"Explore Asia Organic Black Bean Spaghetti, 7.05 Ounce","[[Grocery & Gourmet Food,Canned, Jarred & Packaged Foods,Beans & Peas,Black Beans]]"
71,1254,"Lindt Excellence Dark Chocolate 70% Cocoa, 3.5-Ounce Packages (Pack of 12)","[[Grocery & Gourmet Food,Candy & Chocolate,Candy & Chocolate Bars]]"
72,1270,Schar Naturally Gluten-Free Wheat-Free Ladyfingers -- 5.3 oz,"[[Grocery & Gourmet Food,Snack Foods,Cookies,Ladyfingers]]"
73,1286,"Snyders of Hanover Variety Pack Pretzel Snack Value Box, 36-Count","[[Grocery & Gourmet Food,Snack Foods,Pretzels]]"
74,1359,Frank Coopers Vintage Coarse Cut Oxford Marmalade 16 oz. 454g,"[[Grocery & Gourmet Food,Jams, Jellies & Sweet Spreads,Marmalades]]"
75,1397,Smuckers Sampler Pack (Pack of 6) (Simply Fruit Variety Pack of 6 Flavors),"[[Grocery & Gourmet Food,Pantry Staples,Jams, Jellies & Sweet Spreads,Jams, Jellies & Preserves]]"
76,1399,"Del Monte Petite Diced Tomatoes, 14.5-Ounce (Pack of 12)","[[Grocery & Gourmet Food,Canned, Jarred & Packaged Foods,Vegetables,Tomatoes,Diced]]"
77,1403,Serendipity 3 Frrrozen Hot Chocolate Mix 18oz Canister,"[[Grocery & Gourmet Food,Beverages],[Grocery & Gourmet Food,Beverages]]"
78,1414,"Simply Organic Bay Leaf Certified Organic, 0.14-Ounce Container","[[Grocery & Gourmet Food,Pantry Staples,Herbs, Spices & Seasonings,Single Herbs & Spices,Bay Leaf]]"
79,1446,"Medora Snacks Popcorners Popped Corn Chips, White Cheddar, 1.1-Ounce Packages (Pack of 40)","[[Grocery & Gourmet Food,Snack Foods,Chips & Crisps,Corn]]"
80,1447,"Justin's Nut Butter Natural Classic Almond Butter 10 Count Squeeze Packs, 11.5-Ounce Boxes (Pack of 3)","[[Grocery & Gourmet Food,Jams, Jellies & Sweet Spreads,Nut & Seed Butters,Almond Butter]]"
81,1457,"Rodelle Organics Pure Vanilla Extract-Bourbon, 4-Ounce (Pack of 3)","[[Grocery & Gourmet Food,Cooking & Baking]]"
82,1464,"LifeAID Beverage, Fit Aid, 12 Ounce (Pack of 24)","[[Health & Household,Sports Nutrition,Post-Workout & Recovery]]"
83,1480,Organic Dried Turkish Figs (6 ounce),"[[Grocery & Gourmet Food,Snack Foods,Dried Fruit & Raisins]]"
84,1523,"Nu-Salt, 3-Ounce Shaker (Pack of 12)","[[Grocery & Gourmet Food,Herbs, Spices & Seasonings,Salt & Salt Substitutes,Salt Substitutes]]"
85,1533,"No Oodles Zero Carb, Zero Calorie Shirataki Noodles 10 Pack Angel Hair","[[Grocery & Gourmet Food,Pantry Staples,Pasta & Noodles,Noodles,Shirataki]]"
86,1556,"Spice Islands Curry Powder, Spicy, 2.7-Ounce (Pack of 3)","[[Grocery & Gourmet Food,Pantry Staples,Herbs, Spices & Seasonings,Mixed Spices & Seasonings,Curry Powder]]"
87,1560,Cherry Jelly 9.6 ounce,"[[Grocery & Gourmet Food,Jams, Jellies & Sweet Spreads,Jams, Jellies & Preserves],[Grocery & Gourmet Food,Jams, Jellies & Sweet Spreads,Jams, Jellies & Preserves]]"
88,1570,"Bob's Red Mill Potato Starch, 24-Ounce (Pack of 4)","[[Grocery & Gourmet Food,Pantry Staples,Cooking & Baking,Thickeners,Corn Starch]]"
89,1578,Delaviuda Soft Almond Turron (Turron Blando) 5.25 Oz (150g),"[[Grocery & Gourmet Food,Candy & Chocolate,Candied & Chocolate-covered Snacks,Nut Clusters]]"
90,1583,"Sour Patch Kids LDN Bag, 14-Ounce (Pack of 6)","[[Grocery & Gourmet Food,Candy & Chocolate,Jelly Beans & Gummy Candy]]"
91,1632,"Butterfinger Single, Candy Bars (Pack of 36)","[[Grocery & Gourmet Food,Candy & Chocolate,Candy & Chocolate Bars]]"
92,1634,"Tiptree Lemon Curd, 12-Ounce Jars (Pack of 6)","[[Grocery & Gourmet Food,Jams, Jellies & Sweet Spreads,Jams, Jellies & Preserves]]"
93,1684,House of Tsang - Bangkok Padang Peanut Sauce - Bottle of 11.5 oz,"[[Grocery & Gourmet Food,Pantry Staples,Sauces, Gravies & Marinades,Sauces,Asian,Peanut Sauce]]"
94,1717,Atkins Endulge Chocolate Covered Almonds -- 5 Packs,"[[Grocery & Gourmet Food,Candy & Chocolate,Candied & Chocolate-covered Snacks,Candied & Chocolate-coated Nuts]]"
95,1742,Japanese Fruit Gummy Candy from Kasugai - Grape - 107g,"[[Grocery & Gourmet Food,Candy & Chocolate,Jelly Beans & Gummy Candy,Gummy Candy]]"
96,1748,Dried Strawberries 5 Pound Bag (Bulk),"[[Grocery & Gourmet Food,Cooking & Baking,Nuts & Seeds]]"
97,1757,"Take Five Candy Bars, Snack Size, 11.25-Ounce Packages (Pack of 6)","[[Grocery & Gourmet Food,Candy & Chocolate,Candy & Chocolate Bars]]"
98,1781,"Betty Crocker Rich &amp; Creamy Dark Chocolate Frosting, 16-Ounce Canisters (Pack of 8)","[[Grocery & Gourmet Food,Pantry Staples,Cooking & Baking,Frosting, Icing & Decorations]]"
99,1799,"Drogheria &amp; Alimentari Sicilian Dipping Mix, 1.14 Ounce Jars (Pack of 3)","[[Grocery & Gourmet Food,Sauces, Gravies & Marinades,Sauces]]"
100,1814,Keurig Tazo Awake Tea 16-Count K-Cups,"[[Grocery & Gourmet Food,Beverages,Coffee, Tea & Cocoa,Tea,Black]]"
101,1879,"Thank You Pudding Vanilla Pudding, 15.75-Ounce (Pack of 6)","[[Grocery & Gourmet Food,Pantry Staples,Cooking & Baking,Baking Mixes]]"
102,1887,Buffalo Bills 3.5oz Spicy Country Cut Beef Jerky Pack (moist &amp; tender spicy beef jerky),[[]]
103,1907,"GF Harvest Gluten Free Organic Rolled Oats, 41-Ounce Pouch","[[Grocery & Gourmet Food,Breakfast Foods,Cereals,Oatmeal]]"
104,1931,"Simply Organic Cinnamon Ground Certified Organic, 2.45-Ounce Container","[[Grocery & Gourmet Food,Herbs, Spices & Seasonings,Single Herbs & Spices,Cinnamon]]"
105,1946,PopCorners 6 Flavor Variety Pack 1.1 Oz Bags (40 Pack),"[[Grocery & Gourmet Food,Snack Foods,Chips & Crisps,Corn]]"
106,1957,"Crunchies Freeze-Dried Fruit Snack, Very Berry, 1 Ounce Pouch","[[Grocery & Gourmet Food,Snack Foods,Fruit Snacks]]"
107,1969,Ocean Spray Cranberry Juice - 12/15.2 oz.,"[[Grocery & Gourmet Food,Beverages,Bottled Beverages, Water & Drink Mixes,Juices,Fruit Juice]]"
108,2009,"Walters Homemade Honey Macadamia Nougat, 2-Ounce Packages (Pack of 6)","[[Grocery & Gourmet Food,Candy & Chocolate,Candied & Chocolate-Covered Snacks,Nut Clusters]]"
109,2014,"SAFCOL Gourmet on the Go Chunk Light Tuna with Sweet Chili Sauce, 6-Ounce Cans (Pack of 12)","[[Grocery & Gourmet Food,Canned, Jarred & Packaged Foods,Meat, Poultry & Seafood,Seafood,Tuna Fish]]"
110,2015,"SweetLeaf Liquid Stevia, Valencia Orange, 2-Ounce Bottles (Pack of 2)","[[Grocery & Gourmet Food,Cooking & Baking,Sugar Substitutes,Stevia]]"
111,2046,"Good Earth Sweet &amp; Spicy Caffeine Free Herbal Tea, 18 Count Tea Bags (Pack of 6)","[[Grocery & Gourmet Food,Beverages,Coffee, Tea & Cocoa,Tea]]"
112,2049,"Mary Jane, 16 Oz","[[Grocery & Gourmet Food,Candy & Chocolate,Jelly Beans & Gummy Candy,Taffy]]"
113,2054,Kevala Organic Coconut Butter 16oz,"[[Grocery & Gourmet Food,Pantry Staples,Nut & Seed Butters,Coconut Butter]]"
114,2152,Cinnamon Candy 6oz candy by Claey's Candy,"[[Grocery & Gourmet Food,Candy & Chocolate,Hard Candy & Lollipops,Hard Candy]]"
115,2154,"Frontier Basil Leaf, Sweet-domestic, C/s Certified Organic, 16 Ounce Bag","[[Grocery & Gourmet Food,Herbs, Spices & Seasonings,Single Herbs & Spices,Sweet Basil Leaf]]"
116,2160,"Eight O'Clock The Original Decaf Ground Coffee, 12-Ounce Bag (Pack of 6)","[[Grocery & Gourmet Food,Beverages,Coffee, Tea & Cocoa,Coffee,Ground Coffee]]"
117,2170,Droste (4 pack) Cocoa from Holland,"[[Grocery & Gourmet Food,Cooking & Baking,Baking Chocolates, Carob & Cocoa,Cocoa]]"
118,2183,"Plum Organics Baby Second Blends, Spinach, Peas and Pear, 4.0-Ounce Pouches (Pack of 12)","[[Baby Products,Feeding,Baby Foods,Meals]]"
119,2190,"Wonderful Pistachios, No Shells, Roasted &amp; Salted Pistachios, 6-Ounce (Pack of 5)","[[Grocery & Gourmet Food,Pantry Staples,Cooking & Baking,Nuts & Seeds,Pistachios]]"
120,2202,"Maxwell House Wake-Up Roast, Ground Coffee, 34.5-Ounce Container (Pack of 2)","[[Grocery & Gourmet Food,Beverages,Coffee, Tea & Cocoa,Coffee,Ground Coffee]]"
121,2208,"DaVinci Gourmet Classic Syrup, Strawberry, 25.4 Ounce (Pack of 3)","[[Grocery & Gourmet Food,Beverages,Bottled Beverages, Water & Drink Mixes,Flavor Syrups]]"
122,2220,"Caza Trail Kona Blend, 50-Count Single Serve Cup for Keurig K-Cup Brewers","[[Grocery & Gourmet Food,Beverages,Coffee, Tea & Cocoa,Coffee,Single-Serve Capsules & Pods]]"
123,2230,"Da Vinci SUGAR FREE Cherry Syrup with Splenda, 750 ml","[[Grocery & Gourmet Food,Cooking & Baking,Syrups, Sugars & Sweeteners]]"
124,2239,"Planters Peanut Butter Creamy, 16.3 Ounce (Pack of 6)","[[Health & Household,Sports Nutrition]]"
125,2268,"Campbell's Skillet Sauces, Marsala with Mushrooms and Garlic, 9-Ounce Pouches (Pack of 8)","[[Grocery & Gourmet Food,Sauces, Gravies & Marinades,Hot Sauce]]"
126,2302,"Davidson's Tea Bulk, Organic South African Rooibos, 16-Ounce Bag","[[Grocery & Gourmet Food,Beverages,Coffee, Tea & Cocoa,Tea,Rooibos]]"
127,2308,Tropical Caveman Cookies,"[[Grocery & Gourmet Food,Breads & Bakery,Cookies,Fruit]]"
128,2336,"Campbell's Go Soup, Spicy Chorizo &amp; Pulled Chicken with Black Beans, 14-Ounce Microwavable Pouch","[[Grocery & Gourmet Food,Pantry Staples,Soups, Stocks & Broths,Chicken Soups]]"
129,2339,Fresh Flowers - Purple Dendrobium Orchids,"[[Grocery & Gourmet Food,Fresh Flowers & Live Indoor Plants,Fresh Cut Flowers,Orchids]]"
130,2360,"United - Coffee Candy, 50 Count, 125g",[[]]
131,2376,Popin' Cookin' Nerikyan Land,"[[Grocery & Gourmet Food,Candy & Chocolate,Jelly Beans & Gummy Candy,Gummy Candy]]"
132,2392,"Frontier Soups Hearty Meals Minnesota Heartland Eleven Bean Soup, 18-Ounce Bags (Pack of 4)","[[Grocery & Gourmet Food,Soups, Stocks & Broths,Vegetable Soups]]"
133,2402,"Coffee Bean Direct Ethiopian Yirgacheffe, Whole Bean Coffee, 5-Pound Bag","[[Grocery & Gourmet Food,Beverages,Coffee, Tea & Cocoa,Coffee,Roasted Coffee Beans]]"
134,2413,"Alessi Funghi Risotto with Porcini Mushrooms, 8-Ounce Packages (Pack of 6)","[[Grocery & Gourmet Food,Pantry Staples,Canned, Jarred & Packaged Foods,Packaged Meals & Side Dishes,Rice Dishes,Risotto]]"
135,2427,"Meal Mart Amazing Meals Kosher Baked Ziti In Tomato Sauce, 12 Oz.","[[Grocery & Gourmet Food,Pasta & Noodles,Pasta,Ziti]]"
136,2434,"Pamela's Ultimate Baking and Pancake Mix, 4-Pound Bags (Pack of 3)","[[Grocery & Gourmet Food,Pantry Staples,Cooking & Baking,Baking Mixes,Pancakes & Waffles]]"
137,2451,Buffalo Bills 21oz/1Lb 5oz Hot Skinny Minnies (approx. 48 hot and spicy 6&quot; beef sticks per bag),[[]]
138,2464,Harney &amp; Sons Hot Cinnamon Spice 30ct 2.67 oz,"[[Grocery & Gourmet Food,Beverages,Coffee, Tea & Cocoa,Tea,Black]]"
139,2512,Kirkland Signature Organic Extra Virgin Olive Oil 2L (2QT 3.6 fl. oz),"[[Grocery & Gourmet Food,Pantry Staples,Cooking & Baking,Cooking Oils, Vinegars & Sprays,Oils,Olive]]"
140,2534,"B-Fresh Inc - Bubble Gum Flavor, 50 gum","[[Grocery & Gourmet Food,Candy & Chocolate,Chewing & Bubble Gum]]"
141,2538,"Harvest Bay Coconut Water, 8.45-Ounce (Pack of 12)","[[Grocery & Gourmet Food,Beverages,Bottled Beverages, Water & Drink Mixes,Coconut Water]]"
142,2545,"Organic Pre-Conception Loose Leaf Tea, 2.5 ounces","[[Grocery & Gourmet Food,Beverages,Coffee, Tea & Cocoa,Tea,Herbal]]"
143,2560,"Garden of Life Raw Organic Meal, 2.6lbs","[[Health & Household,Sports Nutrition,Protein,Powders,Blends]]"
144,2567,Sapori Traditional Panforte di Siena - 12.35 oz.,"[[Grocery & Gourmet Food,Snack Foods]]"
145,2615,"Stash Tea Green Tea Six Flavor Assortment,  18-20 Count Tea Bags in Foil (Pack of 6)","[[Grocery & Gourmet Food,Beverages,Coffee, Tea & Cocoa,Tea,Green]]"
146,2638,Twinings of London Naturally Decaffeinated Earl Grey Tea 24-Count K-Cups (Pack of 2),"[[Grocery & Gourmet Food,Beverages,Coffee, Tea & Cocoa,Coffee,Single-Serve Capsules & Pods]]"
147,2657,Goodart's Peanut Pattie - 24 ct.,[[]]
148,2692,"Harmony House Foods Soup Mix, Dried Vegetable, 12 Ounce Quart Size Jar","[[Grocery & Gourmet Food,Soups, Stocks & Broths,Vegetable Soups]]"
149,2731,"Gerber Graduates Lil' Meals, Mac and Cheese with Chicken and Vegetables, 6 Ounce (Pack of 6)","[[Grocery & Gourmet Food,Frozen]]"
150,2753,"Dr. McDougall's Right Foods Vegan Lentil Couscous Soup, Lower Sodium, 2.1-Ounce Cups (Pack of 6)","[[Grocery & Gourmet Food,Soups, Stocks & Broths,Vegetable Soups]]"
151,2760,Bulk Beef Jerky's Honey BBQ Beef Jerky - 1 Lb,"[[Grocery & Gourmet Food,Snack Foods,Jerky & Dried Meats]]"
152,2763,Shiro Miso Paste NON GMO No MSG Added Miko Brand 35.2oz,"[[Sports & Outdoors,Outdoor Recreation,Cycling,Bike Racks & Bags,Bike Baskets]]"
153,2802,"Simply Organic Ginger Root Ground Certified Organic, 1.64-Ounce Container","[[Grocery & Gourmet Food,Pantry Staples,Herbs, Spices & Seasonings,Single Herbs & Spices,Ginger]]"
154,2808,"The Spice Hunter Fish Seasoning Blend, 1.1-Ounce Jar","[[Grocery & Gourmet Food,Pantry Staples,Herbs, Spices & Seasonings,Mixed Spices & Seasonings,Seafood Seasoning]]"
155,2831,"Taste Specialty Foods Raw Sunflower Kernels, 5 Pound","[[Health & Household,Sports Nutrition]]"
156,2843,"Lotus Foods Organic Madagascar Pink Rice, 11-Pound Bag","[[Grocery & Gourmet Food,Dried Beans, Grains & Rice,Grains & Rice,Brown]]"
157,2850,"Tasty Bite Thai Basil Asian Noodles, 8.8 Ounce Packages (Pack of 6)","[[Grocery & Gourmet Food,Pantry Staples,Canned, Jarred & Packaged Foods,Packaged Meals & Side Dishes,Pasta & Noodle Dishes]]"
158,2859,"Gloria Jean's Coffees,Cappuccino K-Cups for Keurig Brewers (Pack of 50)","[[Grocery & Gourmet Food,Beverages,Coffee, Tea & Cocoa,Coffee,Single-Serve Capsules & Pods]]"
159,2862,"San-J Tamari Gluten Free Soy Sauce, Non GMO Black Label, 64 Ounce","[[Grocery & Gourmet Food,Sauces, Gravies & Marinades,Sauces,Asian,Soy Sauce]]"
160,2876,Fritos The Original Corn Chip - 50/1 oz. bags,"[[Grocery & Gourmet Food,Snack Foods,Chips & Crisps,Corn]]"
161,2905,"Gin Gin's Double Strength Hard Candy, 1lb Bulk Bag","[[Grocery & Gourmet Food,Candy & Chocolate,Ginger Candy]]"
162,2906,"Bob's Red Mill Flaxseed Meal, 32-Ounce (Pack of 4)","[[Grocery & Gourmet Food,Pantry Staples,Cooking & Baking,Nuts & Seeds,Flax Seeds]]"
163,2928,"SnackMasters California Style Turkey Jerky, Original, 1-Ounce Packages (Pack of 12)","[[Grocery & Gourmet Food,Snack Foods,Jerky & Dried Meats]]"
164,2954,[FFP] Lindt LINDOR Stracciatella White Chocolate Truffles 60-Count Box,"[[Grocery & Gourmet Food,Candy & Chocolate,Chocolate & Fudge,Chocolate Truffles]]"
165,2959,"True Lemon Lemonade Bulk Pack, Original, 30 Count, 3.2 Ounce","[[Grocery & Gourmet Food,Beverages,Bottled Beverages, Water & Drink Mixes,Powdered Drink Mixes & Flavorings,Powdered Drink Mixes,Soft Drink Mixes]]"
166,2961,"Dubble Bubble Gumball Refill, 8 Flavors, 3.3 lbs","[[Grocery & Gourmet Food,Candy & Chocolate,Chewing & Bubble Gum]]"
167,2964,"Perfetti Van Melle Mentos Sugar-Free Breath Mints, Wintergreen, 1.27 Ounce (Pack of 12)","[[Grocery & Gourmet Food,Candy & Chocolate,Mints]]"
168,2965,"Organic Valley Organic Whole Milk, 33.8 Ounce Asceptic Carton (Pack of 12)","[[Grocery & Gourmet Food,Dairy, Cheese & Eggs,Milk & Cream,Dairy Milk]]"
169,2977,"Bob's Red Mill Organic Scottish Oatmeal, 20-Ounce Bags (Pack of 4)","[[Grocery & Gourmet Food,Breakfast Foods,Cereals,Oatmeal]]"
170,2982,"Baja Bob's Crazy Caribe Pina Colada Mix, No Sugar Added, 32-Ounce Bottles (Pack of 6)","[[Grocery & Gourmet Food,Beverages,Bottled Beverages, Water & Drink Mixes,Cocktail Mixers]]"
171,3006,"the Peelu Co. Chewing Gum, Peppermint, 300-Count","[[Grocery & Gourmet Food,Candy & Chocolate,Chewing & Bubble Gum]]"
172,3016,"Mother Earth Products Freeze Dried Pineapples, 1 Full Quart","[[Sports & Outdoors,Outdoor Recreation,Camping & Hiking,Camp Kitchen,Freeze-Dried Food]]"
173,3027,"CK Products 16 Ounce Bag of Non Pareil, Black","[[Grocery & Gourmet Food,Pantry Staples,Cooking & Baking,Frosting, Icing & Decorations,Sprinkles]]"
174,3061,"Sprout Intermediate Organic Baby Food, Apple and Blueberry, 4.0-Ounce (Pack of 5)",[[]]
175,3069,Tea Forte Cocktail Infusions Collection -Eight Silken Tea Cocktail Pyramids,[[]]
176,3124,Kevala Organic Black Sesame Seeds 1 Lb (RAW),"[[Grocery & Gourmet Food,Pantry Staples,Herbs, Spices & Seasonings,Single Herbs & Spices,Sesame Seed]]"
177,3126,"Hershey's Chocolate Kisses, 56 Ounce","[[Grocery & Gourmet Food,Candy & Chocolate,Candy & Chocolate Assortments]]"
178,3148,Nick's Sticks Free Range Turkey Snack Sticks (1.7oz 6  packages of 2 sticks),"[[Grocery & Gourmet Food,Snack Foods,Jerky & Dried Meats]]"
179,3152,"Keebler El Duende Cookies, Coconut, 11 Ounce (Pack of 12)","[[Grocery & Gourmet Food,Snack Foods,Cookies,Sugar]]"
180,3186,After Eight Thin Mints 7.05 ounce (3 packs),"[[Grocery & Gourmet Food,Candy & Chocolate]]"
181,3192,"Hodgson Mill 9 Grain Bread Mix, 16-Ounce Boxes (Pack of 6)","[[Grocery & Gourmet Food,Pantry Staples,Cooking & Baking,Baking Mixes,Breads]]"
182,3228,Harney &amp; Sons Fine Teas Tropical Green - 50 ct Sachets,"[[Grocery & Gourmet Food,Beverages,Coffee, Tea & Cocoa,Tea,Green]]"
183,3241,"The Spice Hunter Herbes De Provence Blend, 0.6-Ounce Jar",[[]]
184,3254,"Plum Organics Just Fruit, Mangos, 3.5-Ounce Pouches (Pack of 12)","[[Baby Products,Feeding,Baby Foods,Meals]]"
185,3270,"Nutiva Organic Chia Seeds, 12-Ounce Bag","[[Grocery & Gourmet Food,Pantry Staples,Cooking & Baking,Nuts & Seeds,Chia Seeds]]"
186,3285,Grassfed Organic Ghee 7.8 Oz - Pure Indian Foods(R) Brand,"[[Grocery & Gourmet Food,Pantry Staples,Cooking & Baking,Lard & Shortening,Ghee]]"
187,3306,"Arrowhead Mills Organic Millet Flour, 2 Pound Bags (Pack of 4)","[[Grocery & Gourmet Food,Cooking & Baking,Flours & Meals,Millet]]"
188,3340,"Side Mates Traditional Couscous, Three-Cheese, 5.9 Ounce (Pack of 8)","[[Grocery & Gourmet Food,Pantry Staples,Dried Grains & Rice,Couscous]]"
189,3354,Kasugai - Gummy Muscat 100 135g,"[[Grocery & Gourmet Food,Candy & Chocolate,Jelly Beans & Gummy Candy,Gummy Candy]]"
190,3379,"Kit Kat Minis, Crisp Wafers in Milk Chocolate, 11-Ounce Bags (Pack of 4)","[[Grocery & Gourmet Food,Candy & Chocolate,Candy & Chocolate Bars]]"
191,3388,"Skinny Pop Popcorn, Family Size 10 Oz. Large Bag; The Big Skinny","[[Grocery & Gourmet Food,Snack Foods,Popcorn,Popped]]"
192,3400,"Crunchies Freeze-Dried Fruit Snack, Pineapple, 1.5-Ounce Pouches (Pack of 6)","[[Grocery & Gourmet Food,Snack Foods,Fruit Snacks]]"
193,3421,Mae Ploy Thai Green Curry Paste - 14 oz jar,"[[Grocery & Gourmet Food,Sauces, Gravies & Marinades,Sauces,Asian,Curry Sauce]]"
194,3427,"Jack Links Jerky, Original, 16 Ounce","[[Grocery & Gourmet Food,Snack Foods,Meat Snacks,Jerky]]"
195,3488,"Simply Organic Southwest Taco, Seasoning Mix, Certified Organic, 1.13-Ounce Packets (Pack of 12)","[[Grocery & Gourmet Food,Sauces, Gravies & Marinades,Sauces,Spanish & Mexican,Taco Sauce]]"
196,3498,"Terrasoul Superfoods Raw Organic Cashews (Whole), 2-pounds","[[Grocery & Gourmet Food,Cooking & Baking,Nuts & Seeds,Cashews]]"
197,3501,"Biotta Naturals Beet Juice, 16.9 Ounce -- 6 per case.","[[Grocery & Gourmet Food,Beverages,Bottled Beverages, Water & Drink Mixes,Juices,Vegetable Juice]]"
198,3522,"Amoretti Premium Syrup, Maple, 25.4 Ounce","[[Grocery & Gourmet Food,Cooking & Baking,Syrups, Sugars & Sweeteners,Maple Syrup]]"
199,3532,Jelly Belly Sours - 1 Lb Bag,"[[Grocery & Gourmet Food,Candy & Chocolate,Jelly Beans & Gummy Candy,Jelly Beans]]"
200,3542,"Saco Powdered Buttermilk, 12-ounce Can","[[Grocery & Gourmet Food,Pantry Staples,Cooking & Baking,Flavoring Powders]]"
201,3645,Aroy-D 100% Coconut Milk - 33.8 oz packages (6-pack),"[[Grocery & Gourmet Food,Pantry Staples,Cooking & Baking,Coconut Milk & Cream]]"
202,3674,"Kitchens Of India Ready To Eat Dal Bukhara, Black Gram Lentil Curry, 10-Ounce Boxes (Pack of 6)","[[Grocery & Gourmet Food,Pantry Staples,Canned, Jarred & Packaged Foods,Packaged Meals & Side Dishes]]"
203,3685,"NUTILIGHT - SUGAR FREE, LOW CARB, HAZELNUT AND COCOA SPREAD 11 oz. Jar","[[Grocery & Gourmet Food,Jams, Jellies & Sweet Spreads,Chocolate & Hazelnut Spreads]]"
204,3699,"Kellogg's Special K Brownie Bites, Fudge, 4.44 Ounce",[[]]
205,3750,"Bit-O-Honey Candy, 3 LB","[[Grocery & Gourmet Food,Candy & Chocolate,Jelly Beans & Gummy Candy,Taffy]]"
206,3763,"Freekeh Foods Freekeh Original , 8-Ounce","[[Grocery & Gourmet Food,Pantry Staples,Dried Grains & Rice,Farro]]"
207,3827,Whole Teff Grain-8oz-Whole Grain Teff Seeds-Gluten Free Ingredient,"[[Grocery & Gourmet Food,Dried Beans, Grains & Rice,Grains & Rice]]"
208,3836,Hillshire Farm Yard-O-Beef - 3lbs,"[[Grocery & Gourmet Food,Snack Foods,Jerky & Dried Meats]]"
209,3841,"Harney &amp; Sons Classic Dragon Pearl Jasmine Tea, 20 Tea Sachets, 1.4oz","[[Grocery & Gourmet Food,Beverages,Coffee, Tea & Cocoa,Tea,Green]]"
210,3843,"Traditional Medicinals, Organic Nettle Leaf 1.13 oz (16 bags)","[[Grocery & Gourmet Food,Beverages,Coffee, Tea & Cocoa,Tea,Tea Samplers]]"
211,3880,"Pennsylvania Dutch Candies Peanut Brittle, 8-Ounces Boxes (Pack of 4)","[[Grocery & Gourmet Food,Candy & Chocolate,Brittle, Caramel & Toffee,Brittle]]"
212,3895,Diet Snapple Singles to Go Peach Tea (6 Sticks in each box) 4 BOXES,"[[Grocery & Gourmet Food,Beverages,Bottled Beverages, Water & Drink Mixes,Powdered Drink Mixes & Flavorings,Powdered Drink Mixes,Soft Drink Mixes]]"
213,3917,"Lipton K-Cup Packs, Soothe Green Tea, 24 Count","[[Grocery & Gourmet Food,Beverages,Coffee, Tea & Cocoa,Tea,Black]]"
214,3936,"Quaker Instant Oatmeal Cereal, Variety Pack, 76.2 Ounce","[[Grocery & Gourmet Food,Breakfast Foods,Cereals,Oatmeal]]"
215,3965,"Cherries, Tart - 1 Lb Bag / Box Each(DRIED)","[[Grocery & Gourmet Food,Produce,Fresh Fruits,Cherries]]"
216,3973,Toblerone Swiss Milk Chocolate With Honey &amp; Almond Nougat 3.52oz,"[[Grocery & Gourmet Food,Candy & Chocolate,Candy & Chocolate Bars]]"
217,4001,"Annie's Homegrown Gluten Free Cocoa &amp; Vanilla Bunny Cookies, 6.75-Ounce Boxes (Pack of 6)","[[Grocery & Gourmet Food,Breads & Bakery,Cookies,Snickerdoodles]]"
218,4009,"Dr. McDougall's Right Foods Vegan Pilaf Chicken Flavor, 2.7-Ounce Cups ( Pack of 6)","[[Grocery & Gourmet Food,Soups, Stocks & Broths,Vegetable Soups]]"
219,4018,"Lime (Citron Vert) Teisseire all natural Lime (Citron Vert) Syrup 600 ml 20.3oz, One","[[Grocery & Gourmet Food,Beverages,Bottled Beverages, Water & Drink Mixes,Flavor Syrups]]"
220,4027,"Fleischmann's Simply Homemade No Knead Bread Mix, 14 Oz. (Pack of 2) (Multi-grain)","[[Grocery & Gourmet Food,Pantry Staples,Cooking & Baking,Baking Mixes,Breads]]"
221,4033,Dr Oetker Bicarbonate of Soda 200g,"[[Grocery & Gourmet Food,Pantry Staples,Cooking & Baking,Leaveners & Yeasts,Baking Soda]]"
222,4043,"Pop Secret Kettle Flavor, Microwavable Popcorn, 3-Count, 9.6-Ounce Box (Pack of 6)","[[Grocery & Gourmet Food,Snack Foods,Popcorn,Microwave]]"
223,4050,"Trolli &quot;King Size&quot; Large Brite Crawlers Gummi Candy Worms, 5lb Bulk Bag","[[Grocery & Gourmet Food,Candy & Chocolate,Jelly Beans & Gummy Candy,Gummy Candy]]"
224,4057,"Numi Organic Savory Tea Garden Sampler  Pack, 12 Count (Total Net Wt. 1.83 oz)","[[Grocery & Gourmet Food,Beverages,Coffee, Tea & Cocoa,Tea,Black]]"
225,4091,"Glutino Gluten Free Pantry Favorite Sandwich Bread Mix, 22-Ounce Boxes (Pack of 6)","[[Grocery & Gourmet Food,Cooking & Baking,Baking Mixes,Breads]]"
226,4102,"Endangered Species Zebra, Organic Dark (70%) Chocolate Tangerine Essence, 1.4-Ounce Bars (Pack of 16)",[[]]
227,4140,U.S.A Grown Garbanzo Beans 5 LBS | 100% Non-Irradiated | Certified Kosher Parve | Non-GMO Project Verified |Identity Preserved (We tell you which field we grew it in),"[[Grocery & Gourmet Food,Dried Beans, Grains & Rice,Beans,Garbanzo]]"
228,4149,"Wedderspoon 100% Raw Organic Dandelion Honey, 17.6 Ounce","[[Grocery & Gourmet Food,Cooking & Baking,Syrups, Sugars & Sweeteners,Honey]]"
229,4172,Cadbury Curly Wurly Bar from England (Pack 6 Bars),"[[Grocery & Gourmet Food,Candy & Chocolate,Candy & Chocolate Bars]]"
230,4180,"MTR Paneer Butter Masala, 10.58-Ounce Boxes (Pack of 10)","[[Grocery & Gourmet Food,Canned, Jarred & Packaged Foods,Packaged Meals & Side Dishes,Indian Dishes]]"
231,4205,"Milk Chocolate Cordial Cherry (Sugar Free), 1 Lb","[[Grocery & Gourmet Food,Candy & Chocolate,Candy & Chocolate Assortments]]"
232,4209,Virgin Extracts (TM) Premium Raw Freeze Dried Organic Black Raspberry Powder Extract Concentrate 16oz Pouch (5 X Stronger) Black Raspberry Powder Raspberries Superfood,"[[Grocery & Gourmet Food,Pantry Staples,Cooking & Baking,Flavoring Powders]]"
233,4236,Hoosier Hill Farm All American Dairy Whole Milk Powder 1 lb,"[[Grocery & Gourmet Food,Cooking & Baking]]"
234,4240,"Bob's Red Mill  Gluten Free Pizza Crust Mix, 16-Ounce Bags (Pack of 4)","[[Grocery & Gourmet Food,Breads & Bakery,Pizza Crusts]]"
235,4287,"Wild Planet Wild Sardines in Extra Virgin Olive Oil, 4.375-Ounce Tins (Pack of 6)","[[Grocery & Gourmet Food,Canned, Jarred & Packaged Foods,Meat, Poultry & Seafood,Seafood,Sardines]]"
236,4293,6 Color Set of ELECTRIC Colors - 4.5oz Soft Gel Paste Electric Colors Cake Decorating Food Color - The Most popular 6 colors,"[[Grocery & Gourmet Food,Cooking & Baking,Food Coloring]]"
237,4368,"Le Sueur Early June Peas, 15-Ounce (Pack of 8)","[[Grocery & Gourmet Food,Canned, Jarred & Packaged Foods,Beans & Peas]]"
238,4371,"Harney and Sons Tea Bags, Paris, 50 Count. 3.57 Ounce","[[Grocery & Gourmet Food,Beverages,Coffee, Tea & Cocoa,Tea,Green]]"
239,4383,"Dreamfields, Pasta Spaghetti, 13.25-Ounce (20 Pack)","[[Grocery & Gourmet Food,Pasta & Noodles,Pasta,Spaghetti]]"
240,4400,"Nutiva Organic Shelled Hemp Seed, 12-Ounce Pouches (Pack of 2)","[[Grocery & Gourmet Food,Pantry Staples,Cooking & Baking,Nuts & Seeds,Hemp Seeds]]"
241,4404,"Zevia All Natural Soda, Rainbow Case, 12-Ounce Cans (Pack of 24)","[[Grocery & Gourmet Food,Beverages,Bottled Beverages, Water & Drink Mixes,Soft Drinks]]"
242,4422,"ALO Awaken Aloe Vera and Wheatgrass, 16.9-Ounce Bottles (Pack of 12)","[[Grocery & Gourmet Food,Beverages,Bottled Beverages, Water & Drink Mixes,Juices,Fruit Juice]]"
243,4427,Spanish Cocktail Mix Nuts - 1 lb,"[[Grocery & Gourmet Food,Pantry Staples,Cooking & Baking,Nuts & Seeds,Mixed Nuts]]"
244,4434,"Green Mountain Coffee Mocha Nut Fudge, K-Cup Portion Pack for Keurig Brewers 24-Count","[[Grocery & Gourmet Food,Beverages,Coffee, Tea & Cocoa,Coffee,Single-Serve Capsules & Pods]]"
245,4438,"Maruchan Ramen Noodle Soup, Chicken Flavor, 3 oz, 36 Packs",[[]]
246,4479,"Mother Earth Products Dried Zucchini, 1 Full Quart","[[Sports & Outdoors,Outdoor Recreation,Camping & Hiking,Camp Kitchen,Freeze-Dried Food]]"
247,4515,Robertson's Golden Shred Marmalade 16oz (454g) Jar,"[[Grocery & Gourmet Food,Jams, Jellies & Sweet Spreads,Marmalades]]"
248,4516,Judy's Candy Co. Sugar Free Rocky Road Caramels,"[[Grocery & Gourmet Food,Candy & Chocolate,Brittle, Caramel & Toffee,Caramels]]"
249,4518,"Diamond Shelled Walnuts, 10-Ounce","[[Grocery & Gourmet Food,Cooking & Baking,Nuts & Seeds,Walnuts],[Grocery & Gourmet Food,Cooking & Baking,Nuts & Seeds,Walnuts]]"
250,4529,"Plum Kids Organic Crunch 'Ola, Choco Chipster, 5-Count (Pack of 6)","[[Baby Products,Feeding,Baby Foods]]"
251,4536,"CAMERON'S Whole Bean Coffee, Tropical Vanilla, 12-Ounce","[[Grocery & Gourmet Food,Beverages,Coffee, Tea & Cocoa,Coffee,Roasted Coffee Beans]]"
252,4570,"Tophe Pure Rice Bran Oil, 1/2 Gallon","[[Grocery & Gourmet Food,Cooking & Baking,Cooking Oils, Vinegars & Sprays,Oils]]"
253,4574,"Gourmet Basics Smart Fries Classic Sea Salt, 3-Ounce Bags (Pack of 12)","[[Grocery & Gourmet Food,Snack Foods,Chips & Crisps,Potato]]"
254,4585,"A Taste of Thai Wide Rice Noodles, 16-Ounce Boxes (Pack of 6)","[[Grocery & Gourmet Food,Canned, Jarred & Packaged Foods,Packaged Meals & Side Dishes,Asian Dishes]]"
255,4593,"Marie Callender's Chicken Soup Variety 8-pack, 7 Pounds 7 Ounce","[[Grocery & Gourmet Food,Soups, Stocks & Broths,Chicken Soups]]"
256,4622,"Arnold Palmer Half and Half Iced Tea Lemonade Mix, 2.2 Ounce","[[Grocery & Gourmet Food,Beverages,Coffee, Tea & Cocoa,Tea,Iced Tea]]"
257,4628,"Kinnikinnick Angel Food Cake Mix, Gluten Free, 15.9-Ounce (Pack of 3)","[[Grocery & Gourmet Food,Cooking & Baking,Baking Mixes,Cakes]]"
258,4633,"Stretch Island All-Natural Autumn Apple Fruit Strips, 0.5-Ounce Bars (Pack of 30)","[[Grocery & Gourmet Food,Snack Foods,Fruit Leather]]"
259,4649,"Farmers Market Organic Pumpkin, 15-Ounce,(Pack Of 12)","[[Grocery & Gourmet Food,Cooking & Baking,Pie & Pastry Fillings]]"
260,4659,"Lakewood Organic Super Veggie Juice, 32-Ounce Bottles (Pack of 6)","[[Grocery & Gourmet Food,Beverages,Bottled Beverages, Water & Drink Mixes,Juices,Vegetable Juice]]"
261,4685,"FruitChia Strawberry - All Natural / Real Fruit &amp; Chia Seed Bar W/ Omega-3. Gluten-Free, Kosher &amp; Vegan 2-PACK/BARS","[[Grocery & Gourmet Food,Breakfast Foods,Breakfast & Cereal Bars]]"
262,4700,"Kitchens Of India Ready To Eat Pindi Chana, Chick Pea Curry, 10-Ounce Boxes (Pack of 6)","[[Grocery & Gourmet Food,Pantry Staples,Canned, Jarred & Packaged Foods,Packaged Meals & Side Dishes]]"
263,4711,"The Sprout House Dozen Certified Organic Non-gmo Sprouting Seeds Mixes Sampler Small Quantities of Each Seed Mix Holly's, Rainbow Bean Mix, Wisdom Blend, Salad Mix, Veggie Queen Mix, Hi Power Protein Mix, Bean Salad Mix, Lentils Together, Delaware County Mix, Jills Mix, Tasty Broccoli, Clover Mix - Contains These and More: Alfalfa, Radish, Clover, Broccoli, Mung, Green Pea, Fenugreek, Garbanzo, Adzuki,","[[Patio, Lawn & Garden,Gardening & Lawn Care,Plants, Seeds & Bulbs,Vegetables]]"
264,4727,Antimo Caputo &quot;00&quot; Flour 10 Pack 2.2lb Bags,"[[Grocery & Gourmet Food,Pantry Staples,Cooking & Baking,Flours & Meals,Wheat Flours & Meals]]"
265,4745,"Haribo Gold-Bears Minis, 72-Count","[[Grocery & Gourmet Food,Candy & Chocolate,Jelly Beans & Gummy Candy,Gummy Candy]]"
266,4766,"Rishi Tea Turmeric Ginger, 2.47 Ounce","[[Grocery & Gourmet Food,Beverages,Coffee, Tea & Cocoa,Tea]]"
267,4780,"Kraft Macaroni &amp; Cheese Dinner, Spirals, 5.5-Ounce Boxes (Pack of 24)","[[Grocery & Gourmet Food,Pantry Staples,Canned, Jarred & Packaged Foods,Packaged Meals & Side Dishes,Macaroni & Cheese]]"
268,4808,"Traditional Medicinals Organic Ginger, 16-Count Boxes (Pack of 6)","[[Grocery & Gourmet Food,Beverages,Coffee, Tea & Cocoa,Tea,Herbal]]"
269,4820,"Juan Valdez Premium Colombian Coffee, Colina, 10-Ounce","[[Grocery & Gourmet Food,Beverages,Coffee, Tea & Cocoa,Coffee,Ground Coffee]]"
270,4822,"Roland Oil-Cured Whole Black Olives, 5-Pounds Bag","[[Grocery & Gourmet Food,Olives, Pickles & Relishes,Olives,Black]]"
271,4839,Lindt LINDOR Snowman Milk wih White Chocolate Truffle 60ct Box,"[[Grocery & Gourmet Food,Candy & Chocolate,Chocolate & Fudge,Chocolate Truffles]]"
272,4851,"Heartland Malted Vanilla Belgian Waffle - All In One, Complete Mix - 80 Ounce Bag (Pack of 1) 5 lbs.","[[Grocery & Gourmet Food,Cooking & Baking,Baking Mixes,Pancakes & Waffles]]"
273,4852,"Mother Earth Products Dried Onions, Chopped, 1 Full Quart","[[Sports & Outdoors,Outdoor Recreation,Camping & Hiking,Camp Kitchen,Freeze-Dried Food]]"
274,4860,"Harmony House Foods, Dried Corn, Whole, 14 Ounce Quart Size Jar","[[Grocery & Gourmet Food,Canned, Jarred & Packaged Foods,Vegetables]]"
275,4861,"Scharffen Berger Natural Unsweetened Cocoa Powder, 4.4-Pound (2 Kg) Package","[[Grocery & Gourmet Food,Cooking & Baking,Baking Chocolates, Carob & Cocoa,Cocoa]]"
276,4881,"Navitas Naturals Organic Raw Cashews,  1 Pound  Pouch (Pack of 2)","[[Grocery & Gourmet Food,Pantry Staples,Cooking & Baking,Nuts & Seeds,Cashews]]"
277,4882,24 Count - Van Houtte Raspberry Chocolate Truffle Coffee Cup For Keurig K-Cup Brewers,"[[Grocery & Gourmet Food,Beverages,Coffee, Tea & Cocoa,Coffee,Single-Serve Capsules & Pods]]"
278,4923,"Claey's Sanded Ginger, 16 Oz","[[Grocery & Gourmet Food,Candy & Chocolate,Hard Candy & Lollipops,Hard Candy]]"
279,4944,Sweet Heat Caribbean Pepper Sauce by Tortuga (5 ounce),"[[Grocery & Gourmet Food,Pantry Staples,Sauces, Gravies & Marinades,Hot Sauce]]"
280,4945,"Brookside Dark Chocolate, Pomegranate, 32 Ounce","[[Grocery & Gourmet Food,Candy & Chocolate,Candied & Chocolate-covered Snacks,Candied & Chocolate-coated Fruit]]"
281,4948,"Dutch Gold Honey Organic Squeeze, 12-Ounce (Pack of 3)","[[Grocery & Gourmet Food,Pantry Staples,Cooking & Baking,Syrups, Sugars & Sweeteners,Honey]]"
282,4958,"Bob's Red Mill Shredded Coconut Unsweetened, 12-Ounce Bags (Pack of 4)","[[Grocery & Gourmet Food,Pantry Staples,Cooking & Baking,Coconut Flakes]]"
283,5020,"Silk Chocolate All Natural Soymilk, 32-Ounce Aseptic Cartons (Pack of 6)","[[Grocery & Gourmet Food,Dairy, Cheese & Eggs,Non-Dairy Milks,Soy Milk]]"
284,5026,Wild Bill's 1oz Hickory Smoked Beef Jerky Packs (12 beef jerky packs per bag),"[[Grocery & Gourmet Food,Snack Foods,Jerky & Dried Meats]]"
285,5032,"Torani Sugar-Free Syrup, Vanilla, 25.4-Ounce PET Bottles (Pack of 3)","[[Grocery & Gourmet Food,Beverages,Bottled Beverages, Water & Drink Mixes,Flavor Syrups]]"
286,5050,"Fischer &amp; Wieser Razzpotle Roasted Raspberry Chipotle Sauce, 40-Ounce Bottle","[[Grocery & Gourmet Food,Sauces, Gravies & Marinades,Hot Sauce]]"
287,5071,"Harney and Sons Decaf Hot Cinnamon , Decaf Flavored Black 20 Sachets per Tin 1.4oz","[[Grocery & Gourmet Food,Beverages,Coffee, Tea & Cocoa,Tea,Black]]"
288,5076,"McCormick Cinnamon Sticks, 8-Ounce","[[Grocery & Gourmet Food,Pantry Staples,Herbs, Spices & Seasonings,Single Herbs & Spices,Cinnamon]]"
289,5085,Nestle Nesquik Chocolate Flavor - 48.7 oz (85 Servings),"[[Grocery & Gourmet Food,Beverages,Bottled Beverages, Water & Drink Mixes,Powdered Drink Mixes & Flavorings,Chocolate Drink Mixes]]"
290,5090,"Macadamia-Cashew Butter, Raw, Organic, 8 oz.","[[Grocery & Gourmet Food,Pantry Staples,Nut & Seed Butters,Cashew Butter]]"
291,5118,"Blair's Death Sauce with Chipotle and Skull Key Chain, Original, 5 Ounce","[[Grocery & Gourmet Food,Sauces, Gravies & Marinades,Hot Sauce],[Grocery & Gourmet Food,Sauces, Gravies & Marinades,Hot Sauce]]"
292,5120,"Walters Homemade Honey Cranberry &amp; Almond Nougat, 2-Ounce Packages (Pack of 6)","[[Grocery & Gourmet Food,Candy & Chocolate,Candied & Chocolate-Covered Snacks,Nut Clusters]]"
293,5154,"McCormick Sweet &amp; Smoky Rub, 4.76-Ounce Units (Pack of 6)","[[Grocery & Gourmet Food,Pantry Staples,Herbs, Spices & Seasonings,Mixed Spices & Seasonings,Gourmet Rubs]]"
294,5171,Hand Crafted Candy Tin Strawberry Daiquiri Ice Chips Candy 1.76 oz Candy,"[[Grocery & Gourmet Food,Candy & Chocolate,Hard Candy & Lollipops,Hard Candy]]"
295,5206,"CAMERON'S Ground Coffee, Chocolate Mint, 12-Ounce","[[Grocery & Gourmet Food,Beverages,Coffee, Tea & Cocoa,Coffee,Ground Coffee]]"
296,5210,"Dr.Oetker Organic Pudding Mix, Chocolate, 3.5 Ounce (Pack of 12)","[[Grocery & Gourmet Food,Pantry Staples,Cooking & Baking,Pudding & Gelatin,Pudding]]"
297,5223,"Snappy Yellow Popcorn, 4 Pounds","[[Grocery & Gourmet Food,Snack Foods,Popcorn,Unpopped]]"
298,5239,"Mulberries, Dried (1 LB.)",[[]]
299,5252,"Sam Mills Pasta D'Oro Gluten Free Penne Rigate, 1-Pound (Pack of 6)","[[Grocery & Gourmet Food,Pantry Staples,Pasta & Noodles,Pasta,Penne]]"
300,5266,"Bentley's Classic Holiday 12 Teas of Christmas Collection of Premium Teas, Assorted Gift Pack, 96-Count Tea Bags","[[Grocery & Gourmet Food,Food & Beverage Gifts,Coffee & Tea Gifts]]"
301,5281,"Jell-O Instant Pudding &amp; Pie Filling, Lemon, 3.4-Ounce Boxes (Pack of 24)","[[Grocery & Gourmet Food,Cooking & Baking,Pudding & Gelatin,Pudding]]"
302,5285,"Wholesome Sweeteners Organic Stevia, 75-Count (Pack of 3)","[[Grocery & Gourmet Food,Pantry Staples,Cooking & Baking,Sugar Substitutes,Stevia]]"
303,5288,"California Sun-Dried Julienne Cut Sundried Tomatoes in Oil, 8.5 Ounce (Pack of 12)","[[Grocery & Gourmet Food,Produce,Dried Fruits & Vegetables,Dried Vegetables,Sundried Tomatoes]]"
304,5322,PB2 Peanut Butter 6.5oz + 17 Recipe Cards,"[[Grocery & Gourmet Food,Jams, Jellies & Sweet Spreads,Nut & Seed Butters,Peanut Butter]]"
305,5330,"Navitas Naturals Organic Raw Yacon Slices, 4-Ounce Pouches (Pack of 3)","[[Grocery & Gourmet Food,Cooking & Baking,Sugar Substitutes]]"
306,5368,Carnation Instant Nonfat Dry Milk - 4.4 lbs,"[[Grocery & Gourmet Food,Pantry Staples,Cooking & Baking,Condensed & Powdered Milk,Powdered]]"
307,5370,"Santa Cruz Organic Raspberry Chocolate Syrup, 15.5 Ounce","[[Grocery & Gourmet Food,Cooking & Baking,Dessert Syrups & Sauces,Chocolate]]"
308,5372,"Spicy World Whole Black Poppy Seeds, 2 Pound","[[Grocery & Gourmet Food,Herbs, Spices & Seasonings,Single Herbs & Spices,Poppy Seed]]"
309,5410,"Hansen's Raspberry Soda, 12 Ounce Cans (Pack of 24)","[[Grocery & Gourmet Food,Beverages,Bottled Beverages, Water & Drink Mixes,Soft Drinks]]"
310,5412,Sour Cherry Preserve (k.kloni) 16oz,"[[Grocery & Gourmet Food,Jams, Jellies & Sweet Spreads,Jams, Jellies & Preserves]]"
311,5430,One 28 oz Bob's Red Mill Evaporated Cane Juice Sugar,"[[Grocery & Gourmet Food,Cooking & Baking,Syrups, Sugars & Sweeteners,Sugars]]"
312,5477,Raw Redskin Peanuts (Unsalted) 5LB Bag Bulk - We Got Nuts,"[[Grocery & Gourmet Food,Cooking & Baking,Nuts & Seeds,Peanuts]]"
313,5484,Kewpie - Deep-Roasted Sesame Dressing (Net 5.75 Fl. Oz.),"[[Grocery & Gourmet Food,Condiments & Salad Dressings,Salad Dressings,Vinaigrette]]"
314,5487,"Grove Square Salted Caramel Hot Cocoa, 12 Single Serve Cups","[[Grocery & Gourmet Food,Beverages,Coffee, Tea & Cocoa,Cocoa]]"
315,5495,"Harmony House Foods, Dried Tomato Powder, 24 Ounce Quart Size Jar","[[Grocery & Gourmet Food,Pantry Staples,Canned, Jarred & Packaged Foods,Vegetables,Tomatoes,Crushed]]"
316,5499,Tropical Pepper Company Ghost Pepper Naga Jolokia Hot Sauce 5 Fl Oz,"[[Grocery & Gourmet Food,Sauces, Gravies & Marinades,Hot Sauce]]"
317,5562,Nagatanien OTONA NO FURIKAKE Mini #1 | Rice Seasoning | 37.6g ( 20 Pcs ) [ Japanese Import ],"[[Grocery & Gourmet Food,Herbs, Spices & Seasonings,Mixed Spices & Seasonings,Meat Seasoning]]"
318,5568,Bulk Beef Jerky's Sweet-N-Hot Beef Jerky - 1 Lb,"[[Grocery & Gourmet Food,Snack Foods,Jerky & Dried Meats]]"
319,5570,Szeged Sweet and Hot Paprika 5 oz Combo 2 Pack,[[]]
320,5588,"Brothers-ALL-Natural Variety Pack Crisps (Fuji Apple, Asian Pear, Strawberry/Banana),   Single Serve Bags, (pack of 24) (0.556lbs)","[[Grocery & Gourmet Food,Snack Foods,Fruit Snacks]]"
321,5593,"Great River Organic Milling, Organic Specialty Spelt Flour, 25-Pound Package","[[Grocery & Gourmet Food,Pantry Staples,Cooking & Baking,Flours & Meals,Wheat Flours & Meals]]"
322,5604,"MatchaDNA Certified Organic Matcha Tea, 3 oz.","[[Grocery & Gourmet Food,Beverages,Coffee, Tea & Cocoa,Tea,Green]]"
323,5644,One 16 oz Bob's Red Mill Baking Soda,"[[Grocery & Gourmet Food,Pantry Staples,Cooking & Baking,Leaveners & Yeasts,Baking Soda]]"
324,5658,Duke's Trio Gift Pack - Pack of 3- 8 Oz. Jars,[[]]
325,5674,Keebler Town House Flip Sides Original Pretzel Crackers 11.7 Oz. Box (2 Pack),"[[Grocery & Gourmet Food,Snack Foods,Crackers,Wheat]]"
326,5701,Ruffles Cheddar &amp; Sour Cream - 50/1 oz.,"[[Grocery & Gourmet Food,Snack Foods,Chips & Crisps,Potato]]"
327,5718,"Organic Sprouting Seeds Broccoli and Friends 1 Pound Organic Broccoli Seed, Organic Crimson Clover Seed, Organic Red Radish Seed, Organic Alfalfa Seed","[[Patio, Lawn & Garden,Gardening & Lawn Care,Plants, Seeds & Bulbs,Vegetables]]"
328,5729,Euro Cuisine Yogurt Starter,"[[Grocery & Gourmet Food,Cooking & Baking,Leaveners & Yeasts]]"
329,5753,Austin Toasty Crackers With Peanut Butter - 45 Packages,[[]]
330,5761,"Bahlsen Nuss-Dessert Cookies, 4.4-Ounce Boxes (Pack of 12)","[[Grocery & Gourmet Food,Snack Foods,Cookies,Biscuits]]"
331,5806,Cocomels Coconut Milk Caramels Sea Salt -- 3.75 oz,"[[Grocery & Gourmet Food,Candy & Chocolate,Brittle, Caramel & Toffee,Caramels]]"
332,5827,"Skippy Peanut Butter In-a-Cup, 0.5-Ounce Cups (Pack of 100)","[[Grocery & Gourmet Food,Jams, Jellies & Sweet Spreads,Nut & Seed Butters,Peanut Butter]]"
333,5828,Frontier Herb Organic Ceylon Cinnamon Powder (1x1lb),"[[Grocery & Gourmet Food,Herbs, Spices & Seasonings,Single Herbs & Spices,Cinnamon]]"
334,5842,"Fun Sweets Cotton Candy, Classic, 2 Ounce (Pack of 12)","[[Grocery & Gourmet Food,Candy & Chocolate,Jelly Beans & Gummy Candy,Gummy Candy]]"
335,5850,"Carrs Cookies, Ginger Lemon Creme, 7.05-Ounce.","[[Grocery & Gourmet Food,Snack Foods,Cookies,Sandwich]]"
336,5858,"Twizzlers Nibs, Cherry, 2.25-Ounce Packets (Pack of 36)","[[Grocery & Gourmet Food,Candy & Chocolate,Jelly Beans & Gummy Candy,Gummy Candy]]"
337,5883,"Kikkoman Milk Green Tea Organic, 32-ounces (Pack of6)","[[Grocery & Gourmet Food,Beverages,Coffee, Tea & Cocoa,Tea,Green]]"
338,5889,"Montebello Organic Fusili, Italian Macaroni, 16-Ounce Bag (Pack of 5)","[[Grocery & Gourmet Food,Pasta & Noodles,Pasta,Fusilli]]"
339,5896,"Enfagrow Next Step Ready To Drink, Natural Milk, 8.25fL oz,  24 Count","[[Baby Products,Feeding,Baby Foods,Formula]]"
340,5901,"Doctor In The Kitchen Flackers Flax Seed Crackers, Savory, 5-Ounce","[[Grocery & Gourmet Food,Snack Foods,Crackers]]"
341,5908,Wickles Pickles Sweet Pickle Chips (12x16oz),"[[Grocery & Gourmet Food,Olives, Pickles & Relishes,Pickles,Sweet Pickles]]"
342,5942,McCormick Pure Vanilla Extract-16 oz (Pack of 2),"[[Grocery & Gourmet Food,Cooking & Baking,Extracts & Flavoring]]"
343,5975,"Libby's Splenda Sliced Peaches, 23.5-Ounce Jars (Pack of 8)","[[Grocery & Gourmet Food,Canned, Jarred & Packaged Foods,Fruits,Peaches]]"
344,5997,"Bob's Red Mill Oats Whole Groats, 29-Ounce (Pack of 4)","[[Grocery & Gourmet Food,Cooking & Baking,Flours & Meals,Oat Bran]]"
345,5998,"Krusteaz Cinnamon Raisin Supreme Bread Mix, 1 lb 5 oz,  (Pack of 4)","[[Grocery & Gourmet Food,Cooking & Baking,Baking Mixes,Breads]]"
346,6015,Hinterland Trading Air Plant Tillandsia Bromeliads Kit Teardrop Terrarium with Pebbles and Moss Great Little Houseplant,"[[Grocery & Gourmet Food,Fresh Flowers & Live Indoor Plants,Live Indoor Plants,House Plants]]"
347,6017,"Sugar In The Raw Turbinado Sugar, 6-Pound","[[Grocery & Gourmet Food,Pantry Staples,Cooking & Baking,Syrups, Sugars & Sweeteners,Sugars]]"
348,6057,Tuong Ot Sriracha Hot Chili Sauce 28oz,"[[Grocery & Gourmet Food,Sauces, Gravies & Marinades,Hot Sauce]]"
349,6067,"Wafu Original Japanese Vinaigrette Dressing, 9.8-Ounce Bottles (Pack of 4)","[[Grocery & Gourmet Food,Pantry Staples,Condiments & Salad Dressings,Salad Dressings,Vinaigrette]]"
350,6068,Organic Sprouting Seeds Mung Bean 1 Pound - Todd's Seeds,"[[Patio, Lawn & Garden,Gardening & Lawn Care,Plants, Seeds & Bulbs]]"
351,6079,Mae Ploy Thai Yellow Curry Paste - 14 oz jar,"[[Grocery & Gourmet Food,Sauces, Gravies & Marinades,Sauces,Asian,Curry Sauce]]"
352,6081,"Lakewood Organic PURE Pineapple, 32-Ounce Bottles (Pack of 6)","[[Grocery & Gourmet Food,Beverages,Bottled Beverages, Water & Drink Mixes,Juices,Fruit Juice]]"
353,6090,Two Pounds Of Medjool Dates - We Got Nuts,"[[Grocery & Gourmet Food,Produce,Dried Fruits & Vegetables,Dried Fruits,Dried Dates]]"
354,6093,"Stonewall Kitchen Banana Pancake &amp; Waffle Mix, 16-Ounce Cans (Pack of 4)","[[Grocery & Gourmet Food,Cooking & Baking,Baking Mixes,Pancakes & Waffles]]"
355,6117,"SeaBear Smoked Salmon Trio, 18-Ounce Box","[[Grocery & Gourmet Food,Food & Beverage Gifts,Meat & Seafood Gifts]]"
356,6145,"Juan Valdez Premium Colombian Whole Bean Coffee, Volcan, 10-Ounce","[[Grocery & Gourmet Food,Beverages,Coffee, Tea & Cocoa,Coffee,Roasted Coffee Beans]]"
357,6150,Lance Fresh Sandwich Crackers Variety Pack - 36 packs,"[[Grocery & Gourmet Food,Snack Foods,Crackers,Sandwich]]"
358,6157,Swiss Miss Hot Chocolate K-Cup,"[[Grocery & Gourmet Food,Beverages,Coffee, Tea & Cocoa,Cocoa]]"
359,6158,"Knorr Hollandaise Sauce, .9-Ounce Packages (Pack of 12)","[[Grocery & Gourmet Food,Sauces, Gravies & Marinades,Gravies]]"
360,6184,Baja Precious - Extra Virgin Olive Oil from Baja California (750ml Bottle),"[[Grocery & Gourmet Food,Pantry Staples,Cooking & Baking,Cooking Oils, Vinegars & Sprays,Oils,Olive]]"
361,6202,"Jack Links KC Master Barbeque Beef Steak, 1-Ounce (Pack of 12)","[[Grocery & Gourmet Food,Snack Foods,Jerky & Dried Meats]]"
362,6212,"Jansal Valley Raw Walnut Halves and Pieces, 1 Pound","[[Grocery & Gourmet Food,Cooking & Baking,Nuts & Seeds,Walnuts]]"
363,6258,Key Lime Pie Mix,"[[Grocery & Gourmet Food,Cooking & Baking,Baking Mixes]]"
364,6265,"Kirkland Signature Rice Crackers, 48 Ounce","[[Grocery & Gourmet Food,Snack Foods,Crackers]]"
365,6266,Genesis Today Goji Berry Juice -- 32 fl oz,"[[Grocery & Gourmet Food,Beverages,Bottled Beverages, Water & Drink Mixes,Juices,Fruit Juice]]"
366,6319,5 Lb. Bulk Bag Mary Janes Candy,"[[Grocery & Gourmet Food,Candy & Chocolate,Jelly Beans & Gummy Candy,Taffy]]"
367,6323,"Linwoods Ground Flaxseed, Cocoa, Strawberries and Blueberries, 12.7000-Ounce","[[Grocery & Gourmet Food,Herbs, Spices & Seasonings,Single Herbs & Spices,Flax Seed]]"
368,6348,"Welch's Fruit Snacks, Mixed, 66 count, 3.7 Pounds","[[Grocery & Gourmet Food,Snack Foods,Fruit Snacks]]"
369,6414,"Justin's Nut Butter Almond Butter, Classic, 16 Ounce","[[Grocery & Gourmet Food,Pantry Staples,Nut & Seed Butters,Almond Butter]]"
370,6423,"Seneca Cinnamon Apple Chips,2.5-Ounce Bags (Pack of 12)",[[]]
371,6424,Sans Sucre Mousse Mix - Chocolate Cheesecake,"[[Grocery & Gourmet Food,Breads & Bakery,Cakes,Cheesecakes]]"
372,6441,"Anderson's Pure Maple Syrup, Grade B, 32 Ounce (Frustration-Free Packaging)","[[Grocery & Gourmet Food,Cooking & Baking,Syrups, Sugars & Sweeteners,Maple Syrup]]"
373,6443,"Loma Linda Big Franks, 20-Ounce Cans (Pack of 12)",[[]]
374,6458,Brookside Dark Chocolate Acai with Blueberry 2 Pounds Resealable Bag [Misc.],"[[Grocery & Gourmet Food,Candy & Chocolate,Candied & Chocolate-Covered Snacks,Fruit]]"
375,6460,"Pepperidge Farm Goldfish, Pizza, 6.6-ounce bag (pack of 8)","[[Grocery & Gourmet Food,Snack Foods,Crackers,Animal]]"
376,6476,"Bumble Bee Sensations, Sundried Tomato &amp; Basil Tuna Medley, 5-Ounce Cans (Pack of 6)","[[Grocery & Gourmet Food,Canned, Jarred & Packaged Foods,Meat, Poultry & Seafood,Seafood,Tuna Fish]]"
377,6477,"Peeled Snacks Apple-2-the-core, 1.23-Ounce Boxes (Pack of 10)","[[Grocery & Gourmet Food,Produce,Dried Fruits & Vegetables,Dried Fruits,Dried Apples]]"
378,6483,"Pastariso All Natural Brown Rice Elbows, 1-Pound (Pack of 6)",[[]]
379,6491,"Bob's Red Mill Bulgur Red Wheat Ala, 28-Ounce (Pack of 4)","[[Grocery & Gourmet Food,Pantry Staples,Dried Grains & Rice]]"
380,6508,Emerald 100 Calorie Pack Walnuts and Almonds - 7 pks./box,"[[Grocery & Gourmet Food,Cooking & Baking,Nuts & Seeds,Almonds]]"
381,6548,"Guayaki Traditional Mate, Traditional Organic Loose Yerba Mate, 16 Ounce package","[[Grocery & Gourmet Food,Beverages,Coffee, Tea & Cocoa,Tea]]"
382,6597,"Kosher Shabbos Meals, Prepared Ready to Eat. Sabbath Food, Bundle of 11 Items (Its NOT Kosher for Passover)",[[]]
383,6604,"Amy's Light in Sodium Organic Split Pea Soup, 14.1-Ounce Cans (Pack of 12)","[[Grocery & Gourmet Food,Pantry Staples,Soups, Stocks & Broths,Tomato Soups]]"
384,6623,"Marie Callender's Cheese Biscuit Mix, 7-Ounce Pouches (Pack of 12)","[[Grocery & Gourmet Food,Cooking & Baking,Baking Mixes,Biscuits]]"
385,6635,Spicy World Corriander Seeds 7oz,"[[Grocery & Gourmet Food,Herbs, Spices & Seasonings,Single Herbs & Spices,Coriander]]"
386,6644,"Plum Organics Little Yums Teething Wafers, Pumpkin Banana, 3 Ounce",[[]]
387,6667,"Coffee-mate Coffee Creamer, Original Liquid Singles, 0.375-Ounce Creamers (Pack of 180)","[[Grocery & Gourmet Food,Dairy, Cheese & Eggs,Milk & Cream,Coffee Creamers]]"
388,6697,"Grove Square Hot Cocoa, Dark, 24 Count Single Serve Cup for Keurig K-Cup Brewers","[[Grocery & Gourmet Food,Beverages,Coffee, Tea & Cocoa,Cocoa]]"
389,6706,"Heartland Collection, Whole Grain Bread Machine Mixes (Big Sky, Praire Sunflower, Summerhill Irish Oat, Farmhouse Honey Wheat)","[[Grocery & Gourmet Food,Cooking & Baking,Baking Mixes,Breads]]"
390,6720,"V8 Low Sodium 100% Vegetable Juice, 11.5 Ounce Cans (Pack of 24)","[[Grocery & Gourmet Food,Beverages,Bottled Beverages, Water & Drink Mixes,Juices,Vegetable Juice]]"
391,6730,YS Organic Bee Farms Raw Honey -- 2 lbs,"[[Grocery & Gourmet Food,Pantry Staples,Cooking & Baking,Syrups, Sugars & Sweeteners,Honey]]"
392,6744,"Kargher Christmas Nonpareils Dark Chocolate, 16 Oz","[[Grocery & Gourmet Food,Candy & Chocolate,Hard Candy & Lollipops,Hard Candy]]"
393,6752,"Foods Alive Organic Toasted Hemp Seeds with Sea Salt, 14-Ounce Bags (Pack of 3)","[[Grocery & Gourmet Food,Pantry Staples,Cooking & Baking,Nuts & Seeds,Hemp Seeds]]"
394,6771,Celestial Seasonings Southern Sweet Tea 44 K-CUPS for Keurig Brewers,"[[Grocery & Gourmet Food,Beverages,Coffee, Tea & Cocoa,Coffee,Single-Serve Capsules & Pods]]"
395,6790,"Fruit, Cheese and Nuts Delight Fruit Basket","[[Grocery & Gourmet Food,Food & Beverage Gifts,Fruit & Nut Gifts]]"
396,6804,"Healthy Choice Beans &amp; Ham Soup, 15-Ounce Cans (Pack of 12)","[[Grocery & Gourmet Food,Soups, Stocks & Broths,Vegetable Soups]]"
397,6810,"Now Foods Organic Macadamia Oil Pure, 16-Ounce","[[Grocery & Gourmet Food,Cooking & Baking,Nuts & Seeds,Macadamia Nuts]]"
398,6825,"Lawry's Thick Spaghetti Mix, 1.42-Ounce Packets (Pack of 24)","[[Grocery & Gourmet Food,Herbs, Spices & Seasonings,Mixed Spices & Seasonings,Italian Seasoning]]"
399,6827,Pure Matcha Green TEA Frappe Latte Smoothie Powder 250g (8.8oz),"[[Grocery & Gourmet Food,Beverages,Coffee, Tea & Cocoa,Tea,Tea Samplers]]"
400,6828,"Krusteaz Country White Bread Mix, 14-Ounce Boxes (Pack of 12)","[[Grocery & Gourmet Food,Cooking & Baking,Baking Mixes,Breads]]"
401,6837,Mieszko Landrynki Hard Fruit Candy (90g/3.2oz),"[[Grocery & Gourmet Food,Candy & Chocolate,Hard Candy & Lollipops,Hard Candy]]"
402,6839,Wholesome Sweeteners - Organic Molasses Unsulphured - 32 oz.,"[[Grocery & Gourmet Food,Pantry Staples,Cooking & Baking,Syrups, Sugars & Sweeteners,Molasses]]"
403,6866,Ginger People Cooking Sauce Sweet Ginger Chili -- 12.7 fl oz,"[[Grocery & Gourmet Food,Sauces, Gravies & Marinades,Seasoning Mixes],[Grocery & Gourmet Food,Sauces, Gravies & Marinades,Seasoning Mixes]]"
404,6875,"Just Tomatoes Just Peas (8-Ounce ), Large Pouch (Pack of 2)","[[Grocery & Gourmet Food,Snack Foods,Chips & Crisps]]"
405,6877,"Bob's Red Mill Rice Basmati Brown, 27-Ounce (Pack of 4)","[[Grocery & Gourmet Food,Dried Beans, Grains & Rice,Grains & Rice,Basmati]]"
406,6906,"Cafe Escapes Chai Latte, K-Cup Portion Pack for Keurig Brewers, 12-Count (Pack of 3)","[[Grocery & Gourmet Food,Beverages,Coffee, Tea & Cocoa,Coffee,Single-Serve Capsules & Pods]]"
407,6909,Smucker's Natural Creamy Peanut Butter 16 oz,"[[Grocery & Gourmet Food,Pantry Staples,Nut & Seed Butters,Peanut Butter]]"
408,6922,"Bob's Red Mill Organic Golden Flaxseeds, 24-Ounce Packages (Pack of 4)","[[Grocery & Gourmet Food,Herbs, Spices & Seasonings,Single Herbs & Spices,Flax Seed]]"
409,6927,"David Seeds Original Sunflower Seeds, 1.75-ounce Bags (Pack of 24)","[[Grocery & Gourmet Food,Cooking & Baking,Nuts & Seeds,Sunflower Seeds]]"
410,6933,"Armour Hearty Homestyle Cornbeef Hash, 15-Ounce (Pack of 6)",[[]]
411,6954,"Frontier All-Natural Cayenne Pepper, Ground, 1.76-Ounce Bottle","[[Grocery & Gourmet Food,Pantry Staples,Herbs, Spices & Seasonings,Pepper & Peppercorns,Ground Pepper]]"
412,6960,"Pillsbury Sugar Free Chocolate Fudge Brownie Mix, 12.35-Ounce (Pack of 6)",[[]]
413,6967,"Simply Organic Almond Extract, Certified Organic, 2-Ounce Container","[[Grocery & Gourmet Food,Cooking & Baking,Extracts & Flavoring],[Grocery & Gourmet Food,Cooking & Baking,Extracts & Flavoring]]"
414,7002,Tra Chang brand Thai Shrimp Paste 3.1 oz (Sale!!!),"[[Grocery & Gourmet Food,Pantry Staples,Sauces, Gravies & Marinades,Sauces]]"
415,7003,"Miracle Noodle Shirataki Rice, 8-Ounce (Pack of 6)","[[Grocery & Gourmet Food,Pasta & Noodles,Noodles,Shirataki]]"
416,7032,"Ronco Large Elbow Macaroni, 16-Ounce (Pack of 8)","[[Grocery & Gourmet Food,Pantry Staples,Canned, Jarred & Packaged Foods,Packaged Meals & Side Dishes,Macaroni & Cheese]]"
417,7033,"Hershey's Easter Kisses, Milk Chocolate Filled with Coconut Cr&egrave;me, 10-Ounce Packages (Pack of 4)","[[Grocery & Gourmet Food,Candy & Chocolate,Candy & Chocolate Assortments]]"
418,7042,Gloria Jean's Macadamia Cookie Flavored Coffee - 18 K-cups for Keurig Brewer,"[[Grocery & Gourmet Food,Beverages,Coffee, Tea & Cocoa,Coffee,Single-Serve Capsules & Pods]]"
419,7056,"Community Coffee Whole Bean Coffee, French Roast, 12-Ounce Bags (Pack of 3)","[[Grocery & Gourmet Food,Beverages,Coffee, Tea & Cocoa,Coffee,Roasted Coffee Beans]]"
420,7068,"Betty Lou's Cherry Fruit Bar, Gluten Free, 2-Ounce Packages,  12 Count","[[Grocery & Gourmet Food,Candy & Chocolate,Candy & Chocolate Bars]]"
421,7070,"Good Sense Banana Chips, 5.5-Ounce (Pack of 12)","[[Grocery & Gourmet Food,Produce,Dried Fruits & Vegetables,Dried Fruits,Dried Banana Chips]]"
422,7096,"Mary's Gone Crackers Variety Pack with Onion, Herb, Black Pepper, Original, Caraway (5 pack) 6.5oz","[[Grocery & Gourmet Food,Snack Foods,Crackers]]"
423,7110,"Bisquick Pancake and Baking Mix, Gluten-Free, 16-Ounce Boxes (Pack of 3)","[[Grocery & Gourmet Food,Cooking & Baking,Baking Mixes,Pancakes & Waffles]]"
424,7111,Mr Kipling Bramley Apple Pies 6,[[]]
425,7117,DELiCiA Chocolate Truffles with Fine Italian Chocolate Gifts 2 in 1 (NET WT 900 g),"[[Grocery & Gourmet Food,Candy & Chocolate,Chocolate & Fudge,Chocolate Truffles]]"
426,7120,"McCormick 100% Organic, Garlic Powder, 2.25-Ounce Unit","[[Grocery & Gourmet Food,Herbs, Spices & Seasonings,Single Herbs & Spices,Garlic]]"
427,7122,Williamson London Skyline Tea Caddy,"[[Grocery & Gourmet Food,Beverages,Coffee, Tea & Cocoa,Tea,Black]]"
428,7161,"Ridiculous Biscotti with Dark Belgian Chocolate and Crushed Espresso Beans, Topped with More Dark Chocolate",[[]]
429,7186,"Suja - Fuel / Carrot Orange Turmeric - Raw Organic &amp; Cold Pressed Cleanse - Vegetable &amp; Fruit Juice (Apple, Pineapple, Lemon), Buy SIX Bottles and Save, Each Bottle is 16 oz (Pack of 6)","[[Grocery & Gourmet Food,Beverages,Bottled Beverages, Water & Drink Mixes,Juices,Smoothies]]"
430,7188,"Bob's Red Mill Soy Beans, 24-Ounce (Pack of 4)","[[Grocery & Gourmet Food,Dried Beans, Grains & Rice,Beans,Soy]]"
431,7196,Morton Iodized Table Salt - 4lb. box,"[[Grocery & Gourmet Food,Herbs, Spices & Seasonings,Salt & Salt Substitutes,Table Salt]]"
432,7239,"Lundberg Eco-Farmed California Brown Basmati Rice, 25-Pound","[[Grocery & Gourmet Food,Pantry Staples,Dried Grains & Rice,Jasmine]]"
433,7251,"Bergin Nut Company Sesame Stix Oat Bran, 10-Ounce Bag (Pack of 12)","[[Grocery & Gourmet Food,Cooking & Baking,Flours & Meals,Oat Bran]]"
434,7280,"Roland Dried Green Lentils, 17.5-Ounce Boxes (Pack of 12)","[[Grocery & Gourmet Food,Pantry Staples,Dried Beans, Lentils & Peas,Lentils]]"
435,7282,"Maldon Sea Salt Flakes, 8.5 ounce Box","[[Grocery & Gourmet Food,Herbs, Spices & Seasonings,Salt & Salt Substitutes,Sea Salt],[Grocery & Gourmet Food,Herbs, Spices & Seasonings,Salt & Salt Substitutes,Sea Salt]]"
436,7287,"Manischewitz Organic Spelt Matzo Cracker, 10 Ounce","[[Grocery & Gourmet Food,Snack Foods,Crackers,Matzo]]"
437,7295,"Davidson's Tea Bulk, Moroccan Green with Mint, 16-Ounce Bag","[[Grocery & Gourmet Food,Beverages,Coffee, Tea & Cocoa,Tea]]"
438,7336,Asbach Uralt Brandy 4 Filled Bottle Shaped Chocolates with Sugar Crust in Window Gift Box - 100g/3.5oz,[[]]
439,7337,"Rice Krispies Toasted Rice Cereal, 18-Ounce Boxes (Pack of 4)",[[]]
440,7347,"truRoots Organic Quinoa 100% Whole Grain Premium Quality, 4 lbs","[[Grocery & Gourmet Food,Dried Beans, Grains & Rice,Grains & Rice,Quinoa]]"
441,7352,"Bob's Red Mill Gluten Free Whole Grain, Rolled Oats, 32-Ounce Bags (Pack of 4)","[[Grocery & Gourmet Food,Breakfast Foods,Cereals,Oatmeal]]"
442,7358,Cocomels Coconut Milk Caramels Java Java -- 3.75 oz,"[[Grocery & Gourmet Food,Candy & Chocolate,Candy & Chocolate Bars]]"
443,7360,"Lifesavers Rolls - Wild Cherry, 20 rolls","[[Grocery & Gourmet Food,Candy & Chocolate,Hard Candy & Lollipops,Hard Candy]]"
444,7372,"Kashi Simply Maize Cereal, 10.5-Ounce","[[Grocery & Gourmet Food,Breakfast Foods,Cereals,Oatmeal]]"
445,7374,"Mother Earth Products Dried Green Beans, 1 Full Quart","[[Sports & Outdoors,Outdoor Recreation,Camping & Hiking,Camp Kitchen,Freeze-Dried Food]]"
446,7379,"Glutino Gluten Free Crackers, Multigrain, 4.4 Ounce Boxes (Pack of 6)","[[Grocery & Gourmet Food,Snack Foods,Crackers,Assortments & Samplers]]"
447,7386,Nestle Coffeemate Peppermint Mocha Coffee Creamer 15 oz,"[[Grocery & Gourmet Food,Beverages,Coffee, Tea & Cocoa]]"
448,7415,"Dove Dark Chocolate Large Bar, 12-Count, 3.30-Ounce","[[Grocery & Gourmet Food,Candy & Chocolate,Candy & Chocolate Bars]]"
449,7439,Skeeter Snacks Nut Free Chocolate Chunk Cookies 3 Trays (18 Individual Packets = 36 Large Cookies),"[[Grocery & Gourmet Food,Snack Foods,Cookies,Chocolate Chip]]"
450,7442,"Slim Jim Freakin' Hot Jalapeno Snack Sticks, 0.28 Ounce, 15 Count","[[Grocery & Gourmet Food,Snack Foods,Meat Snacks,Jerky]]"
451,7447,"Crystal Hot Sauce, 1 gallon, pack of 4","[[Grocery & Gourmet Food,Sauces, Gravies & Marinades,Hot Sauce]]"
452,7457,"Raw Sweet Mesquite Powder (Organic), 16-ounce","[[Grocery & Gourmet Food,Cooking & Baking,Baking Chocolates, Carob & Cocoa,Carob]]"
453,7459,"Go Raw Spirulina Energy Bar,  14 gram Bars, 10 Count","[[Grocery & Gourmet Food,Snack Foods,Bars,Fruit Bars]]"
454,7462,"Lipton Tea Bags, Cup Size 100Count,  8 Ounce Boxes (Pack of 4)","[[Grocery & Gourmet Food,Beverages,Coffee, Tea & Cocoa,Tea,Black]]"
455,7472,"Mother Earth Products Freeze Dried Raspberries, 1 Full Quart","[[Grocery & Gourmet Food,Produce,Dried Fruits & Vegetables,Dried Fruits,Dried Berries]]"
456,7492,"Woodear, First Quality - 12oz Bag / Box Each","[[Grocery & Gourmet Food,Canned, Jarred & Packaged Foods,Vegetables,Mushrooms]]"
457,7505,"Mother Earth Products Dried Leek Rings, Green Onions, 1 Full Quart","[[Sports & Outdoors,Outdoor Recreation,Camping & Hiking,Camp Kitchen,Freeze-Dried Food]]"
458,7508,"Laxmi Paste, Ginger Garlic, 24 Ounce","[[Grocery & Gourmet Food,Pantry Staples,Herbs, Spices & Seasonings,Single Herbs & Spices,Ginger]]"
459,7509,Jet Tea Mango Mania Smoothie Mix 64 oz,"[[Grocery & Gourmet Food,Beverages,Bottled Beverages, Water & Drink Mixes,Juices]]"
460,7518,"Betty Crocker Supermoist Cake Mix, Butter Recipe Yellow, 15.25-Ounce (Pack of 6)","[[Grocery & Gourmet Food,Cooking & Baking,Baking Mixes,Cakes]]"
461,7522,"Let's Do Organic Shredded, Unsweetened Coconut, 8-Ounce Packages (Pack of 12)","[[Grocery & Gourmet Food,Cooking & Baking,Coconut Flakes]]"
462,7554,Planters Fancy Whole Cashews with Sea Salt - 33 oz,"[[Grocery & Gourmet Food,Cooking & Baking,Nuts & Seeds,Cashews]]"
463,7562,"Gustaf's Black Licorice Drops, 5.2 oz Bags in a Gift Box (Pack of 3)","[[Grocery & Gourmet Food,Candy & Chocolate,Jelly Beans & Gummy Candy,Licorice]]"
464,7573,Dave's Original Insanity Hot Sauce - 5oz,"[[Grocery & Gourmet Food,Sauces, Gravies & Marinades,Hot Sauce],[Grocery & Gourmet Food,Sauces, Gravies & Marinades,Hot Sauce]]"
465,7597,"Special K Bars, Chocolatey Pretzel, 6-Count Bars Net Wt 4.6 Oz  (Pack of 6)","[[Health & Household,Vitamins & Dietary Supplements,Weight Loss]]"
466,7601,"Great River Organic Milling, Organic Specialty Corn Flour, 25-Pound Package","[[Grocery & Gourmet Food,Cooking & Baking,Flours & Meals,Corn]]"
467,7629,"Now Foods White Chia Seeds, 1-Pound","[[Grocery & Gourmet Food,Cooking & Baking,Nuts & Seeds,Chia Seeds]]"
468,7632,"Hodgson Mill Barley Bread Mix, 16-Ounce Units (Pack of 6)",[[]]
469,7642,Fiber One 90 Calorie Coffee Cake 38 Count,"[[Grocery & Gourmet Food,Breads & Bakery,Cakes]]"
470,7683,"Celestial Seasonings Lemon Zinger Herbal Tea, K-Cup Portion Pack for Keurig K-Cup Brewers, 24-Count","[[Grocery & Gourmet Food,Beverages,Coffee, Tea & Cocoa,Tea,Herbal]]"
471,7687,Krave Citrus Basil Jerky (Turkey),"[[Grocery & Gourmet Food,Snack Foods,Jerky & Dried Meats]]"
472,7696,"Snappy Popcorn 1 Gallon Colored Coconut Oil, 8 Pound","[[Grocery & Gourmet Food,Snack Foods,Popcorn,Unpopped]]"
473,7701,"Santa Fe Bean Co., Instant Fat Free Vegetarian Refried Beans, 7.25-Ounce Pack (Pack of 8)","[[Grocery & Gourmet Food,Dried Beans, Grains & Rice,Beans]]"
474,7721,"Harney and Sons Fine Teas, White Peach, 20 Sachets","[[Grocery & Gourmet Food,Beverages,Coffee, Tea & Cocoa,Tea,White]]"
475,7730,Pacific Coast Deluxe Dried Fruit Tray with Nuts Gift,"[[Grocery & Gourmet Food,Food & Beverage Gifts,Fruit & Nut Gifts]]"
476,7755,"Sun-dried Apricots (Organic, Unsulphured), 24-ounce","[[Grocery & Gourmet Food,Produce,Dried Fruits & Vegetables,Dried Fruits,Dried Apricots]]"
477,7767,"Kashi Heart to Heart Instant Oatmeal, Apple Cinnamon, 8-Count 12.1 oz  Boxes (Pack of 6)","[[Grocery & Gourmet Food,Breakfast Foods,Cereals,Oatmeal]]"
478,7779,"Snyder's of Hanover, Bacon &amp; Cheddar Pretzel Pieces, 12oz Bag (Pack of 3)","[[Grocery & Gourmet Food,Snack Foods,Pretzels]]"
479,7796,"Ragu Chunky Pasta Sauce,  Tomato Garlic &amp; Onion, 45 Ounce Bottles (Pack of 4)",[[]]
480,7806,"Equal Exchange Organic Coffee, Mind Body Soul, Whole Bean, 12 Ounce Bag","[[Grocery & Gourmet Food,Beverages,Coffee, Tea & Cocoa,Coffee,Roasted Coffee Beans]]"
481,7820,C &amp; F Premium Organic Quinoa 4lbs,"[[Grocery & Gourmet Food,Pantry Staples,Dried Grains & Rice,Quinoa]]"
482,7839,"Diamond 04231 Chopped Walnuts, 8 oz Bag","[[Grocery & Gourmet Food,Pantry Staples,Cooking & Baking,Nuts & Seeds,Walnuts]]"
483,7855,Popcorners All Natural Popped Corn Chips Gluten Free Kettle -- 5 oz (One bag),"[[Grocery & Gourmet Food,Snack Foods,Chips & Crisps,Corn]]"
484,7856,"Davidson's Tea Bulk Organic Spearmint Leaves, 16-Ounce Bag","[[Grocery & Gourmet Food,Beverages,Coffee, Tea & Cocoa,Tea]]"
485,7860,Black Minute Pearls (2.2-lb),"[[Grocery & Gourmet Food,Beverages,Coffee, Tea & Cocoa,Coffee Substitutes]]"
486,7873,"Tortuga Original Caribbean Rum Cake, 16-Ounce Cake","[[Grocery & Gourmet Food,Breads & Bakery,Cakes]]"
487,7890,"Lipton, Black Tea, Cold Brew, Family Size Tea Bags, 22-Count Boxes (Pack of 3)","[[Grocery & Gourmet Food,Beverages,Coffee, Tea & Cocoa,Tea,Black]]"
488,7896,"Grey Poupon Mustard Jar, Country Dijon, 8 Ounce","[[Grocery & Gourmet Food,Pantry Staples,Condiments & Salad Dressings,Mustard,Dijon Mustard]]"
489,7899,Sir Kensingtons Classic Scooping Ketchup (11 ounce),"[[Grocery & Gourmet Food,Pantry Staples,Condiments & Salad Dressings,Ketchup]]"
490,7910,"Eden Organic Pinto Beans, No Salt Added, 15-Ounce Cans (Pack of 12)","[[Grocery & Gourmet Food,Canned, Jarred & Packaged Foods,Beans & Peas,Pinto Beans]]"
491,7921,"Haribo Gummi Candy, Black Licorice Wheels, 5-Pound Bag","[[Grocery & Gourmet Food,Candy & Chocolate,Jelly Beans & Gummy Candy,Gummy Candy]]"
492,7954,Garam Masala 7oz,"[[Grocery & Gourmet Food,Herbs, Spices & Seasonings,Mixed Spices & Seasonings,Garam Masala]]"
493,7961,"Spicy World Sugar Coated Fennel Seeds, 14 Ounce","[[Grocery & Gourmet Food,Herbs, Spices & Seasonings,Single Herbs & Spices,Fennel Seed]]"
494,7966,"Ritter Sport Bars, Milk Chocolate with Whole Hazelnuts, 3.5 Ounce (Pack of 10)","[[Grocery & Gourmet Food,Candy & Chocolate,Candy & Chocolate Bars]]"
495,7969,"Green Mountain Coffee Decaf Dark Magic, 24-Count K-Cups for Keurig Brewers (Pack of 2)","[[Grocery & Gourmet Food,Beverages,Coffee, Tea & Cocoa,Coffee,Single-Serve Capsules & Pods]]"
496,7974,"Crown Prince Natural Kipper Snacks - Low in Sodium, 3.25 Ounce Cans (Pack of 18)","[[Grocery & Gourmet Food,Meat & Seafood,Seafood]]"
497,8020,"Ben's Sugar Shack, Pure Maple Candy, 1.5 Ounce","[[Grocery & Gourmet Food,Candy & Chocolate,Hard Candy & Lollipops,Hard Candy]]"
498,8036,"Tasty Brand Organic Fruit Snacks, Mixed Fruit Flavors, 0.8-Ounce Pouches, 24-Count","[[Grocery & Gourmet Food,Candy & Chocolate,Jelly Beans & Gummy Candy,Gummy Candy]]"
499,8041,"Bounty Chocolate Bars, 12-Count","[[Grocery & Gourmet Food,Candy & Chocolate,Candy & Chocolate Bars]]"
500,8046,"Knorr Rice Sides, Creole Garlic Butter, 5.5 Ounce (Pack of 12)","[[Grocery & Gourmet Food,Pantry Staples,Canned, Jarred & Packaged Foods,Packaged Meals & Side Dishes,Rice Dishes,Risotto]]"
501,8060,"Kitchens Of India Curry Paste For Lamb Curry, 3.5-Ounce Boxes (Pack of 6)","[[Grocery & Gourmet Food,Pantry Staples,Sauces, Gravies & Marinades,Sauces,Asian,Curry Sauce]]"
502,8078,VITAZEST TRIAL PACK - 5 Drink Mix Packets ALL flavors (Sugar Free &amp; Vitamin enriched &amp; Diabetic Friendly),"[[Grocery & Gourmet Food,Beverages,Bottled Beverages, Water & Drink Mixes,Powdered Drink Mixes & Flavorings,Powdered Drink Mixes,Soft Drink Mixes]]"
503,8081,"Diedrich Coffee Morning Edition Blend Keurig K-Cups, 24-Count","[[Grocery & Gourmet Food,Beverages,Coffee, Tea & Cocoa,Coffee,Single-Serve Capsules & Pods]]"
504,8091,Bragg Organic Sprinkle Seasoning 1.50 Ounces,"[[Grocery & Gourmet Food,Herbs, Spices & Seasonings,Mixed Spices & Seasonings]]"
505,8094,Sambazon Blended Breakfast Smoothie 10.5 fl oz (12 Pack),"[[Grocery & Gourmet Food,Beverages,Bottled Beverages, Water & Drink Mixes,Juices]]"
506,8112,"Bear Naked All Natural Granola, Banana Nut, 12-Ounce Pouches (Pack of 6)","[[Grocery & Gourmet Food,Breakfast Foods,Cereals,Granola]]"
507,8138,"Sour Patch Kids,Net Weight 46 Ounces, 240-Count Individually Wrapped","[[Grocery & Gourmet Food,Candy & Chocolate,Jelly Beans & Gummy Candy,Gummy Candy]]"
508,8157,"Boost Original Chocolate Ready To Drink,8 oz  Pack of 12","[[Health & Household,Sports Nutrition]]"
509,8158,"Keurig, Newman's Own Organics, Newman's Special Blend, K-Cup Portion Packs","[[Grocery & Gourmet Food,Beverages,Coffee, Tea & Cocoa,Coffee,Single-Serve Capsules & Pods]]"
510,8174,Choffy - Volta Dark 12oz.,"[[Grocery & Gourmet Food,Beverages,Coffee, Tea & Cocoa,Cocoa]]"
511,8180,"Donut House Collection Green Mountain Coffee Light Roast Coffee,  K-Cup Portion Pack for Keurig K-Cup Brewers, 24-Count","[[Grocery & Gourmet Food,Beverages,Coffee, Tea & Cocoa,Coffee,Single-Serve Capsules & Pods]]"
512,8182,"A L'Olivier Olive Oil Infused with Basil, 8.3 Ounce Tin in a Gift Box","[[Grocery & Gourmet Food,Food & Beverage Gifts]]"
513,8186,"Cameron's Gold Cup Whole Bean Coffee, 32-Ounce Bag",[[]]
514,8193,"Yogi Honey Lavender Stress Relief Tea, 16 Tea Bags","[[Grocery & Gourmet Food,Beverages,Coffee, Tea & Cocoa,Tea,Herbal]]"
515,8213,Chosen Foods Organic Grown Raw Chia Seeds 1 Pound Bag - Non GMO Verified 16 Oz Black Chia Seed Perfect for Smoothies and Other Recipes &amp; Drinks - Grown in Bolivia - Shipped From USA,"[[Grocery & Gourmet Food,Cooking & Baking,Nuts & Seeds,Chia Seeds]]"
516,8214,"Sevigny's Thin Ribbon Candy - Made in USA. 7 Oz. Box, (2 Pack)","[[Grocery & Gourmet Food,Candy & Chocolate,Hard Candy & Lollipops,Hard Candy]]"
517,8240,"Cacao Barry Cocoa B Chocolate Flakes, Paillete, 2.2 Lb (Pack of 1)","[[Grocery & Gourmet Food,Cooking & Baking,Baking Chocolates, Carob & Cocoa,Cocoa]]"
518,8272,"Red Monkey Foods Roasted Garlic and Savory Herb Spice Grinder Blend, 2.2-Ounce Bottles (Pack of 6)","[[Grocery & Gourmet Food,Herbs, Spices & Seasonings,Mixed Spices & Seasonings]]"
519,8288,Fazer &quot;Blue&quot; Milk Chocolate Gift Box 320g Box - Individual wrapped pieces,"[[Grocery & Gourmet Food,Food & Beverage Gifts,Candy & Chocolate Gifts]]"
520,8346,Pringles Nacho Cheese Tortilla Crisps (2-pack),"[[Grocery & Gourmet Food,Snack Foods,Chips & Crisps,Tortilla]]"
521,8352,"Lakewood Organic PURE Concord Grape Juice, 32-Ounce Bottles (Pack of 6)","[[Grocery & Gourmet Food,Beverages,Bottled Beverages, Water & Drink Mixes,Juices,Fruit Juice]]"
522,8365,"Del Monte Leaf Spinach, 7.75-Ounce (Pack of 12)","[[Grocery & Gourmet Food,Pantry Staples,Canned, Jarred & Packaged Foods,Vegetables]]"
523,8367,"Late July Organic Snacks Chips, SubLime Multigrain, 5.5 Ounce (Pack of 12)","[[Grocery & Gourmet Food,Snack Foods,Chips & Crisps,Tortilla]]"
524,8391,"SodaStream MyWater Flavor Essence, 3 Pack - Raspberry (1.35 fl. oz.)","[[Grocery & Gourmet Food,Beverages,Bottled Beverages, Water & Drink Mixes,Juices]]"
525,8402,"Hodgson Mill Gluten Free Brown Rice All Natural Penne Pasta with Milled Flaxseed, 8-Ounce Boxes (Pack of 6)","[[Grocery & Gourmet Food,Pantry Staples,Pasta & Noodles,Pasta,Penne]]"
526,8413,Fine Ground Malabar Pepper,"[[Grocery & Gourmet Food,Herbs, Spices & Seasonings,Pepper & Peppercorns,Ground Pepper]]"
527,8414,"Carolyn's Handmade Gourmet Silver Rooftop Gift Box, Roasted and Salted Pistachios, 4.5 ounce","[[Grocery & Gourmet Food,Pantry Staples,Cooking & Baking,Nuts & Seeds]]"
528,8418,"Celestial Seasonings Green Tea, Decaf Mint, 20-Count Tea Bags (Pack of 6)","[[Grocery & Gourmet Food,Beverages,Coffee, Tea & Cocoa,Tea,Green]]"
529,8455,"Gin Gins Super Strength Caramel, 1lb Bag Ginger Candy","[[Grocery & Gourmet Food,Candy & Chocolate,Ginger Candy]]"
530,8461,"Gerber 1st Foods Organic Prunes, 2-Count, 2.5-Ounce Tubs (Pack of 8)",[[]]
531,8474,"Diamond Hazelnuts, Shelled, 10-Ounce Bags (Pack of 6)","[[Grocery & Gourmet Food,Cooking & Baking,Nuts & Seeds]]"
532,8491,Kikkoman - Instant Tofu-Spinach Miso Soup Mix (9 Pockets in 3 Packs) -3.15 Oz,"[[Grocery & Gourmet Food,Soups, Stocks & Broths,Miso Soups]]"
533,8516,Colmans Classic Mint Sauce 250ml,"[[Grocery & Gourmet Food,Sauces, Gravies & Marinades,Hot Sauce]]"
534,8517,Fox's u-bet 20-Oz. Raspberry Syrup,"[[Grocery & Gourmet Food,Cooking & Baking,Dessert Syrups & Sauces,Chocolate]]"
535,8523,Mars M&amp;M Mars Single Bar Variety Pack (Pack of 30),"[[Grocery & Gourmet Food,Candy & Chocolate,Candy & Chocolate Bars]]"
536,8665,"Amy's Light in Sodium Organic Traditional Refried Beans, 15.4-Ounce Cans (Pack of 12)","[[Grocery & Gourmet Food,Pantry Staples,Canned, Jarred & Packaged Foods,Beans & Peas,Refried Beans]]"
537,8673,"Simply Shari's Gluten Free Cookie Bites, Shortbread, 6.5-Ounce Pouches (Pack of 4)","[[Grocery & Gourmet Food,Snack Foods,Cookies,Shortbread]]"
538,8682,"More Than Gourmet Glace De Volaille Gold Roasted Turkey Stock, 1.5 Ounce Packages (Pack of 6)","[[Grocery & Gourmet Food,Pantry Staples,Soups, Stocks & Broths,Broths]]"
539,8686,"Candy Jawbreakers, 5lb. Individual Wrapped","[[Grocery & Gourmet Food,Candy & Chocolate,Hard Candy & Lollipops,Hard Candy]]"
540,8707,"Alpine Spiced Cider, Sugar-free Apple Flavor Drink Mix, 1 Box of 10 Pouches","[[Grocery & Gourmet Food,Beverages,Bottled Beverages, Water & Drink Mixes,Powdered Drink Mixes & Flavorings,Powdered Drink Mixes]]"
541,8720,"Bob's Red Mill Original Whole Grain No Fat Natural Granola, 12-Ounce Bags (Pack of 4)","[[Grocery & Gourmet Food,Breakfast Foods,Cereals,Granola]]"
542,8740,Mrs. Fields Jumbo Individually Wrapped Chocolate Chip Cookies (12 count),"[[Grocery & Gourmet Food,Snack Foods,Cookies,Chocolate Chip]]"
543,8796,"Eight O'Clock Coffee, Decaffeinated Ground, 12-Ounce Bag (Pack of 4)","[[Grocery & Gourmet Food,Beverages,Coffee, Tea & Cocoa,Coffee,Ground Coffee]]"
544,8826,"Love Grown Foods Oat Clusters and Love, Apple Walnut Delight, 12-Ounce (Pack of 3)","[[Grocery & Gourmet Food,Breakfast Foods,Cereals,Oatmeal]]"
545,8848,"Christopher Bean Coffee Flavored Ground Coffee, Butter Pecan, 12 Ounce","[[Grocery & Gourmet Food,Beverages,Coffee, Tea & Cocoa,Coffee,Ground Coffee]]"
546,8867,"Coffee Bean Direct Dark Sumatra Gayoland, Organic Fair Trade Whole Bean Coffee, 5-Pound Bag","[[Grocery & Gourmet Food,Beverages,Coffee, Tea & Cocoa,Coffee,Roasted Coffee Beans]]"
547,8869,"Quoc Viet Foods Beef Flavored &quot;Pho&quot; Soup Base, 10 oz jar (1 unit)","[[Grocery & Gourmet Food,Soups, Stocks & Broths,Beef Soups]]"
548,8895,TABASCO brand SWEET &amp; Spicy Pepper Sauce 5oz.,"[[Grocery & Gourmet Food,Sauces, Gravies & Marinades,Hot Sauce]]"
549,8919,"Grove Square Cappuccino Single Serve Cappuccino Cups, Hazelnut, Single serve cups for Keurig Brewers, 24 ct","[[Grocery & Gourmet Food,Beverages,Coffee, Tea & Cocoa,Coffee,Single-Serve Capsules & Pods]]"
550,8952,"Dole Mandarin in 100% Fruit Juice, 4-Ounce Cups (Pack of 24)","[[Grocery & Gourmet Food,Pantry Staples,Canned, Jarred & Packaged Foods,Fruits,Pears]]"
551,8957,"True Lime Bulk Dispenser Pack, 100 Count (2.82oz)","[[Grocery & Gourmet Food,Beverages,Bottled Beverages, Water & Drink Mixes,Juices,Fruit Juice]]"
552,8958,"Nestle Hot Cocoa Mix, Rich Chocolate with Mini Marshmallows, 0.71-Ounce Packages (Pack of 300)","[[Grocery & Gourmet Food,Beverages,Coffee, Tea & Cocoa,Cocoa]]"
553,8994,"Orville Redenbacher's Ready to Eat Popcorn, Brown Sugar Cinnamon, 6 Ounce","[[Grocery & Gourmet Food,Snack Foods,Popcorn,Microwave]]"
554,8995,Candy Crate Kooky Kid Crazy Candy Gift Box,"[[Grocery & Gourmet Food,Food & Beverage Gifts,Candy & Chocolate Gifts]]"
555,9000,Uncle Luke's 100% Pure Maple Syrup - 32oz.,"[[Grocery & Gourmet Food,Pantry Staples,Cooking & Baking,Syrups, Sugars & Sweeteners,Maple Syrup]]"
556,9020,"Bob's Red Mill Corn Popcorn White, 27-Ounce (Pack of 4)","[[Grocery & Gourmet Food,Snack Foods,Popcorn,Unpopped]]"
557,9032,"Chef Paul Prudhomme's Magic Seasoning Blends ~ Magic Pepper Sauce, 3.25 fl. Oz. Bottle","[[Grocery & Gourmet Food,Pantry Staples,Sauces, Gravies & Marinades,Hot Sauce]]"
558,9033,"Green Mountain Coffee Breakfast Blend for Keurig Brewers, 24-Count K-Cups (Pack of 2)","[[Grocery & Gourmet Food,Beverages,Coffee, Tea & Cocoa,Coffee,Single-Serve Capsules & Pods]]"
559,9046,Cracked Freekeh - 2 Lbs,"[[Grocery & Gourmet Food,Dried Beans, Grains & Rice,Grains & Rice,Brown]]"
560,9065,Tassimo Gevalia Pumpkin Spice Latte,"[[Grocery & Gourmet Food,Beverages,Coffee, Tea & Cocoa,Coffee,Single-Serve Capsules & Pods]]"
561,9066,"Amy's Organic Lentil Vegetable Low Salt Soup, 14.5-Ounce Cans (Pack of 12)","[[Grocery & Gourmet Food,Pantry Staples,Soups, Stocks & Broths,Vegetable Soups]]"
562,9079,One 16 oz Bob's Red Mill Organic Coconut Flour,"[[Grocery & Gourmet Food,Pantry Staples,Cooking & Baking,Flours & Meals,Wheat Flours & Meals]]"
563,9081,Barrie House Kenya Estate - AA Single Cup Capsule (24 Capsules),"[[Grocery & Gourmet Food,Beverages,Coffee, Tea & Cocoa,Coffee,Single-Serve Capsules & Pods]]"
564,9088,"Tuldys Authentic Texmex Enchilada Sauce Mix, Pack of 3","[[Grocery & Gourmet Food,Sauces, Gravies & Marinades,Sauces,Spanish & Mexican,Enchilada Sauce]]"
565,9095,Uncle Johns Sorghum Molasses 15 Ozs Glass Pint,"[[Grocery & Gourmet Food,Cooking & Baking,Syrups, Sugars & Sweeteners,Molasses]]"
566,9098,"Snapple Peach Iced Tea Keurig K-Cups, 16 Count","[[Grocery & Gourmet Food,Beverages,Coffee, Tea & Cocoa,Tea,Iced Tea]]"
567,9131,"Made In Nature Organic Plums, Pitted, Dried and Unsulfured, 6-Ounce Bags (Pack of 6)","[[Grocery & Gourmet Food,Produce]]"
568,9145,"Schar Naturally Gluten-Free Spaghetti, 12-Ounce Packages (Pack of 5)","[[Grocery & Gourmet Food,Pasta & Noodles,Pasta,Spaghetti]]"
569,9164,"CK Products 16 Ounce Bag of Non Pareil, Pink","[[Grocery & Gourmet Food,Cooking & Baking,Frosting, Icing & Decorations,Sprinkles & Glitters,Sprinkles]]"
570,9166,"MTR Bisibele Bhath, 10.58 Ounce Boxes (Pack of 10)",[[]]
571,9188,Organic India - Tulsi Loose Leaf Tea Raspberry Peach - 3.5 oz.,"[[Grocery & Gourmet Food,Beverages,Coffee, Tea & Cocoa,Tea,Herbal]]"
572,9226,Chefmaster Food Coloring Kit: Ten 1-Ounce Colors,"[[Grocery & Gourmet Food,Cooking & Baking,Food Coloring]]"
573,9227,"Gerber Graduates Fruit and Veggie Melts, Truly Tropical Blend, 1 Ounce (Pack of 7)","[[Baby Products,Feeding,Baby Foods,Meals]]"
574,9232,"Signature's Cashew Cluster with Almonds and Pumpkin seeds, 32 Ounce","[[Grocery & Gourmet Food,Pantry Staples,Cooking & Baking,Nuts & Seeds,Mixed Nuts]]"
575,9250,"Amish Kitchen Noodles, Extra Wide, 12-Ounce Bags (Pack of 12)","[[Grocery & Gourmet Food,Pantry Staples,Pasta & Noodles,Noodles,Egg]]"
576,9266,"Stash Tea Organic Jasmine Green Loose Leaf Tea, 3.5 Ounce Pouch","[[Grocery & Gourmet Food,Beverages,Coffee, Tea & Cocoa,Tea,Green]]"
577,9283,Danny's World 54 Pod Coffee Organizer,"[[Grocery & Gourmet Food,Beverages,Coffee, Tea & Cocoa,Coffee,Single-Serve Capsules & Pods]]"
578,9315,"Arrowhead Mills Gluten Free Steel Cut Oats Hot Cereal, 24 Ounce","[[Grocery & Gourmet Food,Breakfast Foods,Cereals,Oatmeal]]"
579,9341,Buffalo Bills 0.44oz Teriyaki Shredded Beef Jerky Chew (12 cans of teriyaki jerky chew per roll),"[[Grocery & Gourmet Food,Snack Foods,Jerky & Dried Meats]]"
580,9347,Choffy - Ivory Coast 12oz.,"[[Grocery & Gourmet Food,Beverages,Coffee, Tea & Cocoa]]"
581,9375,Indomie Instant Noodles Soup Chicken Curry Flavor for 1 Case (30 Bags),"[[Grocery & Gourmet Food,Pantry Staples,Soups, Stocks & Broths,Noodle Soups]]"
582,9390,"Frontier Mustard Seed, Brown Mustard Whole Certified Organic, 16 Ounce Bags (Pack of 3)","[[Grocery & Gourmet Food,Herbs, Spices & Seasonings,Single Herbs & Spices,Mustard]]"
583,9397,"Brew and Save Refillable Single-cup (coffee or tea or cider) for Keurig K-Cup Brewers, 2 Count",[[]]
584,9415,NOCCIOLA SPREAD - Low Sugar/Gluten Free HAZELNUT AND COCOA SPREAD. 16 Oz Jar,"[[Grocery & Gourmet Food,Jams, Jellies & Sweet Spreads,Chocolate & Hazelnut Spreads]]"
585,9416,"Gimbal's Fine Candies Black Licorice Scottie Dogs, 10-Pound Case","[[Grocery & Gourmet Food,Candy & Chocolate,Jelly Beans & Gummy Candy,Licorice]]"
586,9435,"Earth's Best Organic Original Crunchin' Crackers, 5.3 Ounce Boxes (Pack of 6)","[[Baby Products,Feeding,Baby Foods,Snack Foods]]"
587,9452,"Copper Moon Aroma-Cup, Kona, 20 Count",[[]]
588,9465,Walden Farms Peanut Spread Gluten Free Cinnamon Raisin -- 12 oz,"[[Grocery & Gourmet Food,Pantry Staples,Nut & Seed Butters,Peanut Butter]]"
589,9471,"Blue Diamond Almonds  Bold  Wasabi &amp; Soy Sauce, Value Pack, 16-Ounce (Pack of 3)","[[Grocery & Gourmet Food,Cooking & Baking,Nuts & Seeds,Almonds]]"
590,9493,"Signature's Walnuts, 3 Pounds","[[Grocery & Gourmet Food,Cooking & Baking,Nuts & Seeds,Walnuts]]"
591,9516,"Jansal Valley Dried Jackfruit, 1 Pound","[[Grocery & Gourmet Food,Snack Foods,Fruit Leather]]"
592,9522,"Fiber One Chewy Bars, Oats and Chocolate, 5-Count Boxes (Pack of 12)","[[Grocery & Gourmet Food,Breakfast Foods,Breakfast & Cereal Bars]]"
593,9531,Starbucks Vanilla Syrup (1-L.),"[[Grocery & Gourmet Food,Beverages,Bottled Beverages, Water & Drink Mixes,Flavor Syrups]]"
594,9541,"Lemon Drops, 5 lbs","[[Grocery & Gourmet Food,Candy & Chocolate,Hard Candy & Lollipops,Hard Candy]]"
595,9554,"Bewley's Dublin Morning Tea, 80-Count","[[Grocery & Gourmet Food,Beverages,Coffee, Tea & Cocoa,Tea]]"
596,9569,"MW Polar Kipper Snacks, 3.53 Ounce Units (Pack of 18)","[[Grocery & Gourmet Food,Canned, Jarred & Packaged Foods,Meat, Poultry & Seafood]]"
597,9606,"Teddie All Natural Peanut Butter, Smooth, 26-Ounce Jar (Pack of 3)","[[Grocery & Gourmet Food,Jams, Jellies & Sweet Spreads,Nut & Seed Butters,Peanut Butter]]"
598,9611,"Bob's Red Mill Gluten Flour, 22-Ounce Packages (Pack of 4)","[[Grocery & Gourmet Food,Cooking & Baking,Flours & Meals,Wheat Flours & Meals]]"
599,9655,"Suja Juice 3 Day Fresh Start, 18 Count","[[Grocery & Gourmet Food,Beverages,Bottled Beverages, Water & Drink Mixes,Juices,Fruit Juice]]"
600,9718,"Morton Salt Season-All Seasoned Salt, 8 oz, 2 pk","[[Grocery & Gourmet Food,Herbs, Spices & Seasonings,Salt & Salt Substitutes]]"
601,9722,"Nestle Raisinets Stand Up Bag, 11.0-Ounce Bags (Pack of 6)","[[Grocery & Gourmet Food,Candy & Chocolate,Candied & Chocolate-Covered Snacks,Fruit]]"
602,9729,"Jeremiah's Pick Coffee Organic Water Processed Decaf, Raisin &amp;  Chocolate Round and Robust Whole Bean Coffee, Dark Roast,, 10-Ounce Bags (Pack of 3)","[[Grocery & Gourmet Food,Beverages,Coffee, Tea & Cocoa,Coffee,Roasted Coffee Beans]]"
603,9732,"Lipton Recipe Secrets, Onion Mushroom, 2-Count 1.8Ounce Boxes (Pack of 6)","[[Grocery & Gourmet Food,Snack Foods,Salsas, Dips & Spreads,Dips & Spreads,Onion]]"
604,9744,"Bellino Torrone (Soft Nougat) with Almonds, 5.3 Ounce Box","[[Grocery & Gourmet Food,Candy & Chocolate,Candied & Chocolate-covered Snacks,Nut Clusters]]"
605,9758,"Miyasaka Green Onion Miso Soup, 6.21 Ounce","[[Grocery & Gourmet Food,Pantry Staples,Soups, Stocks & Broths,Miso Soups]]"
606,9770,"LifeSavers Hard Wint-O-Green, 50-Ounce Bags (Pack of 2)","[[Grocery & Gourmet Food,Candy & Chocolate,Mints]]"
607,9810,"DaVinci Gourmet Sugar Free Syrup, Vanilla, 25.4 Ounce (Pack of 3)","[[Grocery & Gourmet Food,Beverages,Bottled Beverages, Water & Drink Mixes,Flavor Syrups]]"
608,9855,S &amp; B Japanese Spicy Cod Roe Mentaiko Spagetti Sauce 1.88-Ounce Units (Pack of 6),"[[Grocery & Gourmet Food,Sauces, Gravies & Marinades,Sauces]]"
609,9856,"Green Mountain Coffee, Celestial Seasonings Southern Sweet Perfect Iced Tea, K-Cup Portion Pack for Keurig K-Cup Brewers, 22-Count","[[Grocery & Gourmet Food,Beverages,Coffee, Tea & Cocoa,Tea,Iced Tea]]"
610,9868,Yehuda Hummus,"[[Grocery & Gourmet Food,Snack Foods,Crackers]]"
611,9917,Clark's Teaberry Gum 20/5 Stick Packages,"[[Grocery & Gourmet Food,Candy & Chocolate,Chewing & Bubble Gum]]"
612,9926,"Navitas Naturals Organic Raw Chia Seeds,  1 Pound  Pouches","[[Grocery & Gourmet Food,Pantry Staples,Cooking & Baking,Nuts & Seeds,Chia Seeds]]"
613,9935,"Del Monte Whole Leaf Spinach, 13.5-Ounce Cans (Pack of 12)","[[Grocery & Gourmet Food,Canned, Jarred & Packaged Foods,Vegetables]]"
614,9974,"Starwest Botanicals Organic Slippery Elm Bark Powder, 1-pound Bag","[[Health & Household,Health Care,OTC Medications & Treatments,Cough & Cold,Coughing & Sore Throats]]"
615,9982,"Planters Trail Mix, Sweet &amp; Nutty, 6-Ounce Bags (Pack of 12)","[[Grocery & Gourmet Food,Cooking & Baking,Nuts & Seeds,Mixed Nuts]]"
616,9986,"Coconut Chips, 1 lb.","[[Grocery & Gourmet Food,Cooking & Baking,Coconut Flakes],[Grocery & Gourmet Food,Cooking & Baking,Coconut Flakes]]"
617,10011,Freeze Dried Bell Peppers - 4 Ounce Can,"[[Grocery & Gourmet Food,Produce,Fresh Vegetables]]"
618,10020,"Tang Orange Energy Powdered Beverage Mix, 25.4-Ounce (Pack of 4)","[[Grocery & Gourmet Food,Beverages,Bottled Beverages, Water & Drink Mixes,Powdered Drink Mixes & Flavorings,Soft Drink Mixes]]"
619,10023,"Douwe Egberts Pure Decaf Instant Coffee, Medium Roast, 3.5-Ounce, 100g","[[Grocery & Gourmet Food,Beverages,Coffee, Tea & Cocoa,Coffee,Instant Coffee]]"
620,10024,Filled Red Raspberries,"[[Grocery & Gourmet Food,Candy & Chocolate,Hard Candy & Lollipops,Hard Candy],[Grocery & Gourmet Food,Candy & Chocolate,Hard Candy & Lollipops,Hard Candy]]"
621,10025,Gallo Salame Provolone Cheese &amp; Italian Dry Salame Snack Pack 4.5 Oz (Pack of 3),"[[Grocery & Gourmet Food,Meat & Seafood,Sausages,Salami]]"
622,10037,Kevala Organic Raw Coconut Oil 16oz,"[[Grocery & Gourmet Food,Cooking & Baking,Cooking Oils, Vinegars & Sprays,Oils,Coconut]]"
623,10045,"Jelly Belly Raspberries and Blackberries, 10-Pound Bag","[[Grocery & Gourmet Food,Candy & Chocolate,Jelly Beans & Gummy Candy,Jelly Beans]]"
624,10046,"Pamela's Products Cookie Mix, Sugar, 13 Ounce","[[Grocery & Gourmet Food,Pantry Staples,Cooking & Baking,Baking Mixes,Cookies]]"
625,10057,Tea Forte Cocktail Infusions -Eight Silken Tea Cocktail Pyramids - Silkroad Chai,[[]]
626,10062,Watermelon Jolly Rancher Fruit Hard Candy - 2 Lb. Case,"[[Grocery & Gourmet Food,Candy & Chocolate,Hard Candy & Lollipops,Hard Candy]]"
627,10079,Peeps Limited Edition Orange Creme Flavored Marshmallow (2 Pack),"[[Grocery & Gourmet Food,Cooking & Baking,Marshmallows]]"
628,10084,"Annie Chun's Teriyaki Noodle Express, 7.4-Ounce Bowls (Pack of 6)","[[Grocery & Gourmet Food,Pantry Staples,Canned, Jarred & Packaged Foods,Packaged Meals & Side Dishes,Pasta & Noodle Dishes]]"
629,10110,"Mantova Organic Flavored Balsamic Condiments, Pear, Raspberry, Fig and Pomegranate, 5 Pound","[[Grocery & Gourmet Food,Cooking & Baking,Cooking Oils, Vinegars & Sprays,Vinegars,Balsamic]]"
630,10118,"Deep River Snacks Kettle Chips, Rosemary &amp; Olive Oil, 5-Ounce Bags (Pack of 12)","[[Grocery & Gourmet Food,Snack Foods,Chips & Crisps,Potato]]"
631,10125,2 lb. Fresh Shelled Georgia Pecans,"[[Grocery & Gourmet Food,Cooking & Baking,Nuts & Seeds,Pecans]]"
632,10138,"Del Monte Stewed Tomatoes Italian Recipe, 14.5-Ounce (Pack of 8)","[[Grocery & Gourmet Food,Pantry Staples,Canned, Jarred & Packaged Foods,Vegetables,Tomatoes,Stewed]]"
633,10146,Calbee Shrimp Flavored Chips,"[[Grocery & Gourmet Food,Snack Foods,Chips & Crisps],[Grocery & Gourmet Food,Snack Foods,Chips & Crisps]]"
634,10162,"Atomic Fireballs in a Gift Box, 2lb Bag","[[Grocery & Gourmet Food,Candy & Chocolate,Hard Candy & Lollipops,Hard Candy]]"
635,10168,"Ak-mak Crackers, Original, 2-Count Individually Wrapped Packages (Pack of 180)","[[Grocery & Gourmet Food,Snack Foods,Crackers,Matzo]]"
636,10171,"Navitas Naturals Organic Goji Berries,  1 Pound  Pouches","[[Grocery & Gourmet Food,Produce,Dried Fruits & Vegetables,Dried Fruits,Dried Berries]]"
637,10186,"Kicking Horse Coffee Three Sisters Medium, Whole Bean Coffee, 2.2-Pound Pouch","[[Grocery & Gourmet Food,Beverages,Coffee, Tea & Cocoa,Coffee,Roasted Coffee Beans]]"
638,10199,NONNI'S BISCOTTI TRADITIONAL ASSORTMENT 25 COUNT HAZELNUT AND CIOCCOLATI chocolate cocoa butter almonds walnuts &amp; more!,"[[Grocery & Gourmet Food,Snack Foods,Cookies,Biscotti]]"
639,10204,"First Colony Whole Bean Coffee, Costarican Tarrazu, 24-Ounce","[[Grocery & Gourmet Food,Beverages,Coffee, Tea & Cocoa,Coffee,Roasted Coffee Beans]]"
640,10254,"Almonds, Raw, Shelled, Organic, 5 lbs. Bulk","[[Grocery & Gourmet Food,Cooking & Baking,Nuts & Seeds,Almonds],[Grocery & Gourmet Food,Cooking & Baking,Nuts & Seeds,Almonds]]"
641,10273,"Arcor Juice Filled Strawberry Hard Kosher Candy 2 Packs,Each bag contains 470 Grams = Total 940 Grams (2.072lb)","[[Grocery & Gourmet Food,Candy & Chocolate,Hard Candy & Lollipops,Hard Candy]]"
642,10285,"Miyasaka Japanese Miso Soup, Tofu, 6.04 Ounce","[[Grocery & Gourmet Food,Pantry Staples,Soups, Stocks & Broths,Miso Soups]]"
643,10287,"Bob's Red Mill Soup Mix, Veggie, 28-Ounce Units (Pack of 4)","[[Grocery & Gourmet Food,Pantry Staples,Soups, Stocks & Broths,Vegetable Soups]]"
644,10308,Bob's Red Mill - Baking Powder Double Aluminum Free Acting Gluten Free - 16 oz.,"[[Grocery & Gourmet Food,Pantry Staples,Cooking & Baking,Leaveners & Yeasts,Baking Powder]]"
645,10309,"True Black Cherry Limeade Drink Mix, 10-count (Pack of 4)","[[Grocery & Gourmet Food,Beverages,Bottled Beverages, Water & Drink Mixes,Powdered Drink Mixes & Flavorings,Powdered Drink Mixes,Soft Drink Mixes]]"
646,10323,"Hansen's Diet Ginger Ale, 12 Ounce Cans (Pack of 24)",[[]]
647,10366,"Rishi Tea Gift Set Pu-Erh, 33 Ounce","[[Grocery & Gourmet Food,Beverages,Coffee, Tea & Cocoa,Tea,Green]]"
648,10368,"Tortuga Caribbean Rum Cake, Key Lime, 33-Ounce Box","[[Grocery & Gourmet Food,Breads & Bakery,Cakes]]"
649,10373,Korean Instant Ddukbokki Samhak Rice Cake Round with Sauce 7.9 Oz : 2 Pack,"[[Grocery & Gourmet Food,Canned, Jarred & Packaged Foods,Packaged Meals & Side Dishes,Asian Dishes]]"
650,10378,"Heath Milk Chocolate Toffee Baking Bits, 8 oz","[[Grocery & Gourmet Food,Candy & Chocolate,Candy & Chocolate Bars]]"
651,10388,Arcor Assorted Fruit Flavored Kosher Candy with Chewy Centers 2 Packs,"[[Grocery & Gourmet Food,Candy & Chocolate,Hard Candy & Lollipops,Hard Candy]]"
652,10396,"Xlear - Spry Green Tea Xylitol Gum Blister Card, 20 packets","[[Grocery & Gourmet Food,Candy & Chocolate,Chewing & Bubble Gum]]"
653,10397,"Hills Bros Cappuccino Decaf French Vanilla, 16 Ounce","[[Grocery & Gourmet Food,Beverages,Coffee, Tea & Cocoa,Coffee,Instant Coffee]]"
654,10402,"Bob's Red Mill Flour Almond Meal, 16-ounces","[[Grocery & Gourmet Food,Cooking & Baking,Flours & Meals,Almond]]"
655,10418,"Cadbury Easter Royal Dark Chocolate Candy Coated Mini Eggs, 10-Ounce Packages (Pack of 4)","[[Grocery & Gourmet Food,Candy & Chocolate,Candy & Chocolate Assortments]]"
656,10420,"Scarpetta Tuscan Vodka Sauce, 19.8-Ounce Jar (Pack of 4)","[[Grocery & Gourmet Food,Sauces, Gravies & Marinades,Sauces,Asian,Sweet & Sour Sauce]]"
657,10449,"Pepperidge Farm Goldfish, Cheddar, 1.5 Ounce Bags (Pack of 24)","[[Grocery & Gourmet Food,Snack Foods,Crackers,Animal]]"
658,10516,Fresh Flowers - Just Orchids White Dendrobium,"[[Grocery & Gourmet Food,Fresh Flowers & Live Indoor Plants,Fresh Cut Flowers,Orchids]]"
659,10523,Black Mission Figs - XtraChoice - 5 lb. Box,"[[Grocery & Gourmet Food,Produce,Dried Fruits & Vegetables,Dried Fruits,Dried Figs]]"
660,10537,Quaker Caramel Corn Rice Cake 6.56 oz - 6 Unit Pack,"[[Grocery & Gourmet Food,Snack Foods,Rice Cakes, Chips & Crackers,Cakes]]"
661,10541,Green Mountain Coffee Island Coconut K-Cup (96 count),"[[Grocery & Gourmet Food,Beverages,Coffee, Tea & Cocoa,Coffee,Single-Serve Capsules & Pods]]"
662,10547,"Harney &amp; Sons Passion Fruit Decaf Iced Tea, 6 Brew Pouches","[[Grocery & Gourmet Food,Beverages,Coffee, Tea & Cocoa,Tea,Iced Tea]]"
663,10606,"Glutino Gluten Free Pantry Fluffy Pancake Mix, 16-Ounce Boxes (Pack of 6)","[[Grocery & Gourmet Food,Pantry Staples,Cooking & Baking,Baking Mixes,Pancakes & Waffles]]"
664,10622,"Maruchan Ramen, Oriental, 3-Ounce Packages (Pack of 24)","[[Grocery & Gourmet Food,Pantry Staples,Canned, Jarred & Packaged Foods,Packaged Meals & Side Dishes,Pasta & Noodle Dishes]]"
665,10628,"Happy Baby Organic Baby Food 2 Simple Combos, Apricot and Sweet Potato, 3.5-Ounce Pouches (Pack of 16)",[[]]
666,10632,"2.2 Lbs. Organic Jaggery - Pure Indian Foods(R) Brand - Known As Gur, Gud or Panela - Raw Wholesome Brown Sugar","[[Grocery & Gourmet Food,Pantry Staples,Cooking & Baking,Syrups, Sugars & Sweeteners,Sugars]]"
667,10650,Mars Maltesers 37g x 5 Pack,"[[Grocery & Gourmet Food,Candy & Chocolate,Candy & Chocolate Assortments]]"
668,10669,"YS Organic Bee Farms CERTIFIED ORGANIC RAW HONEY 100% CERTIFIED ORGANIC HONEY Raw, Unprocessed, Unpasteurized - Kosher 32oz","[[Grocery & Gourmet Food,Cooking & Baking,Syrups, Sugars & Sweeteners,Honey],[Grocery & Gourmet Food,Cooking & Baking,Syrups, Sugars & Sweeteners,Honey]]"
669,10674,Peanut Butter Flavor,"[[Grocery & Gourmet Food,Pantry Staples,Cooking & Baking,Extracts,Natural]]"
670,10690,"Death Wish Coffee, The World's Strongest Coffee, Fair Trade, Organic, Whole Bean, 16 Ounce Bag","[[Grocery & Gourmet Food,Beverages,Coffee, Tea & Cocoa,Coffee,Roasted Coffee Beans]]"
671,10715,M&amp;Ms Holiday Mini Baking Chips (11 oz bag),"[[Grocery & Gourmet Food,Candy & Chocolate,Candy & Chocolate Bars]]"
672,10719,"Sylt Lingon, Lingonberry Preserves, Ikea Food, 14 Ounces, (Pack of 4)","[[Grocery & Gourmet Food,Jams, Jellies & Sweet Spreads,Jams, Jellies & Preserves]]"
673,10723,"Rice Select Royal Blend, Whole Grain Texmati Brown &amp; Wild Rice with Soft Wheat &amp; Rye Berries, 28-Ounce Jars (Pack of 4)","[[Grocery & Gourmet Food,Dried Beans, Grains & Rice,Grains & Rice,Brown]]"
674,10750,"Tully's Coffee Italian Roast, 24-Count K-Cups for Keurig Brewers (Pack of 2)","[[Grocery & Gourmet Food,Beverages,Coffee, Tea & Cocoa,Coffee,Single-Serve Capsules & Pods]]"
675,10767,"Rishi Tea Mandarin Citrus, 1.23 Ounce","[[Grocery & Gourmet Food,Beverages,Coffee, Tea & Cocoa,Tea,Green]]"
676,10795,Juusto Baked Cheese by Wisconsin Cheese Mart,[[]]
677,10806,"Dr. McDougall's Right Foods Asian Entree, Thai Peanut Noodle, 1.9-Ounce Packages (Pack of 6)","[[Grocery & Gourmet Food,Pantry Staples,Canned, Jarred & Packaged Foods,Packaged Meals & Side Dishes,Pasta & Noodle Dishes]]"
678,10855,"JML Instant Noodle, Artificial Spicy Hot Beef, 3.92 Ounce (Pack of 30)","[[Grocery & Gourmet Food,Canned, Jarred & Packaged Foods,Packaged Meals & Side Dishes,Pasta & Noodle Dishes]]"
679,10862,"Tully's Coffee House Blend, 24-Count K-Cups for Keurig Brewers (Pack of 2)","[[Grocery & Gourmet Food,Beverages,Coffee, Tea & Cocoa,Coffee,Single-Serve Capsules & Pods]]"
680,10872,"Harmony House Foods, Dried Potatoes, Diced, 12 Ounce Quart Size Jar","[[Grocery & Gourmet Food,Produce,Dried Fruits & Vegetables,Dried Vegetables]]"
681,10906,"Tanka Wild Snack Stick, Buffalo Stick with Cranberry and Wild Rice, 1-Ounce Packages (Pack of 8)","[[Grocery & Gourmet Food,Snack Foods,Meat Snacks,Jerky]]"
682,10922,"Runa Amazon Guayusa Tea Box, Ginger Citrus, 1.13 Ounce","[[Grocery & Gourmet Food,Beverages,Coffee, Tea & Cocoa,Tea,Tea Samplers]]"
683,10936,"Earth's Best Organic Happy Snax Crackers, Apple Cinnamon, 2.6 Ounce",[[]]
684,10946,Giant Crab Flavored Shrimp Chips,"[[Grocery & Gourmet Food,Meat & Seafood]]"
685,10956,"Grove Square Pumpkin Spice Cappuccino, 12 Single Serve Cups","[[Grocery & Gourmet Food,Beverages,Coffee, Tea & Cocoa,Coffee,Single-Serve Capsules & Pods]]"
686,10961,"Hoosier Hill Farm Sour Cream Powder, 1 lb.","[[Grocery & Gourmet Food,Pantry Staples,Cooking & Baking,Condensed & Powdered Milk,Powdered]]"
687,10967,"Jordan's Skinny Gourmet Syrups Sugar Free, Raspberry, 25.4 Ounce","[[Grocery & Gourmet Food,Beverages,Bottled Beverages, Water & Drink Mixes,Flavor Syrups]]"
688,10981,"Red Star Bread Machine Yeast, 4oz Jar","[[Grocery & Gourmet Food,Pantry Staples,Cooking & Baking,Leaveners & Yeasts,Active Dry Yeasts]]"
689,11007,Baja Bob's Sugar Free Original Margarita Mix - 32 oz.,"[[Grocery & Gourmet Food,Beverages,Bottled Beverages, Water & Drink Mixes,Cocktail Mixers,Margarita],[Grocery & Gourmet Food,Beverages,Bottled Beverages, Water & Drink Mixes,Cocktail Mixers,Margarita]]"
690,11017,"Hormel Beef Tamales, In Chili Sauce, 15-Ounce Units (Pack of 12)","[[Grocery & Gourmet Food,Pantry Staples,Canned, Jarred & Packaged Foods,Meat, Poultry & Seafood,Beef]]"
691,11021,"Annie Chun's Rice Express Sprouted Brown Rice, 6.3-Ounce Microwavable Bowls (Pack of 6)","[[Grocery & Gourmet Food,Pantry Staples,Canned, Jarred & Packaged Foods,Packaged Meals & Side Dishes,Rice Dishes]]"
692,11027,"Hershey's Milk Chocolate Bar, 1.55-Ounce Bars (Pack of 36)","[[Grocery & Gourmet Food,Candy & Chocolate,Candy & Chocolate Bars]]"
693,11039,Skinny Pop Ultra Lite White Cheddar 4.4 Ounce Bags (Pack of 12),"[[Grocery & Gourmet Food,Snack Foods,Popcorn,Popped]]"
694,11045,Planters Salted Peanuts 3 Pound 8 Ounce Value Container,"[[Grocery & Gourmet Food,Cooking & Baking,Nuts & Seeds,Peanuts]]"
695,11067,"Reese's Peanut Butter Cups, White Chocolate Miniatures, 12-Ounce Bags (Pack of 4)","[[Grocery & Gourmet Food,Candy & Chocolate,Candy & Chocolate Assortments]]"
696,11095,"Knorr/Lipton Pasta &amp; Sauce, Cheddar Broccoli, 4.3-Ounce Packages (Pack of 12)","[[Grocery & Gourmet Food,Pantry Staples,Canned, Jarred & Packaged Foods,Packaged Meals & Side Dishes,Pasta & Noodle Dishes]]"
697,11100,"Anthony's Almonds Blanched Almond Flour, 100% Gluten Free, 5 lbs","[[Grocery & Gourmet Food,Cooking & Baking,Baking Mixes]]"
698,11105,"Harmony House Foods, Dried Cabbage, Flakes, 12 Ounce Quart Size Jar","[[Sports & Outdoors,Outdoor Recreation,Camping & Hiking,Camp Kitchen,Freeze-Dried Food]]"
699,11108,"Frontier Natural Products Cinnamon, Og, Grnd Ceyln, Ft, 1.76-Ounce","[[Grocery & Gourmet Food,Pantry Staples,Herbs, Spices & Seasonings,Single Herbs & Spices,Cinnamon]]"
700,11176,"Now Foods Certified Organic Golden Flax Seeds, 16 ozs Bag,  (Pack of 2)","[[Grocery & Gourmet Food,Herbs, Spices & Seasonings,Single Herbs & Spices,Flax Seed]]"
701,11214,"Pure Sorghum Syrup, 1 quart","[[Grocery & Gourmet Food,Cooking & Baking,Sugar Substitutes],[Grocery & Gourmet Food,Cooking & Baking,Sugar Substitutes]]"
702,11228,"Bob's Red Mill Cannellini Beans, 24-Ounce Packages (Pack of 4)","[[Grocery & Gourmet Food,Dried Beans, Grains & Rice,Beans,Kidney]]"
703,11235,"Zombie Cajun &quot;The Antidote&quot; Hot Sauce (6oz) - The Hottest Of Our Hot Sauces - Not Just A Novelty Gift For A Zombie Apocalypse Survival Kit - Best Bottle Of Louisiana Spiced Cayenne And Habanero Pepper Sauce For Injector Recipes, Grilling Marinades, And Seasoning Up Any Food","[[Grocery & Gourmet Food,Sauces, Gravies & Marinades,Hot Sauce]]"
704,11248,"Blow Pop, Assorted, 100-Count Pops","[[Grocery & Gourmet Food,Candy & Chocolate,Hard Candy & Lollipops,Suckers & Lollipops]]"
705,11267,Sahale Snacks Explore Taste Gluten-Free Gift Box (6 Flavors),"[[Grocery & Gourmet Food,Food & Beverage Gifts,Snack Gifts]]"
706,11295,"Bell Plantation PB2 Powdered Peanut Butter and PB2 with Premium Chocolate, 6.5 Ounce (Pack of 2)","[[Grocery & Gourmet Food,Jams, Jellies & Sweet Spreads,Nut & Seed Butters,Peanut Butter]]"
707,11323,"Steaz Organic Iced Teaz, Green Tea with Lemon (Unsweetened), 16-Ounce Cans, 12-Count","[[Grocery & Gourmet Food,Beverages,Coffee, Tea & Cocoa,Tea,Iced Tea]]"
708,11362,Juliana Authentic Jamaican Ackee In Brine,"[[Grocery & Gourmet Food,Canned, Jarred & Packaged Foods,Vegetables]]"
709,11372,"Rockstar Punch Energy Drink, 16-Ounce Cans (Pack of 24)","[[Grocery & Gourmet Food,Beverages,Bottled Beverages, Water & Drink Mixes,Energy Drinks]]"
710,11418,"Wonka Sweetarts Christmas Candy Canes, 12-Count Boxes (Pack of 6)","[[Grocery & Gourmet Food,Candy & Chocolate,Hard Candy & Lollipops,Hard Candy]]"
711,11420,"Raw Whole Brazil Nuts, 10LBS",[[]]
712,11424,Sincerely Nuts Dates Pitted Whole - 5 Lb Bag,"[[Grocery & Gourmet Food,Produce,Dried Fruits & Vegetables,Dried Fruits,Dried Dates]]"
713,11441,"Vogue Cuisine Vegetarian Chicken Soup &amp; Seasoning Base 4oz - Low Sodium, Gluten Free, All Natural Ingredients","[[Grocery & Gourmet Food,Pantry Staples,Soups, Stocks & Broths,Chicken Soups]]"
714,11443,"The Peanut Shop of Williamsburg Handcooked Lightly Salted Virginia Peanuts, 10.5-Ounce Tins (Pack of 3)","[[Grocery & Gourmet Food,Cooking & Baking,Nuts & Seeds,Peanuts]]"
715,11483,"Dr. McDougall's Right Foods Organic Instant Oatmeal, Light Apple Cinnamon, 8-Count Boxes (Pack of 6)","[[Grocery & Gourmet Food,Breakfast Foods,Cereals,Oatmeal]]"
716,11500,"Kellogg's Frosted Mini Wheats Bite Size, 24 Ounce Box","[[Grocery & Gourmet Food,Breakfast Foods,Cereals,Cold Cereals]]"
717,11520,"Teas' Tea Unsweetened Jasmine Green Tea, 16.9-Ounce Bottles (Pack of 12)","[[Grocery & Gourmet Food,Beverages,Coffee, Tea & Cocoa,Tea,Green]]"
718,11549,"Sahale Snacks Variety Pack, 4 Flavors, 2-Ounce Pouch (Pack of 12)","[[Grocery & Gourmet Food,Cooking & Baking,Nuts & Seeds]]"
719,11569,"Enfamil Infant Formula Milk-Based with Iron, Single Serve Packets, 16 Count-17.6g (Packaging May Vary)","[[Baby Products,Feeding,Baby Foods,Formula]]"
720,11571,"Hansen's Diet Tangerine Lime Soda, 12 Ounce Cans (Pack of 24)","[[Grocery & Gourmet Food,Beverages,Bottled Beverages, Water & Drink Mixes,Soft Drinks]]"
721,11577,"Celestial Seasonings Half and Half Perfect Iced Tea, K-Cup Portion Pack for Keurig K-Cup Brewers, 22-Count","[[Grocery & Gourmet Food,Beverages,Coffee, Tea & Cocoa,Tea,Herbal]]"
722,11584,"The Sprout House Ed's Mix Organic Sprouting Seeds - Alfalfa, Fenugreek, Broccoli, Clover 1 pound","[[Grocery & Gourmet Food,Pantry Staples,Herbs, Spices & Seasonings,Single Herbs & Spices,Fenugreek]]"
723,11618,"DiabeticFriendly&reg; Sugar Free Chewy Black Licorice Scottie Dogs (bulk/LB) Zero Fat, about 10 calories each","[[Grocery & Gourmet Food,Candy & Chocolate,Jelly Beans & Gummy Candy,Licorice]]"
724,11629,"GLUTEN FREE Vietnamese Brown Rice Noodles with Organic Green Tea - JUST NOODLES, 8.6 oz, 4 SERVINGS per box (Pack of 6)","[[Grocery & Gourmet Food,Beverages,Coffee, Tea & Cocoa,Tea,Green]]"
725,11671,"YS Royal Jelly/Honey Bee - Royal Jelly In Honey Ultra Strength, 21 oz gel","[[Grocery & Gourmet Food,Cooking & Baking,Syrups, Sugars & Sweeteners,Honey],[Grocery & Gourmet Food,Cooking & Baking,Syrups, Sugars & Sweeteners,Honey]]"
726,11680,"Krusteaz Belgian Waffle Mix, 28-Ounce Boxes (Pack of 4)","[[Grocery & Gourmet Food,Cooking & Baking,Baking Mixes,Pancakes & Waffles]]"
727,11695,"GoNaturally Organic Assorted Gluten Free Hard Candies, 30-Ounce Bag","[[Grocery & Gourmet Food,Candy & Chocolate,Hard Candy & Lollipops,Hard Candy]]"
728,11714,"Ricochet Mints with Xylitol, Wintermint, 100-Count Mints (Pack of 6)","[[Grocery & Gourmet Food,Candy & Chocolate,Mints]]"
729,11750,"Lunds Swedish Pancake Mix, 12-Ounce (Pack of 6)","[[Grocery & Gourmet Food,Pantry Staples,Cooking & Baking,Baking Mixes,Pancakes & Waffles]]"
730,11760,Lion &quot;Noisy&quot; 8-flavor Soda Hard Candy (Japanese Import) [JI-ICIC],"[[Grocery & Gourmet Food,Candy & Chocolate,Hard Candy & Lollipops,Hard Candy]]"
731,11782,"Cheez-It Cheez-It Original Crackers, 15-Ounce (Pack of 3)","[[Grocery & Gourmet Food,Snack Foods,Crackers]]"
732,11785,"Eden Organic Pumpkin Seeds, Dry Roasted, 4-Ounce Resealable Bags (Pack of 15)","[[Grocery & Gourmet Food,Pantry Staples,Cooking & Baking,Nuts & Seeds,Pumpkin Seeds]]"
733,11808,"Five Cobalt Sugarfree Gum (15 Sticks), 3-Count Packages (Pack of 5)","[[Grocery & Gourmet Food,Candy & Chocolate,Chewing & Bubble Gum]]"
734,11810,"Pepperidge Farm Soft Baked Cookies, Captiva Dark Chocolate Brownie, 8.6-ounce (pack of 5)","[[Grocery & Gourmet Food,Breads & Bakery,Cookies,Oatmeal]]"
735,11872,"MTR Sambar, 10.58 Ounce Boxes (Pack of 10)","[[Grocery & Gourmet Food,Canned, Jarred & Packaged Foods,Packaged Meals & Side Dishes,Indian Dishes]]"
736,11878,Vitacost Extra Virgin Certified Organic Coconut Oil -- 54 fl oz,"[[Grocery & Gourmet Food,Cooking & Baking,Cooking Oils, Vinegars & Sprays,Oils,Coconut]]"
737,11880,"McCormick Pure Ground Black Pepper, 18-Ounce","[[Grocery & Gourmet Food,Pantry Staples,Herbs, Spices & Seasonings,Pepper & Peppercorns,Ground Pepper]]"
738,11885,"Eight O'Clock French Roast Whole Bean Coffee, 12-Ounce Bag (Pack of 4)","[[Grocery & Gourmet Food,Beverages,Coffee, Tea & Cocoa,Coffee,Roasted Coffee Beans]]"
739,11886,"Marshalls Creek Spices Arrowroot Seasoning Refill, 12 Ounce","[[Grocery & Gourmet Food,Herbs, Spices & Seasonings,Single Herbs & Spices]]"
740,11896,Garam Masala Spice Blend 2.0 oz - Zamouri Spices,"[[Grocery & Gourmet Food,Herbs, Spices & Seasonings,Mixed Spices & Seasonings,Garam Masala]]"
741,11921,"San Francisco Bay Coffee Organic Rainforest Blend, 80 OneCup Single Serve Cups","[[Grocery & Gourmet Food,Beverages,Coffee, Tea & Cocoa,Coffee,Single-Serve Capsules & Pods]]"
742,11939,"Welch's 100% Grape Juice Concentrate, 11.5-Ounce Cans (Pack of 12)","[[Grocery & Gourmet Food,Beverages,Bottled Beverages, Water & Drink Mixes,Juices,Vegetable Juice]]"
743,11943,"Steen's 100% Pure Cane Syrup, 12fl. oz, Can","[[Grocery & Gourmet Food,Pantry Staples,Cooking & Baking,Syrups, Sugars & Sweeteners,Simple Syrup]]"
744,11950,"Whole Spice Peppercorns Whole, Pink, 4 Ounce","[[Grocery & Gourmet Food,Herbs, Spices & Seasonings,Pepper & Peppercorns,Peppercorns]]"
745,11951,Beignet Mix 28 oz,"[[Grocery & Gourmet Food,Breads & Bakery,Pastries & Bakery,Donuts]]"
746,11963,"DoMatcha Green Tea, 2nd Harvest Matcha, 2.82-Ounce Tin","[[Grocery & Gourmet Food,Beverages,Coffee, Tea & Cocoa,Tea,Matcha]]"
747,11972,Tapatio Salsa Picante Hot Sauce - 5 oz,"[[Grocery & Gourmet Food,Pantry Staples,Sauces, Gravies & Marinades,Hot Sauce]]"
748,11994,"Gustaf's Dutch Licorice Coins, 5.2-Ounce Bags (Pack of 12)","[[Grocery & Gourmet Food,Candy & Chocolate,Jelly Beans & Gummy Candy,Licorice]]"
749,12003,"Amaretti Di Saronno Cookies, 17.6 Ounce","[[Grocery & Gourmet Food,Canned, Jarred & Packaged Foods]]"
750,12008,"Hormel Compleats Salisbury Steak with Sliced Potatoes &amp; Gravy, 10-Ounce Microwavable Bowls (Pack of 6)","[[Grocery & Gourmet Food,Frozen,Meals & Entrees,Beef]]"
751,12025,"Namaste Foods, Gluten Free Perfect Flour Blend, 48-Ounce Bags (Pack of 6)","[[Grocery & Gourmet Food,Cooking & Baking,Flours & Meals,Wheat Flours & Meals]]"
752,12058,"Nanak Pure Desi Ghee, Clarified Butter, 28-Ounce Jar","[[Grocery & Gourmet Food,Cooking & Baking,Lard & Shortening,Ghee]]"
753,12059,Keurig K-Cup Storage Dispenser,"[[Home & Kitchen,Kitchen & Dining,Storage & Organization,Food Storage,Coffee Pod Holders]]"
754,12062,"Green Mountain Coffee Hazelnut Decaf, Light Roasted, K-Cup Portion Pack for Keurig K-Cup Brewers, 24-Count","[[Grocery & Gourmet Food,Beverages,Coffee, Tea & Cocoa,Coffee,Single-Serve Capsules & Pods]]"
755,12067,"Roland Balsamic Glaze, 7.3-Ounce Bottle","[[Grocery & Gourmet Food,Cooking & Baking,Cooking Oils, Vinegars & Sprays,Vinegars,Balsamic]]"
756,12069,"Jack Links Original Beef Stix, 1.02-Ounce (Pack of 72)","[[Health & Household,Sports Nutrition]]"
757,12080,Callebaut Chocolate Block Semisweet 53.8% cocoa 5 kilo / 11 lbs,"[[Grocery & Gourmet Food,Pantry Staples,Cooking & Baking,Baking Chocolates, Carob & Cocoa,Chocolates]]"
758,12110,"Schar Anellini, Gluten Free Italian Pasta, 12-Ounce Boxes (Pack of 5)","[[Grocery & Gourmet Food,Pantry Staples,Pasta & Noodles,Pasta]]"
759,12151,"Pepperidge Farm Dark Chocolate Milano Cookies, 6 Ounce (Pack of 12)","[[Grocery & Gourmet Food,Cooking & Baking,Baking Mixes]]"
760,12164,"Frontier Poultry Seasoning Certified Organic, Salt-Free Blend, 1.2-Ounce Bottle","[[Grocery & Gourmet Food,Pantry Staples,Herbs, Spices & Seasonings,Mixed Spices & Seasonings,Meat Seasoning]]"
761,12180,"KIND PLUS, Almond Cashew + Omega-3, Gluten Free Bars (Pack of 12)","[[Health & Household,Sports Nutrition,Nutrition Bars,Protein Bars]]"
762,12216,Nissin the Original Cup Noodles Chicken Flavor Noodle Bowls Twenty-four 2.5 Ounce Cups,"[[Grocery & Gourmet Food,Canned, Jarred & Packaged Foods,Packaged Meals & Side Dishes,Asian Dishes]]"
763,12222,"Dr. Oetker Organic Pudding Mix, Vanilla, 3.5-Ounce (Pack of 12)","[[Grocery & Gourmet Food,Cooking & Baking,Pudding & Gelatin,Pudding]]"
764,12236,"McCormick Red Crushed Pepper, 13-Ounce","[[Grocery & Gourmet Food,Pantry Staples,Herbs, Spices & Seasonings,Pepper & Peppercorns,Ground Pepper]]"
765,12272,Vietnamese coffee filter set,"[[Home & Kitchen,Kitchen & Dining,Small Appliance Parts & Accessories]]"
766,12273,"YummyEarth Organic Lollipops, Assorted Flavors, 30-Ounce Container","[[Grocery & Gourmet Food,Candy & Chocolate,Hard Candy & Lollipops,Suckers & Lollipops]]"
767,12290,"Kona Coast Macadamia Nut Pancake Mix, 24-Ounce (Pack of 3)","[[Grocery & Gourmet Food,Cooking & Baking,Baking Mixes,Pancakes & Waffles]]"
768,12308,"Kirkland Signature Peanut Butter Pretzel, 52 Ounce","[[Grocery & Gourmet Food,Snack Foods,Pretzels]]"
769,12325,Rainforest Caveman Cookies,"[[Grocery & Gourmet Food,Snack Foods,Cookies]]"
770,12343,"Go Naturally Organic Hard Candy, Ginger, Bulk/pound, Individually Wrapped","[[Grocery & Gourmet Food,Candy & Chocolate,Ginger Candy]]"
771,12384,"Yamamotoyama Genmai Cha Roasted Brown Rice Green Tea Value Pack, 9.86-Ounce Bag","[[Grocery & Gourmet Food,Beverages,Coffee, Tea & Cocoa,Tea,Green]]"
772,12409,"Coombs Family Farms 100% Pure Maple Syrup Premium Grade B, 32-Ounce Bear Jug","[[Grocery & Gourmet Food,Cooking & Baking,Syrups, Sugars & Sweeteners,Maple Syrup]]"
773,12421,"South Beach Diet Peanut Butter Chocolate Chip Meal Bar, 1.76 Ounces, 5-Count (Pack of 8)","[[Health & Household,Vitamins & Dietary Supplements,Weight Loss]]"
774,12455,"Lee Kum Kee Sauce For Black Bean Chicken, 1.8-Ounce Pouches (Pack of 12)","[[Grocery & Gourmet Food,Pantry Staples,Sauces, Gravies & Marinades,Sauces,Asian,Stir-Fry Sauce]]"
775,12472,"The Spice Hunter Thai Seasoning Blend, 2-Ounce Jar","[[Grocery & Gourmet Food,Herbs, Spices & Seasonings,Mixed Spices & Seasonings],[Grocery & Gourmet Food,Herbs, Spices & Seasonings,Mixed Spices & Seasonings]]"
776,12490,Raw Pecans (1 Pound Bag),"[[Grocery & Gourmet Food,Snack Foods,Nuts & Seeds]]"
777,12499,Hooters Wing Sauce Medium: The Original (12 oz.),"[[Grocery & Gourmet Food,Pantry Staples,Sauces, Gravies & Marinades,Sauces,Buffalo Wing]]"
778,12508,"Lifesavers Candy Tropical Fruits - 14 Pieces / Pack, 20 Packs","[[Grocery & Gourmet Food,Candy & Chocolate,Hard Candy & Lollipops,Hard Candy]]"
779,12516,"Pur Gum, Peppermint, 2.82-Ounce","[[Grocery & Gourmet Food,Candy & Chocolate,Chewing & Bubble Gum]]"
780,12517,"Choice Organic Chamomile Herb Tea, 16 Count Box","[[Grocery & Gourmet Food,Beverages,Coffee, Tea & Cocoa,Tea,Green]]"
781,12542,"PowerBar Protein Plus 20g, Chocolate Crisp, 2.15-Ounce Bars (Pack of 15)","[[Health & Household,Sports Nutrition,Nutrition Bars,Protein Bars]]"
782,12545,El Almendro Toasted Egg Yolk Turron (Yema Tostada) 7oz (200 G),"[[Grocery & Gourmet Food,Candy & Chocolate,Candy & Chocolate Bars]]"
783,12575,"Emerald Forest Xylitol, 16 Ounce Pouches (Pack of 6)","[[Grocery & Gourmet Food,Cooking & Baking,Sugar Substitutes,Xylitol]]"
784,12578,"Teas' Tea Unsweetened Pure Green Tea, 16.9-Ounce Bottles (Pack of 12)","[[Grocery & Gourmet Food,Beverages,Coffee, Tea & Cocoa,Tea,Green]]"
785,12580,"Dalat Peaberry Robusta Whole Bean Coffee, 1lb","[[Grocery & Gourmet Food,Beverages,Coffee, Tea & Cocoa,Coffee,Roasted Coffee Beans]]"
786,12582,"NF Black Rice Macaroni, 14-Ounce (Pack of 20)","[[Grocery & Gourmet Food,Pantry Staples,Canned, Jarred & Packaged Foods,Packaged Meals & Side Dishes,Macaroni & Cheese]]"
787,12599,"Dr. McDougall's Right Foods Vegan Pad Thai Noodle Soup, Fresh Flavor, 2-Ounce Cups (Pack of 6)","[[Grocery & Gourmet Food,Canned, Jarred & Packaged Foods,Packaged Meals & Side Dishes,Pasta & Noodle Dishes]]"
788,12601,"Bear Naked Soft Baked Granola Cookies, Fruit &amp; Nut, 8.5-Ounce Boxes (Pack of 6)","[[Grocery & Gourmet Food,Snack Foods,Cookies,Chocolate]]"
789,12608,The Good Bean Chickpeas Chocolate -- 6 oz,"[[Grocery & Gourmet Food,Snack Foods,Party Mix]]"
790,12615,"Eight O'Clock Coffee Decaffeinated Whole Bean Coffee, 36-Ounce","[[Grocery & Gourmet Food,Beverages,Coffee, Tea & Cocoa,Coffee,Roasted Coffee Beans]]"
791,12635,"Ekobrew Cup, Refillable Cup for Keurig K-cup Brewers, Brown, 1-Count","[[Small Appliance Parts & Accessories,Coffee & Espresso Machine Parts & Accessories,Coffee Machine Accessories,Coffee Filters,Reusable Filters]]"
792,12659,Choffy - Ivory Coast Dark 12oz.,"[[Grocery & Gourmet Food,Food & Beverage Gifts,Coffee & Tea Gifts]]"
793,12673,"King Oscar Mediterranean Sardines,  3.75 Ounce Tins (Pack of 12)","[[Grocery & Gourmet Food,Pantry Staples,Canned, Jarred & Packaged Foods,Meat, Poultry & Seafood,Seafood,Sardines]]"
794,12694,"Weetabix Whole Grain Biscuit Cereal, 14-Ounce Boxes (Pack of 6)","[[Grocery & Gourmet Food,Breakfast Foods,Cereals,Cold Cereals]]"
795,12701,"La Perruche White Sugar Cubes, 26.5-Ounce (Pack of 2)","[[Grocery & Gourmet Food,Cooking & Baking,Syrups, Sugars & Sweeteners,Sugars]]"
796,12706,"Pop-Tarts Mini-Crisps Strawberry, 4.86-Ounce (Pack of 4)","[[Grocery & Gourmet Food,Breakfast Foods,Toaster Pastries]]"
797,12750,"The Spice Hunter Pepper, Key Lime Blend, 2-Ounce Jar","[[Grocery & Gourmet Food,Pantry Staples,Herbs, Spices & Seasonings,Pepper & Peppercorns,Ground Pepper]]"
798,12760,"Candy Necklace - Smarties, 24 count","[[Grocery & Gourmet Food,Candy & Chocolate,Hard Candy & Lollipops,Hard Candy]]"
799,12774,Glico Caplico Stick Assort Pack (9 Sticks),"[[Grocery & Gourmet Food,Breads & Bakery,Cookies]]"
800,12779,"Chimes Original Ginger Chews, 1-pound bag","[[Grocery & Gourmet Food,Candy & Chocolate,Ginger Candy]]"
801,12782,"Vita Coco Coconut Water with Pineapple, 11.1-Ounce Tetra Paks (Pack of 12)","[[Grocery & Gourmet Food,Beverages,Bottled Beverages, Water & Drink Mixes,Juices]]"
802,12854,"KIND Fruit &amp; Nut, Almond &amp; Coconut, All Natural, 1.4-Ounce Gluten Free Bars (Pack of 12)","[[Grocery & Gourmet Food,Snack Foods,Bars,Fruit & Nut]]"
803,12876,"The Spice Hunter Fajita Seasoning Blend, 1.8-Ounce Jar","[[Grocery & Gourmet Food,Canned, Jarred & Packaged Foods,Packaged Meals & Side Dishes,Mexican Dishes,Fajitas]]"
804,12890,"Keebler Sandwich Crackers Variety Pack,  8 - 1.38-Ounce Packages (Pack of 6)","[[Grocery & Gourmet Food,Snack Foods,Crackers,Sandwich]]"
805,12921,Sunflower Seeds Raw Organic 16 Ounces,"[[Grocery & Gourmet Food,Cooking & Baking,Nuts & Seeds,Sunflower Seeds]]"
806,12930,Indomie Instant Fried Noodles Spicy/Hot for 1 Case (30),"[[Grocery & Gourmet Food,Canned, Jarred & Packaged Foods,Packaged Meals & Side Dishes,Pasta & Noodle Dishes]]"
807,12935,"Taylors of Harrogate, Special Rare Assam Leaf Tea, Doomur Dulling, Loose Leaf, 4.41-Ounce Tin","[[Grocery & Gourmet Food,Beverages,Coffee, Tea & Cocoa,Tea,Black]]"
808,12941,"Ferrero Nutella Spread, Chocolate Hazelnut, 2-Count 26.5-Ounce","[[Grocery & Gourmet Food,Jams, Jellies & Sweet Spreads,Chocolate & Hazelnut Spreads]]"
809,12946,Japan Kracie Dodotto Tsubupyon Grape Flavor 2013 March NEW!! DIY Candy Happy Kitchen Kit,"[[Grocery & Gourmet Food,Candy & Chocolate,Jelly Beans & Gummy Candy,Gummy Candy]]"
810,12960,Hinterland Trading Air Plant Tillandsia Bromeliads Terrarium Kit with Pebbles and Moss Great Little Houseplant,"[[Patio, Lawn & Garden,Gardening & Lawn Care,Pots, Planters & Container Accessories,Terrariums]]"
811,12965,"Bali's Best Coffee Candy, 5.3 Oz (150g) Bag with 42 Individually Wrapped Candies","[[Grocery & Gourmet Food,Candy & Chocolate,Hard Candy & Lollipops,Hard Candy]]"
812,12991,Jelly Belly Very Cherry Jelly Beans (1 Pound Bag) - Red,"[[Grocery & Gourmet Food,Candy & Chocolate,Jelly Beans & Gummy Candy,Jelly Beans]]"
813,12994,"Duchy Originals Organic Original Oaten Biscuits, 5.3-Ounce","[[Grocery & Gourmet Food,Breads & Bakery,Cookies]]"
814,13002,"Amy's Organic Minestrone Soup, 14.1-Ounce Cans (Pack of 12)","[[Grocery & Gourmet Food,Pantry Staples,Soups, Stocks & Broths,Vegetable Soups]]"
815,13019,"Golden Malted Pancake &amp; Waffle Flour, Original, 33-Ounce Cans (Pack of 3)","[[Grocery & Gourmet Food,Pantry Staples,Cooking & Baking,Baking Mixes,Pancakes & Waffles]]"
816,13026,Chocolate Tootsie Pops 60 pops,"[[Grocery & Gourmet Food,Candy & Chocolate,Hard Candy & Lollipops,Suckers & Lollipops]]"
817,13051,"Caribou Coffee Mahogany, K-Cups for Keurig Brewers, 24-Count","[[Grocery & Gourmet Food,Beverages,Coffee, Tea & Cocoa,Coffee,Single-Serve Capsules & Pods]]"
818,13088,"Organic Valley Organic 1% Lowfat Chocolate Single Serve Milk, 8-Ounce Aseptic Cartons (Pack of 24)","[[Grocery & Gourmet Food,Dairy, Cheese & Eggs,Milk & Cream,Dairy Milk]]"
819,13095,"Lipton Black Tea, Bavarian Wild Berry, Premium Pyramid Tea Bags, 20-Count Boxes (Pack of 6)","[[Grocery & Gourmet Food,Beverages,Coffee, Tea & Cocoa,Tea,Black]]"
820,13117,Russel Stover Sugar Free Coconut 10 Oz. (2 Packs ),"[[Grocery & Gourmet Food,Candy & Chocolate,Candy & Chocolate Bars]]"
821,13130,"G7 3-in-1 Instant Coffee, 50 Sachets","[[Grocery & Gourmet Food,Beverages,Coffee, Tea & Cocoa,Coffee,Instant Coffee]]"
822,13132,"Side Mates Pilaf with Rice, Pasta, Garlic, and Herbs, 6 Ounce (Pack of 8)","[[Grocery & Gourmet Food,Pantry Staples,Canned, Jarred & Packaged Foods]]"
823,13141,"Choice Organic Lemon Lavender Mint Her Tea, 16 Count Box","[[Grocery & Gourmet Food,Beverages,Coffee, Tea & Cocoa,Tea,Green]]"
824,13195,"Happy Creamies Organic Veggie and Fruit Snacks with Coconut Milk, (Strawberry, Raspberry and Carrot), 1 Ounce (Pack of 8)","[[Baby Products,Feeding,Baby Foods,Snack Foods]]"
825,13229,"Amazing Grass All Natural Drink Powder, Green Superfood, 8.5-Ounce Container","[[Health & Household,Vitamins & Dietary Supplements,Herbal Supplements,Spirulina]]"
826,13281,Leimer Backerbsen / Soup Pearls ( 200 g ),"[[Grocery & Gourmet Food,Pasta & Noodles]]"
827,13320,"Japanese Delight Seaweed Salad on the Go, 0.9-Ounce (Pack of 6)","[[Grocery & Gourmet Food,Cooking & Baking,Dried Seaweed & Nori]]"
828,13325,Tassimo Gevalia Peppermint Mocha Tdiscs (2 Pack) - Limited Edition,"[[Grocery & Gourmet Food,Beverages,Coffee, Tea & Cocoa,Coffee,Single-Serve Capsules & Pods]]"
829,13338,"AriZona Sugar Free Lemon Iced Tea Mix, 1.7 Ounce Tubs in Cannister","[[Grocery & Gourmet Food,Beverages,Coffee, Tea & Cocoa,Tea,Iced Tea]]"
830,13352,"Simply Organic Italian Seasoning Certified Organic, 0.95-Ounce Container","[[Grocery & Gourmet Food,Herbs, Spices & Seasonings,Mixed Spices & Seasonings,Italian Seasoning]]"
831,13372,"MAMA Instant Noodles Artificial Pork Flavor,30 Pkgs.x 2.12 Oz.(60g)","[[Grocery & Gourmet Food,Canned, Jarred & Packaged Foods,Packaged Meals & Side Dishes,Pasta & Noodle Dishes]]"
832,13376,"Pamela's Products Mix, Biscuit and Scone, 13 Ounce","[[Grocery & Gourmet Food,Cooking & Baking,Baking Mixes,Biscuits]]"
833,13380,"Nutiva Organic Virgin Coconut Oil, 54-Ounce Containers (Pack of 2)","[[Grocery & Gourmet Food,Pantry Staples,Cooking & Baking,Cooking Oils, Vinegars & Sprays,Oils,Coconut]]"
834,13390,"Hershey's Easter Spring Treats Mega Mix (Kit Kat, Whoppers, Cadbury &amp; Reese's), 20-Ounce Packages (Pack of 3)","[[Grocery & Gourmet Food,Candy & Chocolate,Candy & Chocolate Assortments]]"
835,13423,"Maille Traditional Dijon Originale Hot Mustard, 9.7-Ounce Bottles (Pack of 12)","[[Grocery & Gourmet Food,Condiments & Salad Dressings,Mustard,Dijon Mustard]]"
836,13425,Raw Pepitas / No Shell Pumpkin Seeds (16oz bag),"[[Grocery & Gourmet Food,Herbs, Spices & Seasonings,Single Herbs & Spices,Poppy Seed]]"
837,13430,Y.S. Eco Bee Farms Raw Honey - 22 oz,"[[Grocery & Gourmet Food,Cooking & Baking,Syrups, Sugars & Sweeteners,Honey]]"
838,13453,"Fruit Slices ASSORTED Wrapped, 2.5 LB","[[Grocery & Gourmet Food,Candy & Chocolate,Jelly Beans & Gummy Candy,Gummy Candy]]"
839,13482,"Bruyerre Finest Belgian Chocolates Gift 1 Box, Pink or Blue [Packaging May Vary]","[[Grocery & Gourmet Food,Candy & Chocolate,Candy & Chocolate Assortments]]"
840,13488,"Carmelina Brands Italian Borlotti Beans (Cranberry Beans), 14.28-Ounce Units (Pack of 24)","[[Grocery & Gourmet Food,Canned, Jarred & Packaged Foods,Beans & Peas,Garbanzo Beans]]"
841,13516,"Side Mates Pearl Couscous, Roasted Garlic and Parsley, 6 Ounce (Pack of 8)","[[Grocery & Gourmet Food,Pantry Staples,Dried Grains & Rice,Couscous]]"
842,13519,"Tetley British Blend Premium Black, 80-Count Tea Bags, 7 Ounce, (Pack of 6)","[[Grocery & Gourmet Food,Beverages,Coffee, Tea & Cocoa,Tea,Black]]"
843,13527,Slim Jim Dare Chili Pepper Sticks (Pack of 24),"[[Grocery & Gourmet Food,Snack Foods,Meat Snacks,Jerky]]"
844,13534,"Great River Organic Milling Organic Bread Flour Seven Grain, 5 Pound Bags (Pack of 4)","[[Grocery & Gourmet Food,Pantry Staples,Cooking & Baking,Flours & Meals]]"
845,13537,Mount Hagen Freeze Dried Instant Coffee- 3.53 Oz Jars- 2 Pack,"[[Grocery & Gourmet Food,Beverages,Coffee, Tea & Cocoa,Coffee,Instant Coffee]]"
846,13544,"Big Tree Farms Organic Coconut Sugar, Blonde, 16-Ounce Pouches (Pack of 6)","[[Grocery & Gourmet Food,Cooking & Baking,Sugar Substitutes,Palm Sugar]]"
847,13558,"Slim Jim Giant Smoked Snacks, Tabasco, 0.97-Ounce Sticks (Pack of 24)","[[Grocery & Gourmet Food,Snack Foods,Jerky & Dried Meats]]"
848,13559,Smarties Candy~ Bulk 2 Lbs ~,"[[Grocery & Gourmet Food,Candy & Chocolate,Hard Candy & Lollipops,Hard Candy]]"
849,13583,"Campbell's Healthy Request Cream of Chicken Soup, 10.75 Ounce Cans (Pack of 24)","[[Grocery & Gourmet Food,Pantry Staples,Soups, Stocks & Broths,Chicken Soups]]"
850,13592,"Campbell's Chunky Grilled Steak Chili with Beans, 19 Ounce Cans (Pack of 12)","[[Grocery & Gourmet Food,Soups, Stocks & Broths,Chili]]"
851,13593,Trident Vitality Vigorate Gum with Vitamin C - 10/9 Piece Packs,"[[Grocery & Gourmet Food,Candy & Chocolate,Chewing & Bubble Gum]]"
852,13602,"Enjoy Life Plentils, Light Sea Salt, 4-Ounce","[[Grocery & Gourmet Food,Snack Foods,Chips & Crisps,Vegetable]]"
853,13606,Brookside Dark Chocolate Acai with Blueberry 2 Pounds Resealable Bag [Misc.],"[[Grocery & Gourmet Food,Candy & Chocolate,Candy & Chocolate Assortments]]"
854,13610,"Great River Organic Milling Organic Specialty Flour Buckwheat, 50-Pounds","[[Grocery & Gourmet Food,Cooking & Baking,Flours & Meals,Buckwheat]]"
855,13628,"Montebello Organic Farfalle, Italian Macaroni, 16-Ounce Bag (Pack of 5)","[[Grocery & Gourmet Food,Pantry Staples,Pasta & Noodles,Pasta,Bow-Tie]]"
856,13633,"KIND Fruit &amp; Nut, Fruit &amp; Nut Delight, All Natural, Gluten Free Bars  1.4 oz. (Pack of 12)","[[Grocery & Gourmet Food,Breakfast Foods,Breakfast & Cereal Bars,Cereal]]"
857,13650,Hinterland Trading Air Plant Tillandsia with Hanging Glass Globe and Seashells Kit Great Little Houseplant,"[[Grocery & Gourmet Food,Fresh Flowers & Live Indoor Plants,Live Indoor Plants,House Plants]]"
858,13667,100% Certified Organic Cardamom (Ground) 1.8 oz (51 grams) Pwdr,"[[Grocery & Gourmet Food,Herbs, Spices & Seasonings,Single Herbs & Spices,Cardamom Seed]]"
859,13676,Kellogg's Rice Krispies Treats Original Crispy Marshmallow Squares .78 oz Bars - 54 Bars,"[[Grocery & Gourmet Food,Breakfast Foods,Breakfast & Cereal Bars,Cereal]]"
860,13704,"Lindt Excellence Extra Dark Chocolate 85% Cocoa, 3.5-Ounce Package","[[Grocery & Gourmet Food,Candy & Chocolate,Candy & Chocolate Bars]]"
861,13738,Knorr Chicken Bouillon Cubes 8 Count,"[[Grocery & Gourmet Food,Pantry Staples,Soups, Stocks & Broths,Bouillon,Chicken]]"
862,13752,"Haribo Gummi Candy, Strawberries, 5-Pound Bag","[[Grocery & Gourmet Food,Candy & Chocolate,Jelly Beans & Gummy Candy,Gummy Candy]]"
863,13775,"Penta Ultra Purified Water, 0.5 Liter Bottles (Pack of 12)","[[Grocery & Gourmet Food,Beverages,Bottled Beverages, Water & Drink Mixes,Water,Mineral Water]]"
864,13789,"Seattle's Best Level 3 Ground Blend Coffee, 12-Ounce (Pack of 2)","[[Grocery & Gourmet Food,Beverages,Coffee, Tea & Cocoa,Coffee,Ground Coffee]]"
865,13792,Lyons Gold Label Tea 80 tea bags,"[[Grocery & Gourmet Food,Beverages,Coffee, Tea & Cocoa,Tea]]"
866,13815,"Simply Organic Cilantro Certified Organic, 0.78-Ounce Container","[[Grocery & Gourmet Food,Pantry Staples,Herbs, Spices & Seasonings,Single Herbs & Spices,Cilantro Flakes]]"
867,13828,Sherpa Pink Himalayan Salt 25 Lbs Fine Grain,"[[Grocery & Gourmet Food,Herbs, Spices & Seasonings,Salt & Salt Substitutes,Coarse Salt]]"
868,13838,"Twinings Green Gunpowder Loose Tea Tin, 100 Gram","[[Grocery & Gourmet Food,Beverages,Coffee, Tea & Cocoa,Tea,Green]]"
869,13850,Keurig My K-Cup 2-Pack Reusable Coffee Filter Basket Replacement,"[[Small Appliance Parts & Accessories,Coffee & Espresso Machine Parts & Accessories,Coffee Machine Accessories,Coffee Filters,Reusable Filters]]"
870,13856,"The Spice Hunter Lemon Peel, Granulated, 2.1-Ounce Jar","[[Grocery & Gourmet Food,Herbs, Spices & Seasonings,Mixed Spices & Seasonings]]"
871,13889,Mini Thattai,[[]]
872,13924,"Simply Organic Organic Grilling Seasons Chicken Seasoning Certified Organic, 2.26-Ounce Container","[[Grocery & Gourmet Food,Herbs, Spices & Seasonings,Mixed Spices & Seasonings,Meat Seasoning]]"
873,13933,"Namaste Foods, Gluten Free Biscuits, Piecrust &amp; More, 48-Ounce Bags (Pack of 6)","[[Grocery & Gourmet Food,Cooking & Baking,Baking Mixes,Biscuits]]"
874,13946,"Frontier Cinnamon Powder, Korintje (a Grade) (3% Oil), 16 Ounce Bags (Pack of 2)","[[Grocery & Gourmet Food,Herbs, Spices & Seasonings,Single Herbs & Spices,Cinnamon]]"
875,13958,"Keebler Jumbo Dark Fudge Sticks, 6.6 Ounce","[[Grocery & Gourmet Food,Snack Foods,Cookies,Chocolate]]"
876,13985,"Pepperidge Farm Chocolate Chunk Crispy Cookies, Sausalito Milk Chocolate Macadamia, 7.2-ounce (pack of 5)","[[Grocery & Gourmet Food,Snack Foods,Cookies,Chocolate Chip]]"
877,13997,"Bob's Red Mill Gluten Free Quick Cooking Oats, 32-Ounce Bags (Pack of 4)","[[Grocery & Gourmet Food,Breakfast Foods,Cereals,Oatmeal]]"
878,14014,"Krusteaz Raspberry Bars, 19-Ounce Boxes (Pack of 2)","[[Grocery & Gourmet Food,Cooking & Baking,Baking Mixes,Cakes]]"
879,14019,Andes Peppermint Crunch Baking Chips 10oz - 2 Unit Pack,"[[Grocery & Gourmet Food,Pantry Staples,Cooking & Baking]]"
880,14041,"Tortuga Caribbean Six-Pack Mix, 4-Ounce Cake (Pack of 6)","[[Grocery & Gourmet Food,Food & Beverage Gifts,Bakery & Dessert Gifts]]"
881,14059,"Ghirardelli Chocolate Squares, Dark Collection Assortment, 8.48-Ounce Bags (Pack of 3)","[[Grocery & Gourmet Food,Candy & Chocolate,Candy & Chocolate Assortments]]"
882,14072,"Side Mates Pearl Couscous, Tuscan Medley, 6 Ounce (Pack of 8)","[[Grocery & Gourmet Food,Dried Beans, Grains & Rice,Grains & Rice,Couscous]]"
883,14086,"Kool-Aid Invisible Watermelon Kiwi Unsweetened Soft Drink Mix, 0.13-Ounce Packets (Pack of 96)","[[Grocery & Gourmet Food,Beverages,Bottled Beverages, Water & Drink Mixes,Powdered Drink Mixes & Flavorings,Soft Drink Mixes]]"
884,14087,"Campbell's Spaghetti, 14.75 Ounce Cans (Pack of 12)","[[Grocery & Gourmet Food,Pantry Staples,Canned, Jarred & Packaged Foods,Packaged Meals & Side Dishes,Pasta & Noodle Dishes]]"
885,14088,"Hormel  Compleats Beef Steak &amp; Peppers with Savory Sauce and Noodles, 10-Ounce Microwavable Bowls (Pack of 6)","[[Grocery & Gourmet Food,Canned, Jarred & Packaged Foods,Packaged Meals & Side Dishes,Pasta & Noodle Dishes]]"
886,14105,"DoMatcha DoMatcha Organic 2nd Harvest Matcha, 2.82-Ounce","[[Grocery & Gourmet Food,Beverages,Coffee, Tea & Cocoa,Tea,Matcha]]"
887,14135,"Gerber Graduates Breakfast Buddies - Cherry Cereal, 4.5-Ounce (Pack of 8)",[[]]
888,14155,"KIND: The KIND Cube, Gift, Variety Pack (Pack of 20)","[[Grocery & Gourmet Food,Breakfast Foods,Breakfast & Cereal Bars]]"
889,14181,Koegel Pickled Bologna 2- Jars 40oz ea,"[[Grocery & Gourmet Food,Snack Foods,Jerky & Dried Meats]]"
890,14191,Harney &amp; Sons Fine Teas Peach Iced Tea - 6 / Tin,"[[Grocery & Gourmet Food,Beverages,Coffee, Tea & Cocoa,Tea,Iced Tea]]"
891,14212,MANINIS Ancient Grains Gluten Free Rustic Multigrain Bread Mix (5lb bag),"[[Grocery & Gourmet Food,Cooking & Baking,Baking Mixes,Breads]]"
892,14215,Paleo -Almond Thin Crackers (Low Carb),[[]]
893,14226,Marmite Yeast Extract 500g 2-pack.,"[[Grocery & Gourmet Food,Cooking & Baking,Leaveners & Yeasts,Active Dry Yeasts]]"
894,14251,Charleston Chews Snack Size: 120Count,"[[Grocery & Gourmet Food,Candy & Chocolate,Candy & Chocolate Bars]]"
895,14266,"Schar Crackers Cheese Bites Gluten Free, 4.4-Ounces (Pack of 3)",[[]]
896,14275,"Amy's Organic Vegetable Barley Soup, Low Fat, 14.1-Ounce Cans (Pack of 12)","[[Grocery & Gourmet Food,Pantry Staples,Soups, Stocks & Broths,Vegetable Soups]]"
897,14284,Sixlets Christmas Candies 4.5 oz,"[[Grocery & Gourmet Food,Candy & Chocolate,Hard Candy & Lollipops,Hard Candy]]"
898,14295,"Nature's Path Organic Mesa Sunrise Cereal, 26.4-Ounce Bags (Pack of 6)","[[Grocery & Gourmet Food,Breakfast Foods,Cereals,Cold Cereals]]"
899,14297,"Knorr Mi Arroz Rice Seasoning Mix, Red, 0.23 Pound (Pack of 24)","[[Grocery & Gourmet Food,Herbs, Spices & Seasonings]]"
900,14302,Mullu Tenkuzhal,[[]]
901,14311,"Bob's Red Mill Organic Oats Rolled Regular, 32-Ounce (Pack of 4)","[[Grocery & Gourmet Food,Breakfast Foods,Cereals,Oatmeal]]"
902,14327,"Pretzel Salt, 1 lb.","[[Grocery & Gourmet Food,Snack Foods,Pretzels],[Grocery & Gourmet Food,Snack Foods,Pretzels]]"
903,14330,"Tea Forte Skin Smart Loose Tea Canister-Lychee Coconut, 3.5 oz, 50 servings","[[Grocery & Gourmet Food,Beverages,Coffee, Tea & Cocoa,Tea,Tea Samplers]]"
904,14355,"Kirkland Signature Super XL VA Peanuts, 40 Ounce","[[Grocery & Gourmet Food,Cooking & Baking,Nuts & Seeds,Peanuts]]"
905,14356,"Frontier Chamomile Flowers, German Whole (double Cleaned), 16 Ounce Bag","[[Grocery & Gourmet Food,Beverages,Coffee, Tea & Cocoa,Tea,Tea Samplers]]"
906,14373,"Dr. McDougall's Right Foods Asian Entree, Soy Ginger Noodle, 1.9-Ounce Packages (Pack of 6)","[[Grocery & Gourmet Food,Canned, Jarred & Packaged Foods,Packaged Meals & Side Dishes,Asian Dishes]]"
907,14376,Morinaga Hi -Chew Assorted Flavored 17.64 oz 100+ Individually Wrapped Fruit Chews Mango Grape Strawberry Green Apple,"[[Grocery & Gourmet Food,Candy & Chocolate,Jelly Beans & Gummy Candy,Gummy Candy]]"
908,14377,"Bob's Red Mill Granola, Crunchy Coconut, 18-Ounce Units (Pack of 4)","[[Grocery & Gourmet Food,Breakfast Foods,Cereals,Granola]]"
909,14402,"TRADITION Vegetable Style - Cup, 2.47-Ounce Cup (Pack of 12)","[[Grocery & Gourmet Food,Soups, Stocks & Broths,Noodle Soups]]"
910,14424,"McCormick Beef and Herb (Herb Brown) Gravy, 1-Ounce (Pack of 12)","[[Grocery & Gourmet Food,Pantry Staples,Sauces, Gravies & Marinades,Gravies,Beef]]"
911,14489,Natural Raw Almonds (4 Pound Bag),"[[Health & Household,Sports Nutrition]]"
912,14492,Sushi Rice Japanese style - 5 lb,"[[Grocery & Gourmet Food,Pantry Staples,Dried Grains & Rice,White]]"
913,14510,Nielsen-Massey 32 oz. Madagascar Bourbon Pure Vanilla Extract.,"[[Grocery & Gourmet Food,Cooking & Baking,Extracts & Flavoring]]"
914,14530,Timothy's World Coffee Parisian Nights K-Cup (24 count),"[[Grocery & Gourmet Food,Beverages,Coffee, Tea & Cocoa,Coffee,Single-Serve Capsules & Pods]]"
915,14563,"Loma Linda Linketts, 20-Ounce Cans (Pack of 12)","[[Grocery & Gourmet Food,Meat Substitutes,Hot Dogs, Links & Sausages]]"
916,14569,"Land O Lakes, Cocoa Mix Classic Mint, 1.25-Ounce (12 Pack)","[[Grocery & Gourmet Food,Dairy, Cheese & Eggs,Milk & Cream]]"
917,14572,Tiparos Fish Sauce,[[]]
918,14590,"Snapz Apple Chips Plain, 0.7-Ounce (Pack of 12)","[[Grocery & Gourmet Food,Produce,Dried Fruits & Vegetables,Dried Fruits]]"
919,14627,"Hodgson Mill Wholesome Potato Bread Mix, 16-Ounce Boxes (Pack of 6)","[[Grocery & Gourmet Food,Pantry Staples,Cooking & Baking,Baking Mixes,Breads]]"
920,14636,Mariani Premium Mixed Fruit Plus! 2.25lbs,"[[Grocery & Gourmet Food,Produce,Dried Fruits & Vegetables,Dried Fruits]]"
921,14639,"Albanese Gummi Bears, Black Cherry, 5 Pound","[[Grocery & Gourmet Food,Candy & Chocolate,Jelly Beans & Gummy Candy,Gummy Candy]]"
922,14688,Batchelors Mushy Peas 300g,"[[Grocery & Gourmet Food,Pantry Staples,Canned, Jarred & Packaged Foods,Beans & Peas,Black-Eyed Peas]]"
923,14696,"Omega Nutrition Certified Organic Apple Cider Vinegar, 12-Ounces","[[Grocery & Gourmet Food,Cooking & Baking,Cooking Oils, Vinegars & Sprays,Vinegars,Apple Cider]]"
924,14701,"Chimes Peanut Butter Ginger Chews, 5-Ounce Bag","[[Grocery & Gourmet Food,Candy & Chocolate,Ginger Candy]]"
925,14726,Kashi 7 Whole Grain Pilaf (3x19.5 Oz.),"[[Grocery & Gourmet Food,Breakfast Foods,Cereals]]"
926,14737,Drake's Cakes Coffee Cake 2 boxes,"[[Grocery & Gourmet Food,Breads & Bakery,Cakes]]"
927,14754,"Teas' Tea Unsweetened Green White Tea, 16.9-Ounce Bottles (Pack of 12)","[[Grocery & Gourmet Food,Beverages,Coffee, Tea & Cocoa,Tea,Green]]"
928,14764,"Spicy World Almonds Whole (Natural and Raw), 4 Pound","[[Grocery & Gourmet Food,Cooking & Baking,Nuts & Seeds,Almonds]]"
929,14774,"Ghost Chili Powder 1/2oz - Organic, Authentic Indian Bhut Jolokia - 100% Satisfactions Guarantee","[[Grocery & Gourmet Food,Pantry Staples,Herbs, Spices & Seasonings,Mixed Spices & Seasonings,Chili Powder]]"
930,14776,"Side Mates Pearl Couscous ,The Original, 7 Ounce (Pack of 8)","[[Grocery & Gourmet Food,Pantry Staples,Dried Grains & Rice,Couscous]]"
931,14796,Wissotzky Tea Cinnamon Magic - 20 Tea Bags,"[[Grocery & Gourmet Food,Beverages,Coffee, Tea & Cocoa,Tea,Tea Samplers]]"
932,14809,"GoNaturally Organic Honey Gluten Free Hard Candies, 3.5-Ounce Bags (Pack of 6)","[[Grocery & Gourmet Food,Candy & Chocolate,Hard Candy & Lollipops,Hard Candy]]"
933,14821,32 Count - Green Mountain Caramel Vanilla Cream Vue Cup For Keurig Vue Brewers,"[[Grocery & Gourmet Food,Beverages,Coffee, Tea & Cocoa,Coffee,Single-Serve Capsules & Pods]]"
934,14830,Tea Forte Single Steeps Herbal Tea - 15 Pack,"[[Grocery & Gourmet Food,Beverages,Coffee, Tea & Cocoa,Tea,Tea Samplers]]"
935,14835,Lindt LINDOR Milk Chocolate Truffle Tree Gift 5.9 Ounce,"[[Grocery & Gourmet Food,Candy & Chocolate,Chocolate & Fudge,Chocolate Truffles]]"
936,14841,"Orbit Cinnamint Sugarfree Gum, 14-Piece Packs (Pack of 12)","[[Grocery & Gourmet Food,Candy & Chocolate,Chewing & Bubble Gum]]"
937,14843,Del Monte Lite Fruit Cups Variety - 24/4 oz.,[[]]
938,14846,"Seneca Caramel Apple Chips,2.5-Ounce Bags (Pack of 12)","[[Grocery & Gourmet Food,Produce,Dried Fruits & Vegetables,Dried Fruits,Dried Apples]]"
939,14863,"Carnation Breakfast Essentials, No Sugar Added Rich Milk Chocolate Powder, 8-Count Envelopes 64- 0.705 oz (20g) (Pack of 8)","[[Grocery & Gourmet Food,Beverages,Bottled Beverages, Water & Drink Mixes,Powdered Drink Mixes & Flavorings,Instant Breakfast Drinks]]"
940,14885,"Jack Link's Beef Jerky, Teriyaki, 10 Ounce Mega Pack","[[Grocery & Gourmet Food,Meat Substitutes,Jerky]]"
941,14890,"Brownie Brittle Chocolate Chip, 16 Ounce","[[Grocery & Gourmet Food,Candy & Chocolate,Brittle, Caramel & Toffee,Brittle]]"
942,14891,"Hoosier Hill Farm Nutritional Yeast Flakes, 1 lb.","[[Grocery & Gourmet Food,Cooking & Baking,Leaveners & Yeasts,Active Dry Yeasts]]"
943,14929,"Austin Zoo Animal Crackers, 2-Ounce Packages (Pack of 36)","[[Grocery & Gourmet Food,Snack Foods]]"
944,14956,Pure Cheddar Cheese Powder (9 ounces),"[[Grocery & Gourmet Food,Dairy, Cheese & Eggs,Cheese,Cheddar]]"
945,14980,Emerald Forest 5lb Erythritol Sweetener,"[[Grocery & Gourmet Food,Cooking & Baking,Sugar Substitutes]]"
946,14995,"Stretch Island Original Fruit Leather, Mango, 30 -  0.5-Ounce Bars Per Box","[[Grocery & Gourmet Food,Snack Foods,Fruit Leather]]"
947,15004,"Morton Tenderquick, 2-pounds (Pack of 6)","[[Grocery & Gourmet Food,Pantry Staples,Herbs, Spices & Seasonings,Mixed Spices & Seasonings,Meat Seasoning]]"
948,15027,"Bumble Bee Sensations, Spicy Thai Chili Tuna Medley, 5-Ounce Cans (Pack of 6)","[[Grocery & Gourmet Food,Canned, Jarred & Packaged Foods,Meat, Poultry & Seafood,Seafood,Tuna Fish]]"
949,15099,"Fiber One 90 Calorie Value Pack Bar, Lemon, 10.68 Ounce","[[Grocery & Gourmet Food,Breads & Bakery,Desserts]]"
950,15104,Trader Joe's Dried Fruit Soft &amp; Juicy Mango,"[[Grocery & Gourmet Food,Produce,Dried Fruits & Vegetables,Dried Fruits,Dried Mangoes]]"
951,15109,"Just Tomatoes Organic Just Raspberries, 1.5 Ounce Pouch","[[Grocery & Gourmet Food,Snack Foods,Fruit Snacks]]"
952,15131,Chocolate Bar Variety Pack - 30 ct,"[[Grocery & Gourmet Food,Candy & Chocolate,Candy & Chocolate Bars]]"
953,15134,"Green Mountain Breakfast Blend Coffee Keurig Vue Portion Pack, 32 count","[[Grocery & Gourmet Food,Beverages,Coffee, Tea & Cocoa,Coffee,Single-Serve Capsules & Pods]]"
954,15140,"Jelly Belly Gift Bag, Buttered Popcorn","[[Grocery & Gourmet Food,Candy & Chocolate,Jelly Beans & Gummy Candy,Jelly Beans]]"
955,15141,"Organic Prairie Organic Beef Jerky, Spicy Hickory, 2-Ounce Bags (Pack of 5)","[[Grocery & Gourmet Food,Snack Foods,Jerky & Dried Meats]]"
956,15142,S&amp;B - Wasabi in Plastic Tube 1.52 Oz.,"[[Grocery & Gourmet Food,Pantry Staples,Condiments & Salad Dressings,Wasabi]]"
957,15152,"Muir Glen Organic Tomato Paste, 6-Ounce Cans (Pack of 24)","[[Grocery & Gourmet Food,Canned, Jarred & Packaged Foods,Vegetables,Tomatoes,Tomato Paste]]"
958,15172,"Community Coffee Single-Serve Cups, Variety Pack, 36 count box","[[Grocery & Gourmet Food,Beverages,Coffee, Tea & Cocoa]]"
959,15174,"Cheez-It Cracker Cup, Original, 2.2 Ounce (Pack of 10)","[[Grocery & Gourmet Food,Snack Foods,Crackers,Assortments & Samplers]]"
960,15176,"Bit-O-Honey, 5 lb bag","[[Grocery & Gourmet Food,Candy & Chocolate,Jelly Beans & Gummy Candy,Taffy]]"
961,15190,"Kitchen Bouquet Browning and Seasoning Sauce, 32 Ounce","[[Grocery & Gourmet Food,Sauces, Gravies & Marinades,Seasoning Mixes]]"
962,15231,"YC Chocolate (70% Cocoa) Dark, 8-Pound Tiny Tabs Bulk Pack","[[Grocery & Gourmet Food,Candy & Chocolate,Candy & Chocolate Bars]]"
963,15239,Clotted Cream 6oz,"[[Grocery & Gourmet Food,Dairy, Cheese & Eggs]]"
964,15251,"Huy Fong Sriracha Chili Sauce, 28 Ounce (Pack of 6)","[[Grocery & Gourmet Food,Sauces, Gravies & Marinades,Sauces,Asian,Chile Paste]]"
965,15262,"SeaBear Smoked Salmon Chowder, 12 Ounce Unit","[[Grocery & Gourmet Food,Pantry Staples,Soups, Stocks & Broths,Chowders]]"
966,15266,"Green Mountain Coffee French Vanilla,  K-Cup Portion Pack for Keurig K-Cup Brewers, 24-Count","[[Grocery & Gourmet Food,Beverages,Coffee, Tea & Cocoa,Coffee,Single-Serve Capsules & Pods]]"
967,15277,Shin Ramyun Hot Spicy Noodle Soup (Nong Shim-Gourmet Spicy) for 20 Bags,"[[Grocery & Gourmet Food,Canned, Jarred & Packaged Foods,Packaged Meals & Side Dishes,Asian Dishes]]"
968,15316,Three Ladies Spring Roll Rice Paper Wrappers (Round 22cm 3pks),"[[Grocery & Gourmet Food,Canned, Jarred & Packaged Foods,Packaged Meals & Side Dishes,Asian Dishes]]"
969,15347,Mayan Caveman Cookies,[[]]
970,15360,"Hansen's Ginger Ale, 12 Ounce Cans (Pack of 24)",[[]]
971,15371,"Signature's Kirkland Fancy Mixed Nuts, 40 Ounce","[[Grocery & Gourmet Food,Pantry Staples,Cooking & Baking,Nuts & Seeds,Mixed Nuts]]"
972,15392,"Cumin Seeds (Jeera), 3 Lb Bag (48 Oz) (3 Lb (48 Oz))","[[Grocery & Gourmet Food,Herbs, Spices & Seasonings,Single Herbs & Spices,Cumin]]"
973,15400,"Cafe Escapes Chai Latte Keurig K-Cups, 16 Count 16-0.49oz","[[Grocery & Gourmet Food,Beverages,Coffee, Tea & Cocoa,Coffee,Single-Serve Capsules & Pods]]"
974,15423,Organic Harvest Medley Rice Blend 3.2lbs,"[[Grocery & Gourmet Food,Dried Beans, Grains & Rice,Grains & Rice,Brown]]"
975,15424,Uncle Joe's Mint Balls 200g,"[[Grocery & Gourmet Food,Candy & Chocolate,Mints]]"
976,15466,Mae Ploy Thai Red Curry Paste - 14 ounce per jar,"[[Grocery & Gourmet Food,Sauces, Gravies & Marinades,Sauces,Asian,Curry Sauce]]"
977,15468,"KIND Minis Variety Pack, 12-Count, 0.8oz","[[Health & Household,Sports Nutrition,Nutrition Bars]]"
978,15477,Butter Buds Butter Flavor Granules Sprinkles 2.5-oz,"[[Grocery & Gourmet Food,Cooking & Baking]]"
979,15483,"Fiber One Oats and Chocolate Chewy Granola Bars, 24 Count","[[Grocery & Gourmet Food,Breakfast Foods,Cereals,Granola]]"
980,15507,"Cafe Altura Freeze Dried Instant Coffee, 3.5 Ounce (Pack of 2)","[[Grocery & Gourmet Food,Beverages,Coffee, Tea & Cocoa,Coffee,Instant Coffee]]"
981,15529,"Pirate's Booty, Aged White Cheddar, 0.5-Ounce Bags (Pack of 60)","[[Grocery & Gourmet Food,Snack Foods,Puffed Snacks]]"
982,15540,Mae Ploy Thai Matsaman (Massaman) Curry Paste - 14 oz jar,"[[Grocery & Gourmet Food,Sauces, Gravies & Marinades,Sauces,Asian,Curry Sauce]]"
983,15571,"NOH Chinese Barbecue (Char Siu), 2.5-Ounce Packet, (Pack of 12)","[[Grocery & Gourmet Food,Pantry Staples,Herbs, Spices & Seasonings,Mixed Spices & Seasonings,Meat Seasoning]]"
984,15594,"Frontier Bulk Cream of Tartar Powder, 1 lb. package","[[Grocery & Gourmet Food,Herbs, Spices & Seasonings,Single Herbs & Spices,Cream of Tartar],[Grocery & Gourmet Food,Herbs, Spices & Seasonings,Single Herbs & Spices,Cream of Tartar]]"
985,15614,"Choice Organic Earl Grey Tea,  Black Tea, 16-Count Box  1.1 Oz  (Pack of 6)","[[Grocery & Gourmet Food,Beverages,Coffee, Tea & Cocoa,Tea,Black]]"
986,15636,"Ostrim High Protein Snack, Beef &amp; Ostrich, Pepper Jerkee, 1.05-Ounce Packages (Pack of 20)","[[Grocery & Gourmet Food,Snack Foods,Meat Snacks,Jerky]]"
987,15641,"Storck Toffifay, 1.16-Ounce (Pack of 24)","[[Grocery & Gourmet Food,Candy & Chocolate,Brittle, Caramel & Toffee,Toffee]]"
988,15642,"Dentyne Ice Spearmint, 12-Count Package","[[Grocery & Gourmet Food,Candy & Chocolate,Chewing & Bubble Gum]]"
989,15668,"Braga Organic Farms Pumpkin Seeds, Raw, 2 Pound","[[Grocery & Gourmet Food,Cooking & Baking,Nuts & Seeds,Pumpkin Seeds]]"
990,15675,"Douwe Egberts Pure Indulgence Instant Coffee in Jar, Dark Roast, 7.05-Ounce, 200g","[[Grocery & Gourmet Food,Beverages,Coffee, Tea & Cocoa,Coffee,Instant Coffee]]"
991,15678,"Stur ALL-NATURAL Stevia Water Enhancer - Variety PACK (5pck). ......makes 100 8oz. servings - drink mix. Non-GMO, natural fruit flavor, natural stevia leaf extract, sugar-free, calorie-free, preservative-free, 100% Vitamin C, liquid stevia drops. **Family Business, Happiness Guaranteed**","[[Grocery & Gourmet Food,Beverages,Bottled Beverages, Water & Drink Mixes,Flavor Syrups]]"
992,15696,"Suddenly Pasta Salad, Creamy Parmesan, 6.2-Ounce Boxes (Pack of 12)","[[Grocery & Gourmet Food,Canned, Jarred & Packaged Foods,Packaged Meals & Side Dishes,Pasta Salads]]"
993,15703,"Tang Orange Powdered Drink Mix (Makes 22 Quarts), 72-Ounce Canister","[[Grocery & Gourmet Food,Beverages,Bottled Beverages, Water & Drink Mixes,Powdered Drink Mixes & Flavorings,Soft Drink Mixes]]"
994,15773,"Royal Oak Gourmet Unsalted Virginia Peanuts, 40-Ounce Tins (Pack of 2)","[[Grocery & Gourmet Food,Pantry Staples,Cooking & Baking,Nuts & Seeds,Peanuts]]"
995,15782,"Knox Original Gelatin, Unflavored, 16-Ounces Cans  (Pack of 2)","[[Grocery & Gourmet Food,Pantry Staples,Cooking & Baking,Pudding & Gelatin,Gelatin]]"
996,15805,"Candy Tree Gluten Free Strawberry Twists, 2.6-Ounce Packages (Pack of 12)","[[Grocery & Gourmet Food,Candy & Chocolate,Jelly Beans & Gummy Candy,Gummy Candy]]"
997,15811,"Peak Dry Whole Milk Powder, 900-Grams","[[Grocery & Gourmet Food,Cooking & Baking,Condensed & Powdered Milk,Powdered]]"
998,15859,"Jif Creamy Peanut Butter, 36 Count","[[Grocery & Gourmet Food,Pantry Staples,Nut & Seed Butters,Peanut Butter]]"
999,15864,El Guapo Chicory-Pecan Bitters - coffee &amp; nut flavors with aromatic spices,"[[Grocery & Gourmet Food,Beverages,Bottled Beverages, Water & Drink Mixes,Cocktail Mixers,Bitters]]"
1000,15889,Golden Grill Russet Hashbrown Potatoes(48 servings),"[[Grocery & Gourmet Food,Pantry Staples,Canned, Jarred & Packaged Foods,Packaged Meals & Side Dishes,Potatoes & Stuffings,Potato Side Dishes]]"
1001,15909,"Go Picnic Go Picnic Ready-To-Eat Meals, Sunbutter and Crackers, 3.6 Ounce","[[Grocery & Gourmet Food,Snack Foods,Crackers]]"
1002,15912,"Simply Organic Herbes de Provence, 1 Ounce","[[Grocery & Gourmet Food,Herbs, Spices & Seasonings]]"
1003,15920,Shelled Walnuts 1 lb Bag,"[[Grocery & Gourmet Food,Pantry Staples,Cooking & Baking,Nuts & Seeds,Walnuts]]"
1004,15943,"Miracle Noodle Shirataki Pasta, 6 bag Variety Pack, 44 ounces (Includes: 2 Shirataki Angel Hair, 2 Shirataki Rice and 2 Shirataki Fettuccini)","[[Grocery & Gourmet Food,Pantry Staples,Pasta & Noodles,Noodles,Shirataki]]"
1005,15977,"Signature Jelly Belly Jelly Beans, 4-Pound","[[Grocery & Gourmet Food,Candy & Chocolate,Jelly Beans & Gummy Candy,Jelly Beans]]"
1006,15989,"Riso Bello Saffron Ready Risotto From Riso Bello, 6 Ounce Boxes (Pack of 6)","[[Grocery & Gourmet Food,Canned, Jarred & Packaged Foods,Packaged Meals & Side Dishes,Rice Dishes,Risotto]]"
1007,15996,"Wonderful Pistachios, 32-Ounce Bag","[[Grocery & Gourmet Food,Pantry Staples,Cooking & Baking,Nuts & Seeds,Pistachios]]"
1008,16037,King Leo Soft Peppermint Stick Candy 19.2oz Gift Tin,"[[Grocery & Gourmet Food,Candy & Chocolate,Mints]]"
1009,16050,"San Francisco Bay Coffee Ground Fog Chaser Coffee, 12-Ounce Bags (Pack of 3)","[[Grocery & Gourmet Food,Beverages,Coffee, Tea & Cocoa,Coffee,Ground Coffee]]"
1010,16052,"Plum Organics Second Blends World Baby Lentils and Roasted Squash with Apricots, Morocco, 3.5 Ounce (Pack of 6)","[[Baby Products,Feeding,Baby Foods,Beverages,Smoothies]]"
1011,16091,"Madi K's Whole Natural Almonds, 1-Ounce Bags (Pack of 48)","[[Grocery & Gourmet Food,Cooking & Baking,Nuts & Seeds,Almonds]]"
1012,16096,Japanese Fruit Gummy Candy from Kasugai - Kiwi - 107g,"[[Grocery & Gourmet Food,Candy & Chocolate,Jelly Beans & Gummy Candy,Gummy Candy]]"
1013,16103,"Simply Organic Oregano Leaf Cut &amp; Sifted Certified Organic, .75-Ounce Container","[[Grocery & Gourmet Food,Herbs, Spices & Seasonings,Single Herbs & Spices,Oregano]]"
1014,16127,"Nature's All Foods Freeze-Dried Raspberries, 1.3 Ounce","[[Grocery & Gourmet Food,Produce,Dried Fruits & Vegetables,Dried Fruits,Dried Berries]]"
1015,16165,Green Mountain Limited Edition Golden French Toast K Cups 24 Count,"[[Grocery & Gourmet Food,Beverages,Coffee, Tea & Cocoa,Coffee,Single-Serve Capsules & Pods]]"
1016,16169,"Vitaspelt Spelt Kernel, Organic, 25 Pound","[[Grocery & Gourmet Food,Cooking & Baking,Flours & Meals,Wheat Flours & Meals]]"
1017,16170,"Sugar Free Milk Chocolate Vanilla Marshmallow, 16 Oz. (1 Lb)","[[Grocery & Gourmet Food,Candy & Chocolate,Chocolate & Fudge,Chocolate Truffles]]"
1018,16201,Authentic Foods Tapioca Flour  - 2.5 lb,"[[Grocery & Gourmet Food,Cooking & Baking,Thickeners],[Grocery & Gourmet Food,Cooking & Baking,Thickeners]]"
1019,16214,Harney and Sons Raspberry Herbal Iced Tea,"[[Grocery & Gourmet Food,Beverages,Coffee, Tea & Cocoa,Tea,Iced Tea]]"
1020,16218,Grape Vines Purple Grape Twists 16oz.,"[[Grocery & Gourmet Food,Candy & Chocolate,Hard Candy & Lollipops]]"
1021,16225,"Mother Earth Products Dried Chives, Green Onions, 1 Full Quart","[[Sports & Outdoors,Outdoor Recreation,Camping & Hiking,Camp Kitchen,Freeze-Dried Food]]"
1022,16234,"Taylors of Harrogate Green Jasmine Leaf Tea, Loose Leaf, 4.41-Ounce Boxes (Pack of 6)","[[Grocery & Gourmet Food,Beverages,Coffee, Tea & Cocoa,Tea,Black]]"
1023,16241,"Archway, Original Windmill Cookies, 9oz Package (Pack of 3)","[[Grocery & Gourmet Food,Breads & Bakery,Cookies]]"
1024,16252,"Hodgson Mill Organic Whole Wheat Graham Flour, 2-Pounds (Pack of 6)","[[Grocery & Gourmet Food,Cooking & Baking,Flours & Meals,Wheat Flours & Meals]]"
1025,16262,Royalty Digestive 400g 5pk. If You Like Mcvities Digestives You Will Love These,"[[Grocery & Gourmet Food,Snack Foods,Cookies,Biscuits]]"
1026,16270,"Celestial Seasonings Authentic Green Tea, K-Cup Portion Pack for Keurig K-Cup Brewers, 24-Count","[[Grocery & Gourmet Food,Beverages,Coffee, Tea & Cocoa,Tea,Chai]]"
1027,16283,"Orville Redenbacher Gourmet Popcorn, Jar-30 OZ","[[Grocery & Gourmet Food,Snack Foods,Popcorn,Unpopped]]"
1028,16284,"Kodiak Cakes Butter Milk and Honey Flapjack and Waffle Mix, 24-Ounce (Pack of 3)","[[Grocery & Gourmet Food,Cooking & Baking,Baking Mixes,Cakes]]"
1029,16296,"Vegeta, Gourmet Seasoning, No MSG, 17.5oz (500g) bag","[[Grocery & Gourmet Food,Cooking & Baking,Breadcrumbs & Seasoned Coatings,Seasoned Coatings]]"
1030,16310,"Hearty Meal Soups Colorado Campfire Chicken Stew, 7-Ounce (Pack of 4)","[[Grocery & Gourmet Food,Soups, Stocks & Broths,Chicken Soups]]"
1031,16315,Trinidad and Moruga Scorpion - 3/4 Oz Spice Jar - The Hottest,"[[Grocery & Gourmet Food,Herbs, Spices & Seasonings]]"
1032,16323,"CBTL Continental Espresso Capsules By The Coffee Bean &amp; Tea Leaf, 16-Count Box","[[Grocery & Gourmet Food,Beverages,Coffee, Tea & Cocoa,Tea,Tea Samplers]]"
1033,16359,"El Yucateco Extra Hot Habanero Sauce, 4 oz.","[[Grocery & Gourmet Food,Sauces, Gravies & Marinades,Hot Sauce],[Grocery & Gourmet Food,Sauces, Gravies & Marinades,Hot Sauce]]"
1034,16403,Sweet Baby Gourmet Popping Corn Size: 6 lbs,"[[Grocery & Gourmet Food,Snack Foods,Popcorn,Unpopped]]"
1035,16404,"Hershey's Halloween Snack Size Candy Assortment, 50 Count","[[Grocery & Gourmet Food,Candy & Chocolate,Candy & Chocolate Assortments]]"
1036,16413,"Grove Square Caramel Apple Cider, Sugar Free, 18-Count Single Serve Cup for Keurig K-Cup Brewers (Pack of 3)","[[Grocery & Gourmet Food,Beverages,Coffee, Tea & Cocoa,Coffee,Single-Serve Capsules & Pods]]"
1037,16419,"NEW! SNAPPLE! RASPBERRY, PEACH &amp; LEMON Iced Tea Sampler 12 - NEWLY Released by SNAPPLE 3 flavors!","[[Grocery & Gourmet Food,Beverages,Coffee, Tea & Cocoa,Tea,Tea Samplers]]"
1038,16429,"Davis Lewis Orchards Pitted Organic Deglet Date, 10 Ounce","[[Grocery & Gourmet Food,Produce,Dried Fruits & Vegetables,Dried Fruits,Dried Dates]]"
1039,16445,"Knorr Rice Sides, Creamy Chipotle, 5.4 Ounce (Pack of 12)","[[Grocery & Gourmet Food,Pantry Staples,Canned, Jarred & Packaged Foods,Packaged Meals & Side Dishes,Rice Dishes,Risotto]]"
1040,16453,"Fritos Cheese Dip, Jalapeno Cheddar, 9 Ounce","[[Grocery & Gourmet Food,Snack Foods,Salsas, Dips & Spreads,Dips & Spreads,Bean]]"
1041,16463,"Bigelow Ginger Snappish Herbal Tea, 1.64-Ounce Boxes (Pack of 6)","[[Grocery & Gourmet Food,Beverages,Coffee, Tea & Cocoa,Tea,Herbal]]"
1042,16491,"Dried Apples, 16 Oz","[[Grocery & Gourmet Food,Produce,Dried Fruits & Vegetables,Dried Fruits]]"
1043,16497,"KIND Bar Variety Pack, 12-Count",[[]]
1044,16560,"Real Salt Kosher Salt, 16-Ounce",[[]]
1045,16593,"Mike and Ike Original, 36-Ounce (Pack of 3)","[[Grocery & Gourmet Food,Candy & Chocolate,Jelly Beans & Gummy Candy,Gummy Candy]]"
1046,16594,"Libby's Fruit Mix -chunky In Pear juices Concentrate, 15-Ounce Cans (Pack of 12)","[[Grocery & Gourmet Food,Pantry Staples,Canned, Jarred & Packaged Foods,Fruits,Pears]]"
1047,16604,Chef Paul Prudhomme's Magic Seasoning Blends ~ Ground Dried Magic Chiles 7-Pack,"[[Grocery & Gourmet Food,Produce,Dried Fruits & Vegetables,Dried Vegetables]]"
1048,16611,"Nongshim Chapagetti Chajang Noodle, 4.5 Ounce (Pack of 24)","[[Grocery & Gourmet Food,Soups, Stocks & Broths,Asian Noodle Soups]]"
1049,16614,Sir Kensingtons Chipotle Mayonnaise (10 ounce),"[[Grocery & Gourmet Food,Pantry Staples,Condiments & Salad Dressings,Mayonnaise]]"
1050,16634,"Earth's Best Organic 2nd Dinner Variety Pack, 4 Ounce Jars (Pack of 12)",[[]]
1051,16652,"Annie's Homegrown Family Size Bunny Grahams Honey, 10-Ounce Boxes (Pack of 6)","[[Grocery & Gourmet Food,Snack Foods,Crackers,Graham Crackers]]"
1052,16680,"CBTL French Decaf Brew Coffee Capsules By The Coffee Bean &amp; Tea Leaf, 16-Count Box","[[Grocery & Gourmet Food,Beverages,Coffee, Tea & Cocoa,Coffee,Single-Serve Capsules & Pods]]"
1053,16686,Mrs Dash Garlic &amp; Herb Seasoning Blend Salt-Free 6.75oz,"[[Grocery & Gourmet Food,Pantry Staples,Herbs, Spices & Seasonings,Single Herbs & Spices,Garlic]]"
1054,16687,"Goya Foods Sazon Culantro y Achiote, 1.41-Ounce","[[Grocery & Gourmet Food,Pantry Staples,Herbs, Spices & Seasonings,Mixed Spices & Seasonings,Mexican Seasoning]]"
1055,16708,Knorr Bors Magic for 7 L ( 1 Pc ),[[]]
1056,16714,"Club Crackers, 5.25-Ounce Boxes (Pack of 12)","[[Grocery & Gourmet Food,Snack Foods,Crackers]]"
1057,16739,"Hershey's Holiday Kisses, Candy Cane, 33 Ounce Bag","[[Grocery & Gourmet Food,Candy & Chocolate,Candy & Chocolate Bars]]"
1058,16754,"Kirkland Signature pure sea salt, fine grain, 30-oz plastic jar","[[Grocery & Gourmet Food,Pantry Staples,Herbs, Spices & Seasonings,Salt & Salt Substitutes,Sea Salt]]"
1059,16777,Timothy'S Kahlua Coffee K-Cups,"[[Grocery & Gourmet Food,Beverages,Coffee, Tea & Cocoa,Coffee,Single-Serve Capsules & Pods]]"
1060,16780,"Pamela's Products Amazing Wheat Free &amp; Gluten-free Bread Mix,  4-Pound Bags (Pack of 3)","[[Grocery & Gourmet Food,Cooking & Baking,Baking Mixes,Breads]]"
1061,16781,"Coffee Bean Direct Jamaican Blue Mountain Style, Whole Bean Coffee, 5-Pound Bag","[[Grocery & Gourmet Food,Beverages,Coffee, Tea & Cocoa,Coffee,Roasted Coffee Beans]]"
1062,16803,"Campbell's Chunky Beef &amp; Bean Roadhouse Chili, 15.25 Ounce Microwavable Bowls (Pack of 8)","[[Grocery & Gourmet Food,Pantry Staples,Soups, Stocks & Broths,Chili]]"
1063,16822,Meiji - Apollo Strawberry Chocolate Candy 1.69 Oz.,"[[Grocery & Gourmet Food,Candy & Chocolate,Candy & Chocolate Assortments]]"
1064,16845,Organic Cinnamon Powder,"[[Grocery & Gourmet Food,Pantry Staples,Herbs, Spices & Seasonings,Single Herbs & Spices,Cinnamon]]"
1065,16853,"Bigelow Constant Comment Tea, 20-Count Boxes (Pack of 6)","[[Grocery & Gourmet Food,Beverages,Coffee, Tea & Cocoa,Tea]]"
1066,16861,"Concord Dubble Bubble SEEDLING GUM Gumballs (Filled), 1.5Lb","[[Grocery & Gourmet Food,Candy & Chocolate,Chewing & Bubble Gum]]"
1067,16870,Scrappy's Lavender Bitters,"[[Grocery & Gourmet Food,Beverages,Bottled Beverages, Water & Drink Mixes,Cocktail Mixers,Bitters]]"
1068,16878,Lindt LINDOR Spring Milk with White Chocolate Chocolate Truffle 7.2 Ounce,"[[Grocery & Gourmet Food,Candy & Chocolate,Chocolate & Fudge,Chocolate Truffles]]"
1069,16885,"Libby's Organic Garbanzo Beans, 15-Ounces Cans (Pack of 12)","[[Grocery & Gourmet Food,Pantry Staples,Canned, Jarred & Packaged Foods,Beans & Peas,Garbanzo Beans]]"
1070,16910,Brach's Chewy Jelly Bean Nougats (8.34 LB Bag),"[[Grocery & Gourmet Food,Candy & Chocolate,Jelly Beans & Gummy Candy,Jelly Beans]]"
1071,16913,"Savory Choice Liquid Turkey Broth Concentrate, 5.1-Ounce Boxes (Pack of 4)","[[Grocery & Gourmet Food,Soups, Stocks & Broths,Broths,Chicken]]"
1072,16932,"Saf Instant Yeast, 1-Pound Pouches (Pack of 4)","[[Grocery & Gourmet Food,Pantry Staples,Cooking & Baking,Leaveners & Yeasts,Active Dry Yeasts]]"
1073,16939,"Frontier Garlic Powder, 16 Ounce Bags (Pack of 2)","[[Grocery & Gourmet Food,Herbs, Spices & Seasonings,Single Herbs & Spices,Garlic]]"
1074,16946,"CBTL French Brew Coffee Capsules By The Coffee Bean &amp; Tea Leaf, 10-Count Box (Pack of 3)","[[Grocery & Gourmet Food,Beverages,Coffee, Tea & Cocoa,Tea,Tea Samplers]]"
1075,16967,"XO Baking Co Gluten Free All Purpose Flour Blend, 21-Ounce","[[Grocery & Gourmet Food,Cooking & Baking,Flours & Meals,Wheat Flours & Meals]]"
1076,17007,Justin's Dark Choc P/Butter Milk Cups (12x1.4 Oz),"[[Grocery & Gourmet Food,Candy & Chocolate,Candy & Chocolate Bars]]"
1077,17014,"Sahale Snacks Crunchers Variety Pack, 4 Ounce, 6-Count Packages","[[Grocery & Gourmet Food,Cooking & Baking,Nuts & Seeds]]"
1078,17051,LAND O LAKES Cocoa Mix Classics Warm Oatmeal Cookie - (12 Pack),"[[Grocery & Gourmet Food,Beverages,Coffee, Tea & Cocoa,Cocoa]]"
1079,17106,"McCann's Artisan Collection Instant Oatmeal, Pumpkin Pecan with Vietnamese Cinnamon, 8-Count Packets","[[Grocery & Gourmet Food,Breakfast Foods,Cereals,Oatmeal]]"
1080,17119,"Green Mountain Naturals Hot Apple Cider,  K-Cup Portion Pack for Keurig K-Cup Brewers, 24-Count","[[Grocery & Gourmet Food,Beverages,Coffee, Tea & Cocoa,Coffee,Single-Serve Capsules & Pods]]"
1081,17123,Cadbury Fudge 6 Pack 156g,"[[Grocery & Gourmet Food,Candy & Chocolate,Candy & Chocolate Bars]]"
1082,17131,"Bubblicious Bubble Gum Cotton Candy, 5-Count (pack of 18)","[[Grocery & Gourmet Food,Candy & Chocolate,Chewing & Bubble Gum]]"
1083,17159,"Hubba Bubba Max Bubble Gum, Original, 5-Piece Packs (Pack of 36)","[[Grocery & Gourmet Food,Candy & Chocolate,Chewing & Bubble Gum]]"
1084,17164,"Barista Prima House Blend Keurig K-Cups,18 Count","[[Grocery & Gourmet Food,Beverages,Coffee, Tea & Cocoa,Coffee,Single-Serve Capsules & Pods]]"
1085,17177,"Quaker Instant Oatmeal Maple Brown Sugar,  1.51 oz. Package, 10-Count Boxes (Pack of 4)","[[Grocery & Gourmet Food,Breakfast Foods,Cereals,Oatmeal]]"
1086,17182,"Keurig Caf&amp;#233 Escapes, Milk Chocolate Hot Cocoa, K-Cup packs, 50 count, 0.52oz","[[Grocery & Gourmet Food,Beverages,Coffee, Tea & Cocoa,Coffee,Single-Serve Capsules & Pods]]"
1087,17187,Nong Shim Shin Bowl Noodle Soup for 12 Bowls,[[]]
1088,17196,"Pacific Natural Foods Hemp Milk, Original, 32-Ounce Containers (Pack of 12)","[[Grocery & Gourmet Food,Dairy, Cheese & Eggs,Milk Substitutes,Hemp Milk]]"
1089,17201,Ferrara Pan Boston Baked Beans (Pack of 24),"[[Grocery & Gourmet Food,Cooking & Baking,Nuts & Seeds,Peanuts]]"
1090,17238,Cocomels Coconut Milk Caramels Vanilla -- 3.75 oz,"[[Grocery & Gourmet Food,Candy & Chocolate,Candy & Chocolate Bars]]"
1091,17245,Fox's u-bet 20-Oz. Strawberry Syrup,"[[Grocery & Gourmet Food,Pantry Staples,Cooking & Baking,Dessert Syrups & Sauces,Chocolate]]"
1092,17252,Arrowhead Mills Organic Popcorn -- 28 oz,"[[Grocery & Gourmet Food,Snack Foods,Popcorn,Unpopped]]"
1093,17273,"Bright Beginnings Premium Milk-Based Baby Powder Formula with Iron, Stage 2, 24.0 Ounce",[[]]
1094,17306,"Now Foods Certified Organic Walnuts, Raw Halves and Pieces (Unsalted), 12-Ounce Bag","[[Grocery & Gourmet Food,Cooking & Baking,Nuts & Seeds]]"
1095,17309,"SnackMasters Ahi Tuna Jerky, Original, 2-Ounce Packages (Pack of 8)","[[Grocery & Gourmet Food,Meat & Seafood,Seafood,Fresh Seafood,Fresh Fish]]"
1096,17336,Burdock Root Powder,"[[Health & Household,Vitamins & Dietary Supplements,Herbal Supplements,Echinacea]]"
1097,17342,"Great River Organic Milling, Organic Unbleached Wheat Flour, 25-Pound Package","[[Grocery & Gourmet Food,Pantry Staples,Cooking & Baking,Flours & Meals,Wheat Flours & Meals]]"
1098,17363,Heinz Organic Tomato Ketchup Twin Pack (2-44oz each bottle) by,"[[Grocery & Gourmet Food,Condiments & Salad Dressings,Ketchup]]"
1099,17368,"Nutiva Organic Extra Virgin Coconut Oil, 15-Ounce (Pack of 2)","[[Grocery & Gourmet Food,Pantry Staples,Cooking & Baking,Cooking Oils, Vinegars & Sprays,Oils,Coconut]]"
1100,17397,"Tootsie Roll Pops, Assorted (100-Count Pops), 60-Ounce Box","[[Grocery & Gourmet Food,Candy & Chocolate,Hard Candy & Lollipops,Suckers & Lollipops]]"
1101,17403,"Drogheria &amp; Alimentari All Natural Spice Grinder Tuscan Herbs, 0.56 Ounce Jars (Pack of 3)",[[]]
1102,17405,"Kellogg's Special K Cinnamon Pecan Cereal, 12.1 Ounce","[[Grocery & Gourmet Food,Breakfast Foods,Cereals,Cold Cereals]]"
1103,17428,"Sunkist Fruit Gems, 24-Ounce Plastic Can","[[Grocery & Gourmet Food,Candy & Chocolate,Jelly Beans & Gummy Candy,Jelly Beans]]"
1104,17433,"Heartland Malted Blueberry Belgian Waffle - All In One, Complete Mix - 80 Ounce Bag (Pack of 1) 5 lbs.","[[Grocery & Gourmet Food,Pantry Staples,Cooking & Baking,Baking Mixes,Pancakes & Waffles]]"
1105,17445,Heinz Beans with Tomato Sauce,"[[Grocery & Gourmet Food,Canned, Jarred & Packaged Foods,Beans & Peas,Baked Beans]]"
1106,17447,"Pamela's Products Dark Chocolate Frosting Mix, 12-Ounce Bags (Pack of 6)","[[Grocery & Gourmet Food,Pantry Staples,Cooking & Baking,Frosting, Icing & Decorations]]"
1107,17455,"Chimes Original Ginger Chews, 5-pound Box","[[Grocery & Gourmet Food,Candy & Chocolate,Ginger Candy]]"
1108,17468,"Libby's Organic Sweet Peas, 15-Ounces Cans (Pack of 12)","[[Grocery & Gourmet Food,Pantry Staples,Canned, Jarred & Packaged Foods,Vegetables]]"
1109,17496,"Hershey's Pot of Gold Assorted Milk and Dark Chocolate Caramel Collection, 10-Ounce Boxes (Pack of 2)","[[Grocery & Gourmet Food,Candy & Chocolate,Chocolate & Fudge,Chocolate Truffles]]"
1110,17513,"Green Mountain Coffee Dark Magic (Extra Bold), K-cups For Keurig Brewers, 24-count Box","[[Grocery & Gourmet Food,Beverages,Coffee, Tea & Cocoa,Coffee,Single-Serve Capsules & Pods]]"
1111,17552,"Gerber 3rd Foods, Fruit Medley, 6-Ounce Jars (Pack of 12)",[[]]
1112,17556,Hawaiian Lilikoi Passion Fruit Pancake Mix From Hawaii,"[[Grocery & Gourmet Food,Pantry Staples,Cooking & Baking,Baking Mixes,Pancakes & Waffles]]"
1113,17590,"Sun Tropics Nectar Juice, Mango, 8.45 Ounce (Pack of 18)","[[Grocery & Gourmet Food,Beverages,Bottled Beverages, Water & Drink Mixes,Juices,Fruit Juice]]"
1114,17602,"Hershey's Kisses, Milk Chocolate, 40-Ounce Packages (Pack of 2)","[[Grocery & Gourmet Food,Candy & Chocolate,Candy & Chocolate Assortments]]"
1115,17629,"Jell-O Cook and Serve Pudding and Pie Filling, Lemon, 4.3-Ounce Boxes (Pack of 6)","[[Grocery & Gourmet Food,Pantry Staples,Cooking & Baking,Pudding & Gelatin,Pudding]]"
1116,17664,"Hansen's Variety Pack, Diet Soda, 12 Ounce (Pack of 24)","[[Grocery & Gourmet Food,Beverages,Bottled Beverages, Water & Drink Mixes,Soft Drinks]]"
1117,17678,Bijol Coloring and Seasoning Condiment 2 oz,"[[Grocery & Gourmet Food,Herbs, Spices & Seasonings,Mixed Spices & Seasonings,Meat Seasoning]]"
1118,17679,Jelly Belly Cotton Candy Jelly Beans (1 Pound Bag) - Light Pink,"[[Grocery & Gourmet Food,Candy & Chocolate,Jelly Beans & Gummy Candy,Jelly Beans]]"
1119,17687,"Life Cereal, Maple and Brown Sugar, 13-Ounce (Pack of 4)","[[Grocery & Gourmet Food,Breakfast Foods,Cereals,Cold Cereals]]"
1120,17705,"Kellogg's Pop-Tarts - Pumpkin Pie (Limited Edition) - 12 Toaster Pastries, 21.1-oz. Box","[[Grocery & Gourmet Food,Breakfast Foods,Toaster Pastries]]"
1121,17718,"Davidson's Tea Bulk, Herb Pure Org Hibiscus Flowers, 16-Ounce Bag","[[Grocery & Gourmet Food,Beverages,Coffee, Tea & Cocoa,Tea,Herbal]]"
1122,17743,"Kraft Jell-O Sugar-Free Gelatin Dessert, Raspberry, 0.6-Ounce Boxes (Pack of 24)","[[Grocery & Gourmet Food,Pantry Staples,Cooking & Baking,Pudding & Gelatin,Gelatin]]"
1123,17747,"Nabisco Premium Saltine Crackers, 16-Ounce Boxes (Pack of 2)","[[Grocery & Gourmet Food,Snack Foods,Crackers,Saltines]]"
1124,17757,"Nature's Path Organic, Heritage Flakes, Whole Grains Cereal, 13.25-Ounce Boxes (Pack of 6)","[[Grocery & Gourmet Food,Breakfast Foods,Cereals,Cold Cereals]]"
1125,17801,"Madhava Organic Light Agave, 11.75-Ounce (Pack of 6)","[[Grocery & Gourmet Food,Cooking & Baking,Syrups, Sugars & Sweeteners,Agave Nectar & Syrup]]"
1126,17810,"Libby's Organic Whole Kernel Sweet Corn, 15-Ounce  Cans (Pack of 12)","[[Grocery & Gourmet Food,Pantry Staples,Canned, Jarred & Packaged Foods,Vegetables,Corn]]"
1127,17839,"Justin's Nut Butter Natural Honey Almond Butter, 1.15 ounce Squeeze Packs, 10 Count,  (Pack of 3)","[[Grocery & Gourmet Food,Pantry Staples,Nut & Seed Butters,Almond Butter]]"
1128,17870,Sour Patch Soft &amp; Chewy Candy Kids (1) 30.4-ounce Bag (1.9 lbs),"[[Grocery & Gourmet Food,Candy & Chocolate,Sour Candy]]"
1129,17902,"Amy's Organic Indian Dal Curried Lentil Soup, 14.5-Ounce Cans (Pack of 12)","[[Grocery & Gourmet Food,Pantry Staples,Soups, Stocks & Broths,Vegetable Soups]]"
1130,17924,"Celtic Sea Salt&reg;, Light Grey, By The Grain &amp; Salt Society, Coarse Ground, 1 lb","[[Grocery & Gourmet Food,Herbs, Spices & Seasonings,Salt & Salt Substitutes,Sea Salt]]"
1131,17977,"Durkee Meat Tenderizer, Unseasoned, 34-Ounce Packages (Pack of 3)","[[Grocery & Gourmet Food,Herbs, Spices & Seasonings,Mixed Spices & Seasonings,Meat Seasoning]]"
1132,18000,"Dave's Gourmet Naga Jholokia (Ghost Pepper) Hot Sauce, 5-Ounce","[[Grocery & Gourmet Food,Pantry Staples,Sauces, Gravies & Marinades,Hot Sauce]]"
1133,18005,"Now Foods, Organic Cocoa Powder 12 oz","[[Grocery & Gourmet Food,Cooking & Baking,Baking Chocolates, Carob & Cocoa,Cocoa]]"
1134,18014,"Good Earth Caffeine Free Original Herbal Tea, Sweet &amp; Spicy 25 Bags 3 Pack, Total 3-1.87oz(53g)","[[Grocery & Gourmet Food,Beverages,Coffee, Tea & Cocoa,Tea,Tea Samplers]]"
1135,18043,"Barbara's Bakery Fig Bars, Multigrain, 12-Ounce Tray (Pack of 6)","[[Grocery & Gourmet Food,Snack Foods,Cookies,Fruit]]"
1136,18050,Baron's Kosher 100% Pure Ground Sesame Tahini 16-ounce Jars (Pack of 2),"[[Grocery & Gourmet Food,Pantry Staples,Cooking & Baking,Nuts & Seeds,Sesame Seeds]]"
1137,18068,"Oreo, White Fudge, 8.5-Ounce Box","[[Grocery & Gourmet Food,Snack Foods,Cookies,Sandwich]]"
1138,18069,"Hershey's Cookies 'n' Creme King Size Bar, 2.6-Ounce Bars (Pack of 18)","[[Grocery & Gourmet Food,Candy & Chocolate,Candy & Chocolate Bars]]"
1139,18101,Morinaga Hi-Chew 100+ Assorted Individually Wrapped Fruit Chews Grape Strawberry Mango Green Apple 17.64 oz (Pack of 2),"[[Grocery & Gourmet Food,Candy & Chocolate,Jelly Beans & Gummy Candy,Gummy Candy]]"
1140,18114,"Bob's Red Mill Chia Seeds, 16-Ounce Bags (Pack of 4)","[[Grocery & Gourmet Food,Cooking & Baking,Nuts & Seeds,Chia Seeds]]"
1141,18158,"Nature's Bakery Fig Bar, Whole Wheat Raspberry, 24-Ounce Box","[[Grocery & Gourmet Food,Snack Foods,Bars,Fruit Bars]]"
1142,18185,"Bob's Red Mill Flaked Coconut Unsweetened,  4 - 12-Ounce Bags","[[Grocery & Gourmet Food,Pantry Staples,Cooking & Baking,Coconut Flakes]]"
1143,18186,"Chex Corn Cereal, 14-Ounce Box (Pack of 14)","[[Grocery & Gourmet Food,Breakfast Foods,Cereals,Cold Cereals]]"
1144,18192,"Coffee Bean Direct Pinhead Gunpowder Loose Leaf Tea, 2 Pound Bag","[[Grocery & Gourmet Food,Beverages,Coffee, Tea & Cocoa,Tea,Green]]"
1145,18197,"Muir Glen Organic Diced Tomatoes, Fire Roasted, 14.5-Ounce Cans (Pack of 12)","[[Grocery & Gourmet Food,Pantry Staples,Canned, Jarred & Packaged Foods,Vegetables,Tomatoes,Peeled]]"
1146,18250,"Lipton To Go Stix Decaf Iced Green Tea Mix, Tea and Honey, Strawberry Acai, 10-Count","[[Grocery & Gourmet Food,Beverages,Coffee, Tea & Cocoa,Tea,Iced Tea]]"
1147,18279,"Harmony House Foods, Dried Celery, Crosscut, 8 Ounce Quart Size Jar","[[Sports & Outdoors,Outdoor Recreation,Camping & Hiking,Camp Kitchen,Freeze-Dried Food]]"
1148,18291,Dried Kiwi (1 Pound Bag),"[[Grocery & Gourmet Food,Produce]]"
1149,18300,Fried Pork Skins Hard Strips Red Pepper 12 bags (3.25 oz),"[[Grocery & Gourmet Food,Snack Foods,Pork Rinds]]"
1150,18313,"Emerald Nuts Whole Cashews, 10-Ounce Canisters (Pack of 4)","[[Grocery & Gourmet Food,Cooking & Baking,Nuts & Seeds,Cashews]]"
1151,18339,"Blue Diamond Almonds 100 Calories Per Bag - 32 Grab and Go Bags,.625 Oz (Individual),20 Oz (net Weight)","[[Grocery & Gourmet Food,Pantry Staples,Cooking & Baking,Nuts & Seeds,Almonds]]"
1152,18352,"Green Mountain Coffee Southern Pecan, K-Cup Portion Pack for Keurig K-Cup Brewers 24-Count (Pack of 2)","[[Grocery & Gourmet Food,Beverages,Coffee, Tea & Cocoa,Coffee,Single-Serve Capsules & Pods]]"
1153,18353,Tea Forte Loose Leaf Tea Canister - Jasmine Green 3.5 ounces,"[[Grocery & Gourmet Food,Beverages,Coffee, Tea & Cocoa,Tea,Green]]"
1154,18365,"Zombie Cajun &quot;Lagniappe&quot; Hot Pepper Sauce (6oz) - Not Just A Novelty Gift For A Zombie Apocalypse Survival Kit - Best Bottle Of Gourmet, Louisiana, Extra Thick And Spicy, Pepper Mash To Use For Injection Recipes, Grilling Marinades, And Seasoning Up Any Food - 100% Satisfaction Guaranteed","[[Grocery & Gourmet Food,Sauces, Gravies & Marinades,Hot Sauce]]"
1155,18371,Nestle Hot Cocoa Mix Rich Chocolate - 70/0.75oz. Envelopes,"[[Grocery & Gourmet Food,Beverages,Coffee, Tea & Cocoa,Cocoa]]"
1156,18382,"Spicely Jar Organic Ginger Ground, 1.2 Ounce","[[Grocery & Gourmet Food,Pantry Staples,Herbs, Spices & Seasonings,Single Herbs & Spices,Ginger]]"
1157,18395,"Spicely Tin Organic Sumac, 3 Ounce","[[Grocery & Gourmet Food,Herbs, Spices & Seasonings,Single Herbs & Spices,Sumac]]"
1158,18398,Trader Joe's Sesame Honey Almonds 16oz (00649056),"[[Grocery & Gourmet Food,Cooking & Baking,Nuts & Seeds,Almonds]]"
1159,18407,"Luzianne Premium Blend Coffee &amp; Chicory, 16 Ounce Cans (Pack of 3)","[[Grocery & Gourmet Food,Beverages,Coffee, Tea & Cocoa,Coffee,Ground Coffee]]"
1160,18421,"Lenny &amp; Larry's Muscle Brownie, Caramel Walnut, 2.82-Ounce (Pack of 12)","[[Health & Household,Sports Nutrition,Nutrition Bars]]"
1161,18444,"Natural Value Coconut Milk, 13.5 Ounce Cans (Pack of 12)","[[Grocery & Gourmet Food,Dairy, Cheese & Eggs,Milk Substitutes,Coconut Milk]]"
1162,18468,"Green Mountain Naturals K-Cups, Hot Apple Cider, 96 Count","[[Grocery & Gourmet Food,Beverages,Coffee, Tea & Cocoa,Coffee,Single-Serve Capsules & Pods]]"
1163,18486,"Royal Dansk Danish Butter Cookies, 12 Ounce Tins (Pack of 4)","[[Grocery & Gourmet Food,Snack Foods,Cookies,Butter]]"
1164,18503,"Roland Barchetta Kalamata Olive Halves, 4-Pounds 6-Ounce Jar","[[Grocery & Gourmet Food,Olives, Pickles & Relishes,Olives,Black]]"
1165,18529,"Happy Baby Organic Puffs, Banana Puffs, 2.1-Ounce Containers(Pack of 6)","[[Baby Products,Feeding,Baby Foods,Snack Foods]]"
1166,18531,"Heinz Baked Beans in Tomato Sauce, 5.7-Pound Can (Pack of 2)","[[Grocery & Gourmet Food,Canned, Jarred & Packaged Foods,Beans & Peas,Baked Beans]]"
1167,18627,Legendee - Sang Tao 8 Coffee Gift Box,"[[Grocery & Gourmet Food,Beverages,Coffee, Tea & Cocoa,Coffee,Ground Coffee]]"
1168,18636,"Red, Pink &amp; White Jelly Bean Mix 1 Pound Bag - Oh! Nuts","[[Grocery & Gourmet Food,Candy & Chocolate,Jelly Beans & Gummy Candy,Jelly Beans]]"
1169,18646,"Grove Square Hot Cocoa, Irresistible Variety Pack, 24-Count Single Serve Cup for Keurig K-Cup Brewers","[[Grocery & Gourmet Food,Beverages,Coffee, Tea & Cocoa,Cocoa]]"
1170,18649,"Highland Sugarworks Jug 100% Maple Syrup, Pure Medium Amber, 32 Ounce","[[Grocery & Gourmet Food,Pantry Staples,Cooking & Baking,Syrups, Sugars & Sweeteners,Maple Syrup]]"
1171,18650,"Jif Creamy Peanut Butter, 48 Ounce, 2 count","[[Grocery & Gourmet Food,Jams, Jellies & Sweet Spreads,Nut & Seed Butters,Peanut Butter]]"
1172,18664,"Nishiki Cooked Brown Rice, 7.4-Ounces (Pack of 6)","[[Grocery & Gourmet Food,Dried Beans, Grains & Rice,Grains & Rice]]"
1173,18684,"Gustaf's English Mini Licorice Allsort, 1.5 LB","[[Grocery & Gourmet Food,Candy & Chocolate,Jelly Beans & Gummy Candy,Licorice]]"
1174,18709,"Soda Stream Happy Hour Tonic Syrup, 16.9 ounce","[[Grocery & Gourmet Food,Beverages,Bottled Beverages, Water & Drink Mixes,Flavor Syrups]]"
1175,18712,Lu - Biscottes Heudebert (French Rusks) from France 10.6oz,"[[Grocery & Gourmet Food,Snack Foods,Cookies,Biscuits]]"
1176,18718,"Simply Organic Pure Vanilla Extract Certified Organic, 4-Ounce Glass Bottles (Pack of 2)","[[Grocery & Gourmet Food,Pantry Staples,Cooking & Baking,Extracts,Natural]]"
1177,18722,"YumEarth Natural Sour Jelly Beans, 50 pack (.7 ounce each)","[[Grocery & Gourmet Food,Candy & Chocolate,Jelly Beans & Gummy Candy,Gummy Candy]]"
1178,18750,Parmalat 2% Reduced Fat Milk 1 Qt (Pack of 6),"[[Grocery & Gourmet Food,Dairy, Cheese & Eggs,Milk & Cream,Dairy Milk]]"
1179,18753,"Nutiva Organic Hemp Protein 15 g, 16-Ounce Container","[[Health & Household,Sports Nutrition,Protein,Powders,Plant,Hemp]]"
1180,18764,"Kellogg's Harvest Acres Fruit Snacks, Mixed Fruit, 8 Ounce (Pack of 10)","[[Grocery & Gourmet Food,Snack Foods,Fruit Snacks]]"
1181,18772,"Pamela's Products Pecan Shortbread, Gluten-Free, 7.25-Ounce Boxes (Pack of 6)","[[Grocery & Gourmet Food,Breads & Bakery,Cookies,Chocolate Chip]]"
1182,18787,"Lindt LINDOR Dark Chocolate Truffles ,60 Count Box","[[Grocery & Gourmet Food,Candy & Chocolate,Chocolate & Fudge,Chocolate Truffles]]"
1183,18794,Frontier Natural Products Cayenne Ground 90000 Heat Units -- 16 oz,"[[Grocery & Gourmet Food,Pantry Staples,Herbs, Spices & Seasonings,Pepper & Peppercorns,Ground Pepper]]"
1184,18797,"Kettle Chips, Backyard Barbeque, 2 Ounce, 6 Count Caddy","[[Grocery & Gourmet Food,Snack Foods,Chips & Crisps,Potato]]"
1185,18813,Crunchie Milk Chocolate with Honeycomb Center - Pack of 6 x 40g Bars,"[[Grocery & Gourmet Food,Candy & Chocolate,Candy & Chocolate Bars]]"
1186,18846,"Mary's Gone Crackers Original Super Seed Crackers, 5.5 Ounce","[[Grocery & Gourmet Food,Snack Foods,Crackers,Wheat]]"
1187,18862,"Amoretti Premium Syrup, Pi&ntilde;a Colada, 25.4 Ounce","[[Grocery & Gourmet Food,Beverages,Bottled Beverages, Water & Drink Mixes,Flavor Syrups]]"
1188,18872,"Lance, Captain's Wafer Crackers, Variety Pack, 11oz Tray (Pack of 3)","[[Grocery & Gourmet Food,Snack Foods,Crackers,Wheat]]"
1189,18891,"Caffe Capri Coffee, French Roast, 12-Ounce","[[Grocery & Gourmet Food,Beverages,Coffee, Tea & Cocoa,Coffee Substitutes]]"
1190,18896,Organic Coconut Palm Sugar - 4lb Bag,[[]]
1191,18931,"Amazing Grass Kidz Superfood, All Natural Chocolate Drink Powder, 15 Count Packets","[[Grocery & Gourmet Food,Beverages,Bottled Beverages, Water & Drink Mixes,Powdered Drink Mixes & Flavorings,Instant Breakfast Drinks]]"
1192,18955,"Health Best Dates Medjool, 16-Ounce Units (Pack of 3)","[[Grocery & Gourmet Food,Produce,Dried Fruits & Vegetables,Dried Fruits,Dried Dates]]"
1193,18957,"Ice Breakers Ice Cubes Peppermint Sugar Free Gum, 10-Piece Boxes (Pack of 8)","[[Grocery & Gourmet Food,Candy & Chocolate,Chewing & Bubble Gum]]"
1194,18962,"Sea's Gift Korean Seaweed Snack (Kim Nori), Roasted Wasabi, 0.17-Ounce (Pack of 24)","[[Grocery & Gourmet Food,Snack Foods,Seaweed Snacks]]"
1195,18967,JFC - Nori Komi Furikake (Rice Seasoning) 1.7 Oz.,"[[Grocery & Gourmet Food,Pantry Staples,Herbs, Spices & Seasonings,Mixed Spices & Seasonings,Seafood Seasoning]]"
1196,18968,"Nando's Hot Peri Peri Sauce, 4.7-Ounce Bottles (Pack of 6)","[[Grocery & Gourmet Food,Sauces, Gravies & Marinades,Hot Sauce]]"
1197,18972,"Caraway Seed, Whole, 8oz","[[Grocery & Gourmet Food,Herbs, Spices & Seasonings,Single Herbs & Spices,Caraway Seed]]"
1198,18975,"Tasty Bite Pad Thai Simmer Sauce Entree, Heat &amp; Eat, 7-Ounce Pouches (Pack of 6)","[[Grocery & Gourmet Food,Sauces, Gravies & Marinades,Sauces,Asian]]"
1199,18979,"Sam Mills Pasta D'Oro Gluten Free, Conchiliette, 1-Pound (Pack of 6)","[[Grocery & Gourmet Food,Deli & Prepared Foods,Fresh Pasta & Sauces]]"
1200,18995,"Cherry Jelly, 18 oz","[[Grocery & Gourmet Food,Jams, Jellies & Sweet Spreads,Jams, Jellies & Preserves]]"
1201,19012,"Campbell's Go Soups 6-Flavor Variety Pack, 14 Ounce","[[Grocery & Gourmet Food,Pantry Staples,Soups, Stocks & Broths,Chicken Soups]]"
1202,19021,Annie Chun's Roasted Seaweed Snacks Wasabi -- 0.35 oz,"[[Grocery & Gourmet Food,Snack Foods,Seaweed Snacks]]"
1203,19037,"B&amp;M Original Baked Beans, 8 Ounce Cans (Pack of 24)","[[Grocery & Gourmet Food,Canned, Jarred & Packaged Foods,Beans & Peas,Baked Beans]]"
1204,19055,"Sensible Portions Garden Veggie Straws, 20 Ounce","[[Grocery & Gourmet Food,Snack Foods,Chips & Crisps,Potato]]"
1205,19057,"Earth's Best Organic Oatmeal Cinnamon Letter of the Day Cookies, 5.3 Ounce Boxes (Pack of 6)","[[Grocery & Gourmet Food,Prepared Foods,Breakfast]]"
1206,19063,"Wholesome Kitchen Freekeh, Mushroom and Herb, 9 Ounce","[[Grocery & Gourmet Food,Pantry Staples,Herbs, Spices & Seasonings,Single Herbs & Spices]]"
1207,19070,Goya Mexican Rice Mix Box 8 oz. (3-Pack),"[[Grocery & Gourmet Food,Dried Beans, Grains & Rice,Grains & Rice,Wild]]"
1208,19085,"Kellogg's Raisin Bran Cereal, 25.5-Ounce Box","[[Grocery & Gourmet Food,Breakfast Foods,Cereals,Cold Cereals]]"
1209,19088,NEW 10 sampler! Vitamin Burst FRUIT BREW Acai Berry &amp; Strawberry Pomegranate!,"[[Grocery & Gourmet Food,Beverages,Bottled Beverages, Water & Drink Mixes,Juices]]"
1210,19133,"Certified Organic Yacon Syrup, 10.58oz","[[Grocery & Gourmet Food,Cooking & Baking,Syrups, Sugars & Sweeteners]]"
1211,19149,"Special K Cereal, Multigrain Oats and Honey, 13.1 Ounce (Pack of 14)","[[Grocery & Gourmet Food,Breakfast Foods,Cereals,Cold Cereals]]"
1212,19162,GreeNoodle with Yakisoba Sauce (12 Count),"[[Grocery & Gourmet Food,Canned, Jarred & Packaged Foods,Packaged Meals & Side Dishes,Asian Dishes]]"
1213,19173,"LARABAR Uber, Cherry Cobbler, Gluten Free (Pack of 5)","[[Grocery & Gourmet Food,Breakfast Foods,Breakfast & Cereal Bars]]"
1214,19175,"Chex Cinnamon Cereal, 13.5-Ounce Boxes (Pack of 3)",[[]]
1215,19200,"Bob's Red Mill Low-Carb Baking Mix, 16-Ounce Packages (Pack of 4)","[[Grocery & Gourmet Food,Cooking & Baking,Baking Mixes,Pancakes & Waffles]]"
1216,19207,GoPicnic Ready-to-Eat Meals Turkey Pepperoni &amp; Cheese (Pack of 6),"[[Grocery & Gourmet Food,Snack Foods,Salsas, Dips & Spreads,Dips & Spreads]]"
1217,19221,"GMC Island Coconut - Green Mountain Coffee Keurig K-Cups Packs, 18-count (2 packs)","[[Grocery & Gourmet Food,Beverages,Coffee, Tea & Cocoa,Coffee,Single-Serve Capsules & Pods]]"
1218,19265,"Anderson Bakery Peanut Butter Nuggets Pretzel, 24-oz.","[[Grocery & Gourmet Food,Snack Foods,Pretzels]]"
1219,19282,"Spicy World Crushed Mint Leaves, 3.5-Ounce Bags (Pack of 6)","[[Grocery & Gourmet Food,Pantry Staples,Herbs, Spices & Seasonings,Single Herbs & Spices,Peppermint Leaf]]"
1220,19290,"Golightly FRUIT CHEWS, 1 lb, Sugar Free, Individually wrapped (about 65 pcs)","[[Grocery & Gourmet Food,Snack Foods,Fruit Snacks]]"
1221,19316,"Twinings English Breakfast Tea, Loose Tea, 3.53 Ounce Tin","[[Grocery & Gourmet Food,Beverages,Coffee, Tea & Cocoa,Tea,Black]]"
1222,19330,"Gratify Gluten Free Pretzel Twists, 14.1 Ounce (Pack of 6)","[[Grocery & Gourmet Food,Snack Foods,Pretzels]]"
1223,19332,"Raw Unpasteurized Organic Almonds (Sproutable), 16-ounce","[[Grocery & Gourmet Food,Pantry Staples,Cooking & Baking,Nuts & Seeds,Almonds]]"
1224,19349,"Maxwell House Ground Coffee, Caffeinated, 1.5-Ounce Packages (Pack of 42)","[[Grocery & Gourmet Food,Beverages,Coffee, Tea & Cocoa,Coffee,Instant Coffee]]"
1225,19361,"Let's Do...Organic Shredded Coconut, Food Service Size, 22-Pound Bag","[[Grocery & Gourmet Food,Pantry Staples,Cooking & Baking,Coconut Flakes]]"
1226,19395,Cadbury Crunchie Bars (Case of 24),"[[Grocery & Gourmet Food,Candy & Chocolate,Candy & Chocolate Bars]]"
1227,19406,"Happy Tot Stage 4 Organic Baby Food, Pumpkin/Sweet Potato/Pear, 4.22 Ounce (Pack of 16)","[[Baby Products,Feeding,Baby Foods,Meals]]"
1228,19457,Mrs. Miller's Homemade Gooseberry Jam,"[[Grocery & Gourmet Food,Jams, Jellies & Sweet Spreads,Jams, Jellies & Preserves]]"
1229,19468,"Frontera Pouch, Fajita Skillet, 8-Ounce (Pack of 6)","[[Grocery & Gourmet Food,Herbs, Spices & Seasonings,Mixed Spices & Seasonings]]"
1230,19479,Trader Joe's Speculoos Cookies - 3 Pack,"[[Grocery & Gourmet Food,Snack Foods,Cookies,Butter]]"
1231,19489,"LifeSavers Sugar Free Wint-O-Green Hard Candy, 2.75-Ounce Bags, (Pack of 12)","[[Grocery & Gourmet Food,Candy & Chocolate,Mints]]"
1232,19506,El Guapo Bitters Tonic Syrup - British Colonial Style 16.5oz glass bottle,"[[Grocery & Gourmet Food,Beverages,Bottled Beverages, Water & Drink Mixes,Cocktail Mixers,Bitters]]"
1233,19523,"Mother Earth Products Dried Spinach, 1 Full Quart","[[Sports & Outdoors,Outdoor Recreation,Camping & Hiking,Camp Kitchen,Freeze-Dried Food]]"
1234,19528,"Lifesavers Candy Wild Cherry - 14 Pieces / Pack, 20 Packs","[[Grocery & Gourmet Food,Candy & Chocolate,Hard Candy & Lollipops,Hard Candy]]"
1235,19543,"Campbell's Homestyle Chicken with White &amp; Wild Rice Soup, 18.6 Ounce Cans (Pack of 12)","[[Grocery & Gourmet Food,Pantry Staples,Soups, Stocks & Broths,Chicken Soups]]"
1236,19546,"Neat Original Mix, 5.5 Ounce","[[Grocery & Gourmet Food,Meat Substitutes]]"
1237,19567,Cajun Injector Louisiana Brand Hot Sauce Kit,"[[Grocery & Gourmet Food,Sauces, Gravies & Marinades,Hot Sauce]]"
1238,19570,"Kikkoman Aji-mirin, 10-Ounce Bottle (Pack of 4)","[[Grocery & Gourmet Food,Pantry Staples,Cooking & Baking,Cooking Oils, Vinegars & Sprays,Vinegars,Balsamic]]"
1239,19585,"Love Grown Foods Oat Clusters and Love, Sweet Cranberry Pecan, 12-Ounce (Pack of 3)","[[Grocery & Gourmet Food,Breakfast Foods,Cereals,Granola]]"
1240,19620,"Eight O'Clock 50% Decaf Whole Bean Coffee, 36-Ounce","[[Grocery & Gourmet Food,Beverages,Coffee, Tea & Cocoa,Coffee,Roasted Coffee Beans]]"
1241,19649,"Maruchan Instant Lunch, Cheddar Cheese, 2.25-Ounce Packages (Pack of 12)","[[Grocery & Gourmet Food,Pantry Staples,Canned, Jarred & Packaged Foods,Packaged Meals & Side Dishes,Pasta & Noodle Dishes]]"
1242,19652,"Hoosier Hill Farm Cheddar Cheez Powder, 1 lb","[[Grocery & Gourmet Food,Cooking & Baking,Powdered Cheese]]"
1243,19694,"Jim Beam Spicy Bourbon Barbecue Sauce, 18-Ounce Bottles (Pack of 6)","[[Grocery & Gourmet Food,Sauces, Gravies & Marinades,Sauces,Barbecue]]"
1244,19709,"The Spice Hunter Deliciously Dill Blend, 1.5-Ounce Jar","[[Grocery & Gourmet Food,Herbs, Spices & Seasonings,Single Herbs & Spices,Dill]]"
1245,19720,"Edward &amp; Sons Organic Mashed Potatoes, Home Style, 3.5-Ounce Boxes (Pack of 6)","[[Grocery & Gourmet Food,Canned, Jarred & Packaged Foods,Packaged Meals & Side Dishes,Potatoes & Stuffings,Potato Side Dishes]]"
1246,19722,"Snappy White Popcorn, 4 Pounds","[[Grocery & Gourmet Food,Snack Foods,Popcorn,Unpopped]]"
1247,19791,"Nutiva Organic Sugar, Coconut, 1 Pound (Pack of 3)","[[Grocery & Gourmet Food,Cooking & Baking,Syrups, Sugars & Sweeteners,Sugars]]"
1248,19794,"Dried Fruit APRICOT, 100% Organic Unsulphured, 1Lb",[[]]
1249,19827,"KIND Healthy Grains Clusters, Peanut Butter Whole Grain, 11-Ounce Bags (Pack of 3)","[[Grocery & Gourmet Food,Breakfast Foods,Cereals,Granola]]"
1250,19832,"Frontier Paprika Powder Certified Organic, 16 Ounce Bag","[[Grocery & Gourmet Food,Herbs, Spices & Seasonings,Single Herbs & Spices,Savory]]"
1251,19839,"B &amp; M Baked Beans, Original, 16 Ounce (Pack of 24)","[[Grocery & Gourmet Food,Pantry Staples,Canned, Jarred & Packaged Foods,Beans & Peas,Baked Beans]]"
1252,19847,Mini-Candy Cane Box 40ct,"[[Grocery & Gourmet Food,Candy & Chocolate,Hard Candy & Lollipops,Hard Candy]]"
1253,19861,"Emerald Dry Roast Almonds, 100 Calorie Pack, 4.34 Ounce Packages (Pack of 12)","[[Grocery & Gourmet Food,Pantry Staples,Cooking & Baking,Nuts & Seeds,Cashews]]"
1254,19862,"Bob's Red Mill Gf Corn Flour Golden Masa, 24-Ounce (Pack of 4)","[[Grocery & Gourmet Food,Cooking & Baking,Flours & Meals,Corn]]"
1255,19868,"Vermont Village Organic Unsweetened Applesauce, 24 Ounce -- 6 per case.","[[Grocery & Gourmet Food,Snack Foods,Applesauce & Fruit Cups,Applesauce]]"
1256,19886,"Gerber Organic 2nd Foods, Green Beans, 2 Count, 3.5 Ounce (Pack of 8)",[[]]
1257,19903,Coconut Secret Raw Organic Vegan Coconut Aminos 8 Fl Oz,"[[Grocery & Gourmet Food,Pantry Staples,Sauces, Gravies & Marinades,Sauces,Asian,Soy Sauce]]"
1258,19924,The Original Christmas Hard Candies Washburn's Old Fashion Mix 8 Oz. Canister,"[[Grocery & Gourmet Food,Candy & Chocolate,Hard Candy & Lollipops,Hard Candy]]"
1259,19933,"Good Sense Soynut, Hot 'N Spicy, 6-Ounce Bags (Pack of 12)","[[Grocery & Gourmet Food,Snack Foods,Party Mix]]"
1260,19949,"Madison Park Foods Citron Rouge Seasoning, 2.75 oz","[[Grocery & Gourmet Food,Herbs, Spices & Seasonings,Single Herbs & Spices]]"
1261,19950,RAURENI GREEEN WALNUT PRESERVE 350G,"[[Grocery & Gourmet Food,Jams, Jellies & Sweet Spreads,Jams, Jellies & Preserves]]"
1262,19951,"Kettle Tias! Chips Sweet Baja BBQ, 8-Ounce (Pack of 6)","[[Grocery & Gourmet Food,Snack Foods,Chips & Crisps,Potato]]"
1263,19984,"Ghirardelli Chocolate Squares, Dark &amp; Caramel Filled, 5.32-Ounce Packages (Pack of 6)","[[Grocery & Gourmet Food,Candy & Chocolate,Candy & Chocolate Assortments]]"
1264,19985,"Le Sueur Peas with Onion and Mushrooms, 15-Ounce (Pack of 12)","[[Grocery & Gourmet Food,Canned, Jarred & Packaged Foods,Beans & Peas]]"
1265,20001,"General Mills Fiber One Brownies, 1 Pound-5.3 Oz (21.3 OZ)","[[Grocery & Gourmet Food,Breads & Bakery,Desserts]]"
1266,20008,Popin' Cookin' Make Bento,"[[Grocery & Gourmet Food,Candy & Chocolate,Jelly Beans & Gummy Candy,Gummy Candy]]"
1267,20021,"DR. McDOUGALL'S RIGHT FOODS Vegan Lower Sodium  Black Bean and Rice Soup, 1.6-Ounce (Pack of 6)","[[Grocery & Gourmet Food,Soups, Stocks & Broths,Vegetable Soups]]"
1268,20025,"Amy's Organic Cream of Tomato Soup, 14.5-Ounce Cans (Pack of 12)","[[Grocery & Gourmet Food,Pantry Staples,Soups, Stocks & Broths,Tomato Soups]]"
1269,20049,Nabisco Mini Snack Variety Pack - 40 Packs-40oz,"[[Grocery & Gourmet Food,Snack Foods]]"
1270,20063,"Bob's Red Mill Beans Black Turtle, 26-Ounce (Pack of 4)","[[Grocery & Gourmet Food,Dried Beans, Grains & Rice,Beans,Black]]"
1271,20066,"Nongshim Neoguri Spicy Seafood Noodle Ramyun, 4.2 Ounce Packages (Pack of 20)","[[Grocery & Gourmet Food,Canned, Jarred & Packaged Foods,Packaged Meals & Side Dishes,Asian Dishes]]"
1272,20068,Honest Earth All Natural Creamy Mashed Potatoes Net Wt 5.6 LBS (2.54 KG) (14 Individually Sealed 8-Serving Pouches),"[[Grocery & Gourmet Food,Canned, Jarred & Packaged Foods,Packaged Meals & Side Dishes,Potatoes & Stuffings,Potato Side Dishes]]"
1273,20079,"Roland Quartered Sun-Dried Tomatoes, 11-Pounds Bag","[[Grocery & Gourmet Food,Pantry Staples,Canned, Jarred & Packaged Foods,Vegetables,Tomatoes,Sun-Dried]]"
1274,20114,Orginal Cracklin Plain 12 bags (1.875oz),"[[Grocery & Gourmet Food,Snack Foods,Meat Snacks,Pork Rinds]]"
1275,20115,Hoosier Hill Farm Whole Powdered  Eggs,"[[Grocery & Gourmet Food,Pantry Staples,Cooking & Baking,Powdered Eggs]]"
1276,20127,"LARABAR Fruit &amp; Nut Food Bar, Apple Pie, Gluten Free1.6 oz Bars (Pack of 16)","[[Grocery & Gourmet Food,Snack Foods,Bars,Fruit & Nut]]"
1277,20174,"Worthington Super Links, 19-Ounce Cans (Pack of 12)",[[]]
1278,20182,Jelly Belly Champagne Bubbles - 16 Oz,"[[Grocery & Gourmet Food,Candy & Chocolate,Jelly Beans & Gummy Candy,Jelly Beans]]"
1279,20186,"Walden Farms Bleu Cheese, 12-Ounce (Pack of 6)","[[Grocery & Gourmet Food,Condiments & Salad Dressings,Salad Dressings]]"
1280,20223,"San Francisco Bay Coffee Breakfast Blend, 36-Count OneCup Single Serve Cups","[[Grocery & Gourmet Food,Beverages,Coffee, Tea & Cocoa,Coffee,Single-Serve Capsules & Pods]]"
1281,20239,"Road's End Organics Gluten Free Savory Herb Gravy, Mix, Organic, 1-Ounce Pouches (Pack of 12)","[[Grocery & Gourmet Food,Cooking & Baking,Breadcrumbs & Seasoned Coatings,Seasoned Coatings]]"
1282,20241,"Lucy's Chocolate Chip Cookie Snack'n Go Packs, 6.3 Ounce","[[Grocery & Gourmet Food,Snack Foods,Cookies,Chocolate Chip]]"
1283,20243,"Reese's Peanut Butter Cup Miniatures, 40 Ounce Package","[[Grocery & Gourmet Food,Candy & Chocolate,Candy & Chocolate Bars]]"
1284,20278,"CUMIN SEED PACKED IN LARGE JARS, spices, herbs, seasonings","[[Grocery & Gourmet Food,Herbs, Spices & Seasonings,Single Herbs & Spices,Cumin]]"
1285,20309,"M&amp;M's Dark Chocolate, Raspberry, 8-Ounce (Pack of 6)","[[Grocery & Gourmet Food,Candy & Chocolate,Candy & Chocolate Assortments]]"
1286,20318,Pumpkin Seed Kernels Raw - 5 Pound Deal,"[[Grocery & Gourmet Food,Pantry Staples,Cooking & Baking,Nuts & Seeds,Pumpkin Seeds]]"
1287,20320,"Kraft Macaroni &amp; Cheese Deluxe Dinner, Sharp Cheddar, 14-Ounce Boxes (Pack of 12)","[[Grocery & Gourmet Food,Pantry Staples,Canned, Jarred & Packaged Foods,Packaged Meals & Side Dishes,Macaroni & Cheese]]"
1288,20359,"Vivente Zero Calorie Organic Sweetener with Fiber and Probiotics, 300 Count",[[]]
1289,20371,"Sour Power Strawberry, Individually Wrapped Belts, 52.9 Ounce (Pack of 150)","[[Grocery & Gourmet Food,Candy & Chocolate,Jelly Beans & Gummy Candy]]"
1290,20380,"Kitchens of India  Curry Paste Variety Pack, 3.5 Ounce Boxes (Pack of 6)","[[Grocery & Gourmet Food,Pantry Staples,Sauces, Gravies & Marinades,Sauces,Asian,Curry Sauce]]"
1291,20382,"Ajika Mint - Spearmint for Meditteranean and Asian Cooking, 1-Ounce","[[Grocery & Gourmet Food,Herbs, Spices & Seasonings]]"
1292,20395,"True Lime Shaker, Garlic and Cilantro, 2.29 Ounce","[[Grocery & Gourmet Food,Herbs, Spices & Seasonings,Mixed Spices & Seasonings]]"
1293,20426,"ChocoPerfection Dark Sugar Free Chocolate, Gift Box of 12 50g Bars","[[Grocery & Gourmet Food,Candy & Chocolate,Candy & Chocolate Bars]]"
1294,20445,Cote des Blancs Wine Yeast - 10 Packs,"[[Grocery & Gourmet Food,Home Brewing & Winemaking,Winemaking Ingredients,Yeasts & Cultures]]"
1295,20453,"Braga Organic Farms Nut Mix, 2 Pound","[[Grocery & Gourmet Food,Pantry Staples,Cooking & Baking,Nuts & Seeds,Mixed Nuts]]"
1296,20456,"Boston Tea's Finest Grade Loose Blood Orange Herbal Tea, 8-Ounce Pouch","[[Grocery & Gourmet Food,Beverages,Coffee, Tea & Cocoa,Tea,Herbal]]"
1297,20479,"Bellino Spinach Gnocchi, 16 Ounce Boxes (Pack of 12)","[[Grocery & Gourmet Food,Pantry Staples,Pasta & Noodles,Pasta,Gnocchi]]"
1298,20484,"Swiss Miss Hot Cocoa Mix, Milk Chocolate, 28.5 Ounce","[[Grocery & Gourmet Food,Pantry Staples,Cooking & Baking,Baking Chocolates, Carob & Cocoa,Chocolates]]"
1299,20534,"Passport Bruschetta, Artichoke, 18.7 Ounce (Pack of 6)","[[Grocery & Gourmet Food,Produce,Fresh Vegetables]]"
1300,20537,"Peanut Butter &amp; Co. Peanut Butter, Dark Chocolate Dreams, 16-Ounce Jars (Pack of 6)","[[Grocery & Gourmet Food,Pantry Staples,Nut & Seed Butters,Peanut Butter]]"
1301,20538,TJ Gardettos Deli Style Mustard Pretzel Mix - 7 Bags of 5.5 oz,"[[Grocery & Gourmet Food,Snack Foods,Pretzels]]"
1302,20556,"Melitta Parisian Caf? Coffee Pods, 18 Count (Pack of 4)","[[Grocery & Gourmet Food,Beverages,Coffee, Tea & Cocoa,Coffee,Single-Serve Capsules & Pods]]"
1303,20569,"Raw Organic Sesame Seeds (Hulled), 2-pounds","[[Grocery & Gourmet Food,Herbs, Spices & Seasonings,Single Herbs & Spices,Sesame Seed]]"
1304,20585,Lindt Bunny and friends Milk Chocolate 7.1 oz.-200g,"[[Grocery & Gourmet Food,Candy & Chocolate,Candy & Chocolate Bars]]"
1305,20601,"Bob's Red Mill Organic Soy Flour, 16-Ounce (Pack of 4)","[[Grocery & Gourmet Food,Cooking & Baking,Flours & Meals,Wheat Flours & Meals]]"
1306,20611,"Pure Organic Fruit and Veggie Strip, Strawberry Apple, .49 Ounce (Pack of 24)","[[Grocery & Gourmet Food,Snack Foods,Fruit Leather]]"
1307,20646,"Country Choice Organic Vanilla Sandwich Cremes, 12-Ounce Packages (Pack of 6)","[[Grocery & Gourmet Food,Breads & Bakery,Cookies,Sandwich]]"
1308,20649,"Healthy Choice Zesty Gumbo Soup, 15-Ounce Cans (Pack of 12)","[[Grocery & Gourmet Food,Soups, Stocks & Broths,Chicken Soups]]"
1309,20663,"Reduced Carb/Flax, Oat Bran &amp; Whole Wheat Tortillas, 6 tortillas","[[Grocery & Gourmet Food,Canned, Jarred & Packaged Foods,Packaged Meals & Side Dishes,Mexican Dishes,Tortillas]]"
1310,20669,"Don Francisco Vanilla Nut Coffee, 12 Ounce","[[Grocery & Gourmet Food,Beverages,Coffee, Tea & Cocoa,Coffee,Ground Coffee]]"
1311,20679,"Keurig, Gloria Jean's, Hazelnut, K-Cup packs, 50-Count","[[Grocery & Gourmet Food,Beverages,Coffee, Tea & Cocoa,Coffee,Single-Serve Capsules & Pods]]"
1312,20728,"Miracle Noodle Shirataki Pasta, Fettuccini, 7-Ounce (Pack of 6)","[[Grocery & Gourmet Food,Pasta & Noodles,Noodles,Shirataki]]"
1313,20753,"Lipton Sweetened Instant Tea Mix, Green Tea Honey &amp; Lemon, 10 Quart Can (Pack of 6)","[[Grocery & Gourmet Food,Beverages,Bottled Beverages, Water & Drink Mixes,Powdered Drink Mixes & Flavorings,Powdered Drink Mixes,Soft Drink Mixes]]"
1314,20756,Pink Strawberry Salt Water Taffy 3LB,"[[Grocery & Gourmet Food,Candy & Chocolate,Jelly Beans & Gummy Candy,Taffy]]"
1315,20759,Heinz 57&reg; Sauce - 2/20 oz.,"[[Grocery & Gourmet Food,Pantry Staples,Sauces, Gravies & Marinades,Sauces,Barbecue]]"
1316,20777,"Sunshine Cheez-It Crackers, 48-Ounce","[[Grocery & Gourmet Food,Snack Foods,Crackers]]"
1317,20807,"Walden Farms Caramel (1 bottle) SYRUP, Sugar Free, Calorie Free, Fat Free, Carb Free, Gluten Free (12 oz bottle)","[[Grocery & Gourmet Food,Cooking & Baking]]"
1318,20809,"Lindt Chocolate Piccoli Chocolate , Extra Au Lait Couverture, 5.512 Pound","[[Grocery & Gourmet Food,Candy & Chocolate,Candy & Chocolate Assortments]]"
1319,20817,Gold Medal Prod. 2045 Flavacol Seasoning Popcorn Salt 35oz.,"[[Grocery & Gourmet Food,Herbs, Spices & Seasonings,Salt & Salt Substitutes,Flavored Salt]]"
1320,20843,"True Mango Orange Drink Mix, 10-count (Pack of 4)","[[Grocery & Gourmet Food,Beverages,Bottled Beverages, Water & Drink Mixes,Powdered Drink Mixes & Flavorings,Powdered Drink Mixes,Soft Drink Mixes]]"
1321,20852,"Newman's Own Organics California Prunes, 12-Ounce Pouches (Pack of 6)","[[Grocery & Gourmet Food,Produce,Dried Fruits & Vegetables,Dried Fruits,Dried Berries]]"
1322,20883,Mixed Fruit Flavor Pudding,"[[Grocery & Gourmet Food,Pantry Staples,Cooking & Baking,Pudding & Gelatin,Pudding]]"
1323,20888,World Heritage Green Unroasted Coffee Bean Kit (2 LB),"[[Grocery & Gourmet Food,Beverages,Coffee, Tea & Cocoa,Coffee,Unroasted Coffee Beans]]"
1324,20906,Sweet &amp; Salty Almond Granola Bars- 30CT,"[[Grocery & Gourmet Food,Snack Foods,Bars,Granola]]"
1325,20921,Shirakiku - Soba Noodle Soup Base (Tsuyu) 12.17 Fl. Oz.,"[[Grocery & Gourmet Food,Pantry Staples,Soups, Stocks & Broths,Noodle Soups]]"
1326,20926,"Nature's Path Organic Mesa Sunrise Cereal, 10.6-Ounce Boxes (Pack of 6)","[[Grocery & Gourmet Food,Breakfast Foods,Cereals,Cold Cereals]]"
1327,20933,"Fuel in a Bottle Energy Shots, Berry Flavored, 1.93-Ounce (Pack of 12)","[[Grocery & Gourmet Food,Beverages,Bottled Beverages, Water & Drink Mixes,Energy Drinks]]"
1328,20941,Williamson English Breakfast Elephant Tea Caddy,"[[Grocery & Gourmet Food,Beverages,Coffee, Tea & Cocoa,Tea,Black]]"
1329,20947,Choffy - Volta 12oz.,"[[Grocery & Gourmet Food,Beverages,Coffee, Tea & Cocoa,Cocoa]]"
1330,20952,"Hodgson Mill Whole Wheat Macaroni &amp; Cheese Dinner, 7.25-Ounce Boxes (Pack of 12)","[[Grocery & Gourmet Food,Canned, Jarred & Packaged Foods,Packaged Meals & Side Dishes,Macaroni & Cheese]]"
1331,20961,"Nifty Carousel for 35 K-Cups, Chrome","[[Home & Kitchen,Kitchen & Dining,Storage & Organization,Food Storage,Coffee Pod Holders]]"
1332,20965,"Traverse Bay Fruit Co. Dried Blueberries, 4-Pound Box",[[]]
1333,20970,"Navitas Naturals Organic Coconut Palm Sugar,  1 Pound  Pouches (Pack of 2)","[[Grocery & Gourmet Food,Pantry Staples,Cooking & Baking,Sugar Substitutes,Palm Sugar]]"
1334,20993,"Campbell's Lentil Soup, 10.75 Ounce Cans (Pack of 12)","[[Grocery & Gourmet Food,Soups, Stocks & Broths,Chicken Soups]]"
1335,21022,"French stock Broth veal Knorr-Marmite Fond De Veau - 3,95 Oz","[[Grocery & Gourmet Food,Soups, Stocks & Broths,Broths]]"
1336,21028,"Armour Sliced Dried Beef in Jar, 4.5-Ounce (Pack of 6)",[[]]
1337,21081,"Pirate's Booty Baked Rice and Corn Puffs 0.5 oz Gluten Free Snack Bags, Aged White Cheddar (Pack of 36)","[[Grocery & Gourmet Food,Snack Foods,Puffed Snacks]]"
1338,21092,"Happy Baby Organic Baby Food 1 Starting Solids, Fresh Mango, 3.5-Ounce (Pack of 16)",[[]]
1339,21113,"Hershey's Kisses, Milk Chocolate with Almonds, 18-Ounce Bags (Pack of 3)","[[Grocery & Gourmet Food,Candy & Chocolate,Brittle, Caramel & Toffee,Caramels]]"
1340,21114,"Yummy Earth Organic Gummy Bears Snack, 5 Count","[[Grocery & Gourmet Food,Candy & Chocolate,Jelly Beans & Gummy Candy,Gummy Candy]]"
1341,21138,"Lundberg Organic Wild Rice, 8 Ounce","[[Grocery & Gourmet Food,Pantry Staples,Dried Grains & Rice,Brown]]"
1342,21143,"YS Eco Bee Farms RAW HONEY - Raw, Unfiltered, Unpasteurized - Kosher","[[Grocery & Gourmet Food,Cooking & Baking,Syrups, Sugars & Sweeteners,Honey]]"
1343,21149,Bumble Bee Chunk Light Tuna in Water - 5oz (pack of 10),"[[Grocery & Gourmet Food,Pantry Staples,Canned, Jarred & Packaged Foods,Meat, Poultry & Seafood,Seafood,Tuna Fish]]"
1344,21151,Rose's Lime Marmalade 16oz Jar,"[[Grocery & Gourmet Food,Jams, Jellies & Sweet Spreads,Marmalades]]"
1345,21219,"Maisie Jane's Bagged Dry Roasted Almonds, 16-Ounce (Pack of 3)","[[Grocery & Gourmet Food,Cooking & Baking,Nuts & Seeds,Almonds]]"
1346,21228,"Starbucks Decaf Pike Place Roast K Cups, 96 Count","[[Grocery & Gourmet Food,Beverages,Coffee, Tea & Cocoa,Coffee,Single-Serve Capsules & Pods]]"
1347,21233,[FFP] Lindt LINDOR Caramel Milk Chocolate Truffles 60-Count Box,"[[Grocery & Gourmet Food,Candy & Chocolate,Chocolate & Fudge,Chocolate Truffles]]"
1348,21243,"Trader Joe's Simply Almonds, Cashews &amp; Cranberries Trek Mix...16 oz. bag","[[Grocery & Gourmet Food,Cooking & Baking,Nuts & Seeds,Almonds]]"
1349,21260,"Blue Diamond Almonds-toasted Coconut Flavor, 6oz-pack of 6 Cans","[[Grocery & Gourmet Food,Cooking & Baking,Nuts & Seeds,Almonds]]"
1350,21262,"M&amp;M's Snack Mix Candy, Peanut, 30 Ounce","[[Grocery & Gourmet Food,Candy & Chocolate,Candied & Chocolate-covered Snacks,Candied & Chocolate-coated Nuts]]"
1351,21264,"Mediterranean Snack Gluten Free Lentil Crackers, Sea Salt, 4.5 Ounce","[[Grocery & Gourmet Food,Snack Foods,Crackers,Flatbread]]"
1352,21265,White Pineapple Gummi Gummy Bears Candy 5 Pound Bag (Bulk),"[[Grocery & Gourmet Food,Candy & Chocolate,Jelly Beans & Gummy Candy,Gummy Candy]]"
1353,21278,"Ginger Candy Original 1lb Mixed Variety in a Gift Box: Reed's, Ginger People and Chimes","[[Grocery & Gourmet Food,Food & Beverage Gifts,Candy & Chocolate Gifts]]"
1354,21304,"If You Care Unbleached Large Baking Cups, 60-Count Boxes (Pack of 24)","[[Home & Kitchen,Kitchen & Dining,Bakeware,Baking Tools & Accessories,Baking Cups]]"
1355,21311,Roasted &amp; Salted Cashews 2 lbs. - We Got Nuts,"[[Grocery & Gourmet Food,Cooking & Baking,Nuts & Seeds,Cashews]]"
1356,21326,"Harmony House Foods, Dried Jalapeno, Diced, 6 Ounce Quart Size Jar","[[Sports & Outdoors,Outdoor Recreation,Camping & Hiking,Camp Kitchen,Freeze-Dried Food]]"
1357,21346,"Soy Dream Enriched Vanilla Soymilk, 32 Ounce Aseptic Boxes (Pack of 12)","[[Grocery & Gourmet Food,Dairy, Cheese & Eggs,Non-Dairy Milks,Soy Milk]]"
1358,21356,"Spicy World Whole Raw Cashews, 3 Pound","[[Grocery & Gourmet Food,Cooking & Baking,Nuts & Seeds,Cashews]]"
1359,21366,"Raw Rev 100, Chocolate &amp; Cashew 100 Calorie Organic Live Food Bar, 0.8-Ounce Bars (Pack of 26)","[[Grocery & Gourmet Food,Breakfast Foods,Breakfast & Cereal Bars]]"
1360,21367,Fun Dip Assorted 48 - 0.5oz Packs,"[[Grocery & Gourmet Food,Candy & Chocolate]]"
1361,21381,"Bob's Red Mill Organic Cornmeal Medium, 24-Ounce (Pack of 4)","[[Grocery & Gourmet Food,Pantry Staples,Cooking & Baking,Flours & Meals,Corn]]"
1362,21425,Maynard&amp;Child Premium Gift Pack of Stuffed Picante Pimento Olives,"[[Grocery & Gourmet Food,Food & Beverage Gifts,Snack Gifts]]"
1363,21431,"Cadbury Chocolate Digestives, 10.5 Ounce Packages (Pack of 6)","[[Grocery & Gourmet Food,Breads & Bakery,Cookies,Chocolate]]"
1364,21437,Ferrero Raffaello Almond Coconut Candy 36 count,"[[Grocery & Gourmet Food,Food & Beverage Gifts,Candy & Chocolate Gifts]]"
1365,21451,"Stonewall Kitchen Ultimate Pub Mix, 7 Ounce Can","[[Grocery & Gourmet Food,Snack Foods,Party Mix]]"
1366,21462,"Organic Camano Island Coffee Roasters Papua New Guinea, Medium Roast, Whole Bean, 16-Ounce Bags (Pack of 3)","[[Grocery & Gourmet Food,Beverages,Coffee, Tea & Cocoa,Coffee,Roasted Coffee Beans]]"
1367,21481,"Nutra-trim Weight Management Sugarfree Chewing Gum, Spearmint, 12 Count Box",[[]]
1368,21500,"Hapi Hot Wasabi Peas, 9.9-Ounce Tins (Pack of 4)","[[Grocery & Gourmet Food,Snack Foods,Wasabi Peas]]"
1369,21540,"Nawgan Mandarin Orange, 11.5-Ounce (Pack of 24)","[[Grocery & Gourmet Food,Beverages,Bottled Beverages, Water & Drink Mixes,Energy Drinks]]"
1370,21542,"Yogi Tea Berry Detox Tea, 16 Count (Pack of 6)","[[Grocery & Gourmet Food,Beverages,Coffee, Tea & Cocoa,Tea,Tea Samplers]]"
1371,21544,"McCormick Gourmet Collection Lemon Peel, 1.5 Ounce Unit","[[Grocery & Gourmet Food,Pantry Staples,Herbs, Spices & Seasonings,Single Herbs & Spices]]"
1372,21551,White Rabbit Creamy Candy 6.3 Oz (180 Gram),"[[Grocery & Gourmet Food,Candy & Chocolate,Jelly Beans & Gummy Candy,Taffy]]"
1373,21553,Walden Farms Calorie Free Dressing Ranch -- 12 fl oz,[[]]
1374,21565,Kadoya Brand Sesame Oil 56 Oz,"[[Grocery & Gourmet Food,Pantry Staples,Cooking & Baking,Cooking Oils, Vinegars & Sprays,Oils,Sesame]]"
1375,21572,"Yogi Tea Ginkgo Clarity, Herbal Supplement, Tea Bags, 16 ct","[[Grocery & Gourmet Food,Beverages,Coffee, Tea & Cocoa,Tea,Herbal]]"
1376,21575,"Skinny Pop Ultra Lite White Cheddar Popcorn, 4.4 Ounce","[[Grocery & Gourmet Food,Snack Foods,Popcorn,Popped]]"
1377,21576,"Kizandy Sugar Free Mints, Wintergreen, 0.35 Ounce (Pack of 6)","[[Grocery & Gourmet Food,Candy & Chocolate,Mints]]"
1378,21610,"Hansen's Diet Cherry Vanilla Creme Soda, 12 Ounce Cans (Pack of 24)","[[Grocery & Gourmet Food,Beverages,Bottled Beverages, Water & Drink Mixes,Soft Drinks]]"
1379,21615,"Quaker Chewy Granola Bar, Chocolate Chip, 8-Count Bars (Pack of 12)","[[Grocery & Gourmet Food,Snack Foods,Bars,Granola]]"
1380,21636,Nielsen Massey 4-Ounce Pure Almond Extract,"[[Grocery & Gourmet Food,Pantry Staples,Cooking & Baking,Extracts,Natural]]"
1381,21639,"Fisher Light Walnut Large Pieces (foodservice),  10-Pound","[[Grocery & Gourmet Food,Cooking & Baking,Nuts & Seeds,Walnuts]]"
1382,21640,"Simply Organic Orange Flavor Certified Organic, 2-Ounce Container","[[Grocery & Gourmet Food,Cooking & Baking,Extracts & Flavoring]]"
1383,21644,"Guy's Award Winning Sugar Free BBQ Sauce, Original, 18 Oz.","[[Grocery & Gourmet Food,Pantry Staples,Sauces, Gravies & Marinades,Sauces,Barbecue]]"
1384,21694,"SAFCOL Gourmet on the Go Chunk Light Tuna Spread, 3.4-Ounce Cans (Pack of 24)","[[Grocery & Gourmet Food,Pantry Staples,Canned, Jarred & Packaged Foods,Meat, Poultry & Seafood,Seafood,Tuna Fish]]"
1385,21725,"Enfamil EnfaCare Infant Formula Powder for Babies Born Prematurely, 12.8 Ounce (Pack of 6)","[[Baby Products,Feeding,Baby Foods,Formula,Powder Baby Formula]]"
1386,21736,Smooth and Melty Non Pareil Mint Chocolates (1 Pound Bag),"[[Grocery & Gourmet Food,Candy & Chocolate,Chocolate & Fudge]]"
1387,21750,Hand Crafted Candy Tin Berry Ice Chips Candy 1.76 oz Candy,"[[Grocery & Gourmet Food,Candy & Chocolate,Hard Candy & Lollipops,Hard Candy]]"
1388,21774,"Kinnikinnick Crumbs - Graham Style Gluten Free, 10.5-Ounce (Pack of 3)","[[Grocery & Gourmet Food,Cooking & Baking,Breadcrumbs & Seasoned Coatings,Breadcrumbs]]"
1389,21787,Timothy's World Coffee - SWEET SUMMER RASPBERRY - Flavored Coffee - 1 Box of 24 K-Cups - for Keurig Brewers,"[[Grocery & Gourmet Food,Beverages,Coffee, Tea & Cocoa,Coffee,Single-Serve Capsules & Pods]]"
1390,21790,"Sue Bee Clover Honey, 12 Ounce","[[Grocery & Gourmet Food,Cooking & Baking,Syrups, Sugars & Sweeteners,Honey]]"
1391,21798,"Boost High Protein Vanilla Ready To Drink, 8oz Bottles-24 Count","[[Grocery & Gourmet Food,Beverages,Bottled Beverages, Water & Drink Mixes,Meal Replacement & Protein Drinks,Protein Drinks]]"
1392,21821,"Rishi Tea Iced Tea, Citron Green, 1.76 Ounce","[[Grocery & Gourmet Food,Beverages,Coffee, Tea & Cocoa,Tea,Tea Samplers]]"
1393,21827,"Dare, Cookie Maple Leaf Creme, 12.3 OZ (Pack of 3)","[[Grocery & Gourmet Food,Snack Foods,Cookies,Sandwich]]"
1394,21853,"Matcha DNA Certified Organic Matcha Green Tea, 10 Oz.","[[Grocery & Gourmet Food,Beverages,Coffee, Tea & Cocoa,Tea,Green]]"
1395,21890,Bob's Sweet Stripes Soft Mint Candy 160ct. Tub,"[[Grocery & Gourmet Food,Candy & Chocolate,Mints]]"
1396,21925,Lucuma Pwder 8oz.,"[[Health & Household,Vitamins & Dietary Supplements,Supplements,Digestive Supplements,Dietary Fibers]]"
1397,21955,"Pepperidge Farm Brussels Cookies, 5.25-ounce (pack of 2)","[[Grocery & Gourmet Food,Breads & Bakery,Cookies,Shortbread]]"
1398,21966,"King Oscar Cod Liver in Own Oil, 6.67-Ounces Tins, 190 Gram, (Pack of 3)","[[Grocery & Gourmet Food,Meat & Seafood,Seafood,Fresh Seafood,Fresh Fish,Sardines]]"
1399,21977,"Frontier Taco Seasoning, 16 Ounce Bag","[[Grocery & Gourmet Food,Herbs, Spices & Seasonings,Mixed Spices & Seasonings,Mexican Seasoning]]"
1400,21983,Trader Joe's Roasted Coconut Chips - 2 Pack,"[[Grocery & Gourmet Food,Cooking & Baking,Coconut Flakes]]"
1401,21986,"Libby's Organic Cut Green Beans, 14.5-Ounces Cans (Pack of 12)","[[Grocery & Gourmet Food,Pantry Staples,Canned, Jarred & Packaged Foods,Vegetables,Green Beans]]"
1402,21995,"Seeds of Change Microwavable Quinoa and Brown Rice with Garlic, 8.5-Ounce (Pack of 4)","[[Grocery & Gourmet Food,Dried Beans, Grains & Rice,Grains & Rice]]"
1403,22001,Baileys The Original Irish Cream Non Alcoholic Chocolate Truffles 1lb,"[[Grocery & Gourmet Food,Candy & Chocolate,Chocolate & Fudge,Chocolate Truffles]]"
1404,22007,"Royal Oak Gourmet Virginia Salted Peanuts, 40-Ounce Tins (Pack of 2)","[[Grocery & Gourmet Food,Pantry Staples,Cooking & Baking,Nuts & Seeds,Peanuts]]"
1405,22019,"Dave's Gourmet Scorpion Pepper Hot Sauce, 5 oz","[[Grocery & Gourmet Food,Pantry Staples,Sauces, Gravies & Marinades,Hot Sauce]]"
1406,22037,Wisconsin Cheese Variety Blocks 28oz,"[[Grocery & Gourmet Food,Food & Beverage Gifts]]"
1407,22050,Christmas Jordan Almonds (1 Pound Bag),"[[Grocery & Gourmet Food,Cooking & Baking,Nuts & Seeds,Almonds]]"
1408,22054,"Mastro Lorenzo Crema Coffee, T-Discs for Tassimo Coffeemakers, 16-Count Packages (Pack of 2)","[[Grocery & Gourmet Food,Beverages,Coffee, Tea & Cocoa,Coffee,Single-Serve Capsules & Pods]]"
1409,22058,"Skippy Peanut Butter, Natural Creamy, 40 Ounce","[[Grocery & Gourmet Food,Jams, Jellies & Sweet Spreads,Nut & Seed Butters,Peanut Butter]]"
1410,22092,"Hidden Springs Maple Vermont Maple Syrup, Quart Grade A Medium Organic, 32 Ounce","[[Grocery & Gourmet Food,Pantry Staples,Cooking & Baking,Syrups, Sugars & Sweeteners,Maple Syrup]]"
1411,22115,"Viana Italian Vegetable, 6.35 Ounce","[[Grocery & Gourmet Food,Food & Beverage Gifts]]"
1412,22122,"Bare Fruit Natural Granny Smith Apple Chips, Gluten Free + Baked, 0.53-Ounce Bags (Pack of 24)","[[Grocery & Gourmet Food,Produce,Dried Fruits & Vegetables,Dried Fruits,Dried Apples]]"
1413,22144,"Road's End Organics Gluten Free Shiitake Mushroom Gravy Mix, Organic, 1-Ounce Pouches (Pack of 12)","[[Grocery & Gourmet Food,Sauces, Gravies & Marinades,Gravies,Mushroom]]"
1414,22190,"Puchitto Kudamono Grape Candy by Kracie, the makers of Popin' Cookin'","[[Grocery & Gourmet Food,Candy & Chocolate,Jelly Beans & Gummy Candy,Gummy Candy]]"
1415,22196,"Siljans Crispbread, 14-Ounce Package (Pack of 2)","[[Grocery & Gourmet Food,Snack Foods,Crackers,Flatbread]]"
1416,22205,Trappist Abbey Monastery Fruitcake 3lb,"[[Grocery & Gourmet Food,Breads & Bakery,Cakes,Fruitcakes]]"
1417,22217,1 lb. Fresh Shelled Georgia Pecans,"[[Grocery & Gourmet Food,Pantry Staples,Cooking & Baking,Nuts & Seeds,Pecans]]"
1418,22220,"Barilla Mini Wheels Pasta, 16 Ounce Boxes (Pack of 4)","[[Grocery & Gourmet Food,Pantry Staples,Pasta & Noodles,Pasta,Bow-Tie]]"
1419,22227,Duck Commander Phil Robertson's Cajun Style Rub,"[[Grocery & Gourmet Food,Pantry Staples,Herbs, Spices & Seasonings,Mixed Spices & Seasonings,Gourmet Rubs]]"
1420,22247,Grove Square CARAMEL HOT APPLE CIDER - 12 Single serve cups,"[[Grocery & Gourmet Food,Beverages,Bottled Beverages, Water & Drink Mixes,Juices,Ciders]]"
1421,22262,"Indus Organic Nutmeg Whole Jumbo, 8 Ounce","[[Grocery & Gourmet Food,Pantry Staples,Herbs, Spices & Seasonings,Single Herbs & Spices,Nutmeg]]"
1422,22264,Udi's Gluten Free Whole Grain Bread (1 Case),"[[Grocery & Gourmet Food,Breads & Bakery,Packaged Breads,Sandwich Breads,Multigrain]]"
1423,22273,"Harmony House Foods Dried Vegetable Sampler (15 Count, ZIP Pouches) for Cooking, Camping, Emergency Supply, and More","[[Grocery & Gourmet Food,Pantry Staples,Soups, Stocks & Broths,Vegetable Soups]]"
1424,22285,"Chef Boyardee  Mini Ravioli, 15-Ounce Units (Pack of 24)","[[Grocery & Gourmet Food,Canned, Jarred & Packaged Foods,Packaged Meals & Side Dishes,Pasta & Noodle Dishes]]"
1425,22316,"Honee 100% All-Natural Bee-Free, 12-Ounce (Pack of 4)",[[]]
1426,22356,"Fresh gourmet Crispy Onions, Garlic Pepper, 3.5-Ounce (Pack of 6)","[[Grocery & Gourmet Food,Pantry Staples,Condiments & Salad Dressings,Salad Toppings]]"
1427,22366,Walkerswood Jonkanoo Hot Sauce,"[[Grocery & Gourmet Food,Sauces, Gravies & Marinades,Hot Sauce]]"
1428,22408,"Twinings of London Tea Single Serve K Cups, Chai, 12 Count","[[Grocery & Gourmet Food,Beverages,Coffee, Tea & Cocoa,Tea,Herbal]]"
1429,22426,"Frontier Culinary Spices Garlic Granules, 2.7-Ounce Bottle","[[Grocery & Gourmet Food,Pantry Staples,Herbs, Spices & Seasonings,Single Herbs & Spices,Garlic]]"
1430,22436,Choffy - La Espa&ntilde;ola 32oz.,[[]]
1431,22437,"Kitchens Of India Curry Paste For Chicken Curry, 3.5-Ounce Boxes (Pack of 6)","[[Grocery & Gourmet Food,Pantry Staples,Sauces, Gravies & Marinades,Sauces,Asian,Curry Sauce]]"
1432,22450,"Kellogg's Rice Krispies Gluten Free Cereal, Whole Grain Brown Rice, 12-Ounce Boxes (Pack of 4)","[[Grocery & Gourmet Food,Breakfast Foods,Cereals,Cold Cereals]]"
1433,22456,"Tinkyada Vegetable Spirals, Gluten Free, 12-Ounce (Pack of 6)","[[Grocery & Gourmet Food,Pantry Staples,Pasta & Noodles,Pasta,Rotini]]"
1434,22460,"Maple Grove Farms Gluten Free Pancake &amp; Waffle Mix, 16-Ounce Boxes (Pack of 4)","[[Grocery & Gourmet Food,Cooking & Baking,Baking Mixes,Pancakes & Waffles]]"
1435,22475,Twinings Black Tea Darjeeling Loose Tea Tin / 100g / 3.5oz.,"[[Grocery & Gourmet Food,Beverages,Coffee, Tea & Cocoa,Tea,Tea Samplers]]"
1436,22483,Nespresso Compatible Capsules Lungo 60 Pack,"[[Grocery & Gourmet Food,Beverages,Coffee, Tea & Cocoa,Coffee,Single-Serve Capsules & Pods]]"
1437,22509,"The Spice Lab Ghost Pepper Salt Naga Jolokia- Really Hot, 4 oz.","[[Grocery & Gourmet Food,Herbs, Spices & Seasonings,Salt & Salt Substitutes,Flavored Salt]]"
1438,22548,"Mestemacher Bread Whole Rye, 17.6-Ounce (Pack of 6)","[[Grocery & Gourmet Food,Breads & Bakery,Breads,Sandwich Breads,Rye]]"
1439,22549,"Kellogg's Fruity Snacks, Mixed Berry, 16 Ounce (Pack of 6)","[[Grocery & Gourmet Food,Snack Foods,Fruit Snacks]]"
1440,22556,"Al Wadi Hummus Chick Pea Dip, 14-Ounce (Pack of 12)","[[Grocery & Gourmet Food,Snack Foods,Salsas, Dips & Spreads,Dips & Spreads]]"
1441,22564,"SodaStream Cranberry Energy Drink Syrup, 500mL","[[Home & Kitchen,Kitchen & Dining,Small Appliance Parts & Accessories]]"
1442,22578,"Plum Organics Baby Just Fruit, Prunes, 3.5-Ounce Pouches (Pack of 12)","[[Baby Products,Feeding,Baby Foods,Meals]]"
1443,22583,"Bob's Red Mill Beans Lentils, 27-Ounce (Pack of 4)","[[Grocery & Gourmet Food,Dried Beans, Grains & Rice,Lentils]]"
1444,22614,"Ghirardelli Chocolate Premium Hot Cocoa Mix, Double Chocolate, 32 Ounce Package","[[Grocery & Gourmet Food,Beverages,Coffee, Tea & Cocoa,Cocoa]]"
1445,22622,"Ghirardelli Dark and Caramel Sea Salt, Chocolate Squares, 5.32-Ounce Bag (Pack of 4)","[[Grocery & Gourmet Food,Candy & Chocolate,Candy & Chocolate Assortments]]"
1446,22642,"Skinny Water Crave Control Raspberry Pomegranate, 16-Ounce (Pack of 12)","[[Grocery & Gourmet Food,Beverages,Bottled Beverages, Water & Drink Mixes,Water,Flavored Water]]"
1447,22653,"Bob's Red Mill Gluten-Free Homemade Wonderful Bread Mix, 16-Ounce Packages (Pack of 4)","[[Grocery & Gourmet Food,Pantry Staples,Cooking & Baking,Baking Mixes,Breads]]"
1448,22661,Tassimo Caffee Crema XL,"[[Grocery & Gourmet Food,Beverages,Coffee, Tea & Cocoa,Coffee]]"
1449,22674,"Mother's, English Tea Sandwich Cookies, 16oz Bag (Pack of 4)","[[Grocery & Gourmet Food,Breads & Bakery,Cookies]]"
1450,22682,"Lotus Foods Organic Rice Ramen Noodles, Jade Pearl Rice, 6 Count","[[Grocery & Gourmet Food,Pantry Staples,Pasta & Noodles,Noodles,Rice]]"
1451,22688,"CBTL Continental Espresso Capsules By The Coffee Bean &amp; Tea Leaf, 10-Count Box","[[Grocery & Gourmet Food,Beverages,Coffee, Tea & Cocoa,Tea,Tea Samplers]]"
1452,22701,"Nishiki Steamed White Rice, 7.4-Ounce (Pack of 6)","[[Grocery & Gourmet Food,Canned, Jarred & Packaged Foods,Packaged Meals & Side Dishes,Rice Dishes,Rice Bowls]]"
1453,22721,Chike Coffee Protein Drink -- 7 Packets,"[[Grocery & Gourmet Food,Beverages,Bottled Beverages, Water & Drink Mixes,Meal Replacement & Protein Drinks,Protein Drinks]]"
1454,22722,Condimente Pentru Mititei ( Minced Meat Seasoning) -25 g,"[[Grocery & Gourmet Food,Herbs, Spices & Seasonings,Mixed Spices & Seasonings,Meat Seasoning]]"
1455,22739,Walden Farms Barbecue Sauce Original Calorie Free,[[]]
1456,22760,"Tillen Farms Dilly Beans, Mild Crispy, 12 oz. 3-Count","[[Grocery & Gourmet Food,Produce,Fresh Vegetables,Peas & Beans]]"
1457,22762,Kopi Luwak 1lb / 456 Grams 100% Pure Wild &amp; Orgranic Civet Coffee Medium Roasted Robusta Whole Beans. Imported from the Philippines Roasted Fresh in the USA,"[[Grocery & Gourmet Food,Beverages,Coffee, Tea & Cocoa,Coffee,Roasted Coffee Beans]]"
1458,22773,Mike N Ikes: 4.5 LBS,"[[Grocery & Gourmet Food,Candy & Chocolate,Jelly Beans & Gummy Candy,Jelly Beans]]"
1459,22822,"Blue Sky Blue Energy, 16 Ounce Cans (Pack of 12)","[[Grocery & Gourmet Food,Beverages,Bottled Beverages, Water & Drink Mixes,Energy Drinks]]"
1460,22833,"Carr's Rosemary Crackers, 5-Ounce Boxes (Pack of 6)","[[Grocery & Gourmet Food,Snack Foods,Crackers,Water]]"
1461,22840,"Keebler Simply Made Cookies, Chocolate Chip, 10 Ounce","[[Grocery & Gourmet Food,Snack Foods,Cookies,Butter]]"
1462,22846,"Great River Organic Milling Real Teff Flour, 20-Pound","[[Grocery & Gourmet Food,Cooking & Baking,Flours & Meals,Wheat Flours & Meals]]"
1463,22850,"Achva Tahini, Organic, 17.6 Ounce",[[]]
1464,22882,Kikkoman Instant Wakame (Seaweed) Soup (9 Pockets in 3 Packs) - 1.89 Oz,"[[Grocery & Gourmet Food,Soups, Stocks & Broths,Miso Soups]]"
1465,22931,"Old El Paso Super Taco Shells, 6.6-Ounce Boxes (Pack of 12)","[[Grocery & Gourmet Food,Canned, Jarred & Packaged Foods,Packaged Meals & Side Dishes,Mexican Dishes,Taco Shells & Kits]]"
1466,22942,"Original Snaps Classic Chewy Candy, 4.5-Ounce Boxes (Pack of 12)","[[Grocery & Gourmet Food,Candy & Chocolate,Jelly Beans & Gummy Candy,Gummy Candy]]"
1467,22955,"Madhava Organic Coconut Sugar, 5-Ounce (Pack of 6)","[[Grocery & Gourmet Food,Pantry Staples,Cooking & Baking,Syrups, Sugars & Sweeteners,Sugars]]"
1468,22959,"Jif Natural Creamy Peanut Butter Spread, 28 Ounce (Pack of 10)","[[Grocery & Gourmet Food,Pantry Staples,Nut & Seed Butters,Peanut Butter]]"
1469,22960,Acid Phosphate - 8 oz Bottle,"[[Grocery & Gourmet Food,Beverages,Bottled Beverages, Water & Drink Mixes,Cocktail Mixers,Bitters]]"
1470,22962,Marie Sharp's Belizean Heat Hot Sauce 10 oz.,"[[Grocery & Gourmet Food,Sauces, Gravies & Marinades,Hot Sauce]]"
1471,22974,"Bob's Red Mill Arrowroot Starch Flour, 16 oz","[[Grocery & Gourmet Food,Pantry Staples,Cooking & Baking,Thickeners,Arrowroot]]"
1472,23003,"Ancient Harvest Quinoa Mac and Cheese, 6-Ounce (Pack of 6)","[[Grocery & Gourmet Food,Canned, Jarred & Packaged Foods,Packaged Meals & Side Dishes,Macaroni & Cheese]]"
1473,23009,"ZATARAIN'S Creole Mustard, 16-Ounce (Pack of 6)","[[Grocery & Gourmet Food,Condiments & Salad Dressings,Mustard,Brown Mustard]]"
1474,23042,Ocean Spray&reg; Craisins&reg; - 48 Oz. Bag,[[]]
1475,23063,Zinke Orchards Creamy Almond Butter(3Pack) 16oz Jars,"[[Grocery & Gourmet Food,Jams, Jellies & Sweet Spreads,Nut & Seed Butters,Almond Butter]]"
1476,23088,"Scarpetta Pasta  Lovers Gift Box, 19.8-Ounce Jar (Pack of 4)","[[Grocery & Gourmet Food,Food & Beverage Gifts,Snack Gifts]]"
1477,23104,Hand Crafted Candy Tin Peppermint Ice Chips Candy 1.76 oz Candy,"[[Beauty & Personal Care,Oral Care,Breath Fresheners]]"
1478,23110,Timothy's World Coffee Kahlua Original K-Cups for Keurig Brewers (Pack of 96),"[[Grocery & Gourmet Food,Beverages,Coffee, Tea & Cocoa,Coffee,Single-Serve Capsules & Pods]]"
1479,23134,Annie's Homegrown Organic Vegan Fruit Snacks Variety Pack 24 (0.8oz)Pouches,"[[Grocery & Gourmet Food,Snack Foods,Fruit Snacks]]"
1480,23142,"Reese's Holiday Giant Peanut Butter Cups, 1-Pound Package","[[Grocery & Gourmet Food,Candy & Chocolate,Candy & Chocolate Assortments]]"
1481,23154,"Mrs Bridges Lemon Curd, 12 Ounce","[[Grocery & Gourmet Food,Pantry Staples,Jams, Jellies & Sweet Spreads,Jams, Jellies & Preserves]]"
1482,23167,Chocolate Rugelach - 14 oz,"[[Grocery & Gourmet Food,Food & Beverage Gifts,Bakery & Dessert Gifts]]"
1483,23178,"Bob's Red Mill Hemp Protein Pow, 16-ounces","[[Health & Household,Sports Nutrition,Protein,Powders,Plant,Hemp]]"
1484,23196,"SweetLeaf SteviaClear Liquid Stevia, 4-Ounce Bottles (Pack of 2)","[[Grocery & Gourmet Food,Cooking & Baking,Sugar Substitutes,Stevia]]"
1485,23213,"Werther's Original Hard Candy, Caramel Sugar Free, 2.75-Ounce Bags (Pack of 12)","[[Grocery & Gourmet Food,Candy & Chocolate,Brittle, Caramel & Toffee,Caramels]]"
1486,23214,"Perugina Panettone, 2.2-Pound","[[Grocery & Gourmet Food,Breads & Bakery,Cakes,Panettones]]"
1487,23226,"Swedish Fish, Net Wt. 50 oz, 240-Count Individually Wrapped","[[Grocery & Gourmet Food,Candy & Chocolate,Jelly Beans & Gummy Candy,Gummy Candy]]"
1488,23232,"VOSS Artesian Water (Still), 11.2-Ounce Bottles (Pack of 12)","[[Grocery & Gourmet Food,Beverages,Bottled Beverages, Water & Drink Mixes,Water,Mineral Water]]"
1489,23239,Trader Joe's Original Irish Breakfast Tea (80 Black Tea Bags Per Box),"[[Grocery & Gourmet Food,Beverages,Coffee, Tea & Cocoa,Tea,Tea Samplers]]"
1490,23240,Stroopwafels - 20 Dutch Caramel Syrup Waffle Cookies,"[[Grocery & Gourmet Food,Snack Foods,Cookies]]"
1491,23262,Harney &amp; Sons Royal Wedding Tea 30 Sachet Tin,"[[Grocery & Gourmet Food,Beverages,Coffee, Tea & Cocoa,Tea,White]]"
1492,23283,"Mushroom House Dried Woodear Mushroom, Black Fungus, 1 Pound","[[Grocery & Gourmet Food,Produce,Dried Fruits & Vegetables,Dried Vegetables,Dried Mushrooms,Woodear]]"
1493,23284,"Enjoy Life Decadent Bars, Chocolate Sunbutter, 1.2 oz., 5 Count",[[]]
1494,23295,"Almond Joy Snack Size Bars, 11.3-Ounce Packages (Pack of 6)","[[Grocery & Gourmet Food,Candy & Chocolate,Candy & Chocolate Bars]]"
1495,23301,Simpkins Mixed Fruit Travel Sweets x 3 pack,"[[Grocery & Gourmet Food,Candy & Chocolate,Hard Candy & Lollipops,Hard Candy]]"
1496,23309,"Royal Basmati Rice, 15-Pound Bag","[[Grocery & Gourmet Food,Pantry Staples,Dried Grains & Rice,Basmati]]"
1497,23335,"Hometown Favorites 1980's Nostalgic Candy Gift Box, Retro 80's Candy, 3-Pound","[[Grocery & Gourmet Food,Candy & Chocolate,Brittle, Caramel & Toffee]]"
1498,23344,"La Tourangelle Organic Canola Oil, 16.9-Ounce Tins (Pack of 3)","[[Grocery & Gourmet Food,Pantry Staples,Cooking & Baking,Cooking Oils, Vinegars & Sprays,Oils,Canola]]"
1499,23370,"Happy Puffs Purple Carrot and Blueberry, 2.1 Ounce",[[]]
1500,23376,"Reese's Peanut Butter Trees 6 Pack, 7.2-ounce (Pack of 4)","[[Grocery & Gourmet Food,Candy & Chocolate,Chocolate & Fudge,Fudge]]"
1501,23377,Crio Bru Cavalla (1.5 lbs),"[[Grocery & Gourmet Food,Beverages,Coffee, Tea & Cocoa,Coffee Substitutes]]"
1502,23402,"Nestle Nesquik Low Fat 1% Milk, Vanilla, 14 Ounce (Pack of 12)","[[Grocery & Gourmet Food,Dairy, Cheese & Eggs,Milk & Cream,Flavored Milk]]"
1503,23404,"Nescafe Memento Coffee, Caramel Latte, 8 - Count","[[Grocery & Gourmet Food,Beverages,Coffee, Tea & Cocoa,Coffee,Instant Coffee]]"
1504,23441,Organic Sprouting Seeds Mung Bean 5 Pounds - Todd's Seeds,"[[Patio, Lawn & Garden,Gardening & Lawn Care,Plants, Seeds & Bulbs]]"
1505,23471,Tea Forte Loose Leaf Tea Canister-White Ambrosia,"[[Grocery & Gourmet Food,Beverages,Coffee, Tea & Cocoa,Tea,White]]"
1506,23483,Atkinsons Peanut Butter Bars Sugar Free 2lb Bag,"[[Grocery & Gourmet Food,Candy & Chocolate,Hard Candy & Lollipops,Hard Candy]]"
1507,23490,"McVitie's Digestive Biscuits -400g 3 Pack, Original","[[Grocery & Gourmet Food,Snack Foods,Cookies,Biscuits]]"
1508,23492,"Harmony House Foods, Dried Sweet Potatoes, Diced, 16 Ounce Quart Size Jar","[[Sports & Outdoors,Outdoor Recreation,Camping & Hiking,Camp Kitchen,Freeze-Dried Food]]"
1509,23527,"True Lemon Lemonade Drink Mix, 10-count (Pack of 6)","[[Grocery & Gourmet Food,Beverages,Bottled Beverages, Water & Drink Mixes,Powdered Drink Mixes & Flavorings,Powdered Drink Mixes,Soft Drink Mixes]]"
1510,23555,Woodstock Farms - All-Natural Raw Almond Butter Smooth Unsalted - 16 oz.,"[[Grocery & Gourmet Food,Jams, Jellies & Sweet Spreads,Nut & Seed Butters,Almond Butter]]"
1511,23571,Matouk's Mauby Concentrate,"[[Grocery & Gourmet Food,Beverages,Bottled Beverages, Water & Drink Mixes,Juices]]"
1512,23592,Chimes Ginger Chews 1lb Variety Bag,"[[Grocery & Gourmet Food,Candy & Chocolate,Ginger Candy]]"
1513,23601,"CK Products 16 Ounce Jimmies/Sprinkles Bag, Green","[[Grocery & Gourmet Food,Cooking & Baking,Frosting, Icing & Decorations,Sprinkles & Glitters,Sprinkles]]"
1514,23625,"YummyEarth Organic Lollipops, Assorted Flavors, 12.3-Ounce Bags (Pack of 4)","[[Grocery & Gourmet Food,Candy & Chocolate,Hard Candy & Lollipops,Suckers & Lollipops]]"
1515,23653,"Crio Bru Brewed Cocao, Maya, 11 oz","[[Grocery & Gourmet Food,Beverages,Coffee, Tea & Cocoa,Coffee Substitutes]]"
1516,23654,"Pepperidge Farm Goldfish Crackers Halloween Snack Packs, Cheddar, 0.4 Ounces (Pack of 25)","[[Grocery & Gourmet Food,Snack Foods,Crackers,Graham Crackers]]"
1517,23655,FOLGERS GOURMET SELECTIONS MORNING CAFE K CUP COFFEE 96 COUNT,"[[Grocery & Gourmet Food,Beverages,Coffee, Tea & Cocoa,Coffee,Single-Serve Capsules & Pods]]"
1518,23683,"Chef-mate Sauce, Basic Cheddar Cheese, 106-Ounce","[[Grocery & Gourmet Food,Snack Foods,Salsas, Dips & Spreads,Dips & Spreads,Processed Cheese]]"
1519,23694,"Christopher Bean Coffee Flavored Ground Coffee, Danish Pastry, 12 Ounce","[[Grocery & Gourmet Food,Beverages,Coffee, Tea & Cocoa,Coffee,Ground Coffee]]"
1520,23738,Go Veggie Vegan Parmesan Cheese Pack of 2,"[[Grocery & Gourmet Food,Dairy, Cheese & Eggs,Cheese,Parmesan]]"
1521,23770,"New Grains Gluten Free Sourdough San Francisco Style Bread, 32 oz Loaf","[[Grocery & Gourmet Food,Breads & Bakery,Fresh Bakery Breads]]"
1522,23776,"Estia Extra Virgin Olive Oil, Organic Greek 33.8 ounce","[[Grocery & Gourmet Food,Cooking & Baking,Cooking Oils, Vinegars & Sprays,Oils,Olive]]"
1523,23793,"Tootsie Pops-Variety Pack, 100 Pops","[[Grocery & Gourmet Food,Candy & Chocolate,Hard Candy & Lollipops,Suckers & Lollipops]]"
1524,23814,"Navitas Naturals Organic Raw Cacao Nibs Sweetened, 4-Ounce Pouches","[[Grocery & Gourmet Food,Pantry Staples,Cooking & Baking,Baking Chocolates, Carob & Cocoa,Cocoa]]"
1525,23845,"Snowflake Gift Tin with Chocolate, Fruits and Nuts by Nut Roaster's Reserve","[[Grocery & Gourmet Food,Food & Beverage Gifts,Snack Gifts]]"
1526,23846,"Krusteaz Natural Honey Cornbread &amp; Muffin Mix, 15-Ounce Boxes (Pack of 12)","[[Grocery & Gourmet Food,Pantry Staples,Cooking & Baking,Baking Mixes,Muffins]]"
1527,23851,"Mrs Bridges Marmalade, Pink Grapefruit, 12 Ounce","[[Grocery & Gourmet Food,Jams, Jellies & Sweet Spreads,Marmalades]]"
1528,23856,Dubble Bubble 1/2&quot; Assorted Gumballs 5lbs,"[[Grocery & Gourmet Food,Candy & Chocolate,Chewing & Bubble Gum]]"
1529,23880,"Newman's Own Organics Pretzels, High Protein, 7-Ounce Bags (Pack of 12)","[[Grocery & Gourmet Food,Snack Foods,Pretzels]]"
1530,23904,Sprout-Ease - Econo-Sprouter Toppers Set - 3 Piece(s),"[[Home & Kitchen,Kitchen & Dining,Cookware,Canning,Lids]]"
1531,23906,Huy Fong Sambal Oelek Ground Chili Paste - 8 oz x 2 bottles,"[[Grocery & Gourmet Food,Sauces, Gravies & Marinades,Sauces,Asian,Chile Paste]]"
1532,23912,"Caf&eacute; Escapes Keurig K Cups, Caramel, 24 Count","[[Grocery & Gourmet Food,Beverages,Coffee, Tea & Cocoa,Coffee,Single-Serve Capsules & Pods]]"
1533,23924,"Dried Persimmon Slices, 8 oz.","[[Grocery & Gourmet Food,Produce,Dried Fruits & Vegetables,Dried Fruits]]"
1534,23959,"Healthy Choice Microwave Chicken Noodle Soup, 14-Ounce(Pack of 12)","[[Grocery & Gourmet Food,Soups, Stocks & Broths,Chicken Soups]]"
1535,23964,"The Organic Coffee Company Whole Bean Stellar Brew, 32-Ounce Bag","[[Grocery & Gourmet Food,Beverages,Coffee, Tea & Cocoa,Coffee,Roasted Coffee Beans]]"
1536,23976,"The Organic Coffee Company Whole Bean Zen Blend, 12-Ounce Bags (Pack of 2)","[[Grocery & Gourmet Food,Beverages,Coffee, Tea & Cocoa,Coffee,Roasted Coffee Beans]]"
1537,23979,Sarsons Malt Vinegar 300ml,"[[Grocery & Gourmet Food,Pantry Staples,Cooking & Baking,Cooking Oils, Vinegars & Sprays,Vinegars,Malt]]"
1538,23996,Hammons Black American Walnuts 24oz.,"[[Grocery & Gourmet Food,Cooking & Baking,Nuts & Seeds,Walnuts]]"
1539,23998,Two Pounds Of Brazil Nuts - We Got Nuts,"[[Grocery & Gourmet Food,Cooking & Baking,Nuts & Seeds]]"
1540,24034,"Raw Organic Nori Sheets 50 qty Pack! - Certified Vegan, Raw, Kosher Sushi Wrap Papers - Premium Unheated, Un Cooked, untoasted, dried - RAWFOOD","[[Grocery & Gourmet Food,Cooking & Baking,Dried Seaweed & Nori]]"
1541,24066,"Maruchan Ramen, Creamy Chicken, 3-Ounce Packages (Pack of 24)",[[]]
1542,24095,"Why So Good Toasted Coconut Chips, 3.52 Ounce (Pack of 5)","[[Grocery & Gourmet Food,Snack Foods,Chips & Crisps]]"
1543,24100,Liquorice Toffees 200g,"[[Grocery & Gourmet Food,Candy & Chocolate,Brittle, Caramel & Toffee,Toffee]]"
1544,24104,"Cheribundi Tart Cherry, 32-Ounce (Pack of 3)","[[Grocery & Gourmet Food,Beverages,Bottled Beverages, Water & Drink Mixes,Juices,Fruit Juice]]"
1545,24115,"Annies Homegrown Organic Dijon Mustard, 9 oz","[[Grocery & Gourmet Food,Condiments & Salad Dressings,Mustard,Dijon Mustard]]"
1546,24137,"Ginger, Crystallized - 5 Lb Bag / Box Each","[[Grocery & Gourmet Food,Herbs, Spices & Seasonings,Single Herbs & Spices,Ginger]]"
1547,24146,"Lawry's Garlic Salt, 33 Ounce","[[Grocery & Gourmet Food,Pantry Staples,Herbs, Spices & Seasonings,Salt & Salt Substitutes,Flavored Salt]]"
1548,24147,"Celestial Perfect Iced Tea Southern Sweet Keurig K-Cups, 16 Count","[[Grocery & Gourmet Food,Beverages,Coffee, Tea & Cocoa,Tea,Iced Tea]]"
1549,24167,"Puroast Low Acid Coffee Nutcracker Sweet Whole Bean, 2.5-Pound Bag","[[Grocery & Gourmet Food,Beverages,Coffee, Tea & Cocoa,Coffee,Roasted Coffee Beans]]"
1550,24177,"Kitchens Of India Ready To Eat Rajma Masala, Red Kidney Bean Currry, 10-Ounce Boxes (Pack of 6)","[[Grocery & Gourmet Food,Pantry Staples,Canned, Jarred & Packaged Foods,Packaged Meals & Side Dishes]]"
1551,24205,"Dr. McDougall's Right Foods Vegan Minestrone &amp; Pasta Soup, 2.3-Ounce Cups (Pack of 6)","[[Grocery & Gourmet Food,Soups, Stocks & Broths,Vegetable Soups]]"
1552,24216,"Just the Cheese Mini Round Snacks, Classic White Cheddar, 0.5-Ounce Bags (Pack of 16)","[[Grocery & Gourmet Food,Snack Foods,Crackers]]"
1553,24240,"Honey Nut Cheerios Cereal, 12.25 Ounce (Pack of 4)",[[]]
1554,24247,"Heinz Ketchup Organic, 14 Ounce (Pack of 6)","[[Grocery & Gourmet Food,Condiments & Salad Dressings,Ketchup]]"
1555,24271,Bragg Organic Olive Oil 128 Oz.,"[[Grocery & Gourmet Food,Cooking & Baking,Cooking Oils, Vinegars & Sprays,Oils,Olive]]"
1556,24283,"Anthony's USDA Organic Coconut Flour (5 lb), 100% Gluten Free","[[Grocery & Gourmet Food,Cooking & Baking,Flours & Meals]]"
1557,24291,"Ghirardelli SQUARES Double Fudge,  4.63-Ounce Package","[[Grocery & Gourmet Food,Candy & Chocolate,Candy & Chocolate Bars]]"
1558,24295,"Chef Paul Prudhomme's Magic Seasoning Blends No Salt &amp; No Sugar, Toasted Onion and Garlic, 2.1-Ounce","[[Grocery & Gourmet Food,Pantry Staples,Herbs, Spices & Seasonings,Mixed Spices & Seasonings,Meat Seasoning]]"
1559,24296,"Chocolove Premium Chocolate Bars, Dark (77%) Extra Strong, 3.2-Ounce Bars (Pack of 12)","[[Grocery & Gourmet Food,Candy & Chocolate,Candy & Chocolate Bars]]"
1560,24308,"Harney &amp; Sons Decaffeinated Ceylon Tea, 50 Tea Bags","[[Grocery & Gourmet Food,Beverages,Coffee, Tea & Cocoa,Tea,Green]]"
1561,24311,"Lindt Chocolate Excellence Black Currant Chocolate Bar, 3.5-Ounce (Pack of 12)","[[Grocery & Gourmet Food,Candy & Chocolate,Candy & Chocolate Bars]]"
1562,24331,Foojoy Yunnan Bo Nay Tea - 100 Tea Bags (7.0 Oz),"[[Grocery & Gourmet Food,Beverages,Coffee, Tea & Cocoa,Tea,Herbal]]"
1563,24341,Skyline Chili 8 Cans,"[[Grocery & Gourmet Food,Soups, Stocks & Broths,Chili]]"
1564,24360,"ZICO Pure Premium Coconut Water, Passion Fruit, 11.2 Ounce Tetra Paks (Pack of 12)","[[Grocery & Gourmet Food,Beverages,Bottled Beverages, Water & Drink Mixes,Coconut Water]]"
1565,24373,"Plum Organics Tots Mish Mash, Strawberry, 3.17-Ounce Pouches (Pack of 12)","[[Baby Products,Feeding,Baby Foods,Meals]]"
1566,24410,"Nestle Nestum Cereal, Wheat and Honey, 10.5-Ounce Container (Pack of 6)","[[Grocery & Gourmet Food,Breakfast Foods,Cereals,Cold Cereals]]"
1567,24427,"Annie Chun's Teriyaki Noodle Bowl, 7.8-Ounce Bowls (Pack of 6)","[[Grocery & Gourmet Food,Canned, Jarred & Packaged Foods,Packaged Meals & Side Dishes,Asian Dishes]]"
1568,24431,"Lemon Peel Cut &amp; Sifted Organic - 1 lb,(Frontier)","[[Grocery & Gourmet Food,Herbs, Spices & Seasonings]]"
1569,24460,"Dried Crystallized Ginger, 16 Oz","[[Grocery & Gourmet Food,Herbs, Spices & Seasonings,Single Herbs & Spices,Ginger]]"
1570,24495,"Cavendish &amp; Harvey 6-Flavor Drops Variety, 5.3 oz Tins in a Gift Box (Pack of 6)","[[Grocery & Gourmet Food,Food & Beverage Gifts,Candy & Chocolate Gifts]]"
1571,24499,"Luzianne Coffee, Medium Roast, 13-Ounce Bags (Pack of 3)","[[Grocery & Gourmet Food,Beverages,Coffee, Tea & Cocoa,Coffee,Ground Coffee]]"
1572,24546,Keurig Tazo Zen Tea 16-Count K-Cups for Keurig Brewers,"[[Grocery & Gourmet Food,Beverages,Coffee, Tea & Cocoa,Tea,Green]]"
1573,24565,Macadamia Nuts Raw,"[[Grocery & Gourmet Food,Cooking & Baking,Nuts & Seeds,Macadamia Nuts]]"
1574,24595,"Christopher Bean Coffee Flavored Ground Coffee, Chocolate Raspberry, 12 Ounce","[[Grocery & Gourmet Food,Beverages,Coffee, Tea & Cocoa,Coffee,Ground Coffee]]"
1575,24618,Fazer Dumle Original Soft Toffee Covered With Milk Chocolate 220g bag,"[[Grocery & Gourmet Food,Candy & Chocolate,Brittle, Caramel & Toffee,Toffee]]"
1576,24626,"Earth's Best Organic 2nd Antioxidant Variety Pack, 4 Ounce Jars (Pack of 12)",[[]]
1577,24638,"Mario Camacho Brineless Pouch Olives, Natural Sea Salt Green, 1.05 Ounce (Pack of 12)","[[Grocery & Gourmet Food,Pantry Staples,Olives, Pickles & Relishes,Olives,Green]]"
1578,24640,"Happy Tot Organic Baby Food, Sweet Potato, Apple, Carrot and Cinnamon, 4.22-Ounce Pouches (Pack of 16)","[[Baby Products,Feeding,Baby Foods,Meals]]"
1579,24658,"Nature's Valley granola bars, Crunchy Oats N Honey, 30 Count","[[Grocery & Gourmet Food,Snack Foods,Bars,Granola]]"
1580,24681,"Madison Park Foods Bloody Mary Seasoning, 3.00 oz","[[Grocery & Gourmet Food,Herbs, Spices & Seasonings,Salt & Salt Substitutes,Popcorn Salt]]"
1581,24731,Betty Crocker Fruit Variety Pack Snacks 42 Rolls,"[[Grocery & Gourmet Food,Snack Foods,Fruit Leather]]"
1582,24733,"Domino Sugar, Granulated, 10-Pound Bags","[[Grocery & Gourmet Food,Pantry Staples,Cooking & Baking,Syrups, Sugars & Sweeteners,Sugars]]"
1583,24759,"Lundberg Organic Spicy Black Bean and Rice Chips, 6-Ounce Bags (Pack of 6)",[[]]
1584,24783,"Juan Valdez Premium Colombian Coffee, Cumbre, 10-Ounce","[[Grocery & Gourmet Food,Beverages,Coffee, Tea & Cocoa,Coffee,Ground Coffee]]"
1585,24786,English Toffee Liquid Stevia 2 oz.,"[[Grocery & Gourmet Food,Cooking & Baking,Sugar Substitutes,Stevia]]"
1586,24790,Jolly Rancher Lemon Candy 160 Pieces,"[[Grocery & Gourmet Food,Candy & Chocolate,Hard Candy & Lollipops,Hard Candy]]"
1587,24824,"DisposaCups - Disposable Cups for use in Keurig&reg; Brewers - 50 Cups, Lids, Filters - 100% Disposable","[[Home & Kitchen,Kitchen & Dining,Small Appliance Parts & Accessories]]"
1588,24834,"Barney Butter Bare Almond Butter, Smooth, 16 Ounce","[[Grocery & Gourmet Food,Pantry Staples,Nut & Seed Butters,Almond Butter]]"
1589,24865,"Acai Roots Pure Acai Juice, 32-Ounce Bottles (Pack of 3)","[[Grocery & Gourmet Food,Beverages,Bottled Beverages, Water & Drink Mixes,Juices,Fruit Juice]]"
1590,24868,"Badia Dried Shrimp, 0.5-ounce bags (Pack of 12)","[[Grocery & Gourmet Food,Snack Foods,Jerky & Dried Meats]]"
1591,24870,"Celestial Seasonings Sugar Plum Spice, Christmas Herb Tea, 20 Count Teabagss (Pack of 6)","[[Grocery & Gourmet Food,Beverages,Coffee, Tea & Cocoa,Tea]]"
1592,24887,"Carr's Ginger Lemon Creme, 7.05-Ounce Boxes (Pack of 12)","[[Grocery & Gourmet Food,Snack Foods,Crackers,Water]]"
1593,24897,"Trident Gum, Bubblegum, 18-Stick Packs (Pack of 12)","[[Grocery & Gourmet Food,Candy & Chocolate,Chewing & Bubble Gum]]"
1594,24905,DISNEY PARKS EXCLUSIVE Wonderland Official Unbirthday Mad Tea Party Blend Loose Leaf Tea,"[[Grocery & Gourmet Food,Pantry Staples]]"
1595,24906,"Ella's Kitchen Organic Smoothie Fruits, The Red One, 3 Ounce Pouches (Pack of  7)",[[]]
1596,24927,"Arriba! Mild Red Salsa, 16-Ounce Glass (Pack of 6)","[[Grocery & Gourmet Food,Snack Foods,Salsas, Dips & Spreads,Salsas]]"
1597,24950,Cinnamon Rugelach - 14 oz,"[[Grocery & Gourmet Food,Breads & Bakery,Pastries & Bakery]]"
1598,24990,"Garam Masala, an aromatic Indian spice blend, 1 jar","[[Grocery & Gourmet Food,Herbs, Spices & Seasonings,Mixed Spices & Seasonings,Garam Masala],[Grocery & Gourmet Food,Herbs, Spices & Seasonings,Mixed Spices & Seasonings,Garam Masala]]"
1599,25016,"Decaf Tea Deluxe Variety Pack for Keurig K-Cup Brewers, 20 Count","[[Grocery & Gourmet Food,Beverages,Coffee, Tea & Cocoa,Coffee,Single-Serve Capsules & Pods]]"
1600,25019,"Wild Planet Wild Skipjack Light Tuna, 5-Ounce Cans (Pack of 12)","[[Grocery & Gourmet Food,Canned, Jarred & Packaged Foods,Meat, Poultry & Seafood,Seafood,Tuna Fish]]"
1601,25020,"Tasty Bite Channa Masala Heat &amp; Eat Entree, 10 Ounce Pouches (Pack of 6)","[[Grocery & Gourmet Food,Pantry Staples,Canned, Jarred & Packaged Foods,Packaged Meals & Side Dishes]]"
1602,25073,"Spectrum Essentials Chia Seeds, 12 Ounce Pouch","[[Grocery & Gourmet Food,Pantry Staples,Cooking & Baking,Nuts & Seeds,Chia Seeds]]"
1603,25087,"Hometown Favorites 1950's Nostalgic Candy Gift Box, Retro 50's Candy","[[Grocery & Gourmet Food,Candy & Chocolate,Hard Candy & Lollipops,Hard Candy]]"
1604,25098,"LifeSavers Sugar Free 5 Flavor Hard Candy, 2.75-Ounce Bags, (Pack of 12)","[[Grocery & Gourmet Food,Candy & Chocolate,Hard Candy & Lollipops,Hard Candy]]"
1605,25129,"SweetLeaf SugarLeaf, 16-Ounce Package","[[Grocery & Gourmet Food,Cooking & Baking,Syrups, Sugars & Sweeteners,Sugars]]"
1606,25177,"Lucy's Combo Cookie Snack'n Go Packs, 6.3 Ounce","[[Grocery & Gourmet Food,Snack Foods,Cookies,Chocolate Chip]]"
1607,25197,"Archway  Iced Gingerbread Cookies, 6 Ounce","[[Grocery & Gourmet Food,Breads & Bakery,Cookies,Ginger Snaps]]"
1608,25222,"Chef Boyardee Mini-Bites Micro Ravioli, 7.5-Ounce Microwavable Bowls (Pack of 12)","[[Grocery & Gourmet Food,Pantry Staples,Canned, Jarred & Packaged Foods,Packaged Meals & Side Dishes,Pasta & Noodle Dishes]]"
1609,25233,"Let's Do...Organic Organic Cornstarch, 6-Ounce Boxes (Pack of 6)","[[Grocery & Gourmet Food,Pantry Staples,Cooking & Baking,Thickeners,Corn Starch]]"
1610,25236,Tazo Herbal Tea Spicy Ginger 20 Bags,"[[Grocery & Gourmet Food,Beverages,Coffee, Tea & Cocoa,Tea,Herbal]]"
1611,25240,"Endangered Species Snow Leopard, Dark Chocolate with Vanilla Chai, 3.0 Ounce (Pack of 12)","[[Grocery & Gourmet Food,Candy & Chocolate,Candy & Chocolate Bars]]"
1612,25244,"Tazo Decaf Chai, Spiced Black Tea, Decaffeinated Concentrate, 32 Oz","[[Grocery & Gourmet Food,Beverages,Coffee, Tea & Cocoa,Tea,Black]]"
1613,25276,Russell Stover Sugar Free 4 Flavor Assortment Candies 20 5/8 oz Value Bag,"[[Grocery & Gourmet Food,Candy & Chocolate,Candy & Chocolate Assortments]]"
1614,25364,"Mother Earth Products Dried Mixed Bell Peppers, Red And Green, 1 Full Quart","[[Sports & Outdoors,Outdoor Recreation,Camping & Hiking,Camp Kitchen,Freeze-Dried Food]]"
1615,25409,"True Orange Stick Pack, Mango, 10 Count","[[Grocery & Gourmet Food,Beverages,Bottled Beverages, Water & Drink Mixes,Powdered Drink Mixes & Flavorings,Powdered Drink Mixes,Soft Drink Mixes]]"
1616,25440,"Neat Italian Mix, 5.5 Ounce",[[]]
1617,25451,"Amoretti Premium Syrup, Honeydew Melon, 25.4 Ounce","[[Grocery & Gourmet Food,Beverages,Bottled Beverages, Water & Drink Mixes,Flavor Syrups]]"
1618,25485,"Pirate's Booty, Aged White Cheddar, 4-Ounce Bags (Pack of 12)","[[Grocery & Gourmet Food,Snack Foods,Puffed Snacks]]"
1619,25504,Vue Starbucks House Blnd 16 pack- each 0.42 oz,"[[Grocery & Gourmet Food,Beverages,Coffee, Tea & Cocoa,Coffee,Single-Serve Capsules & Pods]]"
1620,25510,Twizzlers Tub - 105 per Pack,"[[Grocery & Gourmet Food,Candy & Chocolate,Jelly Beans & Gummy Candy,Gummy Candy]]"
1621,25514,"Kirkland Signature Ito En Matcha Blend (Green Tea), 100% Japanese Green Tea Leaves, 100 Tea Bags","[[Grocery & Gourmet Food,Beverages,Coffee, Tea & Cocoa,Tea,Green]]"
1622,25525,"King Arthur Cake Mix, Yellow, 22 Ounce","[[Grocery & Gourmet Food,Cooking & Baking,Baking Mixes,Cakes]]"
1623,25560,"Great Northern Popcorn Original Popcorn, 12.5 Pound","[[Grocery & Gourmet Food,Snack Foods,Popcorn,Unpopped]]"
1624,25573,"Dried Fruit Kiwi-Strawberry Mix, 1Lb","[[Grocery & Gourmet Food,Produce,Dried Fruits & Vegetables,Dried Fruits]]"
1625,25577,Almond Roca 42oz Canister,"[[Grocery & Gourmet Food,Pantry Staples,Cooking & Baking,Nuts & Seeds,Almonds]]"
1626,25629,"Barista Prima Coffeehouse, Colombia, 24- Count K-Cup Portion Pack for Keurig Brewers","[[Grocery & Gourmet Food,Beverages,Coffee, Tea & Cocoa,Coffee,Single-Serve Capsules & Pods]]"
1627,25635,Barrie House Coffee Decaf Donut Shop Blend Coffee (10 oz bag),[[]]
1628,25640,"M&amp;M's with Almond Candy, 9.9-Ounce Packages (Pack of 6)","[[Grocery & Gourmet Food,Candy & Chocolate,Candy & Chocolate Bars]]"
1629,25645,"The Spice Hunter Steak &amp; Chop Grill &amp; Broil Blend, 2.2-Ounce Jar","[[Grocery & Gourmet Food,Herbs, Spices & Seasonings,Mixed Spices & Seasonings,Meat Seasoning]]"
1630,25662,"Dole Mandarin in Orange Gel, 4.3-Ounce Packages (Pack of 24)","[[Grocery & Gourmet Food,Produce,Fresh Fruits]]"
1631,25689,"LifeSavers Orange Mints Hard Candy, 6.25-Ounce Bags (Pack of 12)","[[Grocery & Gourmet Food,Candy & Chocolate,Mints]]"
1632,25708,"Let's Do...Organic Organic Tapioca Starch, 6-Ounce Boxes (Pack of 6)","[[Grocery & Gourmet Food,Pantry Staples,Cooking & Baking,Thickeners,Corn Starch]]"
1633,25710,Sweetened Banana Chips Dried 5 lbs,"[[Grocery & Gourmet Food,Produce,Dried Fruits & Vegetables,Dried Fruits,Dried Banana Chips]]"
1634,25711,One Degree Organic Foods Veganic Sprouted Ancient Maize Flakes -- 12 oz,"[[Grocery & Gourmet Food,Breakfast Foods,Cereals,Oatmeal]]"
1635,25713,White Mulberry Tea - Weight Loss and Blood Sugar Controller - This Is the Actual Tea Shown on Dr. Oz - Loose Leaf - Dried Mulberry Leaves - Shipped in Resealable Bags for Maximum Freshness - Backed By Immortalitea 100% Money Back Guarantee - 100 Grams (3.5 Oz),"[[Grocery & Gourmet Food,Beverages,Coffee, Tea & Cocoa,Tea,Herbal]]"
1636,25715,"Spicely Bottle Organic Extract, Lemon, 2 Ounce","[[Grocery & Gourmet Food,Pantry Staples,Cooking & Baking,Extracts,Natural]]"
1637,25729,Slap Ya Mama Hot - THREE (3) 8oz Canisters,"[[Grocery & Gourmet Food,Herbs, Spices & Seasonings,Mixed Spices & Seasonings,Seafood Seasoning]]"
1638,25741,Asher's SUGAR FREE Dark Chocolate Raspberry Jelly 1 Lb,"[[Grocery & Gourmet Food,Candy & Chocolate,Candy & Chocolate Assortments]]"
1639,25742,"Jif Simply Creamy Peanut Butter, 15.5 oz, 3 Pack","[[Grocery & Gourmet Food,Pantry Staples,Nut & Seed Butters,Peanut Butter]]"
1640,25751,"Viva Labs Organic Extra Virgin Coconut Oil, 16 Ounce","[[Grocery & Gourmet Food,Cooking & Baking,Cooking Oils, Vinegars & Sprays,Oils,Coconut]]"
1641,25756,Dark Chocolate Almonds 1 Lb (453g),"[[Grocery & Gourmet Food,Candy & Chocolate,Candied & Chocolate-covered Snacks,Candied & Chocolate-coated Nuts]]"
1642,25763,"Bamba Peanut Snack, 8-Count, 0.7oz Packages","[[Grocery & Gourmet Food,Snack Foods,Puffed Snacks]]"
1643,25786,"Jovial Organic Brown Rice Spaghetti, 12-Ounce Packages (Pack of 6)","[[Grocery & Gourmet Food,Pasta & Noodles,Pasta,Spaghetti]]"
1644,25790,"Seneca Granny Smith Apple Chips,2.5-Ounce Bags (Pack of 12)","[[Grocery & Gourmet Food,Produce,Dried Fruits & Vegetables,Dried Fruits,Dried Apples]]"
1645,25797,"Teeccino Herbal Coffee, Mediterranean Java, Caffeine-Free, 11-Ounce Bags (Pack of 3)","[[Grocery & Gourmet Food,Beverages,Coffee, Tea & Cocoa,Coffee Substitutes]]"
1646,25804,"Lipton, Lemon Sweetened Iced Tea Mix, Makes 28 Quarts, 70.5 ounces (Pack of 2)","[[Grocery & Gourmet Food,Beverages,Coffee, Tea & Cocoa,Tea,Iced Tea]]"
1647,25838,"Premium Gold Golden Flax for Life Organic Golden Wholeseed Flax, 25-Pound","[[Grocery & Gourmet Food,Herbs, Spices & Seasonings,Single Herbs & Spices,Flax Seed]]"
1648,25842,"Nature's Answer Alcohol-Free Nettle Leaf, 1-Fluid Ounce","[[Health & Household,Vitamins & Dietary Supplements,Herbal Supplements,Nettle]]"
1649,25865,"Fudge Shoppe Cookies, Mini Fudge Stripes, 2-Ounce Bags (Pack of 36)","[[Grocery & Gourmet Food,Snack Foods,Cookies,Chocolate]]"
1650,25896,"Hershey's Special Dark Chocolate Cocoa, 8-Ounce Cans (Pack of 6)","[[Grocery & Gourmet Food,Cooking & Baking,Baking Chocolates, Carob & Cocoa,Cocoa]]"
1651,25907,Heinz Tomato Ketchup - 3/ 44 oz.,"[[Grocery & Gourmet Food,Pantry Staples,Condiments & Salad Dressings,Ketchup]]"
1652,25908,"Yogi Ginger Tea, 16 Tea Bags (Pack of 6)","[[Grocery & Gourmet Food,Beverages,Coffee, Tea & Cocoa,Tea,Tea Samplers]]"
1653,25919,Better Half,"[[Grocery & Gourmet Food,Meat Substitutes]]"
1654,25924,"Gerber 2nd Foods, Pears &amp; Cinnamon with Oatmeal, 2-Count, 3.5-Ounce Containers (Pack of 8)","[[Baby Products,Feeding,Baby Foods,Meals]]"
1655,25950,MSRF Bar Plus+ Party Starters Classic Cocktail Variety Pack,"[[Grocery & Gourmet Food,Beverages,Bottled Beverages, Water & Drink Mixes,Cocktail Mixers]]"
1656,25955,"Twinings Earl Grey Tea, K-Cup Portion Pack for Keurig K-Cup Brewers, 12 Count (Pack of 6)","[[Grocery & Gourmet Food,Beverages,Coffee, Tea & Cocoa,Tea,Herbal]]"
1657,25971,"Charms Sweet Pops,48ct,30 oz","[[Grocery & Gourmet Food,Candy & Chocolate,Hard Candy & Lollipops,Suckers & Lollipops]]"
1658,25973,"Welch's Mixed Fruit Snacks, 0.9 oz., 80-Count","[[Grocery & Gourmet Food,Snack Foods,Fruit Snacks]]"
1659,25982,"Knorr Pasta Sauces, Creamy Pesto Sauce Mix, 1.2-Ounce Packages (Pack of 24)","[[Grocery & Gourmet Food,Pantry Staples,Soups, Stocks & Broths,Vegetable Soups]]"
1660,25985,Asbach Uralt Brandy 8 Filled Bottle Shaped Chocolates with Sugar Crust in Window Gift Box - 100g/3.5oz,[[]]
1661,25991,"Orville Redenbacher's Ready to Eat Popcorn, White and Sharp Cheddar Mix, 5 Ounce","[[Grocery & Gourmet Food,Snack Foods,Popcorn,Microwave]]"
1662,25992,"CBTL French Brew Coffee Capsules By The Coffee Bean &amp; Tea Leaf, 128 Grams,16-Count Box","[[Grocery & Gourmet Food,Beverages,Coffee, Tea & Cocoa,Tea]]"
1663,26013,"Chicken of the Sea Tuna Premium Light, 2.5-Ounce Pouch (Pack of 12)","[[Grocery & Gourmet Food,Canned, Jarred & Packaged Foods,Meat, Poultry & Seafood,Seafood,Tuna Fish]]"
1664,26029,Dried Mango (1 Pound Bag),"[[Grocery & Gourmet Food,Produce,Dried Fruits & Vegetables,Dried Fruits,Dried Mangoes]]"
1665,26043,"Sunfood Maca Powder, Certified Organic, Non-GMO Verified, Vegan, Raw, 1lb","[[Health & Household,Vitamins & Dietary Supplements,Supplements]]"
1666,26048,"Chocolate River Rocks, 4oz","[[Grocery & Gourmet Food,Candy & Chocolate,Candy & Chocolate Assortments],[Grocery & Gourmet Food,Candy & Chocolate,Candy & Chocolate Assortments]]"
1667,26059,Fiber One 90 Calorie Brownies 38 Ct,"[[Grocery & Gourmet Food,Candy & Chocolate,Chocolate & Fudge,Fudge]]"
1668,26086,"Bob's Red Mill Organic High Fiber Pancake &amp; Waffle, Whole Grain Mix, 26-Ounce Bags (Pack of 4)","[[Grocery & Gourmet Food,Cooking & Baking,Baking Mixes,Pancakes & Waffles]]"
1669,26088,Reese's Peanut Butter Cup Eggs Easter Candy 38 Ounce Bag,"[[Grocery & Gourmet Food,Candy & Chocolate,Candy & Chocolate Assortments]]"
1670,26092,"Nando's Medium Peri Peri Sauce, 4.7-Ounce Bottles (Pack of 6)","[[Grocery & Gourmet Food,Sauces, Gravies & Marinades,Hot Sauce]]"
1671,26101,Nestle Butterfinger Peanut Butter Cups (12 Packages with 2 cups per pack),"[[Grocery & Gourmet Food,Snack Foods,Cookies,Peanut Butter]]"
1672,26109,"Kellogg's Special K Protein Meal Bar, Chocolate Caramel, 9.5 Ounce","[[Health & Household,Sports Nutrition,Nutrition Bars,Protein Bars]]"
1673,26114,"Krusteaz Pecan Bar Mix, 17.5-Ounce Boxes (Pack of 3)","[[Grocery & Gourmet Food,Cooking & Baking,Baking Mixes,Cookies]]"
1674,26128,"David Seeds Almonds, Dark Chocolate, 5 Ounce (Pack of 8)","[[Grocery & Gourmet Food,Cooking & Baking,Nuts & Seeds,Almonds]]"
1675,26137,"Lindt LINDOR White Chocolate Truffles ,60 Count Box","[[Grocery & Gourmet Food,Candy & Chocolate,Chocolate & Fudge,Chocolate Truffles]]"
1676,26145,"Betty Crocker Premium Muffin Mix, Lemon Poppyseed, 15.8-Ounce Boxes (Pack of 12)","[[Grocery & Gourmet Food,Cooking & Baking,Baking Mixes,Muffins]]"
1677,26155,Mustard Seeds 7oz,"[[Grocery & Gourmet Food,Herbs, Spices & Seasonings,Single Herbs & Spices,Mustard]]"
1678,26160,"OliveNation Dried Orange Slices, Glazed. 16 oz","[[Grocery & Gourmet Food,Snack Foods,Dried Fruit & Raisins]]"
1679,26171,"Simply Organic Organic Grilling Seasons Spicy Steak Seasoning Certified Organic, 3.6-Ounce Container","[[Grocery & Gourmet Food,Pantry Staples,Herbs, Spices & Seasonings,Mixed Spices & Seasonings]]"
1680,26186,"Roland Israeli Toasted Pasta Couscous, 22-Pound Bag","[[Grocery & Gourmet Food,Pantry Staples,Dried Grains & Rice,Couscous]]"
1681,26200,"Zoe Diva Select 100% Cornicabra Extra Virgin Olive Oil, 1-Liter Jug (Pack of 2)","[[Grocery & Gourmet Food,Cooking & Baking,Cooking Oils, Vinegars & Sprays,Oils,Olive]]"
1682,26204,Japanese Bonito Flakes 3.52 Ounces,"[[Grocery & Gourmet Food,Herbs, Spices & Seasonings,Single Herbs & Spices,Bonito Flakes]]"
1683,26234,"Bob's Red Mill Gf Sweet White Sorghum Flour, 22-Ounce (Pack of 4)","[[Grocery & Gourmet Food,Pantry Staples,Cooking & Baking,Flours & Meals,Wheat Flours & Meals]]"
1684,26236,"Brown Gold 100% Colombian Coffee Capsules, 48-Count Package compatible with Keurig K-Cup Brewers","[[Grocery & Gourmet Food,Beverages,Coffee, Tea & Cocoa,Coffee,Single-Serve Capsules & Pods]]"
1685,26247,"Bob's Red Mill Granola, Apple Blueberry, No Fat, 12-Ounces Bags (Pack of 4)","[[Grocery & Gourmet Food,Breakfast Foods,Cereals,Granola]]"
1686,26260,"Vita Coco 100% Pure Coconut Water, 17-Ounce Boxes (Pack of 12)","[[Grocery & Gourmet Food,Beverages,Bottled Beverages, Water & Drink Mixes,Coconut Water]]"
1687,26275,"Let's Do Organic Creamed Coconut, 7-Ounce Boxes (Pack of 6)","[[Grocery & Gourmet Food,Sauces, Gravies & Marinades,Sauces,Asian,Coconut Sauce]]"
1688,26278,"Coffee People Donut Shop Medium Roast Extra Bold,  K-Cup Portion Pack for Keurig K-Cup Brewers 24-Count  (Pack of 2)","[[Grocery & Gourmet Food,Beverages,Coffee, Tea & Cocoa,Coffee,Single-Serve Capsules & Pods]]"
1689,26281,"Green Mountain Coffee Double Black Diamond, 24-Count K-Cups for Keurig Brewers (Pack of 2)","[[Grocery & Gourmet Food,Beverages,Coffee, Tea & Cocoa,Coffee,Single-Serve Capsules & Pods]]"
1690,26290,Spike Seasoning Gaylord Hauser 14oz Packet,"[[Grocery & Gourmet Food,Pantry Staples,Herbs, Spices & Seasonings,Mixed Spices & Seasonings,Meat Seasoning]]"
1691,26297,"Lucini Balsamic Vinegar of Modena 10-Year Gran Riserva, 8.5 oz Bottle in a Gift Box","[[Grocery & Gourmet Food,Food & Beverage Gifts,Sauce, Gravy & Marinade Gifts]]"
1692,26305,"Peter Rabbit Organics, Organic Apple and Grape 100% Pure Fruit Snack, 4-Ounce Pouches (Pack of 10)","[[Baby Products,Feeding,Baby Foods,Meals]]"
1693,26311,"Planters Variety Pack 6 oz each of Cocoa Peanuts, Salted Caramel Peanuts &amp; Chipotle Peanuts","[[Grocery & Gourmet Food,Cooking & Baking,Nuts & Seeds,Peanuts]]"
1694,26319,"McCormick Gourmet Collection, Cuban Blend, 1.75-Ounce","[[Grocery & Gourmet Food,Herbs, Spices & Seasonings,Single Herbs & Spices]]"
1695,26321,"Cheez-It Zingz Wafer Chipotle, Cheddar, 12.4 Ounce","[[Grocery & Gourmet Food,Snack Foods,Cookies]]"
1696,26324,Bobs Red Mill Sorghum Flour Gluten Free 22 Oz,"[[Grocery & Gourmet Food,Cooking & Baking,Flours & Meals,Wheat Flours & Meals]]"
1697,26330,"Barren Creek Beef Jerky (Smoky, 8 oz Bag)","[[Grocery & Gourmet Food,Snack Foods,Meat Snacks,Jerky]]"
1698,26343,Dr. John's&reg; Sugar Free Simply Xylitol&reg; Butter Nut Toffee Caramel (1 lb - Approx 50 Pieces),[[]]
1699,26392,"Harmony House Foods Freeze-Dried Blackberries, whole (4 oz, Quart Size Jar)","[[Sports & Outdoors,Outdoor Recreation,Camping & Hiking,Camp Kitchen,Freeze-Dried Food]]"
1700,26414,"Terry's Chocolate Oranges, Orange Flavored White Chocolate, 6.17 oz Packages in a Gift Box (Pack of 6)","[[Grocery & Gourmet Food,Candy & Chocolate]]"
1701,26417,Walden Farms - Calorie Free Dip Chocolate - 12 oz.,"[[Grocery & Gourmet Food,Cooking & Baking,Dessert Syrups & Sauces,Caramel]]"
1702,26423,"Celestial Seasonings Herb Tea, Tension Tamer, 20-Count Tea Bags (Pack of 6)","[[Grocery & Gourmet Food,Beverages,Coffee, Tea & Cocoa,Tea,Herbal]]"
1703,26426,Sans Sucre Mousse Mix - Lemon,"[[Grocery & Gourmet Food,Cooking & Baking,Pudding & Gelatin,Pudding],[Grocery & Gourmet Food,Cooking & Baking,Pudding & Gelatin,Pudding]]"
1704,26451,"B&amp;M Original Baked Beans, 16 Ounce Cans (Pack of 12)","[[Grocery & Gourmet Food,Canned, Jarred & Packaged Foods,Beans & Peas,Baked Beans]]"
1705,26476,"Harmony House Foods, Dried Onions, Chopped, 16 Ounce Quart Size Jar","[[Sports & Outdoors,Outdoor Recreation,Camping & Hiking,Camp Kitchen,Freeze-Dried Food]]"
1706,26518,"Sea's Gift Korean Seaweed Snack (Kim Nori), Roasted &amp; Sea Salted, 0.17-Ounce Bags (Pack of 24)","[[Grocery & Gourmet Food,Snack Foods,Seaweed Snacks]]"
1707,26523,Carbquik Baking Mix Now in a 3 lb. Box,"[[Grocery & Gourmet Food,Cooking & Baking,Baking Mixes,Biscuits]]"
1708,26530,"Archway, Bells &amp; Stars Holiday Cookies, Limited Edition, 6oz Bag (Pack of 6)","[[Grocery & Gourmet Food,Breads & Bakery,Cookies,Butter]]"
1709,26532,"Impra Rosehip and Hibiscus Herbal Infusion Tea, Caffeine Free, 25-Count Tea Bags (Pack of 6)","[[Grocery & Gourmet Food,Beverages,Coffee, Tea & Cocoa,Tea,Tea Samplers]]"
1710,26539,"Chincoteague Seafood New England Clam Chowder, 15-Ounce Cans (Pack of 12)","[[Grocery & Gourmet Food,Soups, Stocks & Broths,Chowders]]"
1711,26553,True Lemon Assorted Beverage &amp; Lemonade Drink Mixes 10 Ct 1.06oz(Pack of 5),"[[Grocery & Gourmet Food,Beverages,Bottled Beverages, Water & Drink Mixes,Powdered Drink Mixes & Flavorings,Powdered Drink Mixes,Soft Drink Mixes]]"
1712,26564,Lotte Koala's March Strawberry &amp; Milk Cream Cookies - Travel Size (Japanese Import),"[[Grocery & Gourmet Food,Snack Foods,Cookies,Fruit]]"
1713,26587,Almond Joy and Mounds 24 bar Variety Pack,"[[Grocery & Gourmet Food,Candy & Chocolate,Candy & Chocolate Bars]]"
1714,26598,"Del Monte Mixed Fruit/Peaches Snack Cup, 4 Pound","[[Grocery & Gourmet Food,Snack Foods,Applesauce & Fruit Cups,Fruit Cups]]"
1715,26625,"Pu Erh Tea (Premium) 100 Bags, by Tea King of China from the Famous Nannuoshan (Mountain) in Yunnan","[[Grocery & Gourmet Food,Beverages,Coffee, Tea & Cocoa,Tea,Tea Samplers]]"
1716,26637,One 1 lb Bob's Red Mill Organic Gluten-Free Whole Ground Golden Flaxseed Meal,"[[Grocery & Gourmet Food,Cooking & Baking,Nuts & Seeds,Flax Seeds]]"
1717,26657,"El Yucateco Chipotle Hot Sauce, 5 FL OZ.","[[Grocery & Gourmet Food,Pantry Staples,Sauces, Gravies & Marinades,Hot Sauce]]"
1718,26659,Dark Chocolate Covered Espresso Beans (1 Pound Bag),"[[Grocery & Gourmet Food,Candy & Chocolate,Chocolate & Fudge]]"
1719,26673,"International Delight Hazelnut Liquid Creamer, 288-Count Single-Serve Packages","[[Grocery & Gourmet Food,Dairy, Cheese & Eggs,Milk & Cream,Coffee Creamers]]"
1720,26674,"Erin Baker's Breakfast Cookie Peanut Butter Chocolate Chunk, Vegan, 3-Ounce Individually Wrapped Cookies (Pack of 12)","[[Grocery & Gourmet Food,Breads & Bakery,Cookies,Fruit]]"
1721,26692,"Altoids Smalls Sugar Free Cinnamon Mints, 0.37-Ounce Tins (Pack of 9)","[[Grocery & Gourmet Food,Candy & Chocolate,Mints]]"
1722,26707,"Mccormick Chef's Cut Onion, 2-Pound","[[Grocery & Gourmet Food,Pantry Staples,Herbs, Spices & Seasonings,Single Herbs & Spices,Onion]]"
1723,26708,Liquid Aminos 16 oz. 16 Ounces,"[[Health & Household,Sports Nutrition,Amino Acids,BCAAs]]"
1724,26735,"Nutiva Organic Chia Seeds, 12-Ounce Bags (Pack of 2)","[[Grocery & Gourmet Food,Pantry Staples,Cooking & Baking,Nuts & Seeds,Chia Seeds]]"
1725,26765,"Organic Camano Island Coffee Roasters Sumatra, Dark Roast, Ground, 16-Ounce Bags (Pack of 3)","[[Grocery & Gourmet Food,Beverages,Coffee, Tea & Cocoa,Coffee,Roasted Coffee Beans]]"
1726,26788,"The Republic of Tea, Double Green Matcha, 50-Count","[[Grocery & Gourmet Food,Beverages,Coffee, Tea & Cocoa,Tea,Green]]"
1727,26795,"Dryden And Palmer Old fashioned Rock Candy Amber Sugar Crystals, 5lbs Box","[[Grocery & Gourmet Food,Candy & Chocolate,Hard Candy & Lollipops,Hard Candy]]"
1728,26796,"Snappy Popcorn 2E Close-Top Popcorn Box, 100/Case, 5 Pound","[[Industrial & Scientific,Food Service Equipment & Supplies,Concession & Vending Equipment,Concession Food Preparation Equipment,Popcorn]]"
1729,26801,Callebaut Dark Block 60 % (11 lb),"[[Grocery & Gourmet Food,Candy & Chocolate,Candy & Chocolate Bars]]"
1730,26810,"Coffee Bean Direct Orange Pekoe Loose Leaf Black Tea, 2 Pound Bag","[[Grocery & Gourmet Food,Beverages,Coffee, Tea & Cocoa,Tea,Black]]"
1731,26814,"Brilliant Star with Handcrafted Chocolate Covered Mixed Nuts -- a Valentine's Day Gift Tin by Nut Roaster's Reserve featuring Almonds, Walnuts, Pecans, Brazils, Hazelnuts","[[Grocery & Gourmet Food,Candy & Chocolate,Candy & Chocolate Assortments]]"
1732,26818,Coffee People Coconut Mocha 18 count K-cups for Keurig Brewer,"[[Grocery & Gourmet Food,Beverages,Coffee, Tea & Cocoa,Coffee,Single-Serve Capsules & Pods]]"
1733,26834,"Sour Power Belts, Strawberry (150-Count Belts),  42.3 Ounce Tub","[[Grocery & Gourmet Food,Candy & Chocolate,Sour Candy]]"
1734,26840,Mr Spice Organic Salt Free Sauce and Marinade Garlic -- 10.5 oz,"[[Grocery & Gourmet Food,Sauces, Gravies & Marinades,Seasoning Mixes]]"
1735,26870,"Mad Monkey Coffee Capsules, Midtown Medium, 48 Count","[[Grocery & Gourmet Food,Beverages,Coffee, Tea & Cocoa,Coffee,Single-Serve Capsules & Pods]]"
1736,26871,"Land O Lakes Cocoa Classics Cinnamon and Chocolate Hot Cocoa Mix, 1.25 Ounce -- 12 per case.","[[Grocery & Gourmet Food,Beverages,Coffee, Tea & Cocoa,Cocoa]]"
1737,26872,"Jack Links Beef Steaks, Original, 1-Ounce (Pack of 12)","[[Grocery & Gourmet Food,Snack Foods,Jerky & Dried Meats]]"
1738,26879,Watkins Imitation Black Walnut 2oz,"[[Grocery & Gourmet Food,Cooking & Baking]]"
1739,26902,Japanese Fruit Gummy Candy from Kasugai - Mango - 102g,"[[Grocery & Gourmet Food,Candy & Chocolate,Jelly Beans & Gummy Candy,Gummy Candy]]"
1740,26910,"Arrowhead Mills Organic Brown Rice Flour, 2-Pound","[[Grocery & Gourmet Food,Cooking & Baking,Flours & Meals,Rice Flour]]"
1741,26916,"Coconut Secret Raw Coconut Flour (Gluten Free), 16 Ounce Canister","[[Grocery & Gourmet Food,Cooking & Baking,Coconut Flakes]]"
1742,26929,"Navitas Naturals Organic Goji Berries, 8-Ounce Pouches (Pack of 2)","[[Grocery & Gourmet Food,Produce,Dried Fruits & Vegetables,Dried Fruits,Dried Berries]]"
1743,26935,"Christopher Bean Coffee Flavored Ground Coffee 12-Ounce Bag, Jamaica Me Crazy, 12 Ounce","[[Grocery & Gourmet Food,Beverages,Coffee, Tea & Cocoa,Coffee,Ground Coffee]]"
1744,26973,"Haribo Gummi Candy, Peaches, 5-Pound Bag","[[Grocery & Gourmet Food,Candy & Chocolate,Jelly Beans & Gummy Candy,Gummy Candy]]"
1745,27008,"Maruchan Ramen, Beef, 3-Ounce Packages (Pack of 24)",[[]]
1746,27016,"Simply Organic Alfredo, Seasoning Mix, Certified Organic, 1.48-Ounce Packets (Pack of 12)","[[Grocery & Gourmet Food,Pantry Staples,Sauces, Gravies & Marinades,Seasoning Mixes]]"
1747,27021,"Alpine Spiced Cider Original Apple Flavor Drink Mix , 60 ct","[[Grocery & Gourmet Food,Beverages,Bottled Beverages, Water & Drink Mixes,Juices,Ciders]]"
1748,27085,"Chincoteague Seafood Lobster Bisque, 15-Ounce Cans (Pack of 12)","[[Grocery & Gourmet Food,Soups, Stocks & Broths,Bisques]]"
1749,27162,"Fun Sweets Cotton Candy, Cupcake, 1.5 Ounce (Pack of 12)","[[Grocery & Gourmet Food,Candy & Chocolate]]"
1750,27171,"Archway  Classic Soft Oatmeal Cookies, 9.5 Ounce","[[Grocery & Gourmet Food,Snack Foods,Cookies,Oatmeal]]"
1751,27174,"Xanthan Gum, 4 oz.","[[Grocery & Gourmet Food,Pantry Staples,Cooking & Baking,Thickeners,Xanthan Gum]]"
1752,27194,"Gevalia Vanilla Nut Ground Coffee, 8-Ounce Packages(Pack of 3)","[[Grocery & Gourmet Food,Beverages,Coffee, Tea & Cocoa,Coffee,Ground Coffee]]"
1753,27212,"Choice Organic Premium Japanese Green Tea, 16 Count Box","[[Grocery & Gourmet Food,Beverages,Coffee, Tea & Cocoa,Tea,Green]]"
1754,27296,New World Caveman Cookies,"[[Grocery & Gourmet Food,Snack Foods,Cookies,Chocolate]]"
1755,27308,"Ghirardelli Chocolate Intense Dark Bar, Midnight Reverie 86% Cacao Bar, 3.17-Ounce Bars (Pack of 6)","[[Grocery & Gourmet Food,Candy & Chocolate,Candy & Chocolate Bars]]"
1756,27316,"SAFCOL Gourmet on the Go Chunk Light Tuna with Lemon and Pepper in Spring Water, 6-Ounce Cans (Pack of 12)","[[Grocery & Gourmet Food,Canned, Jarred & Packaged Foods,Meat, Poultry & Seafood,Seafood,Tuna Fish]]"
1757,27337,"Rachael Ray Stock-In-A-Box Rachael Ray Chicken Stock, 32-Ounce (Pack of12)","[[Grocery & Gourmet Food,Soups, Stocks & Broths,Broths]]"
1758,27387,"Go Raw 100% Organic Apple Cinnamon Granola Cereal, 16-Ounce Bags (Pack of 2)","[[Grocery & Gourmet Food,Breakfast Foods,Cereals,Granola]]"
1759,27391,"Bobs Red Mill Unbleached White Pastry Flour, 24 Ounce (Pack of 4)","[[Grocery & Gourmet Food,Cooking & Baking,Flours & Meals,Wheat Flours & Meals]]"
1760,27411,Sans Sucre Mousse Mix - Chocolate,"[[Grocery & Gourmet Food,Cooking & Baking,Pudding & Gelatin,Pudding],[Grocery & Gourmet Food,Cooking & Baking,Pudding & Gelatin,Pudding]]"
1761,27449,"HoneyTree Mother Hubbards Golden Molasses, 16-Ounce (Pack of 6)","[[Grocery & Gourmet Food,Cooking & Baking,Syrups, Sugars & Sweeteners,Molasses]]"
1762,27450,"Rumford Aluminum Free Baking Powder, 8.1-Ounce Canisters - Pack of 2","[[Grocery & Gourmet Food,Cooking & Baking,Leaveners & Yeasts,Baking Powder]]"
1763,27473,"Muir Glen Organic Diced Tomatoes, Fire Roasted with Medium Green Chilies, 14.5-Ounce Cans (Pack of 12)","[[Grocery & Gourmet Food,Pantry Staples,Canned, Jarred & Packaged Foods,Vegetables,Tomatoes,Peeled]]"
1764,27475,"Celestial Seasonings Herb Tea, Wild Berry Zinger, 20-Count Tea Bags (Pack of 6)","[[Grocery & Gourmet Food,Beverages,Coffee, Tea & Cocoa,Tea,Herbal]]"
1765,27520,"ST. DALFOUR Organic Green Tea, Tea Bags, Ginger &amp; Honey, 1.75-Ounce Bags, 25-Count Boxes (Pack of 6)","[[Grocery & Gourmet Food,Beverages,Coffee, Tea & Cocoa,Tea,Tea Samplers]]"
1766,27566,"Manner Chocolate Cream Filled Wafers in Gift Box, 2.54oz Bars (Pack of 6)","[[Grocery & Gourmet Food,Snack Foods,Cookies,Wafers]]"
1767,27570,"Doritos Tortilla Chips, Nacho Cheese, 11 Ounce (Pack of 4)","[[Grocery & Gourmet Food,Snack Foods,Chips & Crisps,Tortilla]]"
1768,27591,"Honest Tea, Half Tea &amp; Half Lemonade, 16.9 oz. plastic bottles (Pack of 12)","[[Grocery & Gourmet Food,Beverages,Coffee, Tea & Cocoa,Tea,Iced Tea]]"
1769,27592,Pineapple Chunks - Dried Fruit 1 lb,"[[Grocery & Gourmet Food,Produce,Dried Fruits & Vegetables,Dried Fruits,Dried Pineapples]]"
1770,27596,"Corner Coffeehouse Sweet Vanilla Latte T DISC, 16-Count (8 Servings) for the TASSIMO Single Cup Brewer","[[Grocery & Gourmet Food,Beverages,Coffee, Tea & Cocoa,Coffee,Single-Serve Capsules & Pods]]"
1771,27601,"Lindt Excellence Chili Dark Chocolate Bar, 3.5-Ounce Packages (Pack of 12)","[[Grocery & Gourmet Food,Candy & Chocolate,Candy & Chocolate Bars]]"
1772,27605,Trader Joes Pumpkin Butter,"[[Grocery & Gourmet Food,Pantry Staples,Jams, Jellies & Sweet Spreads,Fruit Butters]]"
1773,27615,"Manischewitz Matzo Ball Soup, Reduced Sodium, Kosher for Passover, 24-ounce (Pack of 3)","[[Grocery & Gourmet Food,Soups, Stocks & Broths,Chicken Soups]]"
1774,27628,"Bob's Red Mill Sunflower Seeds Raw Inshell, 20 oz","[[Grocery & Gourmet Food,Pantry Staples,Cooking & Baking,Nuts & Seeds,Sunflower Seeds]]"
1775,27634,"Barilla Whole Grain Thin Spaghetti Pasta, 13.25 Ounce Boxes (Pack of 4)","[[Grocery & Gourmet Food,Pasta & Noodles,Pasta,Spaghetti]]"
1776,27663,"Harney &amp; Sons Classic Paris Tea, 20 Tea Sachets","[[Grocery & Gourmet Food,Beverages,Coffee, Tea & Cocoa,Tea,Green]]"
1777,27671,Nature's Earthly Choice: Organic Quinoa (1 x 4 lbs),"[[Grocery & Gourmet Food,Dried Beans, Grains & Rice,Grains & Rice,Quinoa]]"
1778,27706,"Gerber Graduates Puffs, Sweet Potato, 1.48-Ounce (pack of 6)","[[Baby Products,Feeding,Baby Foods,Snack Foods]]"
1779,27711,BulkSupplements Pure Stevia Powder (500g),"[[Health & Household,Vitamins & Dietary Supplements,Herbal Supplements,Stevia]]"
1780,27719,"Fiber One 90 Calorie Brownies, Chocolate, Peanutbutter, 5.34-Ounce (Pack of 4)","[[Grocery & Gourmet Food,Breads & Bakery,Desserts]]"
1781,27734,"Cheez It, Original, 13.7 Ounce","[[Grocery & Gourmet Food,Snack Foods,Crackers]]"
1782,27739,"Ener-G English Muffins, 14.8 oz","[[Grocery & Gourmet Food,Pantry Staples,Cooking & Baking,Baking Mixes,Muffins]]"
1783,27748,Oh Ryan's Irish Potatoes - Cinnamon Coconut Cream Filled Candy/ 7 Oz. Box,"[[Grocery & Gourmet Food,Produce,Fresh Vegetables,Potatoes & Yams]]"
1784,27782,Blissful Bits,[[]]
1785,27790,"Side Mates Traditional Couscous in Canister, Plain, 27 Ounce","[[Grocery & Gourmet Food,Dried Beans, Grains & Rice,Grains & Rice,Couscous]]"
1786,27808,"UTZ Country Store Pretzel Stix, 55 Ounce","[[Grocery & Gourmet Food,Snack Foods,Pretzels]]"
1787,27823,"Go Raw Live Pumpkin Bar, 10 - 13 gram Bars","[[Grocery & Gourmet Food,Snack Foods,Bars,Fruit Bars]]"
1788,27824,"Rishi Tea Jasmine Tea, 1.94 Ounce","[[Grocery & Gourmet Food,Beverages,Coffee, Tea & Cocoa,Tea]]"
1789,27837,Kinnikinnick Foods - S'moreables Graham Style Crackers - 8 oz.,"[[Grocery & Gourmet Food,Snack Foods,Crackers,Graham Crackers]]"
1790,27899,"Bob's Red Mill Potato Flour, 24-Ounce Packages (Pack of 4)","[[Grocery & Gourmet Food,Cooking & Baking,Flours & Meals]]"
1791,27902,Fee Brothers Lemon Bitters 5oz,"[[Grocery & Gourmet Food,Beverages,Bottled Beverages, Water & Drink Mixes,Cocktail Mixers,Bitters]]"
1792,27936,Gingerbread Flavor Creme Oreos ~ Limited Edition!!,"[[Grocery & Gourmet Food,Breads & Bakery,Cookies,Sandwich]]"
1793,27946,Komodo Krupuk Udang,[[]]
1794,27948,"Traditional Medicinals Organic Weightless, Cranberry, 16-Count Boxes (Pack of 6)","[[Grocery & Gourmet Food,Beverages,Coffee, Tea & Cocoa,Tea,Herbal]]"
1795,27963,Mae Ploy Thai Panang Curry Paste - 14 oz jar,"[[Grocery & Gourmet Food,Sauces, Gravies & Marinades,Sauces,Asian,Curry Sauce]]"
1796,27993,"the Peelu Co. Chewing Gum, Citrus Breeze, 300-Count","[[Grocery & Gourmet Food,Candy & Chocolate,Chewing & Bubble Gum]]"
1797,28022,HARBACH ROMANIAN BRANZA DE BURDUF 450g,[[]]
1798,28038,"Hidden Springs Maple Vermont Maple Syrup, 1 Pint - Fancy Grade - Light Amber",[[]]
1799,28079,"Marich Dark Chocolate Pistachios, 1 lb in a Gift Box","[[Grocery & Gourmet Food,Candy & Chocolate,Candied & Chocolate-covered Snacks,Candied & Chocolate-coated Fruit]]"
1800,28080,"Honest Tea Variety Pack, 16.9 Ounce (Pack of 12)","[[Grocery & Gourmet Food,Beverages,Coffee, Tea & Cocoa,Tea,Iced Tea]]"
1801,28116,"Diamond Slivered Almonds, 4-Ounce",[[]]
1802,28145,"NIDO Instant Full Cream Milk Powder, 900g","[[Grocery & Gourmet Food,Cooking & Baking,Condensed & Powdered Milk,Powdered]]"
1803,28148,MARIANI Sliced Premium Almonds All Natural - 32 Oz,"[[Grocery & Gourmet Food,Cooking & Baking,Nuts & Seeds,Almonds]]"
1804,28154,"Ferrero Rocher Fine Hazelnut Chocolates, 48 Count","[[Grocery & Gourmet Food,Candy & Chocolate,Chocolate & Fudge,Chocolate Truffles]]"
1805,28177,Imitation Coconut Extract 2 oz,"[[Grocery & Gourmet Food,Pantry Staples,Cooking & Baking]]"
1806,28214,"Knorr Aromat All Purpose Seasoning, 3-Ounce Canister (Pack of 12)","[[Grocery & Gourmet Food,Herbs, Spices & Seasonings,Mixed Spices & Seasonings]]"
1807,28216,"Haribo Gummi Candy Gold-Bears, 5-Pound Bag","[[Grocery & Gourmet Food,Candy & Chocolate,Jelly Beans & Gummy Candy,Gummy Candy]]"
1808,28241,"Near East Original  Rice Pilaf Mix, 6.09-Ounce Boxes (Pack of 12)","[[Grocery & Gourmet Food,Pantry Staples,Canned, Jarred & Packaged Foods,Packaged Meals & Side Dishes,Rice Dishes,Pilaf]]"
1809,28267,Meal Mart Amazing Meals Passover Beef Stuffed Cabbage in Tomato Sauce 12 oz,[[]]
1810,28272,"Hormel Compleats Chicken &amp; Rice,10-Ounce Microwavable Bowls, 6 Count","[[Grocery & Gourmet Food,Soups, Stocks & Broths,Chicken Soups]]"
1811,28283,"Erin Baker's Breakfast Cookies, Fruit &amp; Nut, 3-Ounce Individually Wrapped Cookies (Pack of 12)","[[Grocery & Gourmet Food,Breads & Bakery,Cookies,Fruit]]"
1812,28314,Bhut Jolokia (Ghost) Powder - Very Hot,"[[Grocery & Gourmet Food,Herbs, Spices & Seasonings,Mixed Spices & Seasonings,Chili Powder]]"
1813,28323,"Taste Nirvana Real Coconut Water, 16.2-Ounce (Pack of 12)","[[Grocery & Gourmet Food,Beverages,Bottled Beverages, Water & Drink Mixes,Coconut Water]]"
1814,28336,"Frito-Lay Chips Flavor Mix Multipack, 20 Count","[[Grocery & Gourmet Food,Snack Foods,Chips & Crisps,Potato]]"
1815,28353,"Jack Link's Chicken Fajita Tender Cuts, 3.5-Ounce Bag (Pack of 4)","[[Health & Household,Sports Nutrition]]"
1816,28359,"Kitchens of India Ready To Eat Mirch Ka Salan, Mild Chili Pepper Curry Dinner, 10-Ounce Boxes (Pack of 6)","[[Grocery & Gourmet Food,Pantry Staples,Herbs, Spices & Seasonings,Mixed Spices & Seasonings,Curry Powder]]"
1817,28361,Blue &amp; White Raspberry Tesla's Tiny Twist Lollipops 10 Piece Box,"[[Grocery & Gourmet Food,Candy & Chocolate,Hard Candy & Lollipops,Suckers & Lollipops]]"
1818,28409,Trader Joe's Dried Fruit Nothing But Banana Flattened,"[[Grocery & Gourmet Food,Snack Foods,Dried Fruit & Raisins]]"
1819,28414,"Anchor Butter New Zealand, Salted. Pack of 4 x 8oz packs (2lb)","[[Grocery & Gourmet Food,Dairy, Cheese & Eggs,Butter & Margarine,Butter]]"
1820,28435,"Loacker Quadratini Lemon Wafer Cookies, 8.82-Ounce Packages (Pack of 8)","[[Grocery & Gourmet Food,Breads & Bakery,Cookies,Wafers]]"
1821,28436,"Xyla , Raspberry Dance, 100-Count Mints (Pack of 6)","[[Grocery & Gourmet Food,Candy & Chocolate,Mints]]"
1822,28447,Morton Iodized Salt 26oz,"[[Grocery & Gourmet Food,Pantry Staples,Herbs, Spices & Seasonings,Salt & Salt Substitutes,Table Salt]]"
1823,28451,"Amy's Organic Lentil Soup, 14.5-Ounce Cans (Pack of 12)","[[Grocery & Gourmet Food,Pantry Staples,Soups, Stocks & Broths,Vegetable Soups]]"
1824,28467,"Glutino Gluten Free Pantry Yankee Cornbread Mix, 12-Ounce Boxes (Pack of 6)","[[Grocery & Gourmet Food,Pantry Staples,Cooking & Baking,Baking Mixes,Breads]]"
1825,28470,"Amoretti Premium Syrup, Cherry, 25.4 Ounce","[[Grocery & Gourmet Food,Beverages,Bottled Beverages, Water & Drink Mixes,Flavor Syrups]]"
1826,28483,"Hellmann's Real Mayonnaise, 30oz","[[Grocery & Gourmet Food,Condiments & Salad Dressings,Mayonnaise]]"
1827,28485,"Old Wisconsin Beef Snack Sticks, 8-Ounce Pouches (Pack of 6)","[[Grocery & Gourmet Food,Snack Foods,Jerky & Dried Meats]]"
1828,28500,"Gerber 3rd Foods Mixed Cereal with Apples &amp; Bananas, 6-Ounce (Pack of 12)",[[]]
1829,28511,"McCormick Ground Nutmeg Seasoning, 16-Ounce","[[Grocery & Gourmet Food,Herbs, Spices & Seasonings,Single Herbs & Spices,Nutmeg]]"
1830,28519,"Lindt Chocolate Excellence Intense Cranberry Chocolate Bar, 3.5-Ounce (Pack of 12)","[[Grocery & Gourmet Food,Candy & Chocolate,Candy & Chocolate Bars]]"
1831,28532,"Enfamil A.R. Baby Formula for Spit Up, 12.9 Ounces (Pack of 6) (Packaging May Vary)","[[Baby Products,Feeding,Baby Foods,Formula,Powder Baby Formula]]"
1832,28541,Hampton Farms Salted Shell Peanuts - 5 lbs,"[[Grocery & Gourmet Food,Cooking & Baking,Nuts & Seeds,Peanuts]]"
1833,28562,Meltykiss Matcha Green Tea Chocolate By Meiji From Japan 60g,"[[Grocery & Gourmet Food,Candy & Chocolate,Candy & Chocolate Bars]]"
1834,28572,"Roland Rough Cut Demerara Sugar Cubes, 17.6-Ounce Boxes (Pack of 6)","[[Grocery & Gourmet Food,Cooking & Baking,Syrups, Sugars & Sweeteners,Sugars]]"
1835,28575,"Glutino Parmesan and Garlic Bagel Chips Gluten Free, 6-Ounce (Pack of 6)","[[Grocery & Gourmet Food,Snack Foods,Chips & Crisps]]"
1836,28664,"Keebler Pecan Sandies Cookies, 13   Oz (Pack of 6)","[[Grocery & Gourmet Food,Snack Foods,Cookies]]"
1837,28673,"Side Mates Ring Shaped Pasta and Cheese, 6 Ounce (Pack of 8)","[[Grocery & Gourmet Food,Pasta & Noodles,Pasta]]"
1838,28694,California Walnuts Walnuts Halves &amp; Pieces - 2 Lbs,"[[Grocery & Gourmet Food,Cooking & Baking,Nuts & Seeds,Walnuts]]"
1839,28715,"Dark Chocolate Espresso Coffee Beans, 16 Oz","[[Grocery & Gourmet Food,Candy & Chocolate,Candied & Chocolate-covered Snacks,Chocolate-coated Espresso Beans]]"
1840,28737,"Rishi Tea Silver Needle, 1.23 Ounce","[[Grocery & Gourmet Food,Beverages,Coffee, Tea & Cocoa,Tea,Green]]"
1841,28762,Spry Chewing Gum Peppermint Xlear 100 Gum,"[[Grocery & Gourmet Food,Candy & Chocolate,Chewing & Bubble Gum]]"
1842,28766,"Bob's Red Mill, Organic Whole Grain Brown Rice Flour, 24 oz Packages (680 g) (Pack of 4)","[[Grocery & Gourmet Food,Pantry Staples,Cooking & Baking,Flours & Meals,Rice Flour]]"
1843,28770,180 Snacks Cranberry Pomegranate Trail Mix Crunch - 3-ounce Pouches (Pack of 8),"[[Grocery & Gourmet Food,Cooking & Baking,Nuts & Seeds]]"
1844,28784,"Sylvia's Crispy Fried Chicken Mix, 10-Ounce Packages (Pack of 9)","[[Grocery & Gourmet Food,Pantry Staples,Cooking & Baking,Breadcrumbs & Seasoned Coatings,Seasoned Coatings]]"
1845,28801,Delacre Prestige Luxury Belgian Chocolate Biscuit Assortment 45.9 Ounce Gift Tin,"[[Grocery & Gourmet Food,Candy & Chocolate,Candy & Chocolate Assortments]]"
1846,28803,"Dried Fruit Mango Slices, 1 Lb","[[Grocery & Gourmet Food,Produce,Dried Fruits & Vegetables,Dried Fruits,Dried Mangoes]]"
1847,28805,"Chimes Peppermint Ginger Chews, 5-Pound Box","[[Grocery & Gourmet Food,Candy & Chocolate,Ginger Candy]]"
1848,28817,"Stash Tea Organic Pinhead Gunpowder Green Loose Leaf Tea, 3.5 Ounce Pouch","[[Grocery & Gourmet Food,Beverages,Coffee, Tea & Cocoa,Tea,Green]]"
1849,28824,"Yehuda Gluten Free Matzo-Style Crackers with Toasted Onion, Passover, 10.5-oz (Pack of 3)","[[Grocery & Gourmet Food,Snack Foods,Crackers,Matzo]]"
1850,28829,"Walkers Original Toffee Bars, 3.5-Ounce Bars (Pack of 12)","[[Grocery & Gourmet Food,Candy & Chocolate,Brittle, Caramel & Toffee,Toffee]]"
1851,28833,"Let's Do Organic Ice Cream Cones, Gluten Free, 1.2-Ounce Packages (Pack of 4)",[[]]
1852,28835,"Schar Ladyfingers, 5.3-Ounce (Pack of 4)","[[Grocery & Gourmet Food,Snack Foods,Cookies,Ladyfingers]]"
1853,28855,"Pepperidge Farm Goldfish, Colors, 30-ounce carton","[[Grocery & Gourmet Food,Snack Foods,Crackers,Animal]]"
1854,28870,"Taste of Bombay Basmati Rice, 2 Pound","[[Grocery & Gourmet Food,Dried Beans, Grains & Rice,Grains & Rice,Basmati]]"
1855,28889,"Rougie Duck Fat, 11.28-Ounce Bottles (Pack of 3)","[[Grocery & Gourmet Food,Cooking & Baking,Cooking Oils, Vinegars & Sprays,Oils]]"
1856,28912,"Sathers Farley Fruit Stripe Gum Jumbo Pack, 17-Count (Pack of 12)","[[Grocery & Gourmet Food,Candy & Chocolate,Chewing & Bubble Gum]]"
1857,28920,"SodaStream Diet Ginger Ale Syrup, 500mL","[[Grocery & Gourmet Food,Beverages,Bottled Beverages, Water & Drink Mixes,Flavor Syrups]]"
1858,28941,"Carousel Gumball Refills, 3.5 lb tub","[[Grocery & Gourmet Food,Candy & Chocolate,Chewing & Bubble Gum]]"
1859,28982,"Bisquick Complete Mix, Buttermilk, 7.5-Ounce Units (Pack of 22)","[[Grocery & Gourmet Food,Pantry Staples,Cooking & Baking,Baking Mixes,Biscuits]]"
1860,29023,Mingua Beef Jerky (Hot),"[[Grocery & Gourmet Food,Snack Foods,Jerky & Dried Meats]]"
1861,29026,"FIJI Natural Artesian Water, 50.7 -Fl.  Oz  Bottles (Pack of 12)","[[Grocery & Gourmet Food,Beverages,Bottled Beverages, Water & Drink Mixes,Water,Mineral Water]]"
1862,29028,Cowrie Shells Cut (1 LB),"[[Arts, Crafts & Sewing,Beading & Jewelry Making,Beads & Bead Assortments]]"
1863,29035,"Knorr Mi Arroz Rice Seasoning Mix, White, 0.19 Pound (Pack of 24)","[[Grocery & Gourmet Food,Herbs, Spices & Seasonings]]"
1864,29038,Potassium Bicarbonate 2 oz.,"[[Health & Household,Vitamins & Dietary Supplements,Minerals,Potassium]]"
1865,29040,"Louisville Vegan Jerky - Bourbon Smoked Black Pepper, 2.5 oz. Bag","[[Grocery & Gourmet Food,Snack Foods,Jerky & Dried Meats]]"
1866,29052,Keurig Keurig Pk 16 Hot Apple Cider,[[]]
1867,29063,"Lundberg Wild Blend, Gourmet Blend of Wild and Whole Grain Brown Rice, Gluten Free, 16-Ounce Bags (Pack of 6) Package May Vary","[[Grocery & Gourmet Food,Dried Beans, Grains & Rice,Grains & Rice,Wild]]"
1868,29066,"Kirkland Signature Steak Strips Extra Thick Cut, 12 Ounce","[[Grocery & Gourmet Food,Snack Foods,Jerky & Dried Meats]]"
1869,29069,"Scullcap Leaf and Flower, Organic Frontier Natural Products 1 lb Bulk","[[Health & Household,Vitamins & Dietary Supplements,Blended Vitamin & Mineral Supplements]]"
1870,29091,"Navitas Naturals Organic Mulberries, 4-Ounce Pouches","[[Grocery & Gourmet Food,Produce,Dried Fruits & Vegetables,Dried Fruits,Dried Berries]]"
1871,29127,Powdered Whole Eggs - 2.25 Pound Can,"[[Grocery & Gourmet Food,Cooking & Baking,Powdered Eggs]]"
1872,29166,Coconut Secret Coconut Aminos Soy-Free Seasoning Sauce -- 8 fl oz,"[[Grocery & Gourmet Food,Sauces, Gravies & Marinades,Sauces,Asian,Coconut Sauce]]"
1873,29177,Hamburger Helper Bacon Cheeseburger 5.1 oz,"[[Grocery & Gourmet Food,Canned, Jarred & Packaged Foods,Packaged Meals & Side Dishes,Macaroni & Cheese]]"
1874,29180,"Caza Trail Breakfast Blend Decaf, 24-Count Single Serve Cup for Keurig K-Cup Brewers","[[Grocery & Gourmet Food,Beverages,Coffee, Tea & Cocoa,Coffee,Single-Serve Capsules & Pods]]"
1875,29182,Ghirardelli Limited Edition Squares Collection Chocolate Squares Gift Box,"[[Grocery & Gourmet Food,Food & Beverage Gifts,Candy & Chocolate Gifts]]"
1876,29246,"Cadbury Dairy Milk Chocolate Bars, 12-Count","[[Grocery & Gourmet Food,Candy & Chocolate,Candy & Chocolate Bars]]"
1877,29250,"Golden Malted Pancake &amp; Waffle Flour, Blueberry, 16-Ounce Cans (Pack of 4)","[[Grocery & Gourmet Food,Pantry Staples,Cooking & Baking,Baking Mixes,Pancakes & Waffles]]"
1878,29268,"Tanka Bar, Spicy Pepper Blend, 1-Ounce Bars (Pack of 6)","[[Grocery & Gourmet Food,Snack Foods,Meat Snacks,Jerky]]"
1879,29292,"Absolutely Gluten Free Toasted Onion Crackers, 4.4-Ounce","[[Grocery & Gourmet Food,Snack Foods,Crackers,Graham Crackers]]"
1880,29346,Judy's Candy Co. Sugar Free Triple Treat Caramels,"[[Grocery & Gourmet Food,Candy & Chocolate,Brittle, Caramel & Toffee,Caramels]]"
1881,29361,Nectresse Sweetener 240 packets - 1.3lbs(576g),"[[Grocery & Gourmet Food,Cooking & Baking,Sugar Substitutes]]"
1882,29381,"Salutti Roasted Seaweed Snacks, Olive Oil, 0.17-Ounce (Pack of 2)","[[Grocery & Gourmet Food,Cooking & Baking,Dried Seaweed & Nori]]"
1883,29401,UTZ The Crab Chip Potato Chip Family Size 4 pack (10.5 oz each),"[[Grocery & Gourmet Food,Snack Foods,Chips & Crisps,Potato]]"
1884,29406,Valrhona Chocolate Cocoa Powder 100% cacao 1 lb,"[[Grocery & Gourmet Food,Cooking & Baking,Baking Chocolates, Carob & Cocoa,Cocoa]]"
1885,29428,"Betty Crocker Angel Food Cake Mix, White, 16-Ounce Boxes (Pack of 12)","[[Grocery & Gourmet Food,Cooking & Baking,Baking Mixes,Cakes]]"
1886,29450,"Campbell's Tomato Soup, 15.4 Ounce Microwavable Bowls (Pack of 8)","[[Grocery & Gourmet Food,Pantry Staples,Soups, Stocks & Broths,Tomato Soups]]"
1887,29454,Primrose Sanded Cinnamon Balls - 2 Lbs,"[[Grocery & Gourmet Food,Candy & Chocolate,Hard Candy & Lollipops,Hard Candy]]"
1888,29459,"Numi Organic Tea White Rose, Full Leaf White Tea, 16-Count Tea Bags - 1.13 oz (Pack of 3)","[[Grocery & Gourmet Food,Beverages,Coffee, Tea & Cocoa,Tea,Green]]"
1889,29462,"Diedrich Coffee Rio Blend Keurig K-Cups, 24-Count","[[Grocery & Gourmet Food,Beverages,Coffee, Tea & Cocoa,Coffee,Single-Serve Capsules & Pods]]"
1890,29468,Heinz Hot &amp; Spicy Flavored Ketchup,"[[Grocery & Gourmet Food,Pantry Staples,Condiments & Salad Dressings,Ketchup]]"
1891,29478,"Wolfgang Puck Jamaica Me Crazy Keurig K-Cups,18 Count","[[Grocery & Gourmet Food,Beverages,Coffee, Tea & Cocoa,Coffee,Single-Serve Capsules & Pods]]"
1892,29481,"Community Coffee Instant Cappuccino Mocha, 15-Ounce (Pack of 3)","[[Grocery & Gourmet Food,Beverages,Coffee, Tea & Cocoa,Coffee,Instant Coffee]]"
1893,29508,"Wholesome Sweeteners Organic Coconut Sugar, 16-Ounce","[[Grocery & Gourmet Food,Cooking & Baking,Sugar Substitutes,Palm Sugar]]"
1894,29522,"Simply Organic Garlic Powder Certified Organic, 3.64-Ounce Container","[[Grocery & Gourmet Food,Herbs, Spices & Seasonings,Single Herbs & Spices,Garlic]]"
1895,29539,"Gold Kili All Natural Ginger &amp; Lemon Beverage Brewing Bags, 1.68-Ounce Boxes (Pack of 6)","[[Grocery & Gourmet Food,Beverages,Coffee, Tea & Cocoa,Tea,Herbal]]"
1896,29551,"Quaker Instant Oatmeal Dinosaur Eggs, Brown Sugar Cereal, 8-Count 14.1 oz. Boxes (Pack of 4)","[[Grocery & Gourmet Food,Breakfast Foods,Cereals,Oatmeal]]"
1897,29556,Dark Chocolate Covered Gourmet Coffee Beans From Costa Rica,"[[Grocery & Gourmet Food,Candy & Chocolate,Candied & Chocolate-covered Snacks,Chocolate-coated Espresso Beans]]"
1898,29559,Organic Burdock Root C/S,[[]]
1899,29625,"Vermont Organics Milk-Based Organic Infant Formula with Iron, 23.2 oz.  (pack of 4) (Packaging May Vary)","[[Baby Products,Feeding,Baby Foods,Formula]]"
1900,29629,"The Spice Hunter Garlic Herb Bread Blend, 2.5-Ounce Jar","[[Grocery & Gourmet Food,Herbs, Spices & Seasonings,Single Herbs & Spices,Garlic],[Grocery & Gourmet Food,Herbs, Spices & Seasonings,Single Herbs & Spices,Garlic]]"
1901,29664,Stonewall Kitchen Red Pepper Jelly,"[[Grocery & Gourmet Food,Pantry Staples,Jams, Jellies & Sweet Spreads,Jams, Jellies & Preserves]]"
1902,29669,"McCormick Dark Chili Powder, 20-Ounce","[[Grocery & Gourmet Food,Herbs, Spices & Seasonings,Mixed Spices & Seasonings,Chili Powder]]"
1903,29670,"Christopher Bean Coffee Ground Flavored Coffee, Toasted Island Coconut, 12 Ounce","[[Grocery & Gourmet Food,Beverages,Coffee, Tea & Cocoa,Coffee,Ground Coffee]]"
1904,29676,"Citric Acid, 2 Lbs, 100% Pure, Powdered Crystals, Bulk, Food-grade","[[Health & Household,Household Supplies,Household Cleaning,All-Purpose Cleaners]]"
1905,29699,"Bob's Red Mill Organic Steel Cut Oats, 4 - 24-Ounce bags","[[Grocery & Gourmet Food,Breakfast Foods,Cereals,Oatmeal]]"
1906,29770,"Eda's Sugar Free Mixed Fruit Hard Candy, individually wrapped, OU Parve, Uses Sorbitol, Low Sodium","[[Grocery & Gourmet Food,Candy & Chocolate,Hard Candy & Lollipops,Hard Candy]]"
1907,29774,"Pamela's Wheat Free, Gluten Free Ultra Chocolate Brownie Mix, 16-Ounce Packages (Pack of 6)","[[Grocery & Gourmet Food,Pantry Staples,Cooking & Baking,Baking Mixes,Cakes]]"
1908,29815,"Bob's Red Mill Organic Quinoa Flour, 22-Ounce Packages (Pack of 4)","[[Grocery & Gourmet Food,Cooking & Baking,Flours & Meals]]"
1909,29816,PACK OF 10 NESPRESSO DECAFFEINATO DECAFFEINATED COFFEE CAPSULES,"[[Grocery & Gourmet Food,Beverages,Coffee, Tea & Cocoa,Coffee,Single-Serve Capsules & Pods]]"
1910,29819,"Rishi Tea Orange Blossom, 1.94 Ounce","[[Grocery & Gourmet Food,Beverages,Coffee, Tea & Cocoa,Tea,Green]]"
1911,29821,"Santa Cruz Organic Apple Sauce, 23 Ounce","[[Grocery & Gourmet Food,Snack Foods,Applesauce & Fruit Cups,Applesauce]]"
1912,29836,"Mother Earth Products Freeze Dried Bell Peppers, Red, 1 Full Quart","[[Sports & Outdoors,Outdoor Recreation,Camping & Hiking,Camp Kitchen,Freeze-Dried Food]]"
1913,29874,"Harmony House Foods, Dried Shallots, Chopped, 12 Ounce Quart Size Jar","[[Sports & Outdoors,Outdoor Recreation,Camping & Hiking,Camp Kitchen,Freeze-Dried Food]]"
1914,29896,"Marie Callender's Corn Muffin Mix, 7-Ounce Pouches (Pack of 12)","[[Grocery & Gourmet Food,Cooking & Baking,Baking Mixes,Muffins]]"
1915,29905,Fresh Home Made Methi Thepla 10 Count,[[]]
1916,29942,"Rishi Tea Earl Grey, 1.94 Ounce","[[Grocery & Gourmet Food,Beverages,Coffee, Tea & Cocoa,Tea,Green]]"
1917,29943,"Quaker Soft Baked Cereal Bar, Banana Nut Bread, 7.4-Ounce Packages (Pack of 6)","[[Grocery & Gourmet Food,Breakfast Foods,Breakfast & Cereal Bars,Cereal]]"
1918,29978,"The Spice Hunter Szechwan Seasoning Blend, 2.1-Ounce Jar","[[Grocery & Gourmet Food,Herbs, Spices & Seasonings,Mixed Spices & Seasonings,Meat Seasoning],[Grocery & Gourmet Food,Herbs, Spices & Seasonings,Mixed Spices & Seasonings,Meat Seasoning]]"
1919,29983,Ginger People Gin-Gins Natural Hard Candy - 3 pack - 3oz Bags - Great for morning sickness and nausea!,"[[Grocery & Gourmet Food,Candy & Chocolate,Ginger Candy]]"
1920,29998,"De Cecco Linguine, 16 Ounce Boxes (Pack of 5)","[[Grocery & Gourmet Food,Pantry Staples,Pasta & Noodles,Pasta,Spaghetti]]"
1921,30011,"Kelloggs Printed Fun Pop Tarts Frosted Sugar Cookie - Limited Edition, 12 Pastries, 21.2 oz Box","[[Grocery & Gourmet Food,Breakfast Foods,Toaster Pastries]]"
1922,30013,Honey Pecan Pie,"[[Grocery & Gourmet Food,Pantry Staples,Cooking & Baking,Nuts & Seeds,Pecans]]"
1923,30021,"Wholesome Sweeteners Fair Trade Organic Dark Brown Sugar, 24 Ounce Pouch","[[Grocery & Gourmet Food,Cooking & Baking,Syrups, Sugars & Sweeteners,Sugars]]"
1924,30024,"Muir Glen Organic Pizza Sauce, 15-Ounce Cans (Pack of 12)","[[Grocery & Gourmet Food,Sauces, Gravies & Marinades,Sauces,Italian,Pizza]]"
1925,30044,Starbucks Decaf House Blend Roast Keurig K-Cups (16 Pack),"[[Grocery & Gourmet Food,Beverages,Coffee, Tea & Cocoa,Coffee,Single-Serve Capsules & Pods]]"
1926,30065,"Duke's Mayonnaise, 48-ounce Jars (Pack of 2)","[[Grocery & Gourmet Food,Condiments & Salad Dressings,Mayonnaise]]"
1927,30072,"South Beach Diet Snack Bar, Whipped Chocolate Almond, 5-Count (Pack of 8)","[[Health & Household,Vitamins & Dietary Supplements,Weight Loss]]"
1928,30110,Jack Links Screamin Demon 12 2.4oz Sticks Per Box,"[[Grocery & Gourmet Food,Snack Foods,Meat Snacks,Jerky]]"
1929,30155,"Skyline Original Chili &amp; Spaghetti, 15-Ounce Cans (Pack of 6)","[[Grocery & Gourmet Food,Soups, Stocks & Broths,Chili]]"
1930,30198,Mary Jane Candy 2 Pound Snack Pack Approx. 110 pcs.,"[[Grocery & Gourmet Food,Candy & Chocolate,Jelly Beans & Gummy Candy,Taffy]]"
1931,30205,"Lindt Lindor Truffles, Assorted Token Gift Box, 5.1 Ounce Package","[[Grocery & Gourmet Food,Candy & Chocolate,Chocolate & Fudge,Chocolate Truffles]]"
1932,30206,"Coffee People K-Cups, Black Tiger Extra Bold, 24-Count Box (Pack of 2)","[[Grocery & Gourmet Food,Beverages,Coffee, Tea & Cocoa,Coffee,Single-Serve Capsules & Pods]]"
1933,30221,El Guapo Mojo Cubano Bitters - bright citrus flavors,"[[Grocery & Gourmet Food,Beverages,Bottled Beverages, Water & Drink Mixes,Cocktail Mixers,Bitters]]"
1934,30231,"Gum Drops - Assorted, 5 lbs","[[Grocery & Gourmet Food,Candy & Chocolate,Jelly Beans & Gummy Candy,Gummy Candy]]"
1935,30234,"Stakich RAW HONEY 5-LB, Pure, Unprocessed, Unheated, KOSHER","[[Grocery & Gourmet Food,Cooking & Baking,Syrups, Sugars & Sweeteners,Honey]]"
1936,30236,"Chimes Orange Ginger Chews, 1lb Bag","[[Grocery & Gourmet Food,Candy & Chocolate,Ginger Candy]]"
1937,30260,"Cacao Powder Organic Raw - Best Dark Chocolatey Taste - Unsweetened and Cold Pressed - 1lb/16oz - FREE Recipe ebook Included - High Quality Certified Organic Non-Fermented Beans - A Healthy and Natural Replacement for Cocoa Powder in Hot Chocolates, Smoothies and Baking - An Antioxidant Rich Superfood, Packed with Magnesium, Potassium, Iron, Copper &amp; other Nutrients that can Help Keep you Healthy, Happy, Energized &amp; Relaxed - 60-Day Satisfaction Guaranteed","[[Grocery & Gourmet Food,Beverages,Coffee, Tea & Cocoa,Cocoa]]"
1938,30311,"Chef Paul Prudhomme's Magic Seasoning Blends ~ Vegetable Magic, 24-Ounce Canister","[[Grocery & Gourmet Food,Pantry Staples,Herbs, Spices & Seasonings,Mixed Spices & Seasonings,Mexican Seasoning]]"
1939,30418,"Hershey's Kisses, Pumpkin Spice, 10 Oz (Pack of 2)","[[Grocery & Gourmet Food,Candy & Chocolate,Candy & Chocolate Assortments]]"
1940,30450,"Vita Coco 100% Pure Coconut Water, 33.8-Ounce (Pack of 6)","[[Grocery & Gourmet Food,Beverages,Bottled Beverages, Water & Drink Mixes,Coconut Water]]"
1941,30453,"Niederegger White Marzipan Loaf, 2.6-Ounce Package (Pack of 4)","[[Grocery & Gourmet Food,Cooking & Baking,Marzipan & Almond Paste]]"
1942,30473,Choffy - Variety Set (12oz. Bags),"[[Grocery & Gourmet Food,Beverages,Coffee, Tea & Cocoa,Cocoa]]"
1943,30483,"Badia Marinade Sauce Mojo, 10-Ounce (Pack of 12)","[[Grocery & Gourmet Food,Sauces, Gravies & Marinades,Seasoning Mixes]]"
1944,30485,Barista Prima Decaf Italian Roast K-Cup Coffee,"[[Grocery & Gourmet Food,Beverages,Coffee, Tea & Cocoa,Coffee,Single-Serve Capsules & Pods]]"
1945,30493,"Betty Crocker Gluten Free Chocolate Chip Cookie Mix, 19-Ounce Boxes (Pack of 6)","[[Grocery & Gourmet Food,Pantry Staples,Cooking & Baking,Baking Mixes,Cookies]]"
1946,30539,"Haribo Gummi Candy, Strawberry Wheels, 5-Ounce Bags (Pack of 12)","[[Grocery & Gourmet Food,Candy & Chocolate,Jelly Beans & Gummy Candy,Gummy Candy]]"
1947,30553,"Kellogg's Cereal Favorites Variety Pack, 1.5 to 2.8-Ounce Single Serve Cups (Pack of 60)","[[Grocery & Gourmet Food,Breakfast Foods,Cereals,Cold Cereals]]"
1948,30607,"Propel Zero Calorie Nutrient Enhanced Water Beverage Mix (36 packets) 3 different flavors (berry, grape &amp; kiwi strawberry)","[[Grocery & Gourmet Food,Beverages,Bottled Beverages, Water & Drink Mixes,Powdered Drink Mixes & Flavorings,Powdered Drink Mixes,Soft Drink Mixes]]"
1949,30639,"Mushroom House Dried Mushrooms, Shiitake, 4-6 CM, 1-Pound","[[Grocery & Gourmet Food,Produce,Dried Fruits & Vegetables,Dried Vegetables,Dried Mushrooms,Shiitake]]"
1950,30646,"La Victoria Diced Jalapeno Peppers, Hot, 4-Ounce Units (Pack of 24)","[[Grocery & Gourmet Food,Canned, Jarred & Packaged Foods,Vegetables,Jalapenos]]"
1951,30647,"YumEarth Naturals, Sour Jelly Beans, 10 Snack Packs, 20 g Each","[[Grocery & Gourmet Food,Candy & Chocolate,Jelly Beans & Gummy Candy,Gummy Candy]]"
1952,30663,Golden Mountain - Seasoning Sauce (Net 6.7 Fl. Oz.),"[[Grocery & Gourmet Food,Pantry Staples,Sauces, Gravies & Marinades,Sauces,Asian,Soy Sauce]]"
1953,30675,"Altoids Curiously Strong Mints, Liquorice, 1.76-Ounce Tins (Pack of 12)","[[Grocery & Gourmet Food,Candy & Chocolate,Mints]]"
1954,30679,"Garden of Eatin' Tortilla Chips, Guacamole, 8.1 Ounce (Pack of 12)","[[Grocery & Gourmet Food,Snack Foods,Chips & Crisps,Tortilla]]"
1955,30681,"Nana's No Gluten Berry Vanilla Cookie Bars, 1.24 oz,  5-Count Bars (Pack of 8)","[[Grocery & Gourmet Food,Breads & Bakery,Cookies,Fruit]]"
1956,30704,CK Products Buttercream Icing - White - 15 oz,"[[Home & Kitchen,Kitchen & Dining,Bakeware,Decorating Tools,Icing Dispensers]]"
1957,30709,"Cafe Bustelo Instant Espresso, 3.5-Ounce Jars (Pack of 4)","[[Grocery & Gourmet Food,Beverages,Coffee, Tea & Cocoa,Coffee,Instant Coffee]]"
1958,30757,"Simply Organic Parsley Flakes Cut &amp; Sifted Certified Organic, 0.26 Ounce Container","[[Grocery & Gourmet Food,Herbs, Spices & Seasonings,Single Herbs & Spices,Parsley]]"
1959,30760,"Chicken of the Sea Pacific Smoked Salmon Skinless and Boneless Pouch, 3-Ounce Pouches (Pack of 12)","[[Grocery & Gourmet Food,Canned, Jarred & Packaged Foods,Meat, Poultry & Seafood,Seafood,Salmon]]"
1960,30773,"Van Houtte Raspberry Chocolate Truffle Keurig K-Cups, 18 Count, 6.35 OZ (180g)","[[Grocery & Gourmet Food,Beverages,Coffee, Tea & Cocoa,Coffee,Single-Serve Capsules & Pods]]"
1961,30800,"Reese Large Pearl Tapioca, 7-Ounce, Pack of 6","[[Grocery & Gourmet Food,Cooking & Baking]]"
1962,30841,Green Mountain French Vanilla Iced Coffee 44 K-cups for Keurig Brewers,"[[Grocery & Gourmet Food,Beverages,Coffee, Tea & Cocoa,Coffee,Single-Serve Capsules & Pods]]"
1963,30857,"Christopher Bean Coffee Flavored Ground Coffee, Christmas Cupcake, 12 Ounce","[[Grocery & Gourmet Food,Beverages,Coffee, Tea & Cocoa,Coffee,Ground Coffee]]"
1964,30882,"Hakubaku Organic Ramen, 9.5-Ounce (Pack of 8)","[[Grocery & Gourmet Food,Pantry Staples,Canned, Jarred & Packaged Foods,Packaged Meals & Side Dishes,Pasta & Noodle Dishes]]"
1965,30889,Kirkland Signature Granulated California Garlic 18 oz,"[[Grocery & Gourmet Food,Herbs, Spices & Seasonings,Single Herbs & Spices,Garlic]]"
1966,30906,The Spice Lab's Pure Himalayan Natural Unprocessed Culinary Crystal Salt - 1 Pound - Finely Ground .5mm,"[[Grocery & Gourmet Food,Herbs, Spices & Seasonings,Salt & Salt Substitutes,Coarse Salt]]"
1967,30975,"Tetley Naturally Decaffeinated Classic Blend, 48-Count Tea Bags (Pack of 6)","[[Grocery & Gourmet Food,Beverages,Coffee, Tea & Cocoa,Tea,Black]]"
1968,31010,"Werther's Sugar Free Assorted, Original, 7.7 Ounce","[[Grocery & Gourmet Food,Candy & Chocolate,Hard Candy & Lollipops,Hard Candy]]"
1969,31012,"Baobest Baobab Fruit Powder, 16 Ounce",[[]]
1970,31038,"McCormick Basil Leaves, 5-Ounce","[[Grocery & Gourmet Food,Herbs, Spices & Seasonings,Single Herbs & Spices,Sweet Basil Leaf]]"
1971,31051,"Kicking Horse Coffee, Grizzly Claw, 1 Pound","[[Grocery & Gourmet Food,Beverages,Coffee, Tea & Cocoa,Coffee,Roasted Coffee Beans]]"
1972,31086,"GoPicnic Copper Cowbell Asiago Gourmet Cheese Spread, Portion Cups, . 75 oz, 50 Count","[[Grocery & Gourmet Food,Prepared Foods]]"
1973,31100,Mallomars Pure Chocolate Cookies 8 ounce box (Pack of 3),"[[Grocery & Gourmet Food,Snack Foods,Cookies,Chocolate]]"
1974,31108,"V8 Low Sodium 100% Vegetable Juice, 5.5 Ounce Cans (Pack of 48)","[[Grocery & Gourmet Food,Beverages,Bottled Beverages, Water & Drink Mixes,Juices,Vegetable Juice]]"
1975,31109,MANINIS Ancient Grains Gluten Free Classic Peasant Bread Mix (5lb bag),"[[Grocery & Gourmet Food,Cooking & Baking,Baking Mixes,Breads]]"
1976,31113,Dried Bartlett Pears 4 Lbs (in 4 - 16 oz. Reclosable Bags),"[[Grocery & Gourmet Food,Produce,Dried Fruits & Vegetables,Dried Fruits,Dried Pears]]"
1977,31122,"Frontier Sage Leaf Rubbed Certified Organic, 16 Ounce Bag","[[Grocery & Gourmet Food,Herbs, Spices & Seasonings,Single Herbs & Spices,Sage Leaf]]"
1978,31123,"Fruit Me Up Apples Fruit Pouch, Peaches and Apricots, 16 Ounce (Pack of 6)","[[Grocery & Gourmet Food,Snack Foods,Applesauce & Fruit Cups,Applesauce]]"
1979,31127,"Dang Toasted Coconut Chips, Caramel Sea Salt, 3.17 Ounce","[[Grocery & Gourmet Food,Produce,Dried Fruits & Vegetables,Dried Fruits,Dried Coconut]]"
1980,31134,"Genuine Joe GJO02390 Pure Cane Sugar, 0.10-Ounce Packet (Pack of 1200 Packets)","[[Grocery & Gourmet Food,Pantry Staples,Cooking & Baking,Syrups, Sugars & Sweeteners,Sugars]]"
1981,31154,"Rush! Energy Drink, 8.4 Ounce Cans (Pack of 24)","[[Grocery & Gourmet Food,Beverages,Bottled Beverages, Water & Drink Mixes,Energy Drinks]]"
1982,31161,"Cheezie Sprinkles Seasoning, Sharp Cheddar Cheese, 2.75 Ounce","[[Grocery & Gourmet Food,Herbs, Spices & Seasonings,Salt & Salt Substitutes]]"
1983,31187,Zatarain's New Orleans Traditional Creole Seasoning - 8 Oz. (Pack of 2),"[[Grocery & Gourmet Food,Herbs, Spices & Seasonings,Mixed Spices & Seasonings,Cajun Seasoning]]"
1984,31192,"Amoretti Premium Syrup, Wild Strawberry, 25.4 Ounce","[[Grocery & Gourmet Food,Cooking & Baking,Syrups, Sugars & Sweeteners,Maple Syrup]]"
1985,31205,"Dr. McDougall's Right Foods Vegan Chicken Flavor Noodle Soup, Light Sodium, 1.4-Ounce Cups (Pack of 6)","[[Grocery & Gourmet Food,Soups, Stocks & Broths,Vegetable Soups]]"
1986,31214,"Peace Tea, Sweet Lemon Tea, 23 Ounce (Pack of 12)",[[]]
1987,31237,"Dole Mixed Fruit In Black Cherry Gel, 7-Ounce Cups (Pack of 12)","[[Grocery & Gourmet Food,Snack Foods,Applesauce & Fruit Cups,Fruit Cups]]"
1988,31252,"Pamela's Products Baking &amp; Pancake Bulk Mix, 25-Pound Bag","[[Grocery & Gourmet Food,Pantry Staples,Cooking & Baking,Baking Mixes,Pancakes & Waffles]]"
1989,31257,Pumpkin Seed Kernels RAW - 2 Pound Deal,"[[Grocery & Gourmet Food,Cooking & Baking,Nuts & Seeds,Pumpkin Seeds]]"
1990,31293,"Heinz Spotted Dick Sponge Pudding, 9.4-Ounce Cans (Pack of 6)",[[]]
1991,31308,OliveNation Pure Cherry Extract 8 oz.,"[[Grocery & Gourmet Food,Pantry Staples,Cooking & Baking,Extracts,Natural]]"
1992,31320,"Mother Earth Products Dried Celery, Crosscut, 1 Full Quart","[[Sports & Outdoors,Outdoor Recreation,Camping & Hiking,Camp Kitchen,Freeze-Dried Food]]"
1993,31333,"Sugar Babies, 1.70-Ounces (Pack of 24)","[[Grocery & Gourmet Food,Candy & Chocolate,Brittle, Caramel & Toffee,Caramels]]"
1994,31342,"Runa Amazon Guayusa Ginger - Citrus, 1 Pound","[[Grocery & Gourmet Food,Food & Beverage Gifts]]"
1995,31355,Sir Kensington's Mayonnaise Classic -- 10 oz,"[[Grocery & Gourmet Food,Condiments & Salad Dressings,Mayonnaise]]"
1996,31361,"Enfagrow Toddler Transitions, Soy-Based Powder with Iron, 21 Ounce Cans (Pack of 4)","[[Baby Products,Feeding,Baby Foods,Formula,Powder Baby Formula]]"
1997,31383,Kary's Roux,[[]]
1998,31388,"Caza Trail Single Serve Cup for Keurig K-Cup Brewers, Donut Shop, 56 Count","[[Grocery & Gourmet Food,Beverages,Coffee, Tea & Cocoa,Coffee,Single-Serve Capsules & Pods]]"
1999,31389,Uncle Lee's Organic Green Tea -- 100 Tea Bags net wt 5.64 oz (160g),"[[Grocery & Gourmet Food,Beverages,Coffee, Tea & Cocoa,Tea,Green]]"
2000,31403,"Amoretti Premium Syrup, Watermelon, 25.4 Ounce","[[Grocery & Gourmet Food,Cooking & Baking,Syrups, Sugars & Sweeteners,Maple Syrup]]"
2001,31408,"Chex Chocolate Cereal, 14.25-Ounce Box (Pack of 6)",[[]]
2002,31410,"Cocktail Candy The Big Apple Cocktail Sugar, 4-Ounce Tins (Pack of 3)","[[Grocery & Gourmet Food,Candy & Chocolate,Hard Candy & Lollipops,Hard Candy]]"
2003,31432,Trung Nguyen Legendee Gold Coffee,"[[Grocery & Gourmet Food,Beverages,Coffee, Tea & Cocoa,Coffee,Ground Coffee]]"
2004,31456,"Idahoan Casserole, Homestyle Applewood Smoked Bacon, 3.8 Ounce (Pack of 12)","[[Grocery & Gourmet Food,Canned, Jarred & Packaged Foods,Packaged Meals & Side Dishes,Potatoes & Stuffings,Potato Side Dishes]]"
2005,31464,"Walnuts Halves &amp; Pieces, Raw 5 lbs. - Sincerely Nuts","[[Grocery & Gourmet Food,Cooking & Baking,Nuts & Seeds,Walnuts]]"
2006,31470,NOW Foods SUNFLOWER SEEDS HULLED RAW 1 LB,"[[Grocery & Gourmet Food,Pantry Staples,Cooking & Baking,Nuts & Seeds,Sunflower Seeds]]"
2007,31521,"Viva Labs Premium Grade Organic Coconut Flour, 1 lbs","[[Grocery & Gourmet Food,Pantry Staples,Cooking & Baking,Coconut Flakes]]"
2008,31528,"Dr. McDougall's Right Foods Vegan Black Bean &amp; Lime Soup, 3.4-Ounce Cups (Pack of 6)","[[Grocery & Gourmet Food,Soups, Stocks & Broths,Vegetable Soups]]"
2009,31529,"Minsley Cooked Organic Quinoa, 4.2 oz. (Pack of 12)","[[Grocery & Gourmet Food,Pantry Staples,Dried Grains & Rice,Quinoa]]"
2010,31558,One 13.66 oz Thai Kitchen Organic Coconut Milk,"[[Grocery & Gourmet Food,Pantry Staples,Cooking & Baking,Coconut Milk & Cream]]"
2011,31566,"Annie's Homegrown Cheddar Bunnies Baked Crackers, 1-Ounce Snack Packs in 6-Count Boxes (Pack of 6)","[[Grocery & Gourmet Food,Snack Foods,Crackers,Animal]]"
2012,31577,"Raw Rev 100, 4-Flavor Variety Pack, 100 Calorie Organic Live Food Bar, 0.8-Ounce Bars (Pack of 24)",[[]]
2013,31587,"Nature Valley Protein Bars,Peanut, Almond and Dark Chocolate, 7.1-Ounce (Pack of 4)",[[]]
2014,31590,"Organic Vanilla Bean Powder, 4-ounce","[[Grocery & Gourmet Food,Herbs, Spices & Seasonings,Single Herbs & Spices,Vanilla Beans]]"
2015,31596,"Gloria Jean's Caramel Almond Torte Coffee Keurig K-Cups, 18 Count","[[Grocery & Gourmet Food,Beverages,Coffee, Tea & Cocoa,Coffee,Single-Serve Capsules & Pods]]"
2016,31609,Walden Farms - Calorie Free Syrup Chocolate - 12 oz.,"[[Grocery & Gourmet Food,Pantry Staples,Cooking & Baking,Dessert Syrups & Sauces,Chocolate]]"
2017,31623,"Tortuga Caribbean Rum Cake, Pineapple, 33-Ounce Box","[[Grocery & Gourmet Food,Breads & Bakery,Cakes]]"
2018,31626,"Amoretti Premium Syrup, Banana, 25.4 Ounce",[[]]
2019,31640,"Haribo Gummi Candy, Strawberry Licorice Wheels, 5-Pound Bag","[[Grocery & Gourmet Food,Candy & Chocolate,Jelly Beans & Gummy Candy,Gummy Candy]]"
2020,31648,"Amazing Grass Green Super Food ,  650 mg, 150 Vegetarian Capsules","[[Health & Household,Vitamins & Dietary Supplements,Herbal Supplements,Spirulina]]"
2021,31656,"Annie's Homegrown Shells &amp; White Cheddar Macaroni &amp; Cheese, 6-Ounce Boxes (Pack of 12)","[[Grocery & Gourmet Food,Canned, Jarred & Packaged Foods,Packaged Meals & Side Dishes,Macaroni & Cheese]]"
2022,31685,"Club Crackers, Original Minis, 11-Ounce Boxes (Pack of 4)","[[Grocery & Gourmet Food,Snack Foods,Crackers,Assortments & Samplers]]"
2023,31698,"Sun Country Toasted Wheat Germ, 12 Ounce (Pack of 6)",[[]]
2024,31725,Miracle Noodle ALL FLAVORS Variety 12 Pack,"[[Grocery & Gourmet Food,Pasta & Noodles,Noodles,Shirataki]]"
2025,31740,"Annie Chun's Miso Soup Noodle Bowl, 5.9-Ounce Bowls (Pack of 6)","[[Grocery & Gourmet Food,Soups, Stocks & Broths,Miso Soups]]"
2026,31755,Oranges Slices: 5LBS,"[[Grocery & Gourmet Food,Candy & Chocolate,Jelly Beans & Gummy Candy,Gummy Candy]]"
2027,31757,Guayaki Traditional Mate Tea 75 Bags,"[[Grocery & Gourmet Food,Beverages,Coffee, Tea & Cocoa,Tea,Herbal]]"
2028,31758,"Yamamotoyama Value Pack Nori Roasted Seaweed, 2.64-Ounce Bags (Pack of 4)","[[Grocery & Gourmet Food,Produce,Fresh Vegetables]]"
2029,31769,"Caffe D'Vita Imported Instant Espresso, 3-Ounce Canisters (Pack of 6)","[[Grocery & Gourmet Food,Beverages,Coffee, Tea & Cocoa,Coffee,Instant Coffee]]"
2030,31783,"McCormick Premium Brown Gravy, 21-Ounce","[[Grocery & Gourmet Food,Pantry Staples,Sauces, Gravies & Marinades,Gravies,Brown]]"
2031,31784,"Loma Linda Tender Bits, 19-Ounce Cans (Pack of 12)",[[]]
2032,31824,"The Spice Hunter Turmeric, Ground, Organic, 1.6-Ounce Jar","[[Grocery & Gourmet Food,Herbs, Spices & Seasonings,Single Herbs & Spices,Turmeric]]"
2033,31862,"Swiss Miss Milk Chocolate Hot Cocoa, 24 Count","[[Grocery & Gourmet Food,Dairy, Cheese & Eggs,Milk & Cream,Flavored Milk]]"
2034,31864,"Barney Butter Smooth Almond Butter, 16-Ounce Jars (Pack of 3)","[[Grocery & Gourmet Food,Jams, Jellies & Sweet Spreads,Nut & Seed Butters,Almond Butter]]"
2035,31865,Gnosis Coco Almond Chocolate Bar,[[]]
2036,31866,Mini Butterfly Sweet Tarts Candy 1LB Bag,"[[Grocery & Gourmet Food,Candy & Chocolate,Hard Candy & Lollipops,Hard Candy]]"
2037,31867,"Ghirardelli Chocolate Intense Dark Squares, Assortment, 6.38-Ounce Bags (Pack of 3)","[[Grocery & Gourmet Food,Candy & Chocolate,Candy & Chocolate Assortments]]"
2038,31897,"Nature Valley Soft Baked Oatmeal Squares, Cinnamon Brown Sugar, 7.44 Ounce","[[Grocery & Gourmet Food,Breakfast Foods,Breakfast & Cereal Bars,Energy & Nutritional]]"
2039,31899,"Tully's Coffee Decaffeinated French Roast, 24-Count K-Cups for Keurig Brewers (Pack of 2)","[[Grocery & Gourmet Food,Beverages,Coffee, Tea & Cocoa,Coffee,Single-Serve Capsules & Pods]]"
2040,31914,"Spice Appeal Chipotle Chili Ground, 16-Ounce Jars (Pack of 2)","[[Grocery & Gourmet Food,Herbs, Spices & Seasonings,Mixed Spices & Seasonings,Chili Powder]]"
2041,31921,"Bob's Red Mill Oats Rolled Regular, 32-Ounce (Pack of 4)","[[Grocery & Gourmet Food,Breakfast Foods,Cereals,Oatmeal]]"
2042,31931,"Stevita Stevia Spoonable Sweetener, 16 Ounce","[[Health & Household,Vitamins & Dietary Supplements,Herbal Supplements,Stevia]]"
2043,31951,"Napoleon Flat Anchovies In Olive Oil, 3.5 Ounce Jar","[[Grocery & Gourmet Food,Canned, Jarred & Packaged Foods,Meat, Poultry & Seafood,Seafood,Anchovies]]"
2044,31963,"Great River Organic Milling, Organic Specialty Whole Wheat Pastry Flour, 25-Pound Package","[[Grocery & Gourmet Food,Cooking & Baking,Flours & Meals,Wheat Flours & Meals]]"
2045,31989,4 lbs Organic (USDA Certified) Sun Dried California Raisins by SunMaid 2 x 2lbs Resealable Bags,"[[Grocery & Gourmet Food,Produce,Dried Fruits & Vegetables,Dried Fruits,Raisins]]"
2046,31994,"Raisin Bran Crunch Cereal, 18.2 -Ounce Boxes (Pack of 4)","[[Grocery & Gourmet Food,Breakfast Foods,Cereals,Cold Cereals]]"
2047,31995,"Plum Organics Tots Fiddlesticks Snack Sticks, Berry, 2.12-Ounce Boxes (Pack of 6)","[[Baby Products,Feeding,Baby Foods,Snack Foods]]"
2048,32009,"Chef Boyardee Whole Grain Beefaroni, 15-Ounce Cans (Pack of 12)","[[Grocery & Gourmet Food,Pantry Staples,Canned, Jarred & Packaged Foods,Packaged Meals & Side Dishes,Pasta & Noodle Dishes]]"
2049,32037,The Spice Lab's 1 Kilo Coarse - Himalayan Natural Unprocessed Cooking Grinder Salt,"[[Grocery & Gourmet Food,Herbs, Spices & Seasonings,Salt & Salt Substitutes,Rock Salt]]"
2050,32053,"Ancient Harvest Quinoa Organic Pasta Gluten Free, Elbows, 8-Ounce Boxes (Pack of 12)","[[Grocery & Gourmet Food,Pantry Staples,Pasta & Noodles,Pasta,Spaghetti]]"
2051,32073,Seoul Kim Chi SPICY 28oz - Fresh &amp; Healthy All Natural Gluten Free MADE UPON ORDER Lucky Food's Kimchi,"[[Grocery & Gourmet Food,Olives, Pickles & Relishes,Pickled Mixed Vegetables]]"
2052,32093,Zero Cookies Ginger (Zero Net Carbs),[[]]
2053,32104,12 Long Stem Orange Roses - With Vase,"[[Grocery & Gourmet Food,Fresh Flowers & Live Indoor Plants,Fresh Cut Flowers,Roses]]"
2054,32113,Walden Farms Calorie Free Fruit Spread Strawberry -- 12 oz,"[[Grocery & Gourmet Food,Pantry Staples,Jams, Jellies & Sweet Spreads,Jams, Jellies & Preserves]]"
2055,32169,"Annie Chun's Soy Ginger Ramen, 4.9-Ounce (Pack of 12)","[[Grocery & Gourmet Food,Pasta & Noodles]]"
2056,32192,Heinz Ploughmans Pickle 280g,"[[Grocery & Gourmet Food,Olives, Pickles & Relishes,Relishes,Pickle Relishes]]"
2057,32226,"Right Bites Sandies Fudge Dipped, 4.44-Ounce (Pack of 6)","[[Grocery & Gourmet Food,Breads & Bakery,Cookies,Chocolate]]"
2058,32254,"Blue Diamond Nut Thins Smokehouse, 4.25 Ounce Boxes (Pack of 12)","[[Grocery & Gourmet Food,Snack Foods,Crackers,Flatbread]]"
2059,32258,Kevala Organic Tahini 16 oz,"[[Grocery & Gourmet Food,Pantry Staples,Cooking & Baking,Cooking Oils, Vinegars & Sprays,Oils,Sesame]]"
2060,32281,Shimmer Pearlescent Bright Pink 1 Inch Gumballs (1 POUND),"[[Grocery & Gourmet Food,Candy & Chocolate,Chewing & Bubble Gum]]"
2061,32291,Sevigny's Thin Ribbon Candy - Made in USA. 7 Oz.,"[[Grocery & Gourmet Food,Candy & Chocolate,Hard Candy & Lollipops,Hard Candy]]"
2062,32302,"Chef Paul Prudhomme's Magic Seasoning Blends ~ Magic 7-Pack, Qty. 7 2-Ounce Bottles","[[Grocery & Gourmet Food,Herbs, Spices & Seasonings,Mixed Spices & Seasonings,Italian Seasoning],[Grocery & Gourmet Food,Herbs, Spices & Seasonings,Mixed Spices & Seasonings,Italian Seasoning]]"
2063,32310,"Thai Kitchen Instant Rice Noodle Soup, Garlic and Vegetables, 1.6-Ounce Unit (Pack of 12)","[[Grocery & Gourmet Food,Canned, Jarred & Packaged Foods,Packaged Meals & Side Dishes,Asian Dishes]]"
2064,32394,"Bob's Red Mill Organic Golden Flaxseed Meal, 16-Ounce Packages (Pack of 4)","[[Grocery & Gourmet Food,Pantry Staples,Herbs, Spices & Seasonings,Single Herbs & Spices,Flax Seed]]"
2065,32410,Gold Kili All Natural Instant Ginger Caffeine Free Herbal Tea Drink Sampler Pack (20 Sachets) - 12.6 Oz,"[[Grocery & Gourmet Food,Beverages,Coffee, Tea & Cocoa,Tea,Herbal]]"
2066,32420,"Tillen Farms Cherries, Merry Maraschino,13.5-Ounce, 3-count","[[Grocery & Gourmet Food,Pantry Staples,Canned, Jarred & Packaged Foods,Fruits,Cherries]]"
2067,32428,"Marshalls Creek Spices Oregano Seasoning, 5 Ounce","[[Grocery & Gourmet Food,Herbs, Spices & Seasonings,Single Herbs & Spices,Oregano]]"
2068,32435,"Barney Butter Bare Almond Butter, Crunchy, 10 Ounce","[[Grocery & Gourmet Food,Pantry Staples,Nut & Seed Butters,Almond Butter]]"
2069,32443,"Wild Planet Wild Alaskan Pink Salmon, Boneless &amp; Skinless, 6-Ounce Cans (Pack of 6)","[[Grocery & Gourmet Food,Canned, Jarred & Packaged Foods,Meat, Poultry & Seafood]]"
2070,32484,Authentic Foods Superfine White Rice Flour - 3lb,"[[Grocery & Gourmet Food,Cooking & Baking,Flours & Meals,Rice Flour],[Grocery & Gourmet Food,Cooking & Baking,Flours & Meals,Rice Flour]]"
2071,32499,"Bob's Red Mill Organic Oats Rolled Quick, 32-Ounce (Pack of 4)","[[Grocery & Gourmet Food,Breakfast Foods,Cereals,Oatmeal]]"
2072,32538,Tiparos Thai Fish Sauce 23 Oz. X 2 Blt.,[[]]
2073,32562,Gummi Gummy Butterflies Candy 1 Pound Bag,"[[Grocery & Gourmet Food,Candy & Chocolate,Jelly Beans & Gummy Candy,Gummy Candy]]"
2074,32568,Trader Joe's Dark Chocolate Covered Espresso Beans 14 oz.,"[[Grocery & Gourmet Food,Candy & Chocolate,Candied & Chocolate-Covered Snacks,Espresso Beans]]"
2075,32579,"Dole Dates, 8 Ounce Pouches (Pack of 12)","[[Grocery & Gourmet Food,Produce,Dried Fruits & Vegetables,Dried Fruits]]"
2076,32602,"Great River Organic Milling, Organic Specialty Corn Meal, 25-Pound Package","[[Grocery & Gourmet Food,Pantry Staples,Cooking & Baking,Flours & Meals,Corn]]"
2077,32606,"Bob's Red Mill Gluten Free Oat Bran, 18-Ounce(Pack of 4)","[[Grocery & Gourmet Food,Pantry Staples,Cooking & Baking,Flours & Meals,Oat Bran]]"
2078,32637,"Health Maven Gluten Free Crackers , Low Carb, Garlic Flavor, Kosher, 4 Oz. (1 pack)",[[]]
2079,32654,"Abbaye de Flavigny Traditional Tin Anise drops 6 pack gift set: Anise, Rose, Orange, Mint,Licorice, Violet","[[Grocery & Gourmet Food,Candy & Chocolate,Hard Candy & Lollipops]]"
2080,32668,"Rokeach Memorial Yahrzeit Tumbler, 1-count (Pack of 24)","[[Home & Kitchen,Kitchen & Dining,Dining & Entertaining,Glassware & Drinkware,Tumblers & Water Glasses]]"
2081,32698,"4 Packs Official Got Milk Magic Flavored Straws - Chocolate, Vanilla, Cookies &amp; Cream and Strawberry - (24 Straws total)","[[Health & Household,Household Supplies,Paper & Plastic,Disposable Drinkware,Straws]]"
2082,32727,"Spectrum Essentials Organic Ground Flaxseed, 14-Ounce Pouch (Pack of 4)","[[Grocery & Gourmet Food,Herbs, Spices & Seasonings,Single Herbs & Spices,Flax Seed]]"
2083,32737,"Wellaby's Cheese Ups Classic Cheese, 3-Ounce (Pack of 6)","[[Grocery & Gourmet Food,Snack Foods,Puffed Snacks]]"
2084,32745,"KIND Healthy Grains Clusters, Dark Chocolate &amp; Cranberry, 11-Ounce Bags (Pack of 3) FFP","[[Grocery & Gourmet Food,Breakfast Foods,Cereals,Granola]]"
2085,32770,"FENNEL SEED FRESHLY PACKED IN LARGE JARS, spices, herbs, seasonings",[[]]
2086,32800,"Harney &amp; Sons Chai, Spicy Black Tea Blend, 20 Count Tea Bags","[[Grocery & Gourmet Food,Beverages,Coffee, Tea & Cocoa,Tea,Chai]]"
2087,32804,"Bob's Red Mill Almond Meal/Flour, 16-Ounce Packages (Pack of 4)","[[Grocery & Gourmet Food,Cooking & Baking,Flours & Meals,Almond]]"
2088,32840,Sweet 'N Spicy Pecans - 1lb Reclosable Bag,"[[Grocery & Gourmet Food,Candy & Chocolate,Candied & Chocolate-covered Snacks,Candied & Chocolate-coated Nuts]]"
2089,32843,Kirkland Signature USDA Organic No-Salt Seasoning 14.5 oz,"[[Grocery & Gourmet Food,Pantry Staples,Herbs, Spices & Seasonings,Salt & Salt Substitutes,Salt Substitutes]]"
2090,32866,"Signature Almonds, Whole suppreme, 3 Pound","[[Grocery & Gourmet Food,Pantry Staples,Cooking & Baking,Nuts & Seeds,Almonds]]"
2091,32900,"Knorr/Lipton Rice &amp; Sauce, Cheddar Broccoli, 5.7Ounce Packages (Pack of 12)","[[Grocery & Gourmet Food,Canned, Jarred & Packaged Foods,Packaged Meals & Side Dishes,Rice Dishes,Risotto]]"
2092,32913,AmeriColor Gel Colour - Bright White - 20 oz,"[[Grocery & Gourmet Food,Pantry Staples,Cooking & Baking,Food Coloring]]"
2093,32936,Rice Seasoning Furikake 8 Variety Furikake Set,"[[Grocery & Gourmet Food,Herbs, Spices & Seasonings,Mixed Spices & Seasonings]]"
2094,32939,"Coffee Masters Flavored Coffee, Double Vanilla Creme Decaffeinated, Ground, 12-Ounce Bags (Pack of 4)","[[Grocery & Gourmet Food,Beverages,Coffee, Tea & Cocoa,Coffee,Ground Coffee]]"
2095,32940,"Albanese Sugar Free Assorted Fish Gummi, 16oz","[[Grocery & Gourmet Food,Candy & Chocolate,Jelly Beans & Gummy Candy,Gummy Candy]]"
2096,32949,"Pamela's Products Artisan Flour Blend, 24 Ounce","[[Grocery & Gourmet Food,Cooking & Baking,Flours & Meals,Wheat Flours & Meals]]"
2097,32953,"Al Wadi Tahina, 100% Ground Sesame, 16-Ounce Jars (Pack of 6)","[[Grocery & Gourmet Food,Herbs, Spices & Seasonings,Single Herbs & Spices]]"
2098,32957,"OSTRIM HIGH PROTEIN Snack Stick- Ostrich, Turkey, Elk &amp; Beef Jerky Wild Game Sampler of 10","[[Grocery & Gourmet Food,Snack Foods,Jerky & Dried Meats]]"
2099,32965,"Jelly Belly Ultra Gift Box, 20-flavor","[[Grocery & Gourmet Food,Candy & Chocolate,Jelly Beans & Gummy Candy,Jelly Beans]]"
2100,33006,"Go Raw Masala Chai Cookies, 3-Ounce (Pack of 4)","[[Grocery & Gourmet Food,Breads & Bakery,Cookies]]"
2101,33014,"Nongshim Shin Ramyun Black Noodle Soup, 4.58 Ounce Packages (Pack of 18)","[[Grocery & Gourmet Food,Soups, Stocks & Broths,Noodle Soups]]"
2102,33022,"Sprout Starter Organic Baby Food, Sweet Potato, 3.17-Ounce (Pack of 5)","[[Baby Products,Feeding,Baby Foods,Meals]]"
2103,33045,Goya Sazon Azafran 3.5 oz,"[[Grocery & Gourmet Food,Pantry Staples,Herbs, Spices & Seasonings,Mixed Spices & Seasonings,Mexican Seasoning]]"
2104,33057,"SeaSnax Grab and Go Roasted Seaweed Snack, Toasty Onion, 0.18-Ounce (Pack of 6)","[[Grocery & Gourmet Food,Snack Foods,Seaweed Snacks]]"
2105,33095,"Land O Lakes Cocoa Classics, French Vanilla &amp; Chocolate, 1.25-Ounce Packets (Pack of 12)","[[Grocery & Gourmet Food,Beverages,Coffee, Tea & Cocoa,Cocoa]]"
2106,33111,48 Count - Eight O'Clock Original Blend k Cup For KEURIG Brewers,"[[Grocery & Gourmet Food,Beverages,Coffee, Tea & Cocoa,Coffee,Single-Serve Capsules & Pods]]"
2107,33130,Certified Organic Raw Wildcrafted Camu Camu Powder 4oz,"[[Health & Household,Vitamins & Dietary Supplements,Vitamins,Vitamin C]]"
2108,33131,"Adagio Iced Tea - White, 16.9 Ounce Bottle (Pack of 15)","[[Health & Household,Sports Nutrition]]"
2109,33139,Batchelors Cup A Soup Chicken 107g,"[[Grocery & Gourmet Food,Pantry Staples,Soups, Stocks & Broths,Chicken Soups]]"
2110,33155,"JK Gourmet Almond Flour, very finely-ground, 2 Lbs (2 Packages of 1 Lb)","[[Grocery & Gourmet Food,Pantry Staples,Cooking & Baking,Flours & Meals,Almond]]"
2111,33156,"Bragg Nutritional Yeast Seasoning, Premium, 4.5 Ounce","[[Grocery & Gourmet Food,Cooking & Baking,Leaveners & Yeasts,Active Dry Yeasts]]"
2112,33220,"Del Fuerte Tomato Sauce, 7.4-Ounce (Pack of 24)","[[Grocery & Gourmet Food,Sauces, Gravies & Marinades,Sauces,Italian,Marinara]]"
2113,33230,"Bridgford Beef Jerky, Sweet Baby Ray's Original, 3-Ounce Pouches (Pack of 6)","[[Grocery & Gourmet Food,Snack Foods,Jerky & Dried Meats]]"
2114,33248,King Arthur Flour Original Bakewell Cream - 8 oz.,"[[Grocery & Gourmet Food,Cooking & Baking]]"
2115,33251,"PG Tips Black Tea, Pyramid Tea Bags, 80 Count Box ( 8.8oz)","[[Grocery & Gourmet Food,Beverages,Coffee, Tea & Cocoa,Tea,Black]]"
2116,33261,Batchelors Bigga Dried Peas - 250g,"[[Grocery & Gourmet Food,Pantry Staples,Dried Beans, Lentils & Peas,Peas,Green]]"
2117,33299,Donut House Chocolate Glazed Donut Coffee 48 K-Cups for Keurig Brewers,"[[Grocery & Gourmet Food,Beverages,Coffee, Tea & Cocoa,Coffee,Single-Serve Capsules & Pods]]"
2118,33327,"Heath Miniature Candy Bars, Milk Chocolate &amp; English Toffee, 12-Ounce Bags (Pack of 6)","[[Grocery & Gourmet Food,Candy & Chocolate,Brittle, Caramel & Toffee,Caramels]]"
2119,33333,"Newman's Own Organics Mints, Cinnamon, 1.76-Ounce Packages (Pack of 6)","[[Grocery & Gourmet Food,Candy & Chocolate,Mints]]"
2120,33339,"Coffee-mate Coffee Creamer, Vanilla Caramel Liquid Creamer Singles, 3/8 Fluid Ounce (Pack of 50)","[[Grocery & Gourmet Food,Dairy, Cheese & Eggs,Milk & Cream,Coffee Creamers]]"
2121,33346,"Nielsen-Massey Extract, Chocolate, 2 Ounce","[[Grocery & Gourmet Food,Cooking & Baking]]"
2122,33355,"Kellogg's Special K Nourish Cinnamon Raisin Pecan Hot Cereal, 3.66 Ounce","[[Grocery & Gourmet Food,Breakfast Foods,Cereals,Oatmeal]]"
2123,33363,"Wolfgang Puck Coffee, Sorrento Fair Trade (Medium Roast), 24-Count K-Cups for Keurig Brewers",[[]]
2124,33380,"CAMERON'S Whole Bean Coffee, Cinnamon Vanilla Swirl, 12-Ounce","[[Grocery & Gourmet Food,Beverages,Coffee, Tea & Cocoa,Coffee,Roasted Coffee Beans]]"
2125,33431,Freshpak Rooibos Tea 80 Tagless Bags (2 X Pack),"[[Grocery & Gourmet Food,Beverages,Coffee, Tea & Cocoa,Tea,Rooibos],[Grocery & Gourmet Food,Beverages,Coffee, Tea & Cocoa,Tea,Rooibos]]"
2126,33436,"Haribo Gummi Candy, Pink Grapefruit, 5-Pound Bag","[[Grocery & Gourmet Food,Candy & Chocolate,Jelly Beans & Gummy Candy,Gummy Candy]]"
2127,33451,"Hormel Compleats Swedish Meatballs with Pasta in Cream Sauce, 10-Ounce Microwavable Bowls (Pack of 6)","[[Grocery & Gourmet Food,Canned, Jarred & Packaged Foods,Meat, Poultry & Seafood,Spiced Meat]]"
2128,33467,"Suja - Purify / Carrot Apple - Raw Organic &amp; Cold Pressed Cleanse - Vegetable &amp; Fruit Juices (Celery, Cucumber, Lemon, Beet), Buy SIX Bottles and Save, Each Bottle is 16 oz (Pack of 6)","[[Grocery & Gourmet Food,Herbs, Spices & Seasonings,Single Herbs & Spices]]"
2129,33486,"Puroast Low Acid Coffee Organic House Blend Drip Grind, 2.5-Pound Bag","[[Grocery & Gourmet Food,Beverages,Coffee, Tea & Cocoa,Coffee,Ground Coffee]]"
2130,33498,"Celtic Sea Salt Bag, Light Grey, 5 Pound","[[Grocery & Gourmet Food,Pantry Staples,Herbs, Spices & Seasonings,Salt & Salt Substitutes,Sea Salt]]"
2131,33508,"Green Mountain Coffee K-Cups, Dark Magic, K-Cup Portion Pack for Keurig Brewers 96-Count","[[Grocery & Gourmet Food,Beverages,Coffee, Tea & Cocoa,Coffee,Single-Serve Capsules & Pods]]"
2132,33518,LifeSavers sugar free wild cherry hard candy - 2.75 Ea (Pack of 12),"[[Grocery & Gourmet Food,Candy & Chocolate,Hard Candy & Lollipops,Hard Candy]]"
2133,33525,"True Lemon Bulk Dispenser Pack, 100 Count (2.82oz)","[[Grocery & Gourmet Food,Beverages,Bottled Beverages, Water & Drink Mixes,Powdered Drink Mixes & Flavorings,Soft Drink Mixes]]"
2134,33566,"Milnot Original Filled Milk, 12 Ounce (Pack of 24)","[[Grocery & Gourmet Food,Cooking & Baking,Condensed & Powdered Milk,Condensed]]"
2135,33576,"Milano's Parmesan Cheese Bags, Imported Grated, 16 Ounce","[[Grocery & Gourmet Food,Dairy, Cheese & Eggs,Cheese,Parmesan]]"
2136,33602,Banana Chips - Sweetened - 1 Lb Bag / Box,"[[Grocery & Gourmet Food,Produce,Dried Fruits & Vegetables,Dried Fruits,Dried Banana Chips]]"
2137,33619,"Skittles Wild Berry, 14 Oz Bag (Pack of 2)","[[Grocery & Gourmet Food,Candy & Chocolate,Hard Candy & Lollipops,Hard Candy]]"
2138,33661,"Cella's Milk Chocolate Covered Cherries, 72-Count Box","[[Grocery & Gourmet Food,Candy & Chocolate,Candied & Chocolate-covered Snacks,Candied & Chocolate-coated Fruit]]"
2139,33664,"Drogheria &amp; Alimentari All Natural Spice Grinder Pepper &amp; Lemon, 1.41-Ounce Jars (Pack of 3)","[[Grocery & Gourmet Food,Herbs, Spices & Seasonings,Mixed Spices & Seasonings]]"
2140,33686,"Mulberries, Dried - 1 Lb Bag / Box Each","[[Grocery & Gourmet Food,Produce,Dried Fruits & Vegetables,Dried Fruits]]"
2141,33693,"Pork Ribs, By Rastelli Direct (St. Louis Rib w/Dry Rub - Fully Cooked)","[[Grocery & Gourmet Food,Meat & Seafood,Pork,Ribs]]"
2142,33694,"Mother Earth Products Dried Tomato Dices, 1 Full Quart","[[Sports & Outdoors,Outdoor Recreation,Camping & Hiking,Camp Kitchen,Freeze-Dried Food]]"
2143,33697,10 Madagascar Bourbon Planifolia Extract Grade B Vanilla Beans,"[[Grocery & Gourmet Food,Herbs, Spices & Seasonings,Single Herbs & Spices,Vanilla Beans]]"
2144,33699,"Frontier Cumin Seed Powder, 16 Ounce Bags (Pack of 2)","[[Grocery & Gourmet Food,Herbs, Spices & Seasonings,Single Herbs & Spices,Cumin]]"
2145,33712,"Indus Organic Turkish Jumbo Dried Figs,1 Lb (1x3 Pack), Sulfite Free, No Added Sugar, Freshly Packed, Premium Grade","[[Grocery & Gourmet Food,Produce,Dried Fruits & Vegetables,Dried Fruits,Dried Figs]]"
2146,33750,"Special K Fruit Crisps, Strawberry, 10-Count Bars (Pack of 6)","[[Grocery & Gourmet Food,Breakfast Foods,Breakfast & Cereal Bars]]"
2147,33784,Jelly Belly - Belly Flops - Irregular Jelly Beans - 2 lb. Bag,"[[Grocery & Gourmet Food,Candy & Chocolate,Jelly Beans & Gummy Candy,Jelly Beans]]"
2148,33809,"Keurig, Coffee People, Jet Fuel, 50 Count K-Cup Packs","[[Grocery & Gourmet Food,Beverages,Coffee, Tea & Cocoa,Coffee,Single-Serve Capsules & Pods]]"
2149,33812,"Virginia Diner Virginia Peanuts, Salted, 18-Ounce","[[Grocery & Gourmet Food,Pantry Staples,Cooking & Baking,Nuts & Seeds,Peanuts]]"
2150,33845,Odwalla Strawberry Pomegranate 2-Ounce Bars (Pack of 15),"[[Health & Household,Sports Nutrition,Nutrition Bars,Food Bars]]"
2151,33866,Lee Kum Kee Panda Brand Oyster Sauce (18 oz.),"[[Grocery & Gourmet Food,Pantry Staples,Sauces, Gravies & Marinades,Sauces,Asian,Oyster Sauce]]"
2152,33875,"Betty Crocker Traditional Milk Chocolate, Brownie Mix, 18.4-Ounce (Pack of 6)","[[Grocery & Gourmet Food,Cooking & Baking,Baking Mixes,Brownies]]"
2153,33881,"Good Sense Snack 'n Veggies, Veggie Medley, 8-Ounce Tubs (Pack of 4)","[[Grocery & Gourmet Food,Snack Foods,Party Mix]]"
2154,33910,"Nongshim Shin Noodle Ramyun Gourmet Spicy, 4.2-Ounce Packages, 20-Count","[[Grocery & Gourmet Food,Canned, Jarred & Packaged Foods,Packaged Meals & Side Dishes,Asian Dishes]]"
2155,33919,Loving Hut Cheerful Log - 1 kg,[[]]
2156,33922,"Keebler El Duende Sandwich Cookies, Lemon, 13 Ounce (Pack of 12)","[[Grocery & Gourmet Food,Snack Foods,Cookies,Sandwich]]"
2157,33937,Harney &amp; Sons SoHo Chocolate Coconut Tea - 20 Count Sachet Tin,"[[Grocery & Gourmet Food,Beverages,Coffee, Tea & Cocoa,Tea,Black]]"
2158,33954,"Sun Maid Natural California Raisins, 4.5-Pounds Package","[[Grocery & Gourmet Food,Produce,Dried Fruits & Vegetables,Dried Fruits,Raisins]]"
2159,33983,"[FFP] Lindt Excellence Dark Chocolate, 70% Cocoa, 6 Count","[[Grocery & Gourmet Food,Candy & Chocolate,Candy & Chocolate Bars]]"
2160,33988,"Pepperidge Farm Raspberry Milano Cookies, 7-Ounce (Pack of 4)","[[Grocery & Gourmet Food,Breads & Bakery,Cookies,Sandwich]]"
2161,34008,Sugar Free Black Licorice Delight Chews 1LB Bag,"[[Grocery & Gourmet Food,Candy & Chocolate,Jelly Beans & Gummy Candy,Licorice]]"
2162,34032,"Amy &amp; Brian Natural Coconut Juice with Pulp, 17.5 - Ounce Tins (Pack of 12)","[[Grocery & Gourmet Food,Beverages,Bottled Beverages, Water & Drink Mixes,Coconut Water]]"
2163,34061,"Near East Long Grain &amp; Wild Rice Pilaf Mix, 6 -Ounce Boxes (Pack of 12)","[[Grocery & Gourmet Food,Pantry Staples,Canned, Jarred & Packaged Foods,Packaged Meals & Side Dishes,Rice Dishes,Pilaf]]"
2164,34073,"Ostrim Beef &amp; Ostrich Snack, Pepper 10 sticks per Pack","[[Grocery & Gourmet Food,Snack Foods,Jerky & Dried Meats]]"
2165,34076,PerfectaGel Silver Gelatin Sheets (170 Bloom) - 20 Sheets,"[[Grocery & Gourmet Food,Cooking & Baking,Pudding & Gelatin,Gelatin]]"
2166,34128,"Enjoy Life Double Chocolate Brownie Soft Baked Cookies, Gluten, Dairy &amp; Nut Free,  6-Ounce Boxes (Pack of 6)","[[Grocery & Gourmet Food,Snack Foods,Cookies,Chocolate Chip]]"
2167,34135,"Homark Durian Candy, 6.34 Ounce","[[Grocery & Gourmet Food,Candy & Chocolate]]"
2168,34151,"Traditional Medicinals Organic Roasted Dandelion Root, 16-Count Boxes (Pack of 6)","[[Grocery & Gourmet Food,Beverages,Coffee, Tea & Cocoa,Tea,Herbal]]"
2169,34155,"Rapunzel Pure Organic Corn Starch, 8-Ounce Boxes (Pack of 6)","[[Grocery & Gourmet Food,Cooking & Baking,Thickeners]]"
2170,34177,"Fondarific Strawberry Fondant, 2-Pounds","[[Grocery & Gourmet Food,Cooking & Baking,Frosting, Icing & Decorations,Frostings & Icings]]"
2171,34219,"Hershey's Chocolate Full Size Variety Pack, 30-Count Pack","[[Grocery & Gourmet Food,Candy & Chocolate,Candy & Chocolate Bars]]"
2172,34227,"NOW Foods Xanthan Gum,  6 Ounce Bottle","[[Grocery & Gourmet Food,Cooking & Baking,Thickeners]]"
2173,34244,"Hodgson Mill Caraway Rye Bread Mix, 16-Ounce Units (Pack of 6)","[[Grocery & Gourmet Food,Pantry Staples,Cooking & Baking,Baking Mixes,Breads]]"
2174,34253,"Muir Glen Organic Tomato Ketchup, 24-Ounce Plastic Bottles (Pack of 12)","[[Grocery & Gourmet Food,Condiments & Salad Dressings,Ketchup]]"
2175,34254,"Thank You Pudding Butterscotch Pudding, 15.75-Ounce (Pack of 6)","[[Grocery & Gourmet Food,Pantry Staples,Cooking & Baking,Pudding & Gelatin,Pudding]]"
2176,34305,"Thai Kitchen Pure Coconut Milk Lite, 13.66-Ounce Unit (Pack of 12)","[[Grocery & Gourmet Food,Pantry Staples,Cooking & Baking,Coconut Milk & Cream]]"
2177,34318,The Vegg Combo (4.5 Oz Container and the Vegg Cookbook),"[[Grocery & Gourmet Food,Cooking & Baking,Powdered Eggs]]"
2178,34338,"Tassimo King of Joe, Cappuccino, 8 Servings","[[Grocery & Gourmet Food,Beverages,Coffee, Tea & Cocoa,Coffee,Single-Serve Capsules & Pods]]"
2179,34343,"Tully's Coffee Kona Blend Extra-Bold, 24-Count K-Cups for Keurig Brewers (Pack of 2)","[[Grocery & Gourmet Food,Beverages,Coffee, Tea & Cocoa,Coffee,Single-Serve Capsules & Pods]]"
2180,34354,"Osem Pudding, Vanilla Flavor,  2.8-Ounce Packages (Pack of 12)","[[Grocery & Gourmet Food,Cooking & Baking,Pudding & Gelatin,Pudding]]"
2181,34372,Assorted Jelly Beans: 5 LBS,"[[Grocery & Gourmet Food,Candy & Chocolate,Jelly Beans & Gummy Candy,Jelly Beans]]"
2182,34385,"LorAnn Oils Almond Bakery Emulsion, 4 Oz","[[Grocery & Gourmet Food,Cooking & Baking,Extracts & Flavoring]]"
2183,34411,"Dreamfields Pasta Healthy Carb Living, Rotini, 13.25-Ounce Boxes (Pack of 12)","[[Grocery & Gourmet Food,Pasta & Noodles,Pasta,Rotini]]"
2184,34434,"Dried Mango, 1lb",[[]]
2185,34454,"Keebler Grahams, Honey, 16-Ounce Boxes (Pack of 6)",[[]]
2186,34466,Miss Vickie's 1.3 Ounce Simply Sea Salt Potato Chips (Pack of 30),"[[Grocery & Gourmet Food,Snack Foods,Chips & Crisps,Potato]]"
2187,34493,"Amoretti Premium Syrup, English Toffee, 25.4 Ounce","[[Grocery & Gourmet Food,Cooking & Baking,Syrups, Sugars & Sweeteners,Maple Syrup]]"
2188,34517,"Goetze's Caramel Creams, 1 Lb","[[Grocery & Gourmet Food,Candy & Chocolate,Brittle, Caramel & Toffee,Caramels]]"
2189,34526,"Quaker Instant Oatmeal Lower Sugar, Flavor Variety Pack, 10 Count Boxes (Pack of 4)","[[Grocery & Gourmet Food,Breakfast Foods,Cereals,Oatmeal]]"
2190,34545,"Gloria Jean's Coffee, Butter Toffee, K-Cup Portion Pack for Keurig K-Cup Brewers (Pack of 24)","[[Grocery & Gourmet Food,Beverages,Coffee, Tea & Cocoa,Coffee,Single-Serve Capsules & Pods]]"
2191,34568,Walden Farms Calorie Free Pasta Sauce Alfredo -- 12 fl oz,"[[Grocery & Gourmet Food,Pantry Staples,Sauces, Gravies & Marinades,Sauces,Italian]]"
2192,34575,"Frontier Blackened Creole Blend, 2.19-Ounce Bottle","[[Grocery & Gourmet Food,Pantry Staples,Herbs, Spices & Seasonings,Mixed Spices & Seasonings,Cajun Seasoning]]"
2193,34586,"The Spice Hunter Salt Free Chefs Shake Blend, 2-Ounce Jar","[[Grocery & Gourmet Food,Herbs, Spices & Seasonings,Mixed Spices & Seasonings],[Grocery & Gourmet Food,Herbs, Spices & Seasonings,Mixed Spices & Seasonings]]"
2194,34589,"Sahale Snacks Soledad Blend, 5-Ounce Pouches (Pack of 6)","[[Grocery & Gourmet Food,Pantry Staples,Cooking & Baking,Nuts & Seeds]]"
2195,34604,"Peet's Coffee &amp; Tea Major Dickason's Blend Coffee, 10 Count","[[Grocery & Gourmet Food,Beverages,Coffee, Tea & Cocoa,Coffee,Single-Serve Capsules & Pods]]"
2196,34607,"Apple Jacks Cereal, 12.2-Ounce Boxes (Pack of 3)","[[Grocery & Gourmet Food,Breakfast Foods,Cereals,Cold Cereals]]"
2197,34658,Sugar in the Raw / Raw Sugar Natural Cane Turbinado from Hawaii / Box of 500 packets,"[[Grocery & Gourmet Food,Cooking & Baking,Syrups, Sugars & Sweeteners,Sugars]]"
2198,34688,"Nutiva Organic Virgin Coconut Oil, 15 Oz (Pack of 2)","[[Grocery & Gourmet Food,Pantry Staples,Cooking & Baking,Cooking Oils, Vinegars & Sprays,Oils,Coconut]]"
2199,34705,"La Vieja Fabrica Jams, Seville Orange Marmalade, 13.25 Ounce (Pack of 6)","[[Grocery & Gourmet Food,Pantry Staples,Jams, Jellies & Sweet Spreads,Marmalades]]"
2200,34707,"Green Mountain Chai Latte, 12-Count K-Cups","[[Grocery & Gourmet Food,Beverages,Coffee, Tea & Cocoa,Coffee,Single-Serve Capsules & Pods]]"
2201,34714,"Lazzaroni Amaretti, 16-Ounce Tin","[[Grocery & Gourmet Food,Candy & Chocolate]]"
2202,34724,Anthon Berg Chocolate Liqueurs with Original Spirits - 64 pcs. Gift Box,[[]]
2203,34725,"McCormick Grill Mates Smokehouse Maple Seasoning, 15.5-Ounce","[[Grocery & Gourmet Food,Pantry Staples,Herbs, Spices & Seasonings,Mixed Spices & Seasonings,Meat Seasoning]]"
2204,34746,"Pirate's Booty, Aged White Cheddar, 1-Ounce Bags (Pack of 24)","[[Grocery & Gourmet Food,Snack Foods,Popcorn,Popped]]"
2205,34754,"Squirrel Brand Southern Style Nuts-Gourmet Hunter Mix, 36-Ounce","[[Grocery & Gourmet Food,Pantry Staples,Cooking & Baking,Nuts & Seeds,Mixed Nuts]]"
2206,34761,bella+bella Freeze-Dried Kefir Starter -- 1 oz,"[[Grocery & Gourmet Food,Dairy, Cheese & Eggs,Yogurt,Kefir]]"
2207,34766,"Cheetos Glow-in-The-Dark Halloween, 0.65 Ounce Bags, 30 count","[[Grocery & Gourmet Food,Snack Foods,Puffed Snacks]]"
2208,34779,"The Ginger People Beverage, Ginger Soother, 12-Ounce Bottles (Pack of 24)","[[Grocery & Gourmet Food,Beverages,Bottled Beverages, Water & Drink Mixes,Juices,Vegetable Juice]]"
2209,34786,"Bacon Flavored Hot Sauce, 5 Ounce","[[Grocery & Gourmet Food,Sauces, Gravies & Marinades,Hot Sauce]]"
2210,34796,Juicy Pear Jelly Belly (2 lbs.),"[[Grocery & Gourmet Food,Candy & Chocolate,Jelly Beans & Gummy Candy,Jelly Beans]]"
2211,34802,"Smoked Dried Ghost Chili Pepper - Organic, Authentic Indian Bhut Jolokia - Whole Pods (1/2 oz) 100% Satisfactions Guarantee","[[Grocery & Gourmet Food,Herbs, Spices & Seasonings,Single Herbs & Spices,Chili Powder]]"
2212,34803,"Bob's Red Mill Organic Unbl White Flour, 5-Pound (Pack of 4)","[[Grocery & Gourmet Food,Pantry Staples,Cooking & Baking,Flours & Meals,Wheat Flours & Meals]]"
2213,34806,Grassfed Organic Cultured Ghee 14 Oz. - Pure Indian Foods(R) Brand,"[[Grocery & Gourmet Food,Cooking & Baking,Lard & Shortening,Ghee]]"
2214,34869,"SeaSnax Grab and Go Roasted Seaweed Snack, Spicy Chipotle, 0.18-Ounce (Pack of 6)","[[Grocery & Gourmet Food,Snack Foods,Seaweed Snacks]]"
2215,34873,"Lavazza Gran Filtro Whole Bean Coffee, 2.2-Pound Bags (Pack of 2)","[[Grocery & Gourmet Food,Beverages,Coffee, Tea & Cocoa,Coffee,Roasted Coffee Beans]]"
2216,34877,"Bob's Red Mill Organic  Flaxseed Meal, 16-Ounce Packages (Pack of 4)","[[Grocery & Gourmet Food,Pantry Staples,Herbs, Spices & Seasonings,Single Herbs & Spices,Flax Seed]]"
2217,34901,"Pamela's Products Amazing Bread Mix, 25-Pound Bag","[[Grocery & Gourmet Food,Cooking & Baking,Baking Mixes,Breads]]"
2218,34906,"Anna's Choice Butter, Cashew Swirls, Cashew and Macadamia Nut, 12.5 Ounce","[[Grocery & Gourmet Food,Snack Foods,Cookies]]"
2219,34907,GROVE SQUARE CARAMEL APPLE CIDER 96 K CUPS,"[[Grocery & Gourmet Food,Beverages,Bottled Beverages, Water & Drink Mixes,Juices,Ciders]]"
2220,34943,Coca-Cola Regular Fridge Pack,"[[Grocery & Gourmet Food,Beverages,Bottled Beverages, Water & Drink Mixes,Soft Drinks]]"
2221,35000,"Reese's Peanut Butter Cups, Snack Size, 19.5-Ounce Bags (Pack of 2)","[[Grocery & Gourmet Food,Candy & Chocolate,Candy & Chocolate Assortments]]"
2222,35027,"Alaska Smokehouse Pepper Garlic Salmon Jerky, 6 -Ounce Bag","[[Grocery & Gourmet Food,Snack Foods,Jerky & Dried Meats]]"
2223,35041,"Scharffen Berger Petite Baking Squares, Unsweetened Dark Chocolate (99% Cacao), 5-Pound Package","[[Grocery & Gourmet Food,Candy & Chocolate,Candy & Chocolate Assortments]]"
2224,35064,Pepperidge Farm Baked Goldfish Crackers - 66oz (4.1 lbs),"[[Grocery & Gourmet Food,Snack Foods,Crackers,Animal]]"
2225,35074,"Viana Smoked Veggie Frankfurters, 9.6 Ounce","[[Patio, Lawn & Garden,Gardening & Lawn Care,Plants, Seeds & Bulbs,Vegetables]]"
2226,35118,"Harmony House Foods Freeze-Dried Whole Corn (8 oz, Quart Size Jar)","[[Sports & Outdoors,Outdoor Recreation,Camping & Hiking,Camp Kitchen,Freeze-Dried Food]]"
2227,35134,"Teddie All Natural Peanut Butter, Super Chunky, 26-Ounce Jar (Pack of 3)","[[Grocery & Gourmet Food,Jams, Jellies & Sweet Spreads,Nut & Seed Butters,Peanut Butter]]"
2228,35176,"Bob's Red Mill Organic Rye Meal Pumpernickel, 24-Ounce (Pack of 4)","[[Grocery & Gourmet Food,Cooking & Baking,Flours & Meals,Wheat Flours & Meals]]"
2229,35177,Pumpkin Spice Chai Tea Latte Concentrate - 32 Ounce Boxes - Pack Of 2,"[[Grocery & Gourmet Food,Beverages,Coffee, Tea & Cocoa,Tea,Chai]]"
2230,35182,Gerber Graduates Yogurt Blends Snack Variety Pack (12 Pack),"[[Grocery & Gourmet Food,Dairy, Cheese & Eggs,Yogurt,Kids & Baby]]"
2231,35217,Slimtevia All-Natural Sugar Substitute,"[[Grocery & Gourmet Food,Pantry Staples,Cooking & Baking,Syrups, Sugars & Sweeteners,Sugars]]"
2232,35223,Setton Farms Premium Pistachios Roasted Unsalted - 1 Pound,"[[Grocery & Gourmet Food,Pantry Staples,Cooking & Baking,Nuts & Seeds]]"
2233,35235,"Nature Valley Oats Honey Bar, 48-1.5 oz 2 bar pouches, total 96 Bars","[[Grocery & Gourmet Food,Snack Foods,Bars,Granola]]"
2234,35236,"Schar Ciabatta Parbaked Rolls, 7-Ounce","[[Grocery & Gourmet Food,Breads & Bakery,Breads,Ciabatta]]"
2235,35262,"Amoretti Cocktail Mix, Blackberry, 28 Ounce (Pack of 12)","[[Grocery & Gourmet Food,Beverages,Bottled Beverages, Water & Drink Mixes,Cocktail Mixers]]"
2236,35263,"Keurig, Tully's Italian Roast,50 K-Cup Packs","[[Grocery & Gourmet Food,Beverages,Coffee, Tea & Cocoa,Coffee,Single-Serve Capsules & Pods]]"
2237,35285,"Tea Forte Loose Tea Canister-African Solstice, 3.5 oz, 50 servings","[[Grocery & Gourmet Food,Beverages,Coffee, Tea & Cocoa,Tea,Herbal]]"
2238,35304,Barrie House Blend Extra Bold Single Cup Capsule (24 Capsules),"[[Grocery & Gourmet Food,Beverages,Coffee, Tea & Cocoa,Coffee,Single-Serve Capsules & Pods]]"
2239,35305,"Habanero Powder, Pure - 16 Oz Jar Each","[[Grocery & Gourmet Food,Herbs, Spices & Seasonings,Mixed Spices & Seasonings,Chili Powder]]"
2240,35329,"Hormel Compleats Beef Steak Tips with Mash Potatoes, 10-Ounce Microwavable Bowls (Pack of 6)","[[Grocery & Gourmet Food,Canned, Jarred & Packaged Foods,Packaged Meals & Side Dishes,Pasta & Noodle Dishes]]"
2241,35347,Setouchi Seasoned Seaweed Snack: 50 Invidually Wrapped Mini-Bags (Japanese Import),[[]]
2242,35351,"San Francisco Bay Coffee Decaf French Roast, 36-Count OneCup Single Serve Cups","[[Grocery & Gourmet Food,Beverages,Coffee, Tea & Cocoa,Coffee,Single-Serve Capsules & Pods]]"
2243,35376,Archer Farms Black &amp; White Trail Mix - 38 Oz Tub,"[[Grocery & Gourmet Food,Snack Foods,Snack & Trail Mixes]]"
2244,35380,"Black Licorice Laces, 2LBS","[[Grocery & Gourmet Food,Candy & Chocolate,Jelly Beans & Gummy Candy,Licorice]]"
2245,35385,"Terry's White Chocolate Orange in Gift Box, 6.17oz Orange (Pack of 3)","[[Grocery & Gourmet Food,Candy & Chocolate,Candy & Chocolate Bars]]"
2246,35393,"Yogi Chai Rooibos Tea, 16 Tea Bags (Pack of 6)","[[Grocery & Gourmet Food,Beverages,Coffee, Tea & Cocoa,Tea,Chai]]"
2247,35409,"Keystone Meats All Natural Canned Beef, 28 Ounce","[[Grocery & Gourmet Food,Canned, Jarred & Packaged Foods,Meat, Poultry & Seafood,Spiced Meat]]"
2248,35454,"Nutiva Chia Seeds,Og 12 oz","[[Grocery & Gourmet Food,Pantry Staples,Cooking & Baking,Nuts & Seeds,Chia Seeds]]"
2249,35455,"Green Mountain Coffee, Dark Magic (Extra Bold), K-Cup Portion Pack for Keurig K-Cup Brewers 24-Count  (Pack of 2)","[[Grocery & Gourmet Food,Beverages,Coffee, Tea & Cocoa,Coffee,Single-Serve Capsules & Pods]]"
2250,35465,"Tassimo Corner Coffeehouse Sweet Latte, Caramel, 8-Count","[[Grocery & Gourmet Food,Beverages,Coffee, Tea & Cocoa,Coffee,Single-Serve Capsules & Pods]]"
2251,35493,Torani Peach Syrup 750mL,"[[Grocery & Gourmet Food,Beverages,Bottled Beverages, Water & Drink Mixes,Flavor Syrups]]"
2252,35542,Gevalia 01317 Twinings Chai Tea Latte for Tassimo Coffee and Beverage Makers,"[[Grocery & Gourmet Food,Beverages,Coffee, Tea & Cocoa,Tea,Chai]]"
2253,35564,"CBTL Italian Espresso Capsules By The Coffee Bean &amp; Tea Leaf, 16-Count Box","[[Grocery & Gourmet Food,Beverages,Coffee, Tea & Cocoa,Tea]]"
2254,35583,Primula Gift Set of 12 Assorted Green Tea With Fresh Jasmine Flowers,"[[Sports & Outdoors,Outdoor Recreation,Camping & Hiking,Camp Kitchen]]"
2255,35588,McCann's Irish Oatmeal Maple &amp; Brown Sugar -- 10 Packets,"[[Grocery & Gourmet Food,Breakfast Foods,Cereals,Oatmeal]]"
2256,35602,"Nabisco Oreo Cookies-America Favorite Cookie, 3 lb 4.5 oz. Box","[[Grocery & Gourmet Food,Breads & Bakery,Cookies,Sandwich]]"
2257,35606,"Melitta Cone Coffee Filters, Natural Brown, No. 2, 100-Count Filters (Pack of 6)","[[Small Appliance Parts & Accessories,Coffee & Espresso Machine Parts & Accessories,Coffee Machine Accessories,Coffee Filters,Disposable Filters]]"
2258,35616,"Wonderful Pistachios, 16-Ounce Bag, Roasted and salted.","[[Grocery & Gourmet Food,Pantry Staples,Cooking & Baking,Nuts & Seeds,Pistachios]]"
2259,35622,Guajillo Powder - 18 Oz Jar Each,"[[Grocery & Gourmet Food,Herbs, Spices & Seasonings,Single Herbs & Spices,Chili Powder]]"
2260,35644,"Knorr/Lipton Rice &amp; Sauce, Rice Medley, 5.6-Ounce Packages (Pack of 12)","[[Grocery & Gourmet Food,Pantry Staples,Canned, Jarred & Packaged Foods,Packaged Meals & Side Dishes,Rice Dishes,Risotto]]"
2261,35667,"Nutiva Organic Coconut Flour, 3 Pound","[[Grocery & Gourmet Food,Pantry Staples,Cooking & Baking,Flours & Meals,Wheat Flours & Meals]]"
2262,35672,"Krusteaz Chocolate Chip Pancake Mix, 24-Ounce Boxes (Pack of 4)","[[Grocery & Gourmet Food,Cooking & Baking,Baking Mixes,Pancakes & Waffles]]"
2263,35718,"Cavenders All Purpose Greek Seasoning, 4 Pack (4 X 8oz) by Parthenonfoods.com","[[Grocery & Gourmet Food,Pantry Staples,Herbs, Spices & Seasonings,Mixed Spices & Seasonings,Greek Seasoning]]"
2264,35726,"Bakto Flavors Natural Collection, Floral Plus, 0.925 Pound","[[Grocery & Gourmet Food,Cooking & Baking,Extracts & Flavoring]]"
2265,35737,"Kookaburra Australian Black Licorice, 16 Oz.","[[Grocery & Gourmet Food,Candy & Chocolate,Jelly Beans & Gummy Candy,Licorice]]"
2266,35742,"Green Mountain Coffee Kenyan AA, 24-Count K-Cups For Keurig Brewers (Pack of 2)","[[Grocery & Gourmet Food,Beverages,Coffee, Tea & Cocoa,Coffee,Single-Serve Capsules & Pods]]"
2267,35747,"Organic Camano Island Coffee Roasters Sumatra, Dark Roast, Whole Bean, 16 Ounce Bag","[[Grocery & Gourmet Food,Beverages,Coffee, Tea & Cocoa,Coffee,Roasted Coffee Beans]]"
2268,35756,Kale Krunch Hibiscus &amp; Pink Peppercorn - 2.2 oz - CASE OF 12,"[[Grocery & Gourmet Food,Snack Foods,Chips & Crisps]]"
2269,35763,"MTR Alu Methi, 10.58-Ounce Boxes (Pack of 10)","[[Grocery & Gourmet Food,Canned, Jarred & Packaged Foods,Packaged Meals & Side Dishes,Indian Dishes]]"
2270,35768,"Chiarezza Cereal, Almighty Mango Goji, 9 Ounce","[[Grocery & Gourmet Food,Breakfast Foods,Cereals,Oatmeal]]"
2271,35785,"Kernel Season's Parmesan &amp; Garlic Popcorn Seasoning, 2.85 Ounce Shakers (Pack of 6)","[[Grocery & Gourmet Food,Herbs, Spices & Seasonings,Salt & Salt Substitutes,Popcorn Salt]]"
2272,35794,"Snyder's of Hanover Organic Pumpernickel &amp; Onion Pretzel Sticks, 8-Ounce Packages (Pack of 12)","[[Grocery & Gourmet Food,Snack Foods,Pretzels]]"
2273,35802,"Soyjoy Blueberry Baked Whole Soy and Fruit Bar, 1.05-Ounce (Pack of 12)","[[Grocery & Gourmet Food,Breakfast Foods,Breakfast & Cereal Bars]]"
2274,35808,"Kopi Luwak High Class Whole Bean Coffee Bag 200 grams, Medium Roast","[[Grocery & Gourmet Food,Beverages,Coffee, Tea & Cocoa,Coffee,Roasted Coffee Beans]]"
2275,35831,McCormick Pure Vanilla Extract-16 OZ,"[[Grocery & Gourmet Food,Pantry Staples,Cooking & Baking,Extracts,Natural]]"
2276,35836,"Bob's Red Mill Beans Pinto, 27-Ounce (Pack of 4)","[[Grocery & Gourmet Food,Dried Beans, Grains & Rice,Beans,Pinto]]"
2277,35873,"Green Giant Mixed Vegetable Blend, 15-Ounce (Pack of 6)","[[Grocery & Gourmet Food,Canned, Jarred & Packaged Foods,Vegetables]]"
2278,35896,"Chiclets Tiny Size Gum, 0.5-Ounce Bags (Pack of 20)","[[Grocery & Gourmet Food,Candy & Chocolate,Chewing & Bubble Gum]]"
2279,35909,"Annie Chun's Chow Mein Noodles, 12-Ounce Boxes (Pack of 6)","[[Grocery & Gourmet Food,Pasta & Noodles]]"
2280,35917,Ritz Handi Snacks Crackers 'n Cheese Dip - 30 SNACK PACKS of 0.95 oz,"[[Grocery & Gourmet Food,Snack Foods,Crackers]]"
2281,35927,"Earth's Best Organic 2nd Fruit Variety Pack, 4-Ounce Jars (Pack of 12)",[[]]
2282,35983,"Bergin Nut Company Organic Green Lentils, 16-Ounce Bags (Pack of 6)","[[Grocery & Gourmet Food,Dried Beans, Grains & Rice,Lentils]]"
2283,35988,"Keebler Town House Pita Crackers, Mediterranean Herb, 9.5 Ounce","[[Grocery & Gourmet Food,Snack Foods,Chips & Crisps,Pita]]"
2284,36016,"Tassimo King of Joe Espresso, 16-Count","[[Grocery & Gourmet Food,Beverages,Coffee, Tea & Cocoa,Coffee,Cold-Brew Coffee & Concentrate]]"
2285,36043,Hostess Twinkies 10 ct Sponge Cake with Creamy Filling 13.5 oz,"[[Grocery & Gourmet Food,Breads & Bakery,Cakes]]"
2286,36051,Hodgson Mills Whole Wheat Buttermilk Pancake Mix -- 32 oz,"[[Grocery & Gourmet Food,Cooking & Baking,Baking Mixes,Pancakes & Waffles]]"
2287,36065,"Old El Paso Refried Beans, Fat Free, 16-Ounce (Pack of 12)","[[Grocery & Gourmet Food,Canned, Jarred & Packaged Foods,Beans & Peas,Refried Beans]]"
2288,36092,"Tortuga Rum Cream Gourmet Ground Coffee, 8 Ounce Bag","[[Grocery & Gourmet Food,Beverages,Coffee, Tea & Cocoa,Coffee,Ground Coffee]]"
2289,36094,Crio Bru Maracaibo (12 oz),"[[Grocery & Gourmet Food,Beverages,Coffee, Tea & Cocoa,Coffee Substitutes]]"
2290,36099,"Ferara Pasta, Penne (Mostacioli), 1-Pound (Pack of 20)","[[Grocery & Gourmet Food,Pantry Staples,Pasta & Noodles,Pasta,Penne]]"
2291,36159,"Mother Earth Products Freeze Dried Mushrooms, 1 Full Quart","[[Sports & Outdoors,Outdoor Recreation,Camping & Hiking,Camp Kitchen,Freeze-Dried Food]]"
2292,36165,"Gourmet Writer Food Decorator Pens, Assorted Colors, Set of 10","[[Grocery & Gourmet Food,Cooking & Baking,Frosting, Icing & Decorations,Frostings & Icings]]"
2293,36188,Variety Pack - Trader Joe's Speculoos Cookie Butter (1 Smooth and 1 Crunchy) - Total of 2 Jars,"[[Grocery & Gourmet Food,Jams, Jellies & Sweet Spreads,Nut & Seed Butters]]"
2294,36190,Lundberg Organic Sweet Dreams&#65533; Brown Rice Syrup -- 21 fl oz,"[[Grocery & Gourmet Food,Pantry Staples,Cooking & Baking,Syrups, Sugars & Sweeteners,Maple Syrup]]"
2295,36229,"Hershey's Miniatures Assortment, 40-Ounce Bag","[[Grocery & Gourmet Food,Candy & Chocolate,Candy & Chocolate Assortments]]"
2296,36247,"Green Giant Whole Kernel Sweet Corn Liquid, 15.25-Ounce (Pack of 8)","[[Grocery & Gourmet Food,Pantry Staples,Canned, Jarred & Packaged Foods,Vegetables,Corn]]"
2297,36258,"Al Dente Carba-Nada Egg Fettuccine, 10-Ounce Bags (Pack of 6)","[[Grocery & Gourmet Food,Pasta & Noodles,Pasta,Fettuccine]]"
2298,36262,"Traverse Bay Fruit Co. Dried Cherries, 8-Ounce Containers  (Pack of 4)","[[Grocery & Gourmet Food,Produce,Dried Fruits & Vegetables,Dried Fruits]]"
2299,36273,Hand Crafted Candy Tin Lemon Ice Chips Candy 1.76 oz Candy,"[[Grocery & Gourmet Food,Candy & Chocolate,Hard Candy & Lollipops,Hard Candy]]"
2300,36277,Bequet Gourmet Celtic Sea Salt Caramel - 8 oz bag,"[[Grocery & Gourmet Food,Candy & Chocolate,Brittle, Caramel & Toffee,Caramels]]"
2301,36286,"Sun Maid Mixed Fruit, 7-Ounce Pouches (Pack of 6)","[[Grocery & Gourmet Food,Produce]]"
2302,36347,"La Tourangelle Toasted Sesame Oil, 16.9-Ounce Unit (Pack of 3)","[[Grocery & Gourmet Food,Cooking & Baking,Cooking Oils, Vinegars & Sprays,Oils,Sesame]]"
2303,36349,"Davidson's Tea Bulk, Decaf English Breakfast, 16-Ounce Bag","[[Grocery & Gourmet Food,Beverages,Coffee, Tea & Cocoa,Tea,Black]]"
2304,36351,"YummyEarth Organic Lollipops, Assorted Flavors, 5-Pound Bag","[[Grocery & Gourmet Food,Candy & Chocolate,Hard Candy & Lollipops,Suckers & Lollipops]]"
2305,36353,"Wolfgang Puck Organic Hearty Garden Vegetable Soup, 14.5 Ounce Cans (Pack of 12)","[[Grocery & Gourmet Food,Pantry Staples,Soups, Stocks & Broths,Vegetable Soups]]"
2306,36378,"Lindt Gourmet Truffles Gift Box, 7.3-Ounce Packages","[[Grocery & Gourmet Food,Candy & Chocolate,Chocolate & Fudge,Chocolate Truffles]]"
2307,36433,"Timothy's World Coffee, Midnight Magic, Extra Bold, K-Cup Portion Pack for Keurig K-Cup Brewers (Pack of 50)","[[Grocery & Gourmet Food,Beverages,Coffee, Tea & Cocoa,Coffee,Single-Serve Capsules & Pods]]"
2308,36456,RAURENI ROSE PETALS PRESERVE 350g,"[[Grocery & Gourmet Food,Jams, Jellies & Sweet Spreads,Jams, Jellies & Preserves]]"
2309,36470,MGO 400+ MANUKA HONEY 100% Pure by Manuka Health New Zealand Ltd. - 8.8oz jar,"[[Grocery & Gourmet Food,Pantry Staples,Cooking & Baking,Syrups, Sugars & Sweeteners,Honey]]"
2310,36471,Raw Whole Macadamias (1 Pound Bag),"[[Grocery & Gourmet Food,Beverages,Coffee, Tea & Cocoa]]"
2311,36511,"Viva Labs Organic Raw Chia Seeds, 1 lb Bag","[[Grocery & Gourmet Food,Cooking & Baking,Nuts & Seeds,Chia Seeds]]"
2312,36517,"Campbell's Chunky Split Pea &amp; Ham Soup, 19 Ounce Cans (Pack of 12)","[[Grocery & Gourmet Food,Soups, Stocks & Broths,Chicken Soups]]"
2313,36521,"Hansen's Grapefruit Soda, 12 Ounce Cans (Pack of 24)","[[Grocery & Gourmet Food,Beverages,Bottled Beverages, Water & Drink Mixes,Soft Drinks]]"
2314,36534,"Bob's Red Mill Organic Buckwheat Flour, 22-Ounce (Pack of 4)","[[Grocery & Gourmet Food,Cooking & Baking,Flours & Meals,Buckwheat]]"
2315,36554,Meltykiss Fruity Strawberry Koi Ichigo 60g,"[[Grocery & Gourmet Food,Candy & Chocolate,Candy & Chocolate Bars]]"
2316,36597,Loving Hut Red Yeast Log - 1 kg,"[[Grocery & Gourmet Food,Pantry Staples,Cooking & Baking,Leaveners & Yeasts]]"
2317,36604,"La Perruche Sugar Cubes, Brown, 8.8-Ounce","[[Grocery & Gourmet Food,Cooking & Baking,Syrups, Sugars & Sweeteners,Sugars]]"
2318,36609,"Chincoteague Seafood Soup-Er Crate, 4 - 15 oz. cans","[[Grocery & Gourmet Food,Soups, Stocks & Broths,Chowders]]"
2319,36610,"Belvita Breakfast Biscuit, Apple Cinnamon, 8.8-Ounce (Pack of 3)","[[Grocery & Gourmet Food,Snack Foods,Cookies]]"
2320,36618,"Healthy Choice Chicken Tortilla Soup, 14-Ounce Microwavable Containers (Pack of 6)","[[Grocery & Gourmet Food,Pantry Staples,Soups, Stocks & Broths,Chicken Soups]]"
2321,36649,"Celestial Seasonings Herb Tea, Country Peach Passion, 20-Count Tea Bags (Pack of 6)","[[Grocery & Gourmet Food,Beverages,Coffee, Tea & Cocoa,Tea,Herbal]]"
2322,36654,"Deluxe Mixed Nuts - Roasted Unsalted, 2 Lbs","[[Grocery & Gourmet Food,Pantry Staples,Cooking & Baking,Nuts & Seeds,Mixed Nuts]]"
2323,36695,8 K-cup Gloria Jean's Brown Sugar Cake Sampler - NEW Delicious Flavor!,"[[Grocery & Gourmet Food,Beverages,Coffee, Tea & Cocoa,Coffee,Single-Serve Capsules & Pods]]"
2324,36708,"Loma Linda Redi-Burger, Low Fat, 19-Ounce Cans (Pack of 12)",[[]]
2325,36744,"Hain Pure Foods Vegetarian Brown Gravy Mix, 0.7 Ounce (Pack of 24)","[[Grocery & Gourmet Food,Sauces, Gravies & Marinades,Gravies,Brown]]"
2326,36780,Nut Roaster's Reserve Pecans -- Roasted &amp; Salted (24 Ounces),"[[Grocery & Gourmet Food,Cooking & Baking,Nuts & Seeds,Pecans]]"
2327,36814,"The Organic Coffee Co. Decaf Gorilla Coffee, 36 OneCup Single Serve Cups","[[Grocery & Gourmet Food,Beverages,Coffee, Tea & Cocoa,Coffee,Single-Serve Capsules & Pods]]"
2328,36853,"Bob's Red Mill Banana Chips, 10-Ounce Packages (Pack of 4)","[[Grocery & Gourmet Food,Produce,Dried Fruits & Vegetables,Dried Fruits]]"
2329,36858,Freeze Dried Peas - 1.25 Pound Can,"[[Sports & Outdoors,Outdoor Recreation,Camping & Hiking,Camp Kitchen,Freeze-Dried Food]]"
2330,36865,"San Francisco Bay Coffee French Roast, 80 OneCup Single Serve Cups","[[Grocery & Gourmet Food,Beverages,Coffee, Tea & Cocoa,Coffee,Single-Serve Capsules & Pods]]"
2331,36914,"Santa Cruz Organic Apple Apricot Sauce, 6 Count, 4-Ounce Cups (Pack of 4)","[[Grocery & Gourmet Food,Snack Foods,Applesauce & Fruit Cups,Applesauce]]"
2332,36939,Himalayan Pink Salt - Fine FunFresh 8.75 oz Powder,"[[Grocery & Gourmet Food,Herbs, Spices & Seasonings,Salt & Salt Substitutes,Sea Salt]]"
2333,36970,"Simply Organic Chili Powder Certified Organic, 2.89-Ounce Container","[[Grocery & Gourmet Food,Herbs, Spices & Seasonings,Mixed Spices & Seasonings,Chili Powder]]"
2334,36982,"Navitas Naturals Organic Raw Cacao Liquor/Paste, 16-Ounce","[[Grocery & Gourmet Food,Pantry Staples,Cooking & Baking,Baking Chocolates, Carob & Cocoa,Cocoa]]"
2335,36990,"Nongshim Shin Ramyun Black Noodle Soup, 4.58 Ounce (Pack of 24)","[[Grocery & Gourmet Food,Canned, Jarred & Packaged Foods,Packaged Meals & Side Dishes,Asian Dishes]]"
2336,36992,Want Want Big Shelly Shenbei Snowy Crispy Rice Cracker Biscuits - Sugar Glazed 5.30 oz.,"[[Grocery & Gourmet Food,Snack Foods,Cookies,Biscuits]]"
2337,37006,"Ceylon Tea, Organic Oolong, 100-Count Tea Bags (Pack of 2)","[[Grocery & Gourmet Food,Beverages,Coffee, Tea & Cocoa,Tea]]"
2338,37010,"Side Mates Pearl Couscous, Portabella Mushroom and Sun-Dried Tomatoes, 6 Ounce (Pack of 8)","[[Grocery & Gourmet Food,Canned, Jarred & Packaged Foods,Fruits]]"
2339,37011,"McCormick Curry Powder, 16-Ounce","[[Grocery & Gourmet Food,Pantry Staples,Herbs, Spices & Seasonings,Mixed Spices & Seasonings,Curry Powder]]"
2340,37050,"SteviaClear Liquid Stevia Extract, 2-Ounce Bottles (Pack of 2)","[[Grocery & Gourmet Food,Cooking & Baking,Sugar Substitutes,Stevia]]"
2341,37055,Starbucks Via Ready Brew Italian Roast Extra Bold Instant 8-3 Packs,"[[Grocery & Gourmet Food,Beverages,Coffee, Tea & Cocoa,Coffee,Instant Coffee]]"
2342,37146,"Plum Organics Tots Teensy Fruits, Apple, 5 Count (Pack of 8) (400g)","[[Baby Products,Feeding,Baby Foods,Meals]]"
2343,37170,"Hershey's Nuggets Chocolate Assortment, 38.5-Ounce Bag","[[Grocery & Gourmet Food,Candy & Chocolate,Candy & Chocolate Bars]]"
2344,37174,"Caf&eacute; Escapes Vue Cups for Keurig Vue Brewers (Chai Latte, 16 Count)","[[Grocery & Gourmet Food,Beverages,Coffee, Tea & Cocoa,Tea,Tea Samplers]]"
2345,37183,"Barilla Mezze Penne Pasta, 16 Ounce Boxes (Pack of 4)","[[Grocery & Gourmet Food,Pantry Staples,Pasta & Noodles,Pasta,Bow-Tie]]"
2346,37209,"Popchips 11-Flavor Variety Pack, 0.8-Ounce Single Serve Bags (Pack of 24)","[[Grocery & Gourmet Food,Snack Foods,Chips & Crisps,Potato]]"
2347,37213,"SunTropics Coconut Juice, 17.5-Ounce (Pack of 12)","[[Grocery & Gourmet Food,Beverages,Bottled Beverages, Water & Drink Mixes,Juices,Fruit Juice]]"
2348,37223,"Blue Diamond Almonds Wasabi &amp; Soy Sauce, Value Pack, 16-Ounce Bag","[[Grocery & Gourmet Food,Pantry Staples,Cooking & Baking,Nuts & Seeds,Almonds]]"
2349,37246,"King Arthur Chocolate Cake Mix, 22 Ounce -- 6 per case.","[[Grocery & Gourmet Food,Pantry Staples,Cooking & Baking,Baking Mixes,Cakes]]"
2350,37247,Pearson's Salted Pecan Rolls 24ct.,"[[Grocery & Gourmet Food,Candy & Chocolate,Candied & Chocolate-covered Snacks,Nut Clusters]]"
2351,37258,"Mother Earth Products Freeze Dried Strawberries, 1 Full Quart","[[Grocery & Gourmet Food,Produce,Dried Fruits & Vegetables,Dried Fruits,Dried Berries]]"
2352,37269,"Cracker Jack, the original flavor caramel coated popcorn &amp; peanuts, 24 1oz.-boxes","[[Grocery & Gourmet Food,Snack Foods,Popcorn,Popped]]"
2353,37293,"Tanka Bar,natural Buffalo Cranberry Bar, 1-Ounce Bar (Pack of 12)","[[Grocery & Gourmet Food,Snack Foods,Jerky & Dried Meats]]"
2354,37331,Mt. Olive Hamburger Dill Chips Pickles 16 oz,"[[Grocery & Gourmet Food,Olives, Pickles & Relishes,Pickles,Dill Pickles]]"
2355,37367,"Mrs Bridges Ginger Preserve with Malt Whisky, 12 Ounce","[[Grocery & Gourmet Food,Pantry Staples,Jams, Jellies & Sweet Spreads,Jams, Jellies & Preserves]]"
2356,37380,"Swiss Miss Marshmallow Hot Cocoa Mix, 50 packets","[[Grocery & Gourmet Food,Beverages,Coffee, Tea & Cocoa,Cocoa]]"
2357,37383,McVities Rich Tea Biscuits 300g,"[[Grocery & Gourmet Food,Breads & Bakery,Cookies]]"
2358,37392,"Orange, Sweet Essential Oil 4 oz","[[Health & Household,Health Care,Alternative Medicine,Aromatherapy]]"
2359,37393,"Kraft Pure Honey, 9-Gram Packages (Pack of 200)","[[Grocery & Gourmet Food,Cooking & Baking,Syrups, Sugars & Sweeteners,Honey]]"
2360,37414,"Green Mountain Coffee Decaf Breakfast Blend  (Light Roast Coffee), K-Cup Portion Pack for Keurig K-Cup Brewers (Pack of 24)","[[Grocery & Gourmet Food,Beverages,Coffee, Tea & Cocoa,Coffee,Single-Serve Capsules & Pods]]"
2361,37421,Ener-G Tapioca Dinner Rolls Gluten Free -- 9.88 oz,"[[Grocery & Gourmet Food,Breads & Bakery,Breads]]"
2362,37432,"McCormick Food Coloring, Red, 16-Ounce","[[Grocery & Gourmet Food,Pantry Staples,Cooking & Baking,Food Coloring]]"
2363,37433,Cafe Escapes Chai Latte K-Cups for Keurig - 24 Pack,"[[Grocery & Gourmet Food,Beverages,Coffee, Tea & Cocoa,Tea,Chai]]"
2364,37438,Cook's Pure Vanilla Powder 1.5 lb. Jar,"[[Grocery & Gourmet Food,Pantry Staples,Cooking & Baking,Flavoring Powders]]"
2365,37441,"Ghirardelli Chocolate Intense Dark 86% Cacao Midnight Reverie Gift Bag, 4.12oz","[[Grocery & Gourmet Food,Candy & Chocolate,Candy & Chocolate Bars]]"
2366,37442,"Quaker Chewy Granola Bars Chocolate Chunk, Oatmeal Raisin and Peanut Butter Variety Pack 90 Calories, 8 Bars per Pack  Net Wt 6.7 oz.., (Pack of 6)","[[Grocery & Gourmet Food,Snack Foods,Bars,Granola]]"
2367,37457,Nong Shim Hot and Spicy Noodle Soup:Ansung Tangmyun,"[[Grocery & Gourmet Food,Soups, Stocks & Broths,Noodle Soups]]"
2368,37459,Balsamic Vinegar Gift Set,"[[Grocery & Gourmet Food,Food & Beverage Gifts]]"
2369,37463,"La Choy Rice Noodles, 3-Ounce Canisters (Pack of 12)","[[Grocery & Gourmet Food,Pantry Staples,Canned, Jarred & Packaged Foods,Packaged Meals & Side Dishes,Pasta & Noodle Dishes]]"
2370,37488,"Del Monte Diced Tomatoes Basil, Garlic and Oregano, 14.5-Ounce (Pack of 8)","[[Grocery & Gourmet Food,Canned, Jarred & Packaged Foods,Vegetables,Tomatoes,Diced]]"
2371,37495,"L&Auml;RABAR &Uuml;ber Bar 3-Flavor Variety: One 1.42 oz Bar Each of Cherry Cobbler, Bananas Foster, and Apple Turnover in a Gift Box","[[Grocery & Gourmet Food,Breakfast Foods,Breakfast & Cereal Bars,Energy & Nutritional]]"
2372,37519,"Duncan Hines Signature Spice Cake Mix, 16.50-Ounce Boxes (Pack of 6)","[[Grocery & Gourmet Food,Pantry Staples,Cooking & Baking,Baking Mixes,Cakes]]"
2373,37609,"Emerald Roasted Walnuts, Dry, 12 Count","[[Grocery & Gourmet Food,Pantry Staples,Cooking & Baking,Nuts & Seeds]]"
2374,37640,"Thai Kitchen Bangkok Curry Instant Rice Noodle Soup, 1.60-Ounce Package (Pack of 12)","[[Grocery & Gourmet Food,Canned, Jarred & Packaged Foods,Packaged Meals & Side Dishes,Pasta & Noodle Dishes]]"
2375,37649,"The Spice Hunter Mexican Seasoning, Organic, 1.4-Ounce Jar","[[Grocery & Gourmet Food,Herbs, Spices & Seasonings,Mixed Spices & Seasonings,Mexican Seasoning]]"
2376,37676,"Better Oats Oat Revolution Steel Cut, Maple and Brown Sugar, 15.1oz (Pack of 6)","[[Grocery & Gourmet Food,Breakfast Foods,Cereals,Oatmeal]]"
2377,37692,"San Francisco Bay Coffee Organic Rainforest Blend, 12-Count OneCup Single Serve Cups (Pack of 3)","[[Grocery & Gourmet Food,Beverages,Coffee, Tea & Cocoa,Coffee,Single-Serve Capsules & Pods]]"
2378,37695,"Primal Spirit Meatless Jerky, Teriyaki Flavor, 1-Ounce Pouches (Pack of 24)","[[Grocery & Gourmet Food,Snack Foods,Meat Snacks,Jerky]]"
2379,37707,"Milk Chocolate Covered Cashews, 1 Lb. Bag","[[Grocery & Gourmet Food,Candy & Chocolate,Candied & Chocolate-covered Snacks,Candied & Chocolate-coated Nuts]]"
2380,37716,"FREE SAMPLE - Kind Peanut Butter Dark Chocolate + Protein, 1.4 Ounce Bar (Free with purchase of a qualifying item)","[[Grocery & Gourmet Food,Snack Foods]]"
2381,37780,"Harmony House Foods, Dried Carrots, Diced, 16 Ounce Quart Size Jar","[[Sports & Outdoors,Outdoor Recreation,Camping & Hiking,Camp Kitchen,Freeze-Dried Food]]"
2382,37799,"Chinese Black Rice, 1 lb.","[[Grocery & Gourmet Food,Dried Beans, Grains & Rice,Grains & Rice,White]]"
2383,37805,Mary Janes Old Fashioned Candy - 2 Lbs,"[[Grocery & Gourmet Food,Candy & Chocolate,Jelly Beans & Gummy Candy,Gummy Candy]]"
2384,37813,Fee Brothers Cranberry Bitters 5oz,"[[Grocery & Gourmet Food,Beverages,Bottled Beverages, Water & Drink Mixes,Cocktail Mixers,Bitters]]"
2385,37833,"RiceSelect Jasmati Rice, 32-Ounce Jars (Pack of 4)","[[Grocery & Gourmet Food,Pantry Staples,Dried Grains & Rice,Brown]]"
2386,37837,"Crisco Pure Vegetable Oil, 128 Ounce (Pack of 4)","[[Grocery & Gourmet Food,Pantry Staples,Cooking & Baking,Cooking Oils, Vinegars & Sprays,Oils,Vegetable]]"
2387,37874,Nestle Toffee Crisp Pack of 6,"[[Grocery & Gourmet Food,Candy & Chocolate,Candy & Chocolate Bars]]"
2388,37879,"Bellino Holiday Package, 3 Count",[[]]
2389,37883,"Splenda Brown Sugar Blend, 16-Ounce Packages (Pack of 4 )","[[Grocery & Gourmet Food,Cooking & Baking,Syrups, Sugars & Sweeteners,Sugars]]"
2390,37899,"Conchita Guava Paste, Pasta De Guayava, 14 Oz Each (3pk)","[[Grocery & Gourmet Food,Jams, Jellies & Sweet Spreads,Jams, Jellies & Preserves]]"
2391,37903,"Wheat Montana Gold Flour, Prairie, 50 Pound","[[Grocery & Gourmet Food,Cooking & Baking,Flours & Meals,Wheat Flours & Meals]]"
2392,37914,"Taster's Choice Original House Blend Instant Coffee, 10 Ounce Canister","[[Grocery & Gourmet Food,Beverages,Coffee, Tea & Cocoa,Coffee,Instant Coffee]]"
2393,37930,"Stevita Liquid Squeeze Bottle Sweetener, Strawberry, 1.35 Ounce","[[Grocery & Gourmet Food,Cooking & Baking,Sugar Substitutes,Stevia]]"
2394,37936,ICE CHIPS Candy Cinnamon single pack,"[[Grocery & Gourmet Food,Candy & Chocolate,Hard Candy & Lollipops,Hard Candy]]"
2395,37947,King's Hawaiian Rolls Original Hawaiian Sweet Rolls 12 ct. ( 2 packs ),"[[Grocery & Gourmet Food,Breads & Bakery,Packaged Breads]]"
2396,37953,"Krusteaz Wild Blueberry Supreme Muffin Mix, 17.1-Ounce Boxes (Pack of  12)","[[Grocery & Gourmet Food,Pantry Staples,Cooking & Baking,Baking Mixes,Muffins]]"
2397,37983,"Anchor Bar, Sauce Wing Hotter Recipe, 12-Fluid Ounce","[[Grocery & Gourmet Food,Sauces, Gravies & Marinades,Hot Sauce]]"
2398,38015,"Bigelow Cozy Chamomile Herbal Tea, 20-Count Boxes (Pack of 6)","[[Grocery & Gourmet Food,Beverages,Coffee, Tea & Cocoa,Tea,Herbal]]"
2399,38016,"Xlear Xylosweet Bag, 1-Pound","[[Grocery & Gourmet Food,Cooking & Baking,Sugar Substitutes,Xylitol]]"
2400,38033,Red Robin Seasoning 16 Oz. Signature Blend,"[[Grocery & Gourmet Food,Herbs, Spices & Seasonings,Mixed Spices & Seasonings,Meat Seasoning]]"
2401,38046,"Fondarific Chocolate Fondant Brown, 2-Pounds","[[Grocery & Gourmet Food,Cooking & Baking,Frosting, Icing & Decorations,Frostings & Icings]]"
2402,38075,"IZZE Fortified Sparkling Juice, Pomegranate, 8.4-Ounce Cans (Pack of 24)","[[Grocery & Gourmet Food,Beverages,Bottled Beverages, Water & Drink Mixes,Juices,Sparkling Juice]]"
2403,38085,"Rolo Chewy Caramels in Milk Chocolate, 12-Ounce Bags (Pack of 4)","[[Grocery & Gourmet Food,Candy & Chocolate,Brittle, Caramel & Toffee,Caramels]]"
2404,38090,Justin's Natural Chocolate Almond Butter (box of 10),"[[Grocery & Gourmet Food,Pantry Staples,Nut & Seed Butters,Almond Butter]]"
2405,38112,"S&amp;W Leaf Spinach, 13.5 Ounce (Pack of 12)","[[Grocery & Gourmet Food,Canned, Jarred & Packaged Foods,Vegetables]]"
2406,38118,"CBTL Butterscotch Toffee Coffee Capsules By The Coffee Bean &amp; Tea Leaf, 16-Count Box","[[Grocery & Gourmet Food,Beverages,Coffee, Tea & Cocoa,Tea,Tea Samplers]]"
2407,38134,RAURENI PLUM BUTTER 'MAGIUN DE PRUNE&quot; 350g,"[[Grocery & Gourmet Food,Jams, Jellies & Sweet Spreads,Fruit Butters]]"
2408,38150,"Beanitos Chips, Nacho Cheese White Bean, 6 Ounce","[[Grocery & Gourmet Food,Snack Foods,Chips & Crisps,Potato]]"
2409,38152,"Bob's Red Mill Unsweetened Medium Shredded Coconut, 24-Ounce Packages (Pack of 4)","[[Grocery & Gourmet Food,Cooking & Baking,Coconut Flakes]]"
2410,38166,"Twizzlers Nibs, Cherry, 6-Ounce Bags (Pack of 12)","[[Grocery & Gourmet Food,Candy & Chocolate,Jelly Beans & Gummy Candy,Licorice]]"
2411,38170,"Harmony House Foods Freeze-Dried Banana, slices (6 oz, Quart Size Jar)","[[Grocery & Gourmet Food,Pantry Staples,Canned, Jarred & Packaged Foods,Fruits,Bananas]]"
2412,38180,Van Houtte WHITE CHOCOLATE MINT - Box of 24,"[[Grocery & Gourmet Food,Candy & Chocolate,Candy & Chocolate Assortments]]"
2413,38188,"M&amp;m's Christmas Cherry Cordial's 9.90 Oz, 2 Bags","[[Grocery & Gourmet Food,Candy & Chocolate,Candy & Chocolate Assortments]]"
2414,38196,"Beach Cliff, Sardines in Mustard Sauce, 3.75 oz","[[Grocery & Gourmet Food,Pantry Staples,Sauces, Gravies & Marinades,Hot Sauce]]"
2415,38209,"The Good Bean Smoky Chili and Lime flavor, 2.5 Ounce (Pack of 12)","[[Grocery & Gourmet Food,Produce,Packaged Produce,Cut & Packaged Vegetables]]"
2416,38214,"Special K Crackers, Savory Herb, 8-Ounce Boxes (Pack of 4)","[[Grocery & Gourmet Food,Snack Foods,Crackers]]"
2417,38221,"Dr. McDougall's Right Foods Vegan White Bean &amp; Pasta Soup, Light Sodium, 1.8-Ounce Cups (Pack of 6)","[[Grocery & Gourmet Food,Soups, Stocks & Broths,Vegetable Soups]]"
2418,38256,"Nature Valley Breakfast Biscuits, Blueberry, 8.85 Ounce","[[Grocery & Gourmet Food,Snack Foods,Cookies,Biscuits]]"
2419,38257,"Puroast Low Acid Coffee House Blend Natural Decaf Whole Bean, 0.75-Pound Bag (Pack of 2)","[[Grocery & Gourmet Food,Beverages,Coffee, Tea & Cocoa,Coffee,Ground Coffee]]"
2420,38258,"the Peelu Co. Chewing Gum, Spearmint, 100-Count","[[Grocery & Gourmet Food,Candy & Chocolate,Chewing & Bubble Gum]]"
2421,38262,JIF Creamy Peanut Butter 16 oz. 2 Pack,"[[Grocery & Gourmet Food,Jams, Jellies & Sweet Spreads,Nut & Seed Butters,Peanut Butter]]"
2422,38277,"Caffe D'Vita Sugar Free Hot Cocoa, 10 Ounce Can","[[Grocery & Gourmet Food,Beverages,Coffee, Tea & Cocoa,Cocoa]]"
2423,38286,"Lancaster Soft Creme Candy, Caramel, 8 Ounce","[[Grocery & Gourmet Food,Candy & Chocolate,Brittle, Caramel & Toffee,Caramels]]"
2424,38288,"Snyders Mini Pretzels Tub, 40 Ounce","[[Grocery & Gourmet Food,Snack Foods,Pretzels]]"
2425,38295,"Special K Cereal, Original, 18-Ounce Boxes (Pack of 3)","[[Grocery & Gourmet Food,Breakfast Foods,Cereals,Cold Cereals]]"
2426,38313,Cafe Sello Rojo 6 PACK Espresso Ground Coffee 6 x 500g,"[[Grocery & Gourmet Food,Beverages,Coffee, Tea & Cocoa,Coffee,Ground Coffee]]"
2427,38359,"Peet's Coffee French Roast Single Cup Capsule, 96-Count","[[Grocery & Gourmet Food,Beverages,Coffee, Tea & Cocoa,Coffee,Single-Serve Capsules & Pods]]"
2428,38366,"Dried Crystallized Ginger, 3 LB - Sincerely Nuts",[[]]
2429,38368,"Grove Square Cappuccino, French Vanilla, 24-Count Single Serve Cup for Keurig K-Cup Brewers","[[Grocery & Gourmet Food,Beverages,Coffee, Tea & Cocoa,Coffee,Single-Serve Capsules & Pods]]"
2430,38389,Vegan Chocolate Chip Cookies - 5 GIANT COOKIES,"[[Grocery & Gourmet Food,Snack Foods,Cookies,Chocolate Chip],[Grocery & Gourmet Food,Snack Foods,Cookies,Chocolate Chip]]"
2431,38392,"Sesmark Original Wheat Sesame Thins, 7 Ounce Packages (Pack of 12)","[[Grocery & Gourmet Food,Snack Foods,Crackers,Wheat]]"
2432,38417,Hunt's Tomato Ketchup No Salt Added No Preservatives 13.5 oz (pack of 6),"[[Grocery & Gourmet Food,Condiments & Salad Dressings,Ketchup]]"
2433,38427,After Eight my Favorite Selection of delicious dark and white mint chocolde,"[[Grocery & Gourmet Food,Candy & Chocolate,Candy & Chocolate Assortments]]"
2434,38443,"The Good Bean Sea Salt flavor, 2.5-Ounce (Pack of 6)","[[Grocery & Gourmet Food,Snack Foods,Party Mix]]"
2435,38451,"Trident White Sugarless Gum, Spearmint, 12-12 Piece Packs (144 Pieces Per Box!)","[[Grocery & Gourmet Food,Candy & Chocolate,Chewing & Bubble Gum]]"
2436,38477,"David Seeds Trail Mix, Sweet and Salty, 5 Ounce (Pack of 8)",[[]]
2437,38484,Hawaiian Shaved Ice - Banana - Snow Cone &amp; Shaved Ice Syrup - 16 Ounces,"[[Grocery & Gourmet Food,Pantry Staples,Cooking & Baking]]"
2438,38496,"Z Nothing Hot Sauce, Beyond Extremely, 5 Ounce","[[Grocery & Gourmet Food,Pantry Staples,Sauces, Gravies & Marinades,Hot Sauce]]"
2439,38502,"Bob's Red Mill Organic  Whole Flaxseed Brown, 24-Ounce Packages (Pack of 4)","[[Grocery & Gourmet Food,Pantry Staples,Herbs, Spices & Seasonings]]"
2440,38559,"5 Lb. Bag, Guatemala Huehuetenango Coffee, Whole Bean, Fresh Roasted Coffee LLC","[[Grocery & Gourmet Food,Beverages,Coffee, Tea & Cocoa,Coffee,Roasted Coffee Beans]]"
2441,38567,"Absolutely Gluten Free Flatbread, Original, 5.29-Ounce","[[Grocery & Gourmet Food,Snack Foods,Crackers,Flatbread]]"
2442,38579,"Viva Labs Premium Organic Granulated Coconut Sugar, 1 lbs","[[Grocery & Gourmet Food,Cooking & Baking,Syrups, Sugars & Sweeteners,Sugars]]"
2443,38583,Hawaiian Chocolate Macadamia Nut Pancake Mix From Hawaii,"[[Grocery & Gourmet Food,Cooking & Baking,Baking Mixes,Pancakes & Waffles]]"
2444,38589,Cashew Roca 10oz Canister,"[[Grocery & Gourmet Food,Candy & Chocolate,Brittle, Caramel & Toffee,Toffee]]"
2445,38593,Campbell's Cream of Mushroom - 10/10.75 oz. cans,"[[Grocery & Gourmet Food,Soups, Stocks & Broths,Vegetable Soups]]"
2446,38621,"Rip Rolls Variety Pack of 4 Flavors, Total of 8 Packs","[[Grocery & Gourmet Food,Candy & Chocolate,Jelly Beans & Gummy Candy,Gummy Candy]]"
2447,38624,"Equal Exchange Baking Cocoa, 8-Ounce Can","[[Grocery & Gourmet Food,Cooking & Baking,Baking Chocolates, Carob & Cocoa,Cocoa]]"
2448,38629,"Anthon Berg Chocolate Cocktails Box, Four Pieces, 2.2 Ounce",[[]]
2449,38666,"Country Choice Organic Iced Oatmeal Snacking Cookies, 7-Ounce Boxes (Pack of 6)","[[Grocery & Gourmet Food,Snack Foods,Cookies,Wafers]]"
2450,38689,"Ka-Me Udon Stir Fry Noodles, 14.2 Ounce Packages (Pack of 6)","[[Grocery & Gourmet Food,Pantry Staples,Pasta & Noodles,Noodles,Udon]]"
2451,38691,"Teas' Tea Unsweetened Golden Oolong Tea, 16.9-Ounce Bottles (Pack of 12)","[[Grocery & Gourmet Food,Beverages,Coffee, Tea & Cocoa,Tea,Green]]"
2452,38706,"Bob's Red Mill Arrowroot Starch Flour, 20 oz","[[Grocery & Gourmet Food,Pantry Staples,Cooking & Baking,Thickeners]]"
2453,38713,"Amazing Grass Organic Wheat Grass Powder, 30 Servings, 8.5-Ounce Container","[[Grocery & Gourmet Food,Snack Foods,Bars]]"
2454,38722,Coffee People Donut Shop REGULAR &amp; DECAF Variety Pack 46 K-Cups for Keurig Brewing Systems,"[[Grocery & Gourmet Food,Beverages,Coffee, Tea & Cocoa,Coffee,Single-Serve Capsules & Pods]]"
2455,38729,Frontier Natural Products - Nutritional Yeast Mini Flakes - 1 lb.,"[[Grocery & Gourmet Food,Cooking & Baking,Leaveners & Yeasts,Active Dry Yeasts],[Grocery & Gourmet Food,Cooking & Baking,Leaveners & Yeasts,Active Dry Yeasts]]"
2456,38757,"Sun-dried White Mulberries (Organic), 16-ounce","[[Grocery & Gourmet Food,Produce,Dried Fruits & Vegetables,Dried Fruits,Dried Berries]]"
2457,38763,Slim Jim Original Smoked Snack Stick 50 Sticks,"[[Grocery & Gourmet Food,Snack Foods,Jerky & Dried Meats]]"
2458,38770,"Hometown Favorites 1960's Nostalgic Candy Gift Box, Retro 60's Candy.",[[]]
2459,38782,Grove Square Single Serve Caramel Cappucino Single serve cup 24 Ct for Keurig Brewers,"[[Grocery & Gourmet Food,Beverages,Coffee, Tea & Cocoa,Coffee,Single-Serve Capsules & Pods]]"
2460,38791,"Coffee-mate Original, 11 Ounce Jar","[[Grocery & Gourmet Food,Beverages,Coffee, Tea & Cocoa,Non-Dairy Coffee Creamers]]"
2461,38804,"The Ginger People Organic Pickled Sushi Ginger, 6.70-Ounce Glass Bottle","[[Grocery & Gourmet Food,Herbs, Spices & Seasonings,Single Herbs & Spices,Ginger]]"
2462,38816,Kenny's Black Licorice Twists - 1 Pound,"[[Grocery & Gourmet Food,Candy & Chocolate,Jelly Beans & Gummy Candy,Licorice]]"
2463,38819,European Cookies with Belgian Chocolate 15 Varieties Tin Net Wt 1.4 kg (49.4 OZ) MADE IN GERMANY,"[[Grocery & Gourmet Food,Snack Foods,Cookies,Chocolate Chip]]"
2464,38823,"M&amp;M Candy, Milk Chocolate, 56 Ounce","[[Grocery & Gourmet Food,Candy & Chocolate,Candy & Chocolate Assortments]]"
2465,38835,"Kellogg's Pop Tarts Mini Crisps, Blueberry, 4.9-Ounce",[[]]
2466,38842,"Bob's Red Mill Organic Grain Quinoa, 26-Ounce Packages (Pack of 4)","[[Grocery & Gourmet Food,Dried Beans, Grains & Rice,Grains & Rice,Quinoa]]"
2467,38853,"Kirkland Signature Sahale Snacks Pecan-Cashew Nut Crips, 16 Ounce","[[Health & Household,Sports Nutrition]]"
2468,38876,"El Yucateco Green Hot Sauce Bottle, Chile Habanero, 8 Ounce","[[Grocery & Gourmet Food,Sauces, Gravies & Marinades,Hot Sauce],[Grocery & Gourmet Food,Sauces, Gravies & Marinades,Hot Sauce]]"
2469,38886,"LARABAR Uber, Cherry Cobbler, Gluten Free, 1.42 oz. Bars,  (Pack of 15)","[[Health & Household,Sports Nutrition,Nutrition Bars,Food Bars]]"
2470,38957,"Hormel Compleats Chicken Breast &amp; Dressing, 10-Ounce Microwavable Bowls (Pack of 6)","[[Grocery & Gourmet Food,Meat & Seafood,Chicken,Breasts]]"
2471,38970,Droste Dutch processed cocoa 8.8oz x 3 boxes (total of 26 ounces),"[[Grocery & Gourmet Food,Pantry Staples,Cooking & Baking,Baking Chocolates, Carob & Cocoa,Cocoa]]"
2472,38979,"ST. DALFOUR Orange Marmalade Conserves, 1 Ounce Jars (Pack of 48)","[[Grocery & Gourmet Food,Jams, Jellies & Sweet Spreads,Marmalades]]"
2473,38997,"Emerald Cocoa Roast Almonds, Dark Chocolate, 10 oz Canister (Pack of 4)","[[Grocery & Gourmet Food,Cooking & Baking,Nuts & Seeds,Almonds]]"
2474,39001,"Walkers Shortbread Assorted, 8.8-Ounce Boxes (Pack of 6)","[[Grocery & Gourmet Food,Snack Foods,Cookies,Shortbread]]"
2475,39003,Leibniz Choco Vollmilch 125g,"[[Grocery & Gourmet Food,Breads & Bakery,Cookies,Chocolate]]"
2476,39020,"Eden Organic Black Beans, No Salt Added, 15-Ounce Cans (Pack of 12)","[[Grocery & Gourmet Food,Canned, Jarred & Packaged Foods,Beans & Peas,Black Beans]]"
2477,39052,"SweetLeaf SteviaTabs Stevia Extract, Tablets, 100-Count Packages (Pack of 4)","[[Grocery & Gourmet Food,Cooking & Baking,Sugar Substitutes,Stevia]]"
2478,39064,Ajinomoto - Hon Dashi (Soup Stock) 5.28 Oz.,"[[Grocery & Gourmet Food,Soups, Stocks & Broths,Broths],[Grocery & Gourmet Food,Soups, Stocks & Broths,Broths]]"
2479,39083,"Wabash Valley Farms Amish Country Gourmet Popping Corn, Vintage Red, 2-Pound Bag","[[Grocery & Gourmet Food,Snack Foods,Popcorn,Unpopped]]"
2480,39088,"Glutino Gluten Free Toaster Pastry, Strawberry, 1.83 oz. 5 Count","[[Grocery & Gourmet Food,Breakfast Foods,Toaster Pastries]]"
2481,39098,"Simply Protein Chips, Chili Flavor 33-Gram (Pack of 12)","[[Health & Household,Sports Nutrition,Healthy Snacks & Beverages,Chips & Crisps]]"
2482,39145,"Zevia Cola Variety Pack, 12-Ounce (Pack of 24)","[[Grocery & Gourmet Food,Beverages,Bottled Beverages, Water & Drink Mixes,Soft Drinks]]"
2483,39149,"Plum Kids Organic Fruit Shredz, Berry'licious, 5-Count (Pack of 8)","[[Baby Products,Feeding,Baby Foods,Meals]]"
2484,39155,"Kashi Fruit &amp; Grain Bar, Dark Chocolate Coconut, Layered Granola Bars 6.7 Ounce (Pack of 6)","[[Grocery & Gourmet Food,Snack Foods,Bars,Granola]]"
2485,39161,"Sun Chips Multigrain Variety Mix, Chips Bags, 30-count, 45-Ounce","[[Grocery & Gourmet Food,Snack Foods,Chips & Crisps,Corn]]"
2486,39164,"Nestle Hot Cocoa Mix, Rich Chocolate, 50 Count, 0.71 Ounce Packets","[[Grocery & Gourmet Food,Beverages,Coffee, Tea & Cocoa,Cocoa]]"
2487,39165,Case of 60 Assorted Snack Size Bags,"[[Grocery & Gourmet Food,Snack Foods,Chips & Crisps,Potato]]"
2488,39198,Cheetos Crunchy - 50/1 oz. bags,"[[Grocery & Gourmet Food,Snack Foods,Puffed Snacks]]"
2489,39215,"Hormel Compleats Chicken &amp; Noodle, 10-Ounce Packages (Pack of 6)","[[Grocery & Gourmet Food,Soups, Stocks & Broths,Chicken Soups]]"
2490,39246,HCG Diet Grissini Breadsticks (Traditional),"[[Grocery & Gourmet Food,Snack Foods,Breadsticks]]"
2491,39292,"Tone's Ground Cayenne Pepper, 16oz Shaker","[[Grocery & Gourmet Food,Herbs, Spices & Seasonings,Pepper & Peppercorns,Ground Pepper]]"
2492,39307,Tea Forte Loose Leaf Tea Canister-Blueberry Merlot,"[[Grocery & Gourmet Food,Beverages,Coffee, Tea & Cocoa,Tea,Herbal]]"
2493,39367,"Mori-Nu Tofu, Lite, Silken, Firm, 12.3-Ounce Boxes (Pack of 12)","[[Grocery & Gourmet Food,Produce,Vegetarian Proteins,Tofu]]"
2494,39379,"Twinings English Breakfast Tea, K-Cup Portion Pack for Keurig K-Cup Brewers, 24-Count","[[Grocery & Gourmet Food,Beverages,Coffee, Tea & Cocoa,Tea,Black]]"
2495,39386,"Food-to-Live POPPY SEEDS - 8 Pounds, (Variety: Blue; Grade: A-1)",[[]]
2496,39393,"Betty Crocker Hamburger Helper Philly Cheesesteak, 6.5-Ounce Boxes (Pack of 12)","[[Grocery & Gourmet Food,Canned, Jarred & Packaged Foods,Packaged Meals & Side Dishes,Pasta & Noodle Dishes]]"
2497,39396,Candy Crate 1950's Classic Retro Candy Gift Box,"[[Grocery & Gourmet Food,Food & Beverage Gifts,Candy & Chocolate Gifts]]"
2498,39409,"M&amp;M's Chocolate Candies Bunny Mix, Peanut, 12.6-Ounce Packages (Pack of 6)","[[Grocery & Gourmet Food,Candy & Chocolate,Candied & Chocolate-Covered Snacks,Nuts]]"
2499,39427,"Meyenberg Goat Milk - Powdered, 12-Ounce","[[Grocery & Gourmet Food,Cooking & Baking,Condensed & Powdered Milk,Powdered]]"
2500,39465,"Chocolate Raspberry Jelly Rings, 16 Oz","[[Grocery & Gourmet Food,Candy & Chocolate,Jelly Beans & Gummy Candy,Gummy Candy]]"
2501,39479,"Underwood Chicken Spread, 4.25 Ounce Cans (Pack of 24)","[[Grocery & Gourmet Food,Condiments & Salad Dressings,Sandwich Spreads]]"
2502,39482,"thinkThin Chocolate Covered Strawberries, Gluten Free, 1.76-Ounce Bar (Pack of 10)",[[]]
2503,39517,Gold Medal Products 2045 Flavacol Seasoning Popcorn Salt 35 OZ(Pack of 2),"[[Grocery & Gourmet Food,Herbs, Spices & Seasonings,Salt & Salt Substitutes,Flavored Salt]]"
2504,39520,Torani Watermelon Syrup 750mL,"[[Grocery & Gourmet Food,Beverages,Bottled Beverages, Water & Drink Mixes,Flavor Syrups]]"
2505,39528,"Amoretti Premium Syrup, White Chocolate, 25.4 Ounce","[[Grocery & Gourmet Food,Beverages,Bottled Beverages, Water & Drink Mixes,Flavor Syrups]]"
2506,39549,"Side Mates Quinoa with Rice, Black Beans and Corn, 5.4 Ounce (Pack of 8)","[[Grocery & Gourmet Food,Pantry Staples,Dried Grains & Rice]]"
2507,39560,"Folgers Classic Roast Instant Coffee, 8 Ounce (Pack of 3)","[[Grocery & Gourmet Food,Beverages,Coffee, Tea & Cocoa,Coffee,Instant Coffee]]"
2508,39576,"Fiber One Soft Baked Cookies, Chocolate Chip 24 Count","[[Grocery & Gourmet Food,Snack Foods,Cookies,Chocolate Chip]]"
2509,39579,"Gripz Chips Deluxe Chocolate Chip Value Pack, 12.6-Ounce (Pack of 6)","[[Grocery & Gourmet Food,Snack Foods,Cookies,Chocolate Chip]]"
2510,39585,MANINIS Ancient Grains Gluten Free Multi-Purpose Flour Mix (5lb bag),"[[Grocery & Gourmet Food,Cooking & Baking,Flours & Meals,Wheat Flours & Meals]]"
2511,39679,"Teas' Tea Unsweetened Lemongrass Green Tea, 16.9-Ounce Bottles (Pack of 12)","[[Grocery & Gourmet Food,Beverages,Coffee, Tea & Cocoa,Tea,Green]]"
2512,39685,"Gold Medal All Purpose Flour, 32-Ounce (Pack of 9)","[[Grocery & Gourmet Food,Cooking & Baking,Flours & Meals,Wheat Flours & Meals]]"
2513,39687,COW Tales Vanilla 36ct,"[[Grocery & Gourmet Food,Candy & Chocolate,Candy & Chocolate Assortments]]"
2514,39710,"VitaSpelt Organic Elbows Whole Grain Spelt Pasta, 10-Ounce Boxes (Pack of 12)","[[Grocery & Gourmet Food,Pasta & Noodles,Pasta]]"
2515,39763,Trader Joe's Speculoos Cookie Butter,"[[Grocery & Gourmet Food,Pantry Staples,Condiments & Salad Dressings,Sandwich Spreads]]"
2516,39775,"Kernel Season's White Cheddar Seasoning, 2.85 Ounce Shakers (Pack of 6)","[[Grocery & Gourmet Food,Herbs, Spices & Seasonings,Salt & Salt Substitutes,Table Salt]]"
2517,39776,Trader Joe's Meyer Lemon Cookie Thins 9oz(255g),"[[Grocery & Gourmet Food,Breads & Bakery,Cookies]]"
2518,39777,"MiO Energy Liquid Water Enhancer, Black Cherry, 1.62 Ounce","[[Grocery & Gourmet Food,Beverages,Bottled Beverages, Water & Drink Mixes,Energy Drinks]]"
2519,39782,"Yamamotoyama Loose Sencha Green Tea, 7-Ounce Bags (Pack of 6)","[[Grocery & Gourmet Food,Beverages,Coffee, Tea & Cocoa,Tea,Green]]"
2520,39792,"PG Tips Decaf Tea Bags, 40 Count","[[Grocery & Gourmet Food,Beverages,Coffee, Tea & Cocoa,Tea,Black]]"
2521,39810,100% NATURAL 4.4 oz GINGER CANDY,"[[Grocery & Gourmet Food,Candy & Chocolate,Ginger Candy]]"
2522,39818,Marmite Yeast Extract - 500g,"[[Grocery & Gourmet Food,Cooking & Baking,Leaveners & Yeasts,Active Dry Yeasts]]"
2523,39826,Really Raw Honey 1 lb Jar,"[[Grocery & Gourmet Food,Pantry Staples,Cooking & Baking,Syrups, Sugars & Sweeteners,Honey]]"
2524,39837,One 16 oz Bob's Red Mill - Sesame Seeds White,"[[Grocery & Gourmet Food,Cooking & Baking,Nuts & Seeds,Sesame Seeds]]"
2525,39879,"Jack Daniels Horse Radish Mustard, 9-Ounce Bottles (Pack of 6)","[[Grocery & Gourmet Food,Condiments & Salad Dressings,Mustard,Yellow Mustard]]"
2526,39935,"Wild Bills Black Peppered Beef Jerky Strips, 30-Count, 15-Ounce","[[Grocery & Gourmet Food,Snack Foods,Jerky & Dried Meats]]"
2527,39945,Simpkins Forest Fruit Travel Sweets x 3,"[[Grocery & Gourmet Food,Candy & Chocolate,Hard Candy & Lollipops,Hard Candy]]"
2528,39970,"Ostrim Beef/Elk Snack Stick, Sweet and Spicy, 1.5 Ounce (Pack of 10)","[[Grocery & Gourmet Food,Snack Foods,Meat Snacks,Jerky]]"
2529,39977,"Trident Vitality Rejuve SGL, 9-Count (Pack of 10)","[[Grocery & Gourmet Food,Candy & Chocolate,Chewing & Bubble Gum]]"
2530,39980,"Peeled Snacks Much-ado-about-Mango, 1.40 oz. bags (Pack of 10)","[[Grocery & Gourmet Food,Produce,Dried Fruits & Vegetables,Dried Fruits,Dried Apples]]"
2531,39982,Tea Forte Single Steeps Loose Tea Sampler,"[[Grocery & Gourmet Food,Beverages,Coffee, Tea & Cocoa,Tea,Tea Samplers]]"
2532,40008,"Horlicks Original Malt Beverage Mix England, 800-Gram Packages (Pack of 2)","[[Grocery & Gourmet Food,Beverages,Bottled Beverages, Water & Drink Mixes,Powdered Drink Mixes & Flavorings,Soft Drink Mixes]]"
2533,40022,Tanka Bar Natural Buffalo Bar Variety Pack of 12,"[[Grocery & Gourmet Food,Snack Foods,Jerky & Dried Meats]]"
2534,40024,Hi-Maize Resistant Starch - 5 Pound Bag,"[[Grocery & Gourmet Food,Cooking & Baking,Flours & Meals]]"
2535,40027,"Lotus Biscoff Spread, Crunchy, 13.4 Ounce",[[]]
2536,40034,"Adagio Teas Gourmet Tea Bags, Silver Needle, 15 Count","[[Grocery & Gourmet Food,Beverages,Coffee, Tea & Cocoa,Tea]]"
2537,40048,GOLDEN GRILL Russet Premium Hashbrown Potatoes 33 oz. Makes 50 Servings,"[[Grocery & Gourmet Food,Canned, Jarred & Packaged Foods,Packaged Meals & Side Dishes,Potatoes & Stuffings,Potato Side Dishes]]"
2538,40051,"Terrasoul Superfoods Raw Cacao Nibs (Organic), 16-ounce","[[Grocery & Gourmet Food,Pantry Staples,Cooking & Baking,Baking Chocolates, Carob & Cocoa,Cocoa]]"
2539,40060,"Campbell's Slow Cooker Sauces, Apple Bourbon BBQ with Sweet Peppers and Brown Sugar, 13 Ounce (Pack of 6)","[[Grocery & Gourmet Food,Pantry Staples,Sauces, Gravies & Marinades,Sauces]]"
2540,40076,"Knorr Rice Sides, Thai Curry, 5.8 Ounce (Pack of 12)","[[Grocery & Gourmet Food,Pantry Staples,Canned, Jarred & Packaged Foods,Packaged Meals & Side Dishes,Rice Dishes,Risotto]]"
2541,40078,Decorette Sprinkles Jimmies Cake Cupcake Cookie Decorations Teal 4 Ounces,"[[Grocery & Gourmet Food,Cooking & Baking,Frosting, Icing & Decorations,Sprinkles & Glitters,Sprinkles]]"
2542,40092,"Velveeta, Rotini &amp; Cheese with Broccoli, 9.4-Ounce Boxes (Pack of 12)","[[Grocery & Gourmet Food,Dairy, Cheese & Eggs,Cheese,Cheese Blends]]"
2543,40094,"Huy Fong Foods: Chili Garlic Sauce , 18 Oz","[[Grocery & Gourmet Food,Sauces, Gravies & Marinades,Sauces,Asian,Chili Sauce]]"
2544,40096,Cinnamon Stick Tea - 20 - Bag,"[[Grocery & Gourmet Food,Beverages,Coffee, Tea & Cocoa,Tea,Tea Samplers]]"
2545,40106,"Cocoade Pure Premium Coconut Water, 16.5 Ounce (Pack of 12)","[[Grocery & Gourmet Food,Beverages,Bottled Beverages, Water & Drink Mixes,Coconut Water]]"
2546,40109,Eight O'Clock Colombian K-Cups (72 count),"[[Grocery & Gourmet Food,Beverages,Coffee, Tea & Cocoa,Coffee,Single-Serve Capsules & Pods]]"
2547,40115,"Organic, Raw, Soaked, Kosher Mixed Nuts - One Pound","[[Grocery & Gourmet Food,Cooking & Baking,Nuts & Seeds,Mixed Nuts]]"
2548,40116,"Simply Organic All-Seasons Salt, Certified Organic, 4.73-Ounce Container","[[Grocery & Gourmet Food,Herbs, Spices & Seasonings,Salt & Salt Substitutes,Flavored Salt]]"
2549,40121,"Jovial Organic Whole Grain Einkorn Spaghetti, 12-Ounce Packages (Pack of 6)","[[Grocery & Gourmet Food,Pantry Staples,Pasta & Noodles,Pasta,Spaghetti]]"
2550,40128,"Garden of Eatin' Tortilla Chips, Sprouted Blues, 7.5 Ounce (Pack of 12)","[[Grocery & Gourmet Food,Snack Foods,Chips & Crisps,Tortilla]]"
2551,40137,"Bigelow Tea Wild Blueberry with Acai Herb Tea, 20-Count (Pack of 6)","[[Grocery & Gourmet Food,Beverages,Coffee, Tea & Cocoa,Tea,Herbal]]"
2552,40177,Cafe Escapes Chai Latte K-Cups for Keurig Coffee Machines - 16 Pack,"[[Grocery & Gourmet Food,Beverages,Coffee, Tea & Cocoa,Coffee,Single-Serve Capsules & Pods]]"
2553,40288,"Dean's of Scotland Pure Butter Shortbread Fingers, 4.6-Ounce (Pack of 5)","[[Grocery & Gourmet Food,Breads & Bakery,Cookies,Shortbread]]"
2554,40298,Imitation Maple Extract 2 oz,"[[Grocery & Gourmet Food,Pantry Staples,Cooking & Baking,Extracts,Imitation]]"
2555,40332,"Dole Pineapple in Lime Gel, 4.3-Ounce Packages (Pack of 24)","[[Grocery & Gourmet Food,Canned, Jarred & Packaged Foods,Fruits,Mixed]]"
2556,40344,"Martinson Coffee Capsules, Dark Roast Package compatible with Keurig K-Cup Brewers, 48 Count","[[Grocery & Gourmet Food,Beverages,Coffee, Tea & Cocoa,Coffee,Single-Serve Capsules & Pods]]"
2557,40367,Vietnamese Brown Rice Spring Roll Wrapper - Pack of 6,"[[Grocery & Gourmet Food,Canned, Jarred & Packaged Foods,Packaged Meals & Side Dishes,Asian Dishes]]"
2558,40368,"Teas' Tea Matcha Green Tea Latte, 16.9 Ounce (Pack of 12)","[[Grocery & Gourmet Food,Beverages,Coffee, Tea & Cocoa,Tea,Green]]"
2559,40374,"Lawry's Seasoned Salt, 5 Pound","[[Grocery & Gourmet Food,Pantry Staples,Herbs, Spices & Seasonings,Salt & Salt Substitutes,Seasoned Salt]]"
2560,40386,"Campbell's Chicken Noodle Soup, 14.75 Ounce Cans (Pack of 12)","[[Grocery & Gourmet Food,Soups, Stocks & Broths,Chicken Soups]]"
2561,40412,PB2 Powdered Peanut Butter Bundle - 2 Items: Powdered Peanut Butter 16 oz. and Powdered Chocolate Peanut Butter 16 oz,"[[Grocery & Gourmet Food,Jams, Jellies & Sweet Spreads,Nut & Seed Butters,Peanut Butter]]"
2562,40433,"David Hot &amp; Spicy Jumbo Seeds, 6-Ounce Bags (Pack of 10)","[[Health & Household,Sports Nutrition]]"
2563,40434,"McCann's Quick Cooking Irish Oatmeal, 36-Ounce Canister","[[Grocery & Gourmet Food,Breakfast Foods,Cereals,Oatmeal]]"
2564,40452,"Crazy Cups Wolfgang Puck Sampler,  K-Cup Portion Pack for Keurig K-Cup Brewers (Pack of 35)","[[Grocery & Gourmet Food,Beverages,Coffee, Tea & Cocoa,Coffee,Single-Serve Capsules & Pods]]"
2565,40456,Celestial Seasonings Sleepytime Herbal Tea K Cup 48 Count Case for Keurig Brewers,"[[Grocery & Gourmet Food,Beverages,Coffee, Tea & Cocoa,Tea,Herbal]]"
2566,40479,"Wake the F'Up Uncensored Coffee, Butter Toffee, 1 Pound","[[Grocery & Gourmet Food,Beverages,Coffee, Tea & Cocoa,Coffee,Ground Coffee]]"
2567,40506,"Late July Organic Round Saltine Crackers, 6-Ounce Boxes (Pack of 12)","[[Grocery & Gourmet Food,Snack Foods,Crackers,Saltines]]"
2568,40507,"Go Naturally Organic Hard Candy Iced Mint Mango, 3.5-Ounce (Pack of 6)","[[Grocery & Gourmet Food,Candy & Chocolate,Hard Candy & Lollipops,Hard Candy]]"
2569,40509,"Torani Syrup, Sugar Free, Classic Hazelnut, 33.81-Ounce (Pack of 3)","[[Grocery & Gourmet Food,Beverages,Bottled Beverages, Water & Drink Mixes,Flavor Syrups]]"
2570,40511,"Bakery On Main Instant Oatmeal, Variety Pack, 50g,  6-Count - pack of 6","[[Grocery & Gourmet Food,Breakfast Foods,Cereals,Oatmeal]]"
2571,40515,Australian Glazed Apricots (2 Pound Bag) - We Got Nuts,"[[Grocery & Gourmet Food,Produce,Dried Fruits & Vegetables,Dried Fruits,Dried Apricots]]"
2572,40549,"Worthington Low Fat FriChik Original, 12.5-Ounce Cans (Pack of 12)","[[Grocery & Gourmet Food,Meat Substitutes]]"
2573,40568,"Planters Peanuts, Lightly Salted, Dry Roasted, 16-Ounce Jars (Pack of 12)","[[Grocery & Gourmet Food,Cooking & Baking,Nuts & Seeds,Peanuts]]"
2574,40583,"Airheads Chewy Fruit Candy, Variety Pack, 90 Count","[[Grocery & Gourmet Food,Candy & Chocolate,Candy & Chocolate Bars]]"
2575,40660,Meal Mart Amazing Heat and Serve Meals Eggplant Parmesan in Tomato Sauce - 12 Oz,"[[Grocery & Gourmet Food,Canned, Jarred & Packaged Foods,Packaged Meals & Side Dishes,Pasta & Noodle Dishes]]"
2576,40678,"The Spice Hunter Garam Masala Blend, 1.8-Ounce Jar","[[Grocery & Gourmet Food,Herbs, Spices & Seasonings,Mixed Spices & Seasonings,Garam Masala]]"
2577,40680,Trader Joe's Coconut Cream 2-- 14 Oz. Cans,"[[Grocery & Gourmet Food,Cooking & Baking]]"
2578,40681,"Kirkland Signature Mediterranean Sea Salt Grinder, 13 oz (368.5 g)","[[Grocery & Gourmet Food,Herbs, Spices & Seasonings,Salt & Salt Substitutes,Sea Salt]]"
2579,40686,"Go Raw Freeland Flax Snax, Pizza Flax Snax, 3.0-Ounce Bags (Pack of 6)","[[Grocery & Gourmet Food,Snack Foods,Crackers,Flatbread]]"
2580,40703,Dreamfields Healthy Spaghetti Pasta,"[[Grocery & Gourmet Food,Pasta & Noodles,Pasta,Spaghetti]]"
2581,40731,"Barbara's Bakery Baked White Cheddar Cheese Puffs, 5.5-Ounce Bags (Pack of 12)","[[Grocery & Gourmet Food,Dairy, Cheese & Eggs,Cheese,Cheddar]]"
2582,40736,"Dove Milk Chocolate, Silky Smooth  Promises, 9.5-Ounce Packages (Pack of 4)","[[Grocery & Gourmet Food,Candy & Chocolate,Candy & Chocolate Bars]]"
2583,40745,"Wonderful Pistachios, Salt and Pepper, 4.5 Ounce","[[Grocery & Gourmet Food,Cooking & Baking,Nuts & Seeds,Pistachios]]"
2584,40748,"Frontier Ginger, Crystallized Slices, 16 Ounce Bag","[[Grocery & Gourmet Food,Herbs, Spices & Seasonings,Single Herbs & Spices,Ginger]]"
2585,40749,"Bakery on Main Soft and Chewy , Gluten Free Granola Bars, Chocolate Almond, 5 bars per box (Pack of 3 )","[[Grocery & Gourmet Food,Snack Foods,Bars,Granola]]"
2586,40771,"Funky Monkey Snacks, Mighty Bananas, Thor, 2.25 Ounce","[[Grocery & Gourmet Food,Snack Foods,Party Mix]]"
2587,40785,"Bob's Red Mill Organic Coconut Flour, 16-Ounce Units (Pack of 4)","[[Grocery & Gourmet Food,Pantry Staples,Cooking & Baking,Flours & Meals,Wheat Flours & Meals]]"
2588,40788,"Amoretti Premium Syrup, Butterscotch, 25.4 Ounce","[[Grocery & Gourmet Food,Beverages,Bottled Beverages, Water & Drink Mixes,Flavor Syrups]]"
2589,40831,"Donut House Collection Coffee, Chocolate Glazed Donut, K-Cup Portion Pack for Keurig K-Cup Brewers, 24-Count","[[Grocery & Gourmet Food,Beverages,Coffee, Tea & Cocoa,Coffee,Single-Serve Capsules & Pods]]"
2590,40836,"Go Naturally Organic Hard Candy, Honey Lemon, Bulk/pound, Individually Wrapped","[[Grocery & Gourmet Food,Candy & Chocolate,Hard Candy & Lollipops,Hard Candy]]"
2591,40837,Trident Vitality Zen,"[[Grocery & Gourmet Food,Candy & Chocolate,Chewing & Bubble Gum]]"
2592,40852,Mazola 100% Pure Corn Oil 16 oz,"[[Grocery & Gourmet Food,Cooking & Baking,Cooking Oils, Vinegars & Sprays,Oils,Corn]]"
2593,40860,"Sevierly Good Gluten Free Cinnamon Roll Mix, 13.9 Ounce","[[Grocery & Gourmet Food,Cooking & Baking,Baking Mixes,Cakes]]"
2594,40879,"Old El Paso Tortilla Stuffers, Carne Asada, 9.5-Ounce (Pack of 4)","[[Grocery & Gourmet Food,Pantry Staples,Pasta & Noodles,Pasta,Tortellini]]"
2595,40890,"Danish Butter Cookies, 4-Pound","[[Grocery & Gourmet Food,Snack Foods,Cookies,Butter]]"
2596,40922,Trader Joe's Instant Coffee Packets with Creamer &amp; Sugar -10 Packets - 2 Pack,"[[Grocery & Gourmet Food,Beverages,Coffee, Tea & Cocoa]]"
2597,40930,"Foods Alive Organic Jungle Peanuts, 8 Ounce  Bags (Pack of 2)","[[Grocery & Gourmet Food,Pantry Staples,Cooking & Baking,Nuts & Seeds,Peanuts]]"
2598,40937,"Muir Glen Organic Fire Roasted Crushed Tomato, 28-Ounce Cans (Pack of 12)","[[Grocery & Gourmet Food,Pantry Staples,Canned, Jarred & Packaged Foods,Vegetables,Tomatoes,Peeled]]"
2599,40953,"Frontier Organic Seasoning, Balti Curry, 1.8 Ounce","[[Grocery & Gourmet Food,Herbs, Spices & Seasonings,Mixed Spices & Seasonings,Curry Powder]]"
2600,40977,"Porcini Mushroom Stock Cubes 3.8 Oz, 10 cubes box (Pack of 7)",[[]]
2601,40986,"Let's Do Organic Sugar Cones, 12-Count Boxes (Pack of 12)",[[]]
2602,41018,"Gerber Graduates Finger Foods Harvest Apple Wagon Wheels, 1.48-Ounce Canisters (Pack of 6)","[[Baby Products,Feeding,Baby Foods,Snack Foods]]"
2603,41035,"Bemka.com Canadian Golden Whitefish Wild Caviar, 16-Ounce Tin","[[Grocery & Gourmet Food,Canned, Jarred & Packaged Foods,Meat, Poultry & Seafood,Seafood,Caviars & Roes]]"
2604,41069,"Signature's Dried Plums Pitted Prunes, 3.5 Pounds","[[Grocery & Gourmet Food,Produce,Dried Fruits & Vegetables,Dried Fruits,Dried Prunes]]"
2605,41088,"Happy Tot Plus Organic Baby Food, Blueberry, Apple and Purple Carrot, 4.22 Ounce Pouches (Pack of 16)",[[]]
2606,41089,"Lowrey's Beef Jerky, Hickory Smoked, 18-Count Sticks (Pack of 8)","[[Grocery & Gourmet Food,Snack Foods,Meat Snacks,Jerky]]"
2607,41109,GLUTEN-FREE KELP NOODLES 16 OZ,"[[Grocery & Gourmet Food,Cooking & Baking,Dried Seaweed & Nori]]"
2608,41135,"TASTE OF KYOTO Matcha Latte Green Tea, Chocolate, 1.50 Ounce","[[Grocery & Gourmet Food,Beverages,Coffee, Tea & Cocoa,Tea,Green]]"
2609,41141,"Kellogg's Rice Krispies Treats, Double Chocolaty Chunk, 6.2 Ounce","[[Grocery & Gourmet Food,Breakfast Foods,Breakfast & Cereal Bars,Cereal]]"
2610,41168,"International Delight Coffee House Inspirations Half and Half,  9 ml, 384 Count","[[Grocery & Gourmet Food,Dairy, Cheese & Eggs,Milk & Cream,Coffee Creamers]]"
2611,41203,"Famous Dave's BBQ Sauce Texas Pit, 19-Ounce (Pack of 6)","[[Grocery & Gourmet Food,Sauces, Gravies & Marinades,Sauces,Barbecue]]"
2612,41215,"Kraft Light, Original, 30 Calorie Barbecue Sauce, 16.25-Ounce Bottles (Pack of 6)","[[Grocery & Gourmet Food,Pantry Staples,Sauces, Gravies & Marinades,Sauces,Barbecue]]"
2613,41220,Sugar Free IBC Root Beer Floats 1 Lb,"[[Grocery & Gourmet Food,Candy & Chocolate,Hard Candy & Lollipops,Hard Candy]]"
2614,41239,Jordan Almonds Assorted Pastel Colors (5 POUNDS),"[[Grocery & Gourmet Food,Cooking & Baking,Nuts & Seeds,Almonds]]"
2615,41247,ZipFizz Grape 20 tubes,"[[Grocery & Gourmet Food,Beverages,Bottled Beverages, Water & Drink Mixes,Energy Drinks]]"
2616,41269,"Boost Plus Vanilla Ready To Drink, Pack of 12 8 FL oz (237mL) Bottles , Net 3 QT (2.84L)","[[Health & Household,Sports Nutrition]]"
2617,41282,Walden Farms - Calorie Free Dip Caramel - 12 oz.,[[]]
2618,41284,"Toblerone Swiss Milk Chocolate with Honey and Almond Nougat, 3.52-Ounce Bars (Pack of 12)","[[Grocery & Gourmet Food,Candy & Chocolate,Candy & Chocolate Bars]]"
2619,41287,"Just Chill Tropical,  12 Ounce (Pack of 12)","[[Grocery & Gourmet Food,Beverages,Bottled Beverages, Water & Drink Mixes,Soft Drinks]]"
2620,41302,"Osem Mediterranean Green Olives (Kosher for Passover), 19.6-Ounce Cans (Pack of 12)","[[Grocery & Gourmet Food,Olives, Pickles & Relishes,Olives]]"
2621,41311,"Lindt Chocolate Swiss Luxury Selection Box, 4.9 Ounce","[[Grocery & Gourmet Food,Candy & Chocolate,Candy & Chocolate Assortments]]"
2622,41312,"Reese's Pieces Peanut Butter Candy, 44-ounce","[[Grocery & Gourmet Food,Candy & Chocolate,Candy & Chocolate Assortments]]"
2623,41326,"Frontier Almond Extract Certified Organic, 4-Ounce Bottle","[[Grocery & Gourmet Food,Cooking & Baking,Extracts & Flavoring]]"
2624,41329,"World Kitchens Old Fashioned Beef Jerky, 12-Ounce Bags (Pack of 2)","[[Grocery & Gourmet Food,Snack Foods,Jerky & Dried Meats]]"
2625,41353,"Stroopie Dutch Stroopwafels, 16 Caramel Syrup Waffles in a Gift Box","[[Grocery & Gourmet Food,Snack Foods,Cookies,Butter]]"
2626,41370,"Funfresh Foods Gluten Free, Almond Flour, 14 Ounce","[[Grocery & Gourmet Food,Cooking & Baking,Flours & Meals,Almond]]"
2627,41388,"Caribou Coffee, Caribou Blend Decaf, K-Cup Portion Pack for Keurig K-Cup Brewers, 24-Count","[[Grocery & Gourmet Food,Beverages,Coffee, Tea & Cocoa,Coffee,Single-Serve Capsules & Pods]]"
2628,41400,"Davidson's Tea Bulk, Herb Chamomile Flower, 16 Ounce Bag","[[Grocery & Gourmet Food,Beverages,Coffee, Tea & Cocoa,Tea,Herbal]]"
2629,41405,"Corn Nuts Flavored Snack, Jalapeno Cheddar, 4 Ounce (Pack of 12)","[[Grocery & Gourmet Food,Snack Foods,Chips & Crisps,Corn]]"
2630,41475,"Thai Kitchen Red Curry Paste, 4-Ounce Jars (Pack of 12)","[[Grocery & Gourmet Food,Sauces, Gravies & Marinades,Sauces,Asian,Curry Sauce]]"
2631,41499,"Dilettante Dark Chocolate Espresso Beans, 1 lb Bag in a Gift Box","[[Grocery & Gourmet Food,Beverages,Coffee, Tea & Cocoa,Coffee]]"
2632,41530,McCormicks Garlic Pepper with Red Bell and Black Pepper 12.25oz.,"[[Grocery & Gourmet Food,Pantry Staples,Herbs, Spices & Seasonings,Single Herbs & Spices,Onion]]"
2633,41533,Dark Pink Milk Chocolate M&amp;M's Candy (1 Pound Bag),"[[Grocery & Gourmet Food,Candy & Chocolate,Candy & Chocolate Assortments]]"
2634,41546,Vegemite 220g Jar,"[[Grocery & Gourmet Food,Jams, Jellies & Sweet Spreads]]"
2635,41556,"Farm-direct: 100% Kona Coffee, Dark Roast, Whole Beans, 1 Lb","[[Grocery & Gourmet Food,Beverages,Coffee, Tea & Cocoa,Coffee,Roasted Coffee Beans]]"
2636,41565,"OrgraN Gluten-Free Molasses Licorice, 7-Ounce Package (Pack of 4)","[[Grocery & Gourmet Food,Candy & Chocolate,Jelly Beans & Gummy Candy,Licorice]]"
2637,41585,"Starbucks Caffe Verona Coffee, Dark, Ground, 12-Ounce Bags (Pack of 3)","[[Grocery & Gourmet Food,Beverages,Coffee, Tea & Cocoa,Coffee,Ground Coffee]]"
2638,41591,"Now Foods Brazil Nuts, Raw 12Oz","[[Grocery & Gourmet Food,Pantry Staples,Cooking & Baking,Nuts & Seeds,Brazil Nuts]]"
2639,41594,"Nando's Garlic Peri Peri Sauce, 4.7-Ounce Bottles (Pack of 6)","[[Grocery & Gourmet Food,Sauces, Gravies & Marinades,Hot Sauce]]"
2640,41661,"Maple Grove Farms Fat Free Balsamic Vinaigrette Dressing, 8 oz (Pack of 3)","[[Grocery & Gourmet Food,Pantry Staples,Condiments & Salad Dressings,Salad Dressings,Vinaigrette]]"
2641,41676,P.A.N Harina Blanca - Pre-cooked White Corn Meal 2lbs,"[[Grocery & Gourmet Food,Pantry Staples,Cooking & Baking,Flours & Meals,Corn]]"
2642,41684,Frontier Natural Products Organic Caraway Seed Whol -- 1 lb,"[[Grocery & Gourmet Food,Pantry Staples,Herbs, Spices & Seasonings,Single Herbs & Spices,Caraway Seed]]"
2643,41701,"Blue Diamond Almonds - FRUIT FLAVORED VARIETY FLAVORS- Strawberry, Blueberry, and Raspberry (Box of 36 / 1.5-Ounce Bags w Counter Display)",[[]]
2644,41712,"Hershey's Miniatures Assortment,  120-Count Changemaker","[[Grocery & Gourmet Food,Candy & Chocolate,Candy & Chocolate Bars]]"
2645,41713,"Nutiva Shelled Hempseed, 8-Ounce Bag (Pack of 3)","[[Grocery & Gourmet Food,Cooking & Baking,Nuts & Seeds,Pistachios]]"
2646,41730,"Kraft Easy Mac Triple Cheese, 2.05-Ounce Microwavable Cups (Pack of 10)","[[Grocery & Gourmet Food,Canned, Jarred & Packaged Foods,Packaged Meals & Side Dishes,Macaroni & Cheese]]"
2647,41740,"Valley Fresh Premium White Chicken Cuts, 7-Ounce Pouches (Pack of 12)","[[Grocery & Gourmet Food,Canned, Jarred & Packaged Foods,Meat, Poultry & Seafood,Spiced Meat]]"
2648,41753,"Sun Maid Natural California Raisins, 20-Ounce","[[Grocery & Gourmet Food,Snack Foods,Dried Fruit & Raisins]]"
2649,41787,Swedish Fish 5Lb Bag,"[[Grocery & Gourmet Food,Candy & Chocolate,Jelly Beans & Gummy Candy,Gummy Candy]]"
2650,41794,"Oh Henry Single, Candy Bars (Pack of 36)","[[Grocery & Gourmet Food,Candy & Chocolate,Candy & Chocolate Bars]]"
2651,41795,"Goya Guava Paste,  21 Ounce","[[Grocery & Gourmet Food,Pantry Staples,Jams, Jellies & Sweet Spreads]]"
2652,41797,"Simply Organic Red Pepper Crushed Certified Organic, 1.59-Ounce Container","[[Grocery & Gourmet Food,Herbs, Spices & Seasonings,Pepper & Peppercorns]]"
2653,41810,EZ-Sweetz Stevia &amp; Monk Fruit (1.36oz - Liquid Sweetener 300 Servings/Bottle),"[[Grocery & Gourmet Food,Cooking & Baking,Sugar Substitutes,Stevia]]"
2654,41838,"Amy's Organic Cream of Mushroom Soup, 14.1-Ounce Cans (Pack of 12)","[[Grocery & Gourmet Food,Pantry Staples,Soups, Stocks & Broths,Vegetable Soups]]"
2655,41840,"Bob's Red Mill Semolina Pasta Flour, 24-Ounce (Pack of 4)","[[Grocery & Gourmet Food,Pantry Staples,Cooking & Baking,Flours & Meals,Wheat Flours & Meals]]"
2656,41870,"Special K Cereal, Red Berries, 16.7-Ounce Boxes (Pack of 4)","[[Grocery & Gourmet Food,Breakfast Foods,Cereals]]"
2657,41872,Tazo Wild Sweet Orange Tea 24ct Box,"[[Grocery & Gourmet Food,Beverages,Coffee, Tea & Cocoa,Tea,Herbal]]"
2658,41880,Planters Original Peanut Bar (24 Count),"[[Health & Household,Sports Nutrition,Nutrition Bars,Food Bars]]"
2659,41889,"Multi Grain Cheerios Cereal, 16.2 Ounce (Pack of 4)",[[]]
2660,41904,"Reese's Pieces Candy Bag, 15-Ounce","[[Grocery & Gourmet Food,Candy & Chocolate,Candy & Chocolate Bars]]"
2661,41915,"Planters Cashews in Milk Chocolate, 3.5-Ounce Pouches (Pack of 12)","[[Grocery & Gourmet Food,Cooking & Baking,Nuts & Seeds,Walnuts]]"
2662,41934,"Bare Fruit Organic Cinnamon Apple Chips, Gluten-Free + Baked, 2.2-Ounce Bags (Pack of 12)","[[Grocery & Gourmet Food,Snack Foods,Fruit Snacks]]"
2663,41935,"Go Raw Freeland Super Cookies, Ginger Snaps, 3-Ounce Bags (Pack of 6)","[[Grocery & Gourmet Food,Snack Foods,Cookies,Ginger Snaps]]"
2664,41968,Mrs. Dash Italian Medley All Natural Salt Free Seasoning Blend (224493) 2 oz,"[[Grocery & Gourmet Food,Pantry Staples,Herbs, Spices & Seasonings,Mixed Spices & Seasonings,Italian Seasoning]]"
2665,41982,"Banyan Botanicals Sesame Oil- Certified Organic, 36 oz","[[Beauty & Personal Care,Skin Care,Body,Moisturizers,Oils]]"
2666,41984,"Bob's Red Mill Unbleached White Flour, 5-Pounds (Pack of 4)","[[Grocery & Gourmet Food,Cooking & Baking,Flours & Meals,Wheat Flours & Meals]]"
2667,42019,El Guapo Crawfish Boil Bitters - Limited Edition Spring 2014!,"[[Grocery & Gourmet Food,Beverages,Bottled Beverages, Water & Drink Mixes,Cocktail Mixers,Bitters]]"
2668,42033,"Amoretti Premium Syrup, Cr&egrave;me De Menthe, 25.4 Ounce","[[Grocery & Gourmet Food,Beverages,Bottled Beverages, Water & Drink Mixes,Flavor Syrups]]"
2669,42041,Timothy's World Coffee Decaf Colombian K-Cup Coffee (48 count),"[[Grocery & Gourmet Food,Beverages,Coffee, Tea & Cocoa,Coffee,Single-Serve Capsules & Pods]]"
2670,42046,Mary Janes: 5LBS,"[[Grocery & Gourmet Food,Candy & Chocolate,Jelly Beans & Gummy Candy,Taffy]]"
2671,42052,"Arrowhead Mills Organic Spelt Flakes, 12 Ounce","[[Grocery & Gourmet Food,Breakfast Foods,Cereals,Cold Cereals]]"
2672,42053,"Cheez-It Crackers, Provolone, 12.4 Ounce","[[Grocery & Gourmet Food,Snack Foods,Crackers,Assortments & Samplers]]"
2673,42056,PAIN 100% Hot Sauce 7.5 oz,"[[Grocery & Gourmet Food,Pantry Staples,Sauces, Gravies & Marinades,Hot Sauce]]"
2674,42076,"Arizona Tea Can, Cranberry, 23 Ounce (Pack of 24)","[[Grocery & Gourmet Food,Beverages,Coffee, Tea & Cocoa,Tea,Tea Samplers]]"
2675,42080,Snyders | Old Fashioned Pretzel Sticks 3 pounds 7 ounces,"[[Grocery & Gourmet Food,Snack Foods,Pretzels]]"
2676,42113,"Swanson Chicken Broth, 49.5 Ounce Can","[[Grocery & Gourmet Food,Soups, Stocks & Broths,Broths,Chicken]]"
2677,42121,"Raw Revolution Organic Live Food Bars, Chocolate Crave, 1.8-Ounce Bars (Pack of 12)","[[Grocery & Gourmet Food,Snack Foods,Bars,Fruit & Nut]]"
2678,42134,"Manischewitz Flavored Matzo Cracker, Mediterranean, 9 Ounce","[[Grocery & Gourmet Food,Snack Foods,Crackers,Matzo]]"
2679,42148,Swiss Miss Hot Cocoa with Marshmallows 60 envelopes.,"[[Grocery & Gourmet Food,Beverages,Coffee, Tea & Cocoa,Cocoa]]"
2680,42163,"Sans Sucre Mousse Mix Gluten Free, Mocha Cappuccino","[[Grocery & Gourmet Food,Pantry Staples,Cooking & Baking,Pudding & Gelatin,Pudding]]"
2681,42180,"San Francisco Bay Coffee Breakfast Blend, 80 OneCup Single Serve Cups","[[Grocery & Gourmet Food,Beverages,Coffee, Tea & Cocoa,Coffee,Single-Serve Capsules & Pods]]"
2682,42200,"Sahale Snacks Crunchers Cherries, Apple + Maple (6x4 Oz)","[[Health & Household,Sports Nutrition]]"
2683,42204,"Baileys Chocolates, Milk Chocolates filled with Baileys The Original Irish Cream Liquor, 7oz Tube",[[]]
2684,42213,"Just Tomatoes Just Cherries, 2.5 Ounce Pouch (Pack of 4)","[[Grocery & Gourmet Food,Produce,Dried Fruits & Vegetables,Dried Fruits,Dried Mixed Fruits]]"
2685,42224,Rum and Butter Toffees 200g,[[]]
2686,42244,Del Monte Cherry Mixed Fruit Cups - 16/4 oz. cups,"[[Grocery & Gourmet Food,Snack Foods,Applesauce & Fruit Cups,Fruit Cups]]"
2687,42260,"Donut House Coffee, Light Roast Decaf, K-Cup Portion Pack for Keurig K-Cup Brewers, 12-Count (Pack of 3)","[[Grocery & Gourmet Food,Beverages,Coffee, Tea & Cocoa,Coffee,Single-Serve Capsules & Pods]]"
2688,42291,Jiffy Blueberry Muffin Mix 7 oz. (6-Pack),"[[Grocery & Gourmet Food,Cooking & Baking,Baking Mixes,Muffins]]"
2689,42296,Cumin Seeds (Jeera Whole) 7oz,"[[Grocery & Gourmet Food,Pantry Staples,Herbs, Spices & Seasonings,Single Herbs & Spices,Cumin]]"
2690,42304,"Annie's Homegrown Gluten-Free Rice Pasta &amp; Cheddar Mac &amp; Cheese, 6-Ounce Boxes (Pack of 12)","[[Grocery & Gourmet Food,Canned, Jarred & Packaged Foods,Packaged Meals & Side Dishes,Macaroni & Cheese]]"
2691,42326,"Tea Forte Skin Smart Loose Tea Canister-Honey Yuzu, 3.2 oz, 50 servings","[[Grocery & Gourmet Food,Beverages,Coffee, Tea & Cocoa,Tea,Green]]"
2692,42331,RAURENI QUINCE PRESERVE 350G,"[[Grocery & Gourmet Food,Jams, Jellies & Sweet Spreads,Jams, Jellies & Preserves]]"
2693,42337,"World Kitchens Brown Sugar Beef Jerky, 12-Ounce Bag","[[Health & Household,Sports Nutrition]]"
2694,42353,"Peter Pan Honey Roast Creamy Peanut and Natural Honey Spread, 16.3-Ounce Plastic Jars (Pack of 6)","[[Grocery & Gourmet Food,Jams, Jellies & Sweet Spreads,Nut & Seed Butters,Peanut Butter]]"
2695,42355,"Eden Organic Black Beans, 16-Ounce Boxes (Pack of 6)","[[Grocery & Gourmet Food,Dried Beans, Grains & Rice,Beans,Black]]"
2696,42375,"Diet Coke, 24 ct, 7.5 FL OZ Mini-can","[[Grocery & Gourmet Food,Beverages,Bottled Beverages, Water & Drink Mixes,Soft Drinks]]"
2697,42385,"Campbell's Original SpaghettiOs Shapes, 15 Ounce Cans (Pack of 12)","[[Grocery & Gourmet Food,Pantry Staples,Canned, Jarred & Packaged Foods,Packaged Meals & Side Dishes,Pasta & Noodle Dishes]]"
2698,42405,Dasani Drops Water Flavor Enhancer Pineapple Coconut 1.9 Fl Oz (Pack of 3),"[[Grocery & Gourmet Food,Beverages,Bottled Beverages, Water & Drink Mixes,Flavor Syrups]]"
2699,42436,"Keurig, The Original Donut Shop, 50 Count K-Cup Packs","[[Grocery & Gourmet Food,Beverages,Coffee, Tea & Cocoa,Coffee,Single-Serve Capsules & Pods]]"
2700,42480,"Cheetos Cheese Flavored Snacks, Crunchy Flamin' Hot, 9.5 Ounce (Pack of 4)","[[Grocery & Gourmet Food,Snack Foods,Puffed Snacks]]"
2701,42487,Pecan Halves (1 lb roasted and salted),"[[Grocery & Gourmet Food,Cooking & Baking,Nuts & Seeds,Pecans]]"
2702,42492,"Quaker Oats Quick Oatmeal, 18-Ounce Packages (Pack of 6)","[[Grocery & Gourmet Food,Breakfast Foods,Cereals,Oatmeal]]"
2703,42503,"Larabar ALT Bar, Cinnamon Apple Crisp, 1.95 Ounce (Pack of 15)","[[Grocery & Gourmet Food,Breakfast Foods,Breakfast & Cereal Bars]]"
2704,42506,"Crown Prince Natural Chunk Light Yellowfin Tuna in Spring Water, 5 Ounce Can","[[Grocery & Gourmet Food,Canned, Jarred & Packaged Foods,Meat, Poultry & Seafood,Seafood,Tuna Fish]]"
2705,42520,"Red Vines Original Red Twists, 2-Ounce Bags (Pack of 16)","[[Grocery & Gourmet Food,Candy & Chocolate,Jelly Beans & Gummy Candy,Licorice]]"
2706,42525,"Bob's Red Mill Pumpkin Seeds, Raw, 24-Ounce Packages (Pack of 4)","[[Grocery & Gourmet Food,Cooking & Baking,Nuts & Seeds,Pumpkin Seeds]]"
2707,42533,"Caribou Coffee, Mahogany, 12 Ounce","[[Grocery & Gourmet Food,Beverages,Coffee, Tea & Cocoa,Coffee,Ground Coffee]]"
2708,42540,"Gratify Gluten Free Pretzel Sticks, 14.1 Ounce (Pack of 6)","[[Grocery & Gourmet Food,Snack Foods,Crackers,Assortments & Samplers]]"
2709,42546,"Simply Organic Cumin Seed Ground Certified Organic, 2.31-Ounce Container","[[Grocery & Gourmet Food,Herbs, Spices & Seasonings,Single Herbs & Spices,Cumin]]"
2710,42559,"Nutiva Hempseeds, Shelled, Pouch 8.00 OZ","[[Grocery & Gourmet Food,Cooking & Baking,Nuts & Seeds,Pistachios]]"
2711,42579,"The Ginger People All Natural Crystallized Ginger Select Slices, 1 lb Bag in a Gift Box","[[Grocery & Gourmet Food,Herbs, Spices & Seasonings,Single Herbs & Spices,Ginger]]"
2712,42595,"Millstone Foglifter Ground Coffee, 11-Ounce Packages (Pack of 2)","[[Grocery & Gourmet Food,Beverages,Coffee, Tea & Cocoa,Coffee,Ground Coffee]]"
2713,42601,"Earth's Best Organic Pop Snax Rice &amp; Potato Crisps, Sweet Potato Cinnamon, 1.8 Ounce",[[]]
2714,42620,Kick'n Kajun Habanero Hot Sauce - 17 oz,"[[Grocery & Gourmet Food,Sauces, Gravies & Marinades,Hot Sauce]]"
2715,42632,"Navitas Naturals Organic Acai Powder, 8-Ounce Pouches","[[Grocery & Gourmet Food,Beverages,Bottled Beverages, Water & Drink Mixes,Powdered Drink Mixes & Flavorings,Powdered Drink Mixes]]"
2716,42633,"Claey's Natural Horehound Drops, 6-Ounce Packages (Pack of 12)","[[Health & Household,Health Care,OTC Medications & Treatments,Cough & Cold,Coughing & Sore Throats,Cough Drops]]"
2717,42646,"SAFCOL Gourmet on the Go Chunk Light Tuna with Oven Dried Tomato and Basil in Spring Water, 3.5-Ounce Pouches (Pack of 12)","[[Grocery & Gourmet Food,Canned, Jarred & Packaged Foods,Meat, Poultry & Seafood,Seafood,Tuna Fish]]"
2718,42675,"Keystone Meats All Natural Ground Beef, 28 Ounce","[[Grocery & Gourmet Food,Meat & Seafood,Beef,Ground Beef & Patties,Ground Beef]]"
2719,42679,Joseph's Maltitol Sweetner Syrup 12 oz.,"[[Grocery & Gourmet Food,Pantry Staples,Cooking & Baking,Sugar Substitutes]]"
2720,42688,"Amoretti Premium Syrup, Chai, 25.4 Ounce","[[Grocery & Gourmet Food,Beverages,Bottled Beverages, Water & Drink Mixes,Flavor Syrups]]"
2721,42705,Alpine Caveman Cookies,"[[Grocery & Gourmet Food,Snack Foods,Cookies,Chocolate]]"
2722,42706,"Russell Stover Sugar Free Mint Pattie, 3-Ounce Peg Bags (Pack of 10)","[[Grocery & Gourmet Food,Candy & Chocolate,Mints]]"
2723,42750,PECANS Raw (4 Pound Bag) - We Got Nuts,"[[Grocery & Gourmet Food,Cooking & Baking,Nuts & Seeds,Pecans]]"
2724,42786,"Amoretti Premium Syrup, Hazelnut, 25.4 Ounce",[[]]
2725,42790,"Red Vines Red Original Licorice Twists, 64-Ounce Tub","[[Grocery & Gourmet Food,Candy & Chocolate,Jelly Beans & Gummy Candy,Licorice]]"
2726,42798,"Traverse Bay Fruit Co. Dried Cranberries, 4-Pound Box","[[Grocery & Gourmet Food,Produce,Fresh Fruits]]"
2727,42800,"Diedrich French Roast, Dark K-Cups for Keurig Brewers (Pack of 50)","[[Grocery & Gourmet Food,Beverages,Coffee, Tea & Cocoa,Coffee,Single-Serve Capsules & Pods]]"
2728,42805,"Bob's Red Mill Oatmeal Scottish, 20-Ounce (Pack of 4)","[[Grocery & Gourmet Food,Breakfast Foods,Cereals,Oatmeal]]"
2729,42807,"Worthington Chili, 20-Ounce Cans (Pack of 12)",[[]]
2730,42833,"Bright Beginnings Premium Milk-Based Formula with Iron, 23.4 Ounce",[[]]
2731,42899,"Annie Chun's Seaweed Snacks, Roasted Sesame, 0.35-Ounce Packages (Pack of 12)","[[Grocery & Gourmet Food,Snack Foods,Seaweed Snacks]]"
2732,42901,"Harney &amp; Sons Classic English Breakfast Tea, 20 Tea Sachets","[[Grocery & Gourmet Food,Beverages,Coffee, Tea & Cocoa,Tea,Green]]"
2733,42909,"Coffee People Santa's Buzz, 24-Count K-Cups for Keurig Brewers","[[Grocery & Gourmet Food,Beverages,Coffee, Tea & Cocoa,Coffee,Single-Serve Capsules & Pods]]"
2734,42927,"Diamond Chopped Pecans, 8-Ounce","[[Grocery & Gourmet Food,Pantry Staples,Cooking & Baking,Nuts & Seeds,Pecans]]"
2735,42928,Judy's Candy Co. Sugar Free Vanilla Almond Caramels,"[[Grocery & Gourmet Food,Candy & Chocolate,Brittle, Caramel & Toffee,Caramels]]"
2736,42931,"Fleischmann's Yeast for Bread Machines, 4-Ounce Jars (Pack of 3)","[[Grocery & Gourmet Food,Cooking & Baking,Leaveners & Yeasts,Active Dry Yeasts]]"
2737,42932,"Peeled Snacks Apricot-a-lot, 1.45-Ounce Pouches (Pack of 10)","[[Grocery & Gourmet Food,Produce,Dried Fruits & Vegetables,Dried Fruits]]"
2738,42968,Haribo Rhubarb &amp; Custard Candy Pieces - 600 Pack,"[[Grocery & Gourmet Food,Candy & Chocolate,Jelly Beans & Gummy Candy,Gummy Candy]]"
2739,42974,"Leilalove Macarons 4 Quantities, 4 Signature Flavors ,Gluten Free, in a presentation box. We Already Gift Wrapped It 4 U!","[[Grocery & Gourmet Food,Food & Beverage Gifts,Bakery & Dessert Gifts]]"
2740,42986,Keurig V-Cup Starbucks French Roast 16 ct. 9390016,"[[Grocery & Gourmet Food,Beverages,Coffee, Tea & Cocoa,Coffee,Single-Serve Capsules & Pods]]"
2741,43003,"Dr. McDougall's Right Foods Vegan Miso Ramen, 1.9-Ounce Cups (Pack of 6)","[[Grocery & Gourmet Food,Soups, Stocks & Broths,Miso Soups]]"
2742,43008,"Philippine Brand Dried Mango, 20-Ounce Pouches (Pack of 2)","[[Grocery & Gourmet Food,Produce,Dried Fruits & Vegetables,Dried Fruits,Dried Mangoes]]"
2743,43009,Dried Sweet Glutinous Rice Flour - 2x 1 Lb (Traditional Water Milled),"[[Grocery & Gourmet Food,Cooking & Baking,Flours & Meals,Rice Flour]]"
2744,43019,"Oskri Pyramid Snacks, Cherries, 1 Ounce (Pack of 12)","[[Grocery & Gourmet Food,Produce,Dried Fruits & Vegetables,Dried Fruits,Raisins]]"
2745,43037,"Traditional Medicinals, Organic Ginger with Chamomile, 16 count wrapped tea bags (pack of 6)","[[Grocery & Gourmet Food,Beverages,Coffee, Tea & Cocoa,Tea,Herbal]]"
2746,43044,"Ghirardelli Chocolate Squares, Peppermint Bark Gingerbread House, 4.15 Ounce","[[Grocery & Gourmet Food,Candy & Chocolate,Candy & Chocolate Bars]]"
2747,43103,"Keurig K-Cup Coffee People Donut Shop Coffee, Decaf, 18-Pack","[[Grocery & Gourmet Food,Beverages,Coffee, Tea & Cocoa,Coffee,Single-Serve Capsules & Pods]]"
2748,43126,Cinnabon Classic Cinnamon Roll K-Cup Coffee,"[[Grocery & Gourmet Food,Beverages,Coffee, Tea & Cocoa,Coffee,Single-Serve Capsules & Pods]]"
2749,43137,"Simply Organic Curry Powder Certified Organic, 3-Ounce Bottle","[[Grocery & Gourmet Food,Herbs, Spices & Seasonings,Mixed Spices & Seasonings,Curry Powder]]"
2750,43187,"Dallmayr Decaffeinated Gourmet Coffee, Entcoffeiniert (Ground), 250 Grams Vacuum Packs (Pack of 4)","[[Grocery & Gourmet Food,Beverages,Coffee, Tea & Cocoa,Coffee,Ground Coffee]]"
2751,43188,"Nutri-Grain-Kellogg's Cereal Bars Variety Pack, 48-Count","[[Grocery & Gourmet Food,Breakfast Foods,Breakfast & Cereal Bars,Cereal]]"
2752,43248,Justin's Natural Classic Peanut Butter 16 oz. Jar,"[[Grocery & Gourmet Food,Pantry Staples,Nut & Seed Butters,Peanut Butter]]"
2753,43256,"Good Sense Greek Yogurt Pretzels, 10.5 Ounce","[[Grocery & Gourmet Food,Snack Foods,Pretzels]]"
2754,43280,"Casbah Hummus Mix, 6 Ounce (Pack of 12)","[[Grocery & Gourmet Food,Pantry Staples,Dried Grains & Rice,Couscous]]"
2755,43289,Wanza's Wicked Temptation Hot Sauce,"[[Grocery & Gourmet Food,Sauces, Gravies & Marinades,Hot Sauce]]"
2756,43298,Stroopie Stroopwafels in Delft Netherlands Blue Tin,"[[Grocery & Gourmet Food,Snack Foods,Cookies,Wafers]]"
2757,43314,"Nongshim Shrimp Cracker, 2.64 Ounce Packages (Pack of 30)","[[Grocery & Gourmet Food,Snack Foods,Puffed Snacks]]"
2758,43336,"The Organic Coffee Co. Java Love, 12 OneCup Single Serve Cups","[[Grocery & Gourmet Food,Beverages,Coffee, Tea & Cocoa,Coffee,Single-Serve Capsules & Pods]]"
2759,43378,"Lifesavers Rolls - Five Flavor, 20 rolls","[[Grocery & Gourmet Food,Candy & Chocolate,Hard Candy & Lollipops,Hard Candy]]"
2760,43403,Dark Chocolate Almond Cherry Clusters 2 Lb,"[[Grocery & Gourmet Food,Candy & Chocolate,Candied & Chocolate-Covered Snacks,Nut Clusters]]"
2761,43408,"Victorian Inn Instant Cappuccino, Almond Amaretto, 16-Ounce Canisters (Pack of 6)","[[Grocery & Gourmet Food,Beverages,Coffee, Tea & Cocoa,Coffee,Instant Coffee]]"
2762,43419,"Roland Fancy Sockeye Red Salmon, 7.5-Ounce Cans (Pack of 4)","[[Grocery & Gourmet Food,Canned, Jarred & Packaged Foods,Meat, Poultry & Seafood,Seafood,Salmon]]"
2763,43445,"Terry's White Chocolate Oranges, 6.17oz Orange (Pack of 6)","[[Grocery & Gourmet Food,Candy & Chocolate,Candy & Chocolate Bars]]"
2764,43499,See's Candies 1 lb. 5 oz. Vanilla Lollypops,"[[Grocery & Gourmet Food,Breads & Bakery,Desserts]]"
2765,43502,Branston Pickle 310g - Pack of 2 Jars!,"[[Grocery & Gourmet Food,Olives, Pickles & Relishes,Relishes,Pickle Relishes]]"
2766,43510,"Chiclets Gum, Assorted Fruit, 60-Count (Pack of 14)","[[Grocery & Gourmet Food,Candy & Chocolate,Chewing & Bubble Gum]]"
2767,43517,California Medjool Dates (11 Pound Case) - Oh! Nuts,"[[Grocery & Gourmet Food,Snack Foods,Dried Fruit & Raisins]]"
2768,43541,"Gloria Jean's Coffees, French Vanilla Supreme, K-Cup Portion Pack for Keurig K-Cup Brewers, 24-Count (Pack of 2)","[[Grocery & Gourmet Food,Beverages,Coffee, Tea & Cocoa,Coffee,Single-Serve Capsules & Pods]]"
2769,43544,"Amoretti Premium Syrup, Madagascar Bourbon Vanilla Bean, 25.4 Ounce","[[Grocery & Gourmet Food,Beverages,Bottled Beverages, Water & Drink Mixes,Flavor Syrups]]"
2770,43569,"Linwoods Ground Flaxseed, Almond, Brazil Nuts, Walnuts and Q10, 12.7000-Ounce","[[Health & Household,Vitamins & Dietary Supplements,Supplements,Digestive Supplements,Probiotics]]"
2771,43576,"Fiber One Protein Chewy Bars, Caramel Nut, 5.85 Ounce","[[Grocery & Gourmet Food,Snack Foods,Bars,High Protein]]"
2772,43654,"Bigelow Decaffeinated Constant Comment Tea, 20-Count Boxes (Pack of 6)","[[Grocery & Gourmet Food,Beverages,Coffee, Tea & Cocoa,Tea,Black]]"
2773,43665,Fiber One Caramel Nut Protein Bar 18 - 1.17 oz bars,"[[Health & Household,Sports Nutrition,Nutrition Bars,Protein Bars]]"
2774,43722,"Burton's Jammie Dodgers, 4.9 Ounce Packages (Pack of 12)","[[Grocery & Gourmet Food,Breads & Bakery]]"
2775,43731,"JB's Fat Boy Cowgirl Ride'em Rub, 24 Ounce","[[Grocery & Gourmet Food,Herbs, Spices & Seasonings,Mixed Spices & Seasonings,Gourmet Rubs]]"
2776,43749,"Campbell's Tomato Soup, 15.2 Ounce Cans (Pack of 12)","[[Grocery & Gourmet Food,Soups, Stocks & Broths,Tomato Soups]]"
2777,43765,"180 Snacks Nut Cluster, 21/1.25 Oz. 7 Blueberry Pomegranate, 7 Cashew Crunch and 7 Cranberry Pomegranate","[[Grocery & Gourmet Food,Food & Beverage Gifts,Snack Gifts]]"
2778,43779,Kevala Organic Black Sesame Seeds 32oz (RAW),"[[Grocery & Gourmet Food,Herbs, Spices & Seasonings,Single Herbs & Spices,Sesame Seed]]"
2779,43787,Streit's Matzo Ball &amp; Soup Mix Gluten Free 4.5 Oz Boxes (3 Pack),"[[Grocery & Gourmet Food,Snack Foods,Crackers,Matzo]]"
2780,43814,"Starbucks Via Ready Brew Coffee, Mocha Flavored, 7-Count","[[Grocery & Gourmet Food,Beverages,Coffee, Tea & Cocoa,Coffee,Instant Coffee]]"
2781,43817,"Traverse Bay Fruit Co. Dried Cherries, 4-Pound Box","[[Grocery & Gourmet Food,Produce,Dried Fruits & Vegetables,Dried Fruits]]"
2782,43834,Green Mountain Coffee 10% Kona Blend (Extra Bold) K-Cup Portion Pack for Keurig Brewers 24-Count (Pack of 2),"[[Grocery & Gourmet Food,Beverages,Coffee, Tea & Cocoa,Coffee,Single-Serve Capsules & Pods]]"
2783,43897,Celestial Seasonings Half Tea Half Lemonade K-Cups 44 Count for Keurig Brewers,"[[Grocery & Gourmet Food,Beverages,Coffee, Tea & Cocoa,Coffee,Single-Serve Capsules & Pods]]"
2784,43909,"Hodgson Mill Bran Muffin Mix, 7-Ounce (Pack of 8)","[[Grocery & Gourmet Food,Pantry Staples,Cooking & Baking,Baking Mixes,Muffins]]"
2785,43917,"Plum Kids Organic Yo' Drops Strawberry Banana-rama, 5-Count (Pack of 8)","[[Baby Products,Feeding,Baby Foods,Meals]]"
2786,43931,"Paleo Wraps, Gluten Free Coconut Wraps, 7-Count","[[Grocery & Gourmet Food,Frozen,Bread & Dough]]"
2787,43972,"Stretch Island Original Fruit Leather, Summer Strawberry, 0.5-Ounce Bars (Pack of 30)","[[Grocery & Gourmet Food,Snack Foods,Fruit Leather]]"
2788,43995,"PG Tips Black Tea, Pyramid Tea Bags, 80Count Boxes (Pack of 4)","[[Grocery & Gourmet Food,Beverages,Coffee, Tea & Cocoa,Tea,Black]]"
2789,44028,Nagatanien OTONA NO FURIKAKE Mini #2 | Rice Seasoning | 34.8g ( 20 Pcs ) [ Japanese Import ],"[[Grocery & Gourmet Food,Pantry Staples,Herbs, Spices & Seasonings,Mixed Spices & Seasonings,Meat Seasoning]]"
2790,44033,"Organic Traditions Coconut Palm Sugar, 8 Ounce","[[Grocery & Gourmet Food,Cooking & Baking,Sugar Substitutes]]"
2791,44037,"Mother Earth Products Freeze Dried Blueberries, 1 Full Quart","[[Sports & Outdoors,Outdoor Recreation,Camping & Hiking,Camp Kitchen,Freeze-Dried Food]]"
2792,44043,"Nile Spice Soup, Lentil, 1.8 Ounce (Pack of 12)","[[Grocery & Gourmet Food,Pantry Staples,Soups, Stocks & Broths,Vegetable Soups]]"
2793,44069,"BumbleBar Gluten Free Junior Variety Pack, 0.65-Ounce Bars (Pack of 12)","[[Health & Household,Sports Nutrition,Nutrition Bars]]"
2794,44077,"Yogi Vanilla Spice Perfect Energy Tea, 16 Tea Bags (Pack of 6), 1.19lbs","[[Grocery & Gourmet Food,Beverages,Coffee, Tea & Cocoa,Tea,Tea Samplers]]"
2795,44080,Wabash Valley Farms Real Theatre Popcorn Popping Oil,"[[Grocery & Gourmet Food,Cooking & Baking,Cooking Oils, Vinegars & Sprays,Oils]]"
2796,44091,"Hershey's Special Dark Chocolate Bars, Sugar Free, 3-Ounce Bags (Pack of 12)","[[Grocery & Gourmet Food,Candy & Chocolate,Candy & Chocolate Bars]]"
2797,44093,"Raw Revolution Organic Live Food Bars, Spirulina Dream, 1.8-Ounce Bars (Pack of 12)","[[Grocery & Gourmet Food,Snack Foods,Bars,Fruit & Nut]]"
2798,44094,Gnosis Hazelnut Bar - raw chocolate,"[[Grocery & Gourmet Food,Candy & Chocolate,Candy & Chocolate Bars]]"
2799,44100,"Nuts 'N More Almond Butter, Cinnamon Raisin, 16 Ounce","[[Grocery & Gourmet Food,Jams, Jellies & Sweet Spreads,Nut & Seed Butters,Almond Butter]]"
2800,44156,"Edward &amp; Sons Trading Co Coconut Flakes, Og, 7 Ounce (Pack of 12)","[[Grocery & Gourmet Food,Pantry Staples,Cooking & Baking,Coconut Flakes]]"
2801,44162,Raspberry Blue &amp; White Gummi Gummy Rings Candy 1 Pound Bag,"[[Grocery & Gourmet Food,Candy & Chocolate,Jelly Beans & Gummy Candy,Gummy Candy]]"
2802,44176,"Hormel Compleats Spaghetti with Meat Sauce, 10-Ounce Microwavable Bowls (Pack of 6)","[[Grocery & Gourmet Food,Canned, Jarred & Packaged Foods,Packaged Meals & Side Dishes,Pasta & Noodle Dishes]]"
2803,44180,"Bonomelli Chamomile Tea Bags, 10-Count Boxes (Pack of 6)","[[Grocery & Gourmet Food,Beverages,Coffee, Tea & Cocoa,Tea,Tea Samplers]]"
2804,44226,YS Organic Bee Farms - Healthy Honey (Raw) - 14 oz.,"[[Grocery & Gourmet Food,Cooking & Baking,Syrups, Sugars & Sweeteners,Honey]]"
2805,44247,60 PCS Individually Wrapped Fortune Cookies,"[[Grocery & Gourmet Food,Breads & Bakery,Cookies,Fortune]]"
2806,44256,"Lipton Half and Half Sweetened Instant Tea Mix, Iced Tea and Lemonade, 24.34 Ounce (Pack of 6)","[[Grocery & Gourmet Food,Beverages,Coffee, Tea & Cocoa,Tea,Iced Tea]]"
2807,44266,"Hormel Compleats Meatloaf with Potatoes &amp; Gravy, 10-Ounce Microwavable Bowls (Pack of 6)","[[Grocery & Gourmet Food,Pantry Staples,Canned, Jarred & Packaged Foods,Packaged Meals & Side Dishes,Potatoes & Stuffings,Potato Side Dishes]]"
2808,44279,"Eight O'Clock The Original Whole Bean Coffee, 36-Ounce","[[Grocery & Gourmet Food,Beverages,Coffee, Tea & Cocoa,Coffee,Ground Coffee]]"
2809,44290,"M&amp;M's White Chocolate Carrot Cake Flavor, Easter Limited Edition (2 9.9oz Packs)","[[Grocery & Gourmet Food,Cooking & Baking,Baking Mixes,Cakes]]"
2810,44306,"The Republic of Tea, Get Wellness Tea, 36-Count","[[Grocery & Gourmet Food,Beverages,Coffee, Tea & Cocoa,Tea,Herbal]]"
2811,44313,"Nielsen Massey, Peppermint Extract, 4 Ounce Bottles","[[Grocery & Gourmet Food,Pantry Staples,Cooking & Baking,Extracts,Natural]]"
2812,44327,"Let's Do Organic Creamed Coconut, 6.6 lbs","[[Grocery & Gourmet Food,Cooking & Baking,Lard & Shortening,Coconut Shortening]]"
2813,44328,"Tone's Base, Beef, 16 Ounce","[[Grocery & Gourmet Food,Soups, Stocks & Broths,Bouillon,Beef]]"
2814,44333,"Crystal Hot Sauce, 6 oz (Pack of 6)","[[Grocery & Gourmet Food,Sauces, Gravies & Marinades,Hot Sauce]]"
2815,44353,"Bob's Red Mill Natural Raw Sunflower Seeds, 20-Ounce Packages (Pack of 4)","[[Grocery & Gourmet Food,Cooking & Baking,Nuts & Seeds,Sunflower Seeds]]"
2816,44399,"A Taste of Thai Peanut Noodles Quick Meal, 5.25-Ounce Boxes (Pack of 6)","[[Grocery & Gourmet Food,Pantry Staples,Canned, Jarred & Packaged Foods,Packaged Meals & Side Dishes,Pasta & Noodle Dishes]]"
2817,44411,"Frontier Pizza Seasoning, 1.04-Ounce Bottle","[[Grocery & Gourmet Food,Herbs, Spices & Seasonings,Mixed Spices & Seasonings],[Grocery & Gourmet Food,Herbs, Spices & Seasonings,Mixed Spices & Seasonings]]"
2818,44430,"SweetLeaf Liquid Stevia, Chocolate Raspberry, 2-Ounce Bottles (Pack of 2)","[[Grocery & Gourmet Food,Cooking & Baking,Sugar Substitutes,Stevia]]"
2819,44436,"Traditional Medicinals Organic, Chamomile, 16-Count Boxes (Pack of 6)","[[Grocery & Gourmet Food,Beverages,Coffee, Tea & Cocoa,Tea,Herbal]]"
2820,44437,St. Dalfour - Fruit Spread 100% Natural Jam Orange Marmalade - 10 oz.,"[[Grocery & Gourmet Food,Pantry Staples,Jams, Jellies & Sweet Spreads,Marmalades]]"
2821,44499,"The Spice Hunter Fiery Chile Fusion Grinder, 1.5-Ounce Jar","[[Grocery & Gourmet Food,Herbs, Spices & Seasonings,Mixed Spices & Seasonings,Meat Seasoning]]"
2822,44516,"Bragg Liquid Aminos, 6 Ounce","[[Grocery & Gourmet Food,Pantry Staples,Sauces, Gravies & Marinades,Sauces,Asian,Soy Sauce]]"
2823,44520,Mochiko (Sweet Rice Flour) - 16oz (Pack of 3),"[[Grocery & Gourmet Food,Cooking & Baking,Flours & Meals]]"
2824,44532,"Amy's Organic Southwestern Black Bean Chili, Medium, 14.7-Ounce Cans (Pack of 12)","[[Grocery & Gourmet Food,Soups, Stocks & Broths,Chili]]"
2825,44535,"Cameron's Donut Shop Single Serve Coffees,  12-Count","[[Grocery & Gourmet Food,Beverages,Coffee, Tea & Cocoa,Coffee,Single-Serve Capsules & Pods]]"
2826,44549,"Splenda No Calorie Sweetener, 400-Count Packets","[[Grocery & Gourmet Food,Cooking & Baking,Syrups, Sugars & Sweeteners,Sugars]]"
2827,44556,Japanese Fruits Daifuku (Rice Cake)-Melon Flavor,"[[Grocery & Gourmet Food,Candy & Chocolate,Traditional & International Sweets,Wagashi]]"
2828,44563,"Kraft Old English Cheese Spread, 5-Ounce (Pack of 6)","[[Grocery & Gourmet Food,Snack Foods,Salsas, Dips & Spreads,Dips & Spreads,Processed Cheese]]"
2829,44564,"Sparkling ICE Spring Water, Orange Mango, 17-Ounce Bottles (Pack of 12)","[[Grocery & Gourmet Food,Beverages,Bottled Beverages, Water & Drink Mixes,Water,Sparkling Water]]"
2830,44571,"Terrasoul Superfoods Raw Cacao Powder (Organic), 16-ounce","[[Grocery & Gourmet Food,Cooking & Baking,Baking Chocolates, Carob & Cocoa,Cocoa]]"
2831,44576,"Alvita - Ginger Root (Caffeine Free), 24 bag","[[Grocery & Gourmet Food,Pantry Staples,Herbs, Spices & Seasonings,Single Herbs & Spices,Garlic]]"
2832,44585,"Five Roses Tea, 100 Tagless Teabags","[[Grocery & Gourmet Food,Beverages,Coffee, Tea & Cocoa,Tea,Black]]"
2833,44589,"King Arthur Flour Multipurpose Flour, Gluten Free, 24-ounces","[[Grocery & Gourmet Food,Pantry Staples,Cooking & Baking,Flours & Meals,Wheat Flours & Meals]]"
2834,44621,"Yehuda Hummus, 11.3-Ounce Canisters (Pack of 12)","[[Grocery & Gourmet Food,Snack Foods,Crackers]]"
2835,44626,"Nescafe Memento Coffee, Mocha, 8 - Count","[[Grocery & Gourmet Food,Beverages,Coffee, Tea & Cocoa,Coffee,Instant Coffee]]"
2836,44627,"Let's Do Organic Reduced Fat Shredded Coconut, 8.8 ounce pouches (Pack of 12)","[[Grocery & Gourmet Food,Cooking & Baking,Coconut Flakes]]"
2837,44634,"Tillen Farms Vegetables, Spicy Asparagus, Beans and Snappers, Spicy, 12 oz. 3-Count","[[Grocery & Gourmet Food,Soups, Stocks & Broths,Bouillon]]"
2838,44652,"Dentyne Fire Gum, Spicy Cinnamon, 12-Piece Packs (Pack of 12)","[[Grocery & Gourmet Food,Candy & Chocolate,Chewing & Bubble Gum]]"
2839,44662,"Sensible Foods Roasted Edamame Crunch Dried Snack, Lunch box size, 0.75-Ounce (Pack of 24)","[[Grocery & Gourmet Food,Cooking & Baking]]"
2840,44675,"Davidson's Tea Bulk, Imperial Green Tea, 16-Ounce Bag","[[Grocery & Gourmet Food,Beverages,Coffee, Tea & Cocoa,Tea,Green]]"
2841,44691,Blue Q Gum Get Along With Your CoWorkers,"[[Grocery & Gourmet Food,Candy & Chocolate,Chewing & Bubble Gum]]"
2842,44696,"Ghirardelli Hot Chocolate Mix , Chocolate Mocha, 16 oz Can","[[Grocery & Gourmet Food,Beverages]]"
2843,44705,"Maruchan Ramen Unique Variety Pack; 3oz Mushroom, Pork, Roast Beef, and Creamy Chicken (Pack of 24)","[[Grocery & Gourmet Food,Soups, Stocks & Broths,Asian Noodle Soups]]"
2844,44725,SAN FRANCISCO BAY PUMPKIN SPICE 24 ONE CUPS for Keurig K-Cup Brewers,"[[Grocery & Gourmet Food,Beverages,Coffee, Tea & Cocoa,Coffee,Single-Serve Capsules & Pods]]"
2845,44726,"Badia Gourmet Peppercorn Blend, 16-ounces","[[Grocery & Gourmet Food,Herbs, Spices & Seasonings,Pepper & Peppercorns,Peppercorns]]"
2846,44734,"Kazu &reg; 100% USDA Organic Japanese Matcha, 9 Ounces Value Pack (200 Cups of Tea) with Bonus Gift",[[]]
2847,44743,Pantainorasingh brand Thai Sweet Chili Sauce for Spring Rolls - 9.6 oz x 3 bottles,"[[Grocery & Gourmet Food,Pantry Staples,Sauces, Gravies & Marinades,Sauces,Asian,Chili Sauce]]"
2848,44757,Nick's Sticks Grass-Fed Beef Snack Sticks (1.7oz 25 packages of 2 sticks),"[[Grocery & Gourmet Food,Snack Foods,Jerky & Dried Meats]]"
2849,44758,"Simply Organic Cardamom, 2.82 Ounce","[[Grocery & Gourmet Food,Herbs, Spices & Seasonings,Single Herbs & Spices,Cardamom Seed]]"
2850,44800,"The Switch Sparkling Juice, Grape, 8-Ounce Cans (Pack of 24)","[[Grocery & Gourmet Food,Beverages,Bottled Beverages, Water & Drink Mixes,Juices,Fruit Juice]]"
2851,44804,"Nature's Way Coconut Oil, 16 Ounce","[[Health & Household,Vitamins & Dietary Supplements,Blended Vitamin & Mineral Supplements]]"
2852,44810,Mike's Mix Sports Drink 4 lbs-Lemon Aid,"[[Grocery & Gourmet Food,Beverages,Bottled Beverages, Water & Drink Mixes,Sports Drinks]]"
2853,44820,"Enfamil Prosobee Soy Infant Formula Powder with Iron CONCENTRATE, 13 Ounce (Pack of 12) (Packaging May Vary)","[[Baby Products,Feeding,Baby Foods,Formula,Liquid Baby Formula]]"
2854,44822,Nabisco Honey Maid Graham Crackers 4-14.4oz Boxes,"[[Grocery & Gourmet Food,Snack Foods,Crackers,Graham Crackers]]"
2855,44836,Lucky Eight Yunnan Pu Erh Natural Black Tea - 100 Individually Wrapped Tea Bags - 7.0 Oz,"[[Grocery & Gourmet Food,Beverages,Coffee, Tea & Cocoa,Tea,Tea Samplers]]"
2856,44843,"Quaker Instant Oatmeal Fruit &amp; Cream, Variety Pack, 10-Count Box","[[Grocery & Gourmet Food,Breakfast Foods,Cereals,Oatmeal]]"
2857,44863,Turkish Apple Tea,"[[Grocery & Gourmet Food,Beverages,Coffee, Tea & Cocoa,Tea,Herbal]]"
2858,44871,"Stonewall Kitchen Spicy Bar Mix, 8 Ounce Can","[[Grocery & Gourmet Food,Snack Foods,Party Mix]]"
2859,44934,"Twinings English Afternoon Tea, Tea Bags, 20-Count, 1.41 oz. Boxes (Pack of 6)","[[Grocery & Gourmet Food,Beverages,Coffee, Tea & Cocoa,Tea,Green]]"
2860,44936,"CK Products Artificial Cr&egrave;me Bouquet Flavor Enhancer, 8 ounce bottle","[[Grocery & Gourmet Food,Pantry Staples,Cooking & Baking,Extracts,Imitation]]"
2861,44938,"Maple Grove Farms Fat Free Wasabi Dijon Dressing, 8 Ounce - Pack Of 3","[[Grocery & Gourmet Food,Condiments & Salad Dressings,Salad Dressings,Vinaigrette]]"
2862,44959,"Amy's Low Fat No Chicken Noodle Soup, 14.1-Ounce Cans (Pack of 12)","[[Grocery & Gourmet Food,Pantry Staples,Soups, Stocks & Broths,Vegetable Soups]]"
2863,44976,Frontier Natural Products Organic Cinnamon Vietnamese Premium Ground -- 1 lb,"[[Grocery & Gourmet Food,Herbs, Spices & Seasonings,Single Herbs & Spices,Cinnamon]]"
2864,44997,"Raw Lucuma Powder (Organic), 16-ounce",[[]]
2865,45007,"Chebe Bread Original Cheese Bread Mix, Gluten Free, 7.5-Ounce Bags (Pack of 8)","[[Grocery & Gourmet Food,Cooking & Baking,Baking Mixes,Breads]]"
2866,45011,"Tortuga Port Royal Blue Mountain Blend Gourmet Ground Coffee, 8 Ounce Bag","[[Grocery & Gourmet Food,Beverages,Coffee, Tea & Cocoa,Coffee,Ground Coffee]]"
2867,45023,"CoCo Libre Organic Coconut Water, 11-Ounce (Pack of 12)","[[Grocery & Gourmet Food,Beverages,Bottled Beverages, Water & Drink Mixes,Coconut Water]]"
2868,45047,"Dr. Pepper, 12-Ounce Cans (Pack of 24)","[[Grocery & Gourmet Food,Beverages,Bottled Beverages, Water & Drink Mixes,Soft Drinks]]"
2869,45050,"Biscoff Cookies, 8.8-Ounce (Pack of 5)","[[Grocery & Gourmet Food,Snack Foods,Cookies]]"
2870,45052,"Truvia Natural Sweetener, 300-Count Package","[[Grocery & Gourmet Food,Cooking & Baking,Sugar Substitutes,Stevia]]"
2871,45059,Authentic Foods Vanilla Powder - 3oz,"[[Grocery & Gourmet Food,Herbs, Spices & Seasonings,Single Herbs & Spices,Vanilla Beans],[Grocery & Gourmet Food,Herbs, Spices & Seasonings,Single Herbs & Spices,Vanilla Beans]]"
2872,45069,MAGGI fix &amp; fresh rouladen (Rouladen) (Pack of 4),"[[Grocery & Gourmet Food,Herbs, Spices & Seasonings,Mixed Spices & Seasonings]]"
2873,45076,Turkish Figs Sun Dried - 1 lb,"[[Grocery & Gourmet Food,Snack Foods,Fruit Snacks]]"
2874,45083,"Sunkist Fruit Gems, 5-Pound Bag","[[Grocery & Gourmet Food,Candy & Chocolate,Hard Candy & Lollipops,Hard Candy]]"
2875,45091,"Enjoy Life Soft Baked Cookies Variety Pack, 6-Ounce (Pack of 6)","[[Grocery & Gourmet Food,Breads & Bakery,Cookies]]"
2876,45110,Mio Fit (Tropical Fusion),"[[Grocery & Gourmet Food,Beverages,Bottled Beverages, Water & Drink Mixes,Energy Drinks]]"
2877,45138,"Signature Trail Mix Snacks, Peanut, M7M Candies, Raisins, Almonds, Cashews, 2.81 - Pound","[[Grocery & Gourmet Food,Snack Foods,Snack & Trail Mixes]]"
2878,45214,"Dr. McDougall's Right Foods Vegan Tortilla Soup with Baked Chips, 2-Ounce Cups (Pack of 6)","[[Grocery & Gourmet Food,Soups, Stocks & Broths,Vegetable Soups]]"
2879,45217,"Montebello Organic Artisan Pasta from Italy, Whole Wheat Spaghetti, 1-Pounds (Pack of 5)","[[Grocery & Gourmet Food,Pasta & Noodles,Pasta,Spaghetti]]"
2880,45220,Super Fine Blanched Almond Flour / Powder 5 LB.,"[[Grocery & Gourmet Food,Pantry Staples,Cooking & Baking,Flours & Meals,Almond]]"
2881,45237,"York Holiday Peppermint Patties, 1 Pound","[[Grocery & Gourmet Food,Candy & Chocolate,Mints]]"
2882,45250,Choffy - Ultimate Variety Set (12oz. Bags),"[[Grocery & Gourmet Food,Food & Beverage Gifts,Coffee & Tea Gifts]]"
2883,45300,"White Ambrosia Fine White Tea, 25 Sachets, White Lion Tea","[[Grocery & Gourmet Food,Beverages,Coffee, Tea & Cocoa,Tea,Tea Samplers]]"
2884,45310,1883 Violet Syrup 1000mL,"[[Grocery & Gourmet Food,Pantry Staples,Cooking & Baking]]"
2885,45311,"Melitta Single Cup Coffee for K-Cup Brewers, Cafe de Europa Vienna Roast, Dark Roast, 5.08 oz - 12 Count","[[Grocery & Gourmet Food,Beverages,Coffee, Tea & Cocoa,Coffee,Single-Serve Capsules & Pods]]"
2886,45316,Mazola Corn Oil 24oz - 4 Unit Pack,"[[Grocery & Gourmet Food,Pantry Staples,Cooking & Baking,Cooking Oils, Vinegars & Sprays,Oils]]"
2887,45351,"Emerald Berry Blend Premium Trail Mix, 5.5-Ounce Pouches (Pack of 6)","[[Grocery & Gourmet Food,Breakfast Foods,Cereals,Granola]]"
2888,45358,"Stash Tea Vanilla Creme Tea, Loose Leaf, 3.5 Ounce Pouch","[[Grocery & Gourmet Food,Beverages,Coffee, Tea & Cocoa,Tea,Black]]"
2889,45368,"Cadbury Easter Caramel Eggs, 4-Count, 4.8oz Boxes (Pack of 6)","[[Grocery & Gourmet Food,Candy & Chocolate,Candy & Chocolate Assortments]]"
2890,45388,"Salutesant Grapeseed Oil, 17-Ounce Can (Pack of 3)","[[Grocery & Gourmet Food,Cooking & Baking,Cooking Oils, Vinegars & Sprays,Oils,Grapeseed]]"
2891,45410,"Bob's Red Mill Gluten-Free Garbanzo Fava Flour, 22-Ounce Packages (Pack of 4)","[[Grocery & Gourmet Food,Pantry Staples,Cooking & Baking,Flours & Meals,Garbanzo]]"
2892,45418,"Sqwincher 060107-GR Sugar Free Electrolyte Powdered Beverage Mix Lite Qwik Stik, Grape Flavor, 0.11 oz Bag (Pack of 50)","[[Grocery & Gourmet Food,Beverages,Bottled Beverages, Water & Drink Mixes,Sports Drinks]]"
2893,45423,Big Train Fit Frapp&eacute; Coffee Protein Drink Mix VANILLA LATTE. Two 3 Lb Bags,"[[Grocery & Gourmet Food,Beverages,Coffee, Tea & Cocoa,Tea]]"
2894,45446,"Bigelow Organic Rooibos with Asian Pear Tea, 1.28-Ounce Boxes (Pack of 6)","[[Grocery & Gourmet Food,Beverages,Coffee, Tea & Cocoa,Tea]]"
2895,45463,Medaglia D'Oro Instant Espresso Coffee 2 Ounce,"[[Grocery & Gourmet Food,Beverages,Coffee, Tea & Cocoa,Coffee,Instant Coffee]]"
2896,45467,"Barilla Gluten Free Rotini Pasta, 12 Ounce Boxes (Pack of 12)","[[Grocery & Gourmet Food,Pantry Staples,Pasta & Noodles,Pasta,Rotini]]"
2897,45472,Tiptree Lemon Curd 2 Pack,"[[Grocery & Gourmet Food,Pantry Staples,Jams, Jellies & Sweet Spreads,Jams, Jellies & Preserves]]"
2898,45473,"Erin Baker's Breakfast Cookie Chocolate Chunk, Vegan, 3-Ounce Individually Wrapped Cookies (Pack of 12)","[[Grocery & Gourmet Food,Breakfast Foods,Breakfast & Cereal Bars]]"
2899,45477,"Teas' Tea Unsweetened Mint Green Tea, 16.9-Ounce Bottles (Pack of 12)","[[Grocery & Gourmet Food,Beverages,Coffee, Tea & Cocoa,Tea,Green]]"
2900,45495,"Seaweed Love All Natural Roasted Seaweed Variety Pack, Original and Olive Oil, 0.18 Ounce (Pack of 24)","[[Grocery & Gourmet Food,Snack Foods,Seaweed Snacks]]"
2901,45523,"Bob's Red Mill Granola, Honey Almond, 18-Ounce Bags (Pack of 4)","[[Grocery & Gourmet Food,Breakfast Foods,Cereals,Granola]]"
2902,45527,"Krusteaz No Knead Italian Herb Artisan Bread Mix, 14-Ounce Boxes (Pack of 4)","[[Grocery & Gourmet Food,Pantry Staples,Cooking & Baking,Baking Mixes,Breads]]"
2903,45528,"Sprout Organic Baby Food Curried Red Lentils and Glazed Carrots with Jasmine Rice, 5.5-Ounce (Pack of 12)","[[Baby Products,Feeding,Baby Foods]]"
2904,45631,"Folgers Coffee, Classic Roast, 48 Ounce","[[Grocery & Gourmet Food,Beverages,Coffee, Tea & Cocoa,Coffee,Ground Coffee]]"
2905,45669,"Donut House Collection Light Roast K-Cup for Keurig Brewers, Donut House Decaf Coffee (Pack of 96)","[[Grocery & Gourmet Food,Beverages,Coffee, Tea & Cocoa,Coffee,Single-Serve Capsules & Pods]]"
2906,45674,Art of Appreciation Gift Baskets   The Classic Gourmet Food Basket - Medium,"[[Grocery & Gourmet Food,Food & Beverage Gifts,Assortments & Variety Gifts]]"
2907,45702,"Madhava Organic Light Agave, 46-Ounce (Pack of 2)","[[Grocery & Gourmet Food,Cooking & Baking,Syrups, Sugars & Sweeteners,Agave Nectar & Syrup]]"
2908,45711,Matcha Green Tea Powder - ORGANIC - All Day Energy - Green Tea Lattes - Smoothies - Matcha Baking - Superior Antioxidant Content - Improved Hair &amp; Skin Health- Exclusive to Amazon,"[[Grocery & Gourmet Food,Beverages,Coffee, Tea & Cocoa,Tea,Matcha]]"
2909,45758,"Funky Monkey Snacks Pink Pineapple, 0.42-Ounce Bags (Pack of 12)","[[Grocery & Gourmet Food,Snack Foods,Fruit Snacks]]"
2910,45759,Lee Kum Kee Premium Dark Soy Sauce - 16.9 fl. oz.,"[[Grocery & Gourmet Food,Sauces, Gravies & Marinades,Sauces,Asian,Soy Sauce],[Grocery & Gourmet Food,Sauces, Gravies & Marinades,Sauces,Asian,Soy Sauce]]"
2911,45782,Seggiano Raw Basil Pesto Genovese 200 gram Jar,"[[Grocery & Gourmet Food,Sauces, Gravies & Marinades,Sauces,Italian,Pesto]]"
2912,45783,"Gustaf's Dutch Licorice, Caramels, 4.4-Pound Bag","[[Grocery & Gourmet Food,Candy & Chocolate,Jelly Beans & Gummy Candy,Licorice]]"
2913,45805,"Triple Leaf Teas - Ginger Tea, 20 bag","[[Grocery & Gourmet Food,Beverages,Coffee, Tea & Cocoa,Tea,Tea Samplers]]"
2914,45809,Pearl River Bridge Superior Light Soy Sauce,"[[Grocery & Gourmet Food,Sauces, Gravies & Marinades,Sauces,Asian,Soy Sauce],[Grocery & Gourmet Food,Sauces, Gravies & Marinades,Sauces,Asian,Soy Sauce]]"
2915,45823,"Green Mountain Coffee Fair Trade Gingerbread, K-Cup Portion Pack for Keurig Brewers 24-Count","[[Grocery & Gourmet Food,Beverages,Coffee, Tea & Cocoa,Coffee,Single-Serve Capsules & Pods]]"
2916,45826,"Blue Diamond Almonds Salt &amp; Vinegar, Bold, 6-Ounce Tins (Pack of 12)","[[Grocery & Gourmet Food,Cooking & Baking,Nuts & Seeds,Almonds]]"
2917,45827,El Guapo Gumbo Bitters - tastes just like gumbo!,[[]]
2918,45832,"Bellino Savoiardi Lady Fingers, 7 Ounce Packages (Pack of 12)","[[Grocery & Gourmet Food,Snack Foods,Cookies,Ladyfingers]]"
2919,45858,"Davidson's Tea Bulk, Earl Grey, 16-Ounce Bag","[[Grocery & Gourmet Food,Beverages,Coffee, Tea & Cocoa,Tea,Black]]"
2920,45883,Brach's Peppermint Candy Canes 9.75 Oz Box (65 Ct),"[[Grocery & Gourmet Food,Candy & Chocolate,Mints]]"
2921,45921,"Green Mountain Coffee K-Cup for Keurig Brewers, Pumpkin Spice, 24 Count","[[Grocery & Gourmet Food,Beverages,Coffee, Tea & Cocoa,Coffee,Single-Serve Capsules & Pods]]"
2922,45922,"Hidden Valley Original Ranch Dressing, 16 Fluid Ounce Bottle (Pack of 6)","[[Grocery & Gourmet Food,Condiments & Salad Dressings,Salad Dressings,Ranch]]"
2923,45933,"Harney &amp; Sons Classic Citron Green Tea, 20 Tea Sachets","[[Grocery & Gourmet Food,Beverages,Coffee, Tea & Cocoa,Tea,Green]]"
2924,45955,Bell Plantation PB2 Powder Peanut Butter - 6.5 oz (184g) (6 Pack),[[]]
2925,45968,"Royal Basmati Rice in Plastic Bag, 10 Pound","[[Grocery & Gourmet Food,Pantry Staples,Dried Grains & Rice,Basmati]]"
2926,46010,"Earth's Best Organic Baby Food, Spaghetti With Cheese, 6 Ounce (Pack of 12)",[[]]
2927,46014,"Rodelle Almond Extract, 16 Ounce","[[Grocery & Gourmet Food,Pantry Staples,Cooking & Baking,Extracts,Natural]]"
2928,46017,"Tortuga Chocolate Cinnarum Gourmet Ground Coffee, 8 Ounce Bag","[[Grocery & Gourmet Food,Beverages,Coffee, Tea & Cocoa,Coffee,Ground Coffee]]"
2929,46029,"Green Mountain Coffee Fair Trade Organic Sumatran Reserve, K-Cup Portion Pack for Keurig Brewers 24-Count","[[Grocery & Gourmet Food,Beverages,Coffee, Tea & Cocoa,Coffee,Single-Serve Capsules & Pods]]"
2930,46049,"Celestial Seasonings Sleepytime Extra Tea, 20-Count Tea Bags (Pack of 6)","[[Grocery & Gourmet Food,Beverages,Coffee, Tea & Cocoa,Tea,Herbal]]"
2931,46050,"Harney &amp; Sons Orange Pekoe Tea, 50 Tea Bags","[[Grocery & Gourmet Food,Beverages,Coffee, Tea & Cocoa,Tea,Green]]"
2932,46077,"Pereg Gourmet Basmati Rice with Vegetables Mix, 6.4-Ounce","[[Grocery & Gourmet Food,Pantry Staples,Dried Grains & Rice,Basmati]]"
2933,46084,"Barilla Tri-Color Rotini Pasta, 12 Ounce Boxes (Pack of 16)","[[Grocery & Gourmet Food,Pasta & Noodles,Pasta,Fettuccine]]"
2934,46109,"Uncle Ray's No Salt Potato Chips, 3-Ounce Bags (Pack of 12)","[[Grocery & Gourmet Food,Snack Foods,Chips & Crisps,Potato]]"
2935,46117,"Special K Protein Meal Bar, Honey Almond, 1.59 oz. Bars,  6-Count Box (Pack of 6)","[[Health & Household,Sports Nutrition,Nutrition Bars,Protein Bars]]"
2936,46119,"San Pellegrino Sparkling Natural Mineral Water, 33.81-Ounce Bottles (Pack of 12)","[[Grocery & Gourmet Food,Beverages,Bottled Beverages, Water & Drink Mixes,Water,Mineral Water]]"
2937,46121,Organic Silver Needle Loose Leaf White Tea,"[[Grocery & Gourmet Food,Beverages,Coffee, Tea & Cocoa,Tea,Green]]"
2938,46126,"Golden Lentils, 1 lb.","[[Grocery & Gourmet Food,Dried Beans, Grains & Rice,Lentils]]"
2939,46127,Bbq Bros Rubs (Southern Style),"[[Grocery & Gourmet Food,Herbs, Spices & Seasonings,Mixed Spices & Seasonings,Gourmet Rubs]]"
2940,46162,"El Guapo Tex-Mex Bitters - grapefruit, lime, culantro, cumin, jalapeno flavors","[[Grocery & Gourmet Food,Beverages,Bottled Beverages, Water & Drink Mixes,Cocktail Mixers,Bitters]]"
2941,46186,"Plum Kids Organic Fruit and Veggie Mashups, Blueberry Blitz, 3.17 Ounce, 4-Count (Pack of 6)","[[Baby Products,Feeding,Baby Foods,Meals]]"
2942,46188,"Gourmet House Wild Rice, 16-Ounce (Pack of 4)","[[Grocery & Gourmet Food,Pantry Staples,Dried Grains & Rice,Wild]]"
2943,46204,Robertsons Traditional Mincemeat 411g,"[[Grocery & Gourmet Food,Cooking & Baking,Pie & Pastry Fillings]]"
2944,46247,Japan Kracie Tsubupyon Soda flavor 2013 March NEW!! DIY candy Happy Kitchen,"[[Grocery & Gourmet Food,Candy & Chocolate,Jelly Beans & Gummy Candy,Gummy Candy]]"
2945,46249,Tully's Coffee Hawaiian Blend K-Cups,"[[Grocery & Gourmet Food,Beverages,Coffee, Tea & Cocoa,Coffee,Single-Serve Capsules & Pods]]"
2946,46256,"Anna Pappardelle Nest #102 Pasta, 1 Pound Bags (Pack of 12)","[[Grocery & Gourmet Food,Pasta & Noodles,Pasta,Capellini]]"
2947,46264,"So Delicious Dairy Free - Organic Coconut Milk Beverage Organic Unsweetened,  32-Ounce (Pack of 6)","[[Grocery & Gourmet Food,Dairy, Cheese & Eggs,Non-Dairy Milks,Coconut Milk Beverage]]"
2948,46266,Cadbury Chocolate Eclairs 180g (2 Pack),"[[Grocery & Gourmet Food,Candy & Chocolate,Candy & Chocolate Assortments]]"
2949,46279,Utz Cheese Balls - 35 Oz. Container,[[]]
2950,46285,"Starbucks French Roast Ground Coffee, 12 oz","[[Grocery & Gourmet Food,Beverages,Coffee, Tea & Cocoa,Coffee,Ground Coffee]]"
2951,46299,"Seitenbacher Gluten-Free Rigatoni Gourmet Pasta, 12-Ounce Bags (Pack of 3)","[[Grocery & Gourmet Food,Pantry Staples,Pasta & Noodles,Pasta,Rigatoni]]"
2952,46301,"LifeSavers Gummies, Wild Berries, 7-Ounce Bags (Pack of 12)","[[Grocery & Gourmet Food,Candy & Chocolate,Jelly Beans & Gummy Candy,Gummy Candy]]"
2953,46302,"Club Crackers, Original, 16-Ounce Boxes (Pack of 4)","[[Grocery & Gourmet Food,Snack Foods,Crackers,Wheat]]"
2954,46307,"Popchips, Original, 3-Ounce Bags (Pack of 12)","[[Grocery & Gourmet Food,Snack Foods,Chips & Crisps,Potato]]"
2955,46312,Mentos The Chewy Mint Candy - Mint Flavor 1.32oz Rolls - 15 Rolls,"[[Grocery & Gourmet Food,Candy & Chocolate,Mints]]"
2956,46338,Classic Grand Retro Candy Gift Box,"[[Grocery & Gourmet Food,Food & Beverage Gifts,Candy & Chocolate Gifts]]"
2957,46349,"Hormel Chicken Breast &amp; Gravy with Mashed Potatoes, 10-Ounce Units (Pack of 6)","[[Grocery & Gourmet Food,Pantry Staples,Canned, Jarred & Packaged Foods,Meat, Poultry & Seafood,Chicken]]"
2958,46355,Shimmer Pearlescent White 1 Inch Gumballs 1LB Bag,"[[Grocery & Gourmet Food,Candy & Chocolate,Chewing & Bubble Gum]]"
2959,46362,"Hodgson Mill European Cheese &amp; Herb Bread Mix, 16-Ounce Boxes (Pack of 6)","[[Grocery & Gourmet Food,Pantry Staples,Cooking & Baking,Baking Mixes,Breads]]"
2960,46369,"Celestial Seasonings Herb Tea, True Blueberry, 20-Count Tea Bags (Pack of 6)","[[Grocery & Gourmet Food,Beverages,Coffee, Tea & Cocoa,Tea,Herbal]]"
2961,46393,"Chex Cinnamon Cereal, 13.5-Ounce Boxes (Pack of 4)","[[Grocery & Gourmet Food,Breakfast Foods,Cereals,Cold Cereals]]"
2962,46396,"Haribo Gummi Candy, Happy-Cola, 5-Pound Bag","[[Grocery & Gourmet Food,Candy & Chocolate,Jelly Beans & Gummy Candy,Gummy Candy]]"
2963,46408,"O.N.E. Coconut Water, 11.2-Ounce Aseptic Containers (Pack of 12)","[[Grocery & Gourmet Food,Beverages,Bottled Beverages, Water & Drink Mixes,Coconut Water]]"
2964,46411,"Kool-Aid Aguas Frescas Pina Pineapple Unsweetened Soft Drink Mix, 0.14-Ounce Packets (Pack of 96)","[[Grocery & Gourmet Food,Beverages,Bottled Beverages, Water & Drink Mixes,Powdered Drink Mixes & Flavorings,Soft Drink Mixes]]"
2965,46418,"San Francisco Bay Coffee Fog Chaser, 80 OneCup Single Serve Cups","[[Grocery & Gourmet Food,Beverages,Coffee, Tea & Cocoa,Coffee,Single-Serve Capsules & Pods]]"
2966,46444,"The Spice Hunter Orange Peel, Granulated, 1.6-Ounce Jar","[[Grocery & Gourmet Food,Pantry Staples,Herbs, Spices & Seasonings,Mixed Spices & Seasonings]]"
2967,46474,"Suja - Green Supreme / Apple Kale Lemon - Raw Organic &amp; Cold Pressed Cleanse (Vegetable &amp; Fruit Juice), Buy SIX Bottles and Save, Each Bottle is 16 oz (Pack of 6)","[[Grocery & Gourmet Food,Beverages,Bottled Beverages, Water & Drink Mixes,Juices,Fruit Juice]]"
2968,46498,"Kid's Kitchen Microwave Cup Cheezy Mac and Cheese, 7.5-Ounce (Pack of 12)","[[Grocery & Gourmet Food,Pantry Staples,Canned, Jarred & Packaged Foods,Packaged Meals & Side Dishes,Macaroni & Cheese]]"
2969,46506,"Old Fashioned Cheese Cheddar Squeeze Cheese, 11.5 Ounce","[[Grocery & Gourmet Food,Snack Foods,Salsas, Dips & Spreads,Dips & Spreads,Processed Cheese]]"
2970,46582,"Candy Crate Gustaf's Licorice Allsorts Sealed Bag, 6.6 Pound","[[Grocery & Gourmet Food,Candy & Chocolate,Jelly Beans & Gummy Candy,Licorice]]"
2971,46619,"Blue Diamond Oven Roasted Almonds, Sea Salt, 8-ounce container (pack of 6)","[[Grocery & Gourmet Food,Cooking & Baking,Nuts & Seeds,Almonds]]"
2972,46635,Dried Mediterranean Apricots 4 Lbs (in 4 - 16 oz. Reclosable Bags),"[[Grocery & Gourmet Food,Produce,Dried Fruits & Vegetables,Dried Fruits,Dried Apricots]]"
2973,46652,"Ahmad Tea Mint Mystique Flavored Green Tea with Mint Leaves, 20-Count Boxes (Pack of 6)","[[Grocery & Gourmet Food,Beverages,Coffee, Tea & Cocoa,Tea,Green]]"
2974,46660,Mr Kipling Cakes Mini Battenbergs- 5 pack,"[[Grocery & Gourmet Food,Breads & Bakery,Cakes]]"
2975,46673,"The Spice Hunter Paprika, Smoked, Ground, 1.8-Ounce Jar","[[Grocery & Gourmet Food,Herbs, Spices & Seasonings,Single Herbs & Spices,Paprika]]"
2976,46675,Reaper Sling Blade Hot Sauce - Made with the Carolina Reaper!,"[[Grocery & Gourmet Food,Sauces, Gravies & Marinades,Hot Sauce]]"
2977,46693,Dried Montmorency Tart Cherries 4 Lbs (in 4 - 16 oz. Reclosable Bags),"[[Grocery & Gourmet Food,Snack Foods,Dried Fruit & Raisins]]"
2978,46700,"Simply Organic Garlic 'n Herb Certified Organic, 3.1-Ounce Glass Bottle","[[Grocery & Gourmet Food,Herbs, Spices & Seasonings,Single Herbs & Spices,Garlic]]"
2979,46702,"Good Sense Organic Walnuts, 6-Ounce Bags (Pack of 3)","[[Health & Household,Sports Nutrition]]"
2980,46737,"Success Boil-In-Bag White 4 Ct Rice, 14 Ounce","[[Grocery & Gourmet Food,Pantry Staples,Dried Grains & Rice,White]]"
2981,46740,"San Pellegrino Sparkling Beverage, Aranciata (Orange), 11.15-Ounce Cans (Pack of 24)","[[Grocery & Gourmet Food,Beverages,Bottled Beverages, Water & Drink Mixes,Juices,Sparkling Juice]]"
2982,46792,"Huy Fong, Sriracha Hot Chili Sauce, 17 Ounce Bottle","[[Grocery & Gourmet Food,Pantry Staples,Sauces, Gravies & Marinades,Hot Sauce]]"
2983,46882,"YumEarth Organic Lollipops, 8.5 Ounce Bag","[[Grocery & Gourmet Food,Candy & Chocolate,Hard Candy & Lollipops,Suckers & Lollipops]]"
2984,46885,Fee Brothers Cherry Bitters - 4 Oz - Pack of 2,[[]]
2985,46891,"Tiny Footprint Coffee Organic Dark Roast Ground Coffee, 16-Ounce Bags (Pack of 2)","[[Grocery & Gourmet Food,Beverages,Coffee, Tea & Cocoa,Coffee,Ground Coffee]]"
2986,46934,"Nutramigen with Enflora LGG for Cows Milk Allergy Powder Can, for Babies 0-12 Months, 19.8 Ounce","[[Baby Products,Feeding,Baby Foods,Formula,Powder Baby Formula]]"
2987,46938,"Dove Dark Chocolate Promises, 9.5-Ounce Packages (Pack of 4)","[[Grocery & Gourmet Food,Candy & Chocolate,Candy & Chocolate Bars]]"
2988,46966,"Pamela's Products Simplebites Chocolate Chip Mini Cookies, 7-Ounce Pouches (Pack of 6)","[[Grocery & Gourmet Food,Breads & Bakery,Cookies,Chocolate]]"
2989,46978,"Le Sueur Baby Carrots, 15-Ounce (Pack of 12)","[[Grocery & Gourmet Food,Canned, Jarred & Packaged Foods,Vegetables,Carrots]]"
2990,46987,"Montebello Organic Strozzapreti, Italian Macaroni, 16-Ounce Bag (Pack of 5)","[[Grocery & Gourmet Food,Pantry Staples,Pasta & Noodles,Pasta]]"
2991,47021,"Lorenz Saltletts Stick Tray, 17.6 Ounce",[[]]
2992,47023,"Tazo White Cucumber White Tea, 20-Count Tea Bags (Pack of 6)","[[Grocery & Gourmet Food,Beverages,Coffee, Tea & Cocoa,Tea,White]]"
2993,47041,"Skyline Original Recipe Chili, 10.5 Ounce -- 24 per case.","[[Grocery & Gourmet Food,Soups, Stocks & Broths,Chili]]"
2994,47053,"Haribo Gummi Candy, Pink Grapefruit, 5-Pound Bag","[[Grocery & Gourmet Food,Candy & Chocolate,Jelly Beans & Gummy Candy,Gummy Candy]]"
2995,47054,"Taste Nirvana Real Coconut Water With Pulp, 16.2-Ounce (Pack of 12)","[[Grocery & Gourmet Food,Beverages,Bottled Beverages, Water & Drink Mixes,Coconut Water]]"
2996,47076,"Amoretti Premium Syrup, French Vanilla, 25.4 Ounce","[[Grocery & Gourmet Food,Beverages,Bottled Beverages, Water & Drink Mixes,Flavor Syrups]]"
2997,47077,"GG Bran Crispbread, 3.5-ounce (Pack of 20)","[[Grocery & Gourmet Food,Snack Foods,Crackers,Flatbread]]"
2998,47080,"English Tea Store Honey Sticks, Lemon, 100 Count","[[Grocery & Gourmet Food,Pantry Staples,Cooking & Baking,Syrups, Sugars & Sweeteners,Honey]]"
2999,47091,"Nature's Path Organic Granola Bars, Pumpkin-n-Spice, Flax Plus, 1.2 Ounce,  6-Count Boxes (Pack of 6)","[[Grocery & Gourmet Food,Snack Foods,Bars,Granola]]"
3000,47097,"The Spice Hunter Chinese Five Spice Blend, 1.6-Ounce Jar","[[Grocery & Gourmet Food,Herbs, Spices & Seasonings,Mixed Spices & Seasonings,Chinese Five Spice]]"
3001,47125,Wel-Pac - Saki Ika Regular (dried squid) 2.0 Oz.,"[[Grocery & Gourmet Food,Snack Foods,Jerky & Dried Meats]]"
3002,47144,"Chebe Bread Pizza Crust Mix, Gluten Free,  7.5-Ounce Box (Pack of 8)","[[Grocery & Gourmet Food,Cooking & Baking,Baking Mixes,Breads]]"
3003,47171,Raw Georgia Pecans Jumbo 1 Pound Bag - Oh! Nuts,"[[Grocery & Gourmet Food,Cooking & Baking,Nuts & Seeds,Pecans]]"
3004,47238,"Metromint Water, Cherrymint, 16.9-Ounce Bottles (Pack of 12)","[[Grocery & Gourmet Food,Beverages,Bottled Beverages, Water & Drink Mixes,Water,Flavored Water]]"
3005,47243,"Mother Earth Products Textured Vegetable Protein Chicken Bits, 1 Full Quart","[[Grocery & Gourmet Food,Olives, Pickles & Relishes,Relishes,Vegetable Relishes]]"
3006,47244,"Bob's Red Mill White Rice Flour, Organic, 24-Ounce Packages (Pack of 4)","[[Grocery & Gourmet Food,Cooking & Baking,Flours & Meals,Rice Flour]]"
3007,47253,"Cuisinart FL-7G Classic Artisan Soda Syrup, 750ml, Ginger Ale","[[Grocery & Gourmet Food,Beverages]]"
3008,47271,"True Lime Shaker, 2.85 Ounces","[[Grocery & Gourmet Food,Herbs, Spices & Seasonings,Single Herbs & Spices]]"
3009,47278,Brach's 12 Peppermint Candy Canes (3 boxes - 36 count total),"[[Grocery & Gourmet Food,Candy & Chocolate,Mints]]"
3010,47290,Wasabi Flavored Lip Balm Novelty Gag Gift,"[[Beauty & Personal Care,Skin Care,Lip Care,Balms & Moisturizers]]"
3011,47294,Pink &amp; White Strawberry Tesla's Tiny Twist Lollipops 10 Piece Box,"[[Grocery & Gourmet Food,Candy & Chocolate,Hard Candy & Lollipops,Suckers & Lollipops]]"
3012,47311,Harissa Paste 8.0 Oz By Zamouri Spices,"[[Grocery & Gourmet Food,Sauces, Gravies & Marinades,Sauces,Asian,Chile Paste]]"
3013,47312,Larabar Variety Pack Mini Bars 9.36 OZ,"[[Grocery & Gourmet Food,Snack Foods,Bars,Fruit & Nut]]"
3014,47318,"Thai Kitchen Noodle Bowl, Roasted Garlic, 2.4-Ounce Unit (Pack of 6)","[[Grocery & Gourmet Food,Canned, Jarred & Packaged Foods,Packaged Meals & Side Dishes,Pasta & Noodle Dishes]]"
3015,47400,"Food-to-Live POPPY SEEDS - 4 Pounds, (Variety: Blue; Grade: A-1)","[[Grocery & Gourmet Food,Herbs, Spices & Seasonings,Single Herbs & Spices,Poppy Seed]]"
3016,47409,"Chef Boyardee  Spaghetti Rings W/Meatballs, Mini Bites, 15-Ounce Units (Pack of 24)","[[Grocery & Gourmet Food,Canned, Jarred & Packaged Foods,Packaged Meals & Side Dishes,Pasta & Noodle Dishes]]"
3017,47411,"Betty Crocker Supermoist Spice Cake Mix, 15.25-Ounce (Pack of 6)","[[Grocery & Gourmet Food,Cooking & Baking,Baking Mixes,Cakes]]"
3018,47425,Meiji - Five Mini Chocolate Candy Pucci Assortment,"[[Grocery & Gourmet Food,Candy & Chocolate,Candy & Chocolate Assortments]]"
3019,47476,Caramel Tootsie Pops Limited Edition - 12.6 Oz.,"[[Grocery & Gourmet Food,Candy & Chocolate,Hard Candy & Lollipops,Suckers & Lollipops]]"
3020,47482,"Spicely Jar Organic Paprika, 1.8 Ounce","[[Grocery & Gourmet Food,Pantry Staples,Herbs, Spices & Seasonings,Single Herbs & Spices,Paprika]]"
3021,47484,RAURENI ROMANIAN CASTRAVETI PICKLES 680G,"[[Grocery & Gourmet Food,Olives, Pickles & Relishes,Pickles,Dill Pickles]]"
3022,47486,"Gourmet House Wild Rice, 16-Ounce (Pack of 6)","[[Grocery & Gourmet Food,Pantry Staples,Dried Grains & Rice,Wild]]"
3023,47526,Pink and Purple Swirl Lollipop (16) Party Supplies,"[[Grocery & Gourmet Food,Candy & Chocolate,Hard Candy & Lollipops,Suckers & Lollipops]]"
3024,47533,"Kirkland Pacific Bold K-Cups, 100 Count","[[Grocery & Gourmet Food,Beverages,Coffee, Tea & Cocoa,Coffee,Single-Serve Capsules & Pods]]"
3025,47563,"Great River Organic Milling, Organic Whole Grains Hulled Millet, 25-Pound Package","[[Grocery & Gourmet Food,Cooking & Baking,Flours & Meals,Barley Flour]]"
3026,47569,"Mrs. Butterworth's Sugar Free Syrup, 24 Ounce","[[Grocery & Gourmet Food,Cooking & Baking,Syrups, Sugars & Sweeteners,Maple Syrup]]"
3027,47576,KAKOSI Organic Cocoa Butter 16 oz.,"[[Beauty & Personal Care,Skin Care,Body,Moisturizers,Body Butter]]"
3028,47580,"Keenan Farms Shelled Kernel Roasted Pistachio with Sea Salt, 36-Ounce Jug",[[]]
3029,47619,Art of Appreciation Gift Baskets Let It Snow! Snowman Tote Bag - Christmas Cookie and Candy Gift Basket,"[[Grocery & Gourmet Food,Food & Beverage Gifts,Snack Gifts]]"
3030,47626,"Emperor's Kitchen Organic Black Sesame Seeds, 16-Ounce Bags (Pack of 3)","[[Grocery & Gourmet Food,Herbs, Spices & Seasonings,Single Herbs & Spices,Sesame Seed]]"
3031,47640,"Betty Crocker Gluten Free Brownie Mix, 16-Ounce Boxes (Pack of 6)","[[Grocery & Gourmet Food,Cooking & Baking,Baking Mixes,Brownies]]"
3032,47651,Welchs Fruit Snacks 24 / 2.25 Ounce Value Box Assortment,"[[Grocery & Gourmet Food,Candy & Chocolate,Jelly Beans & Gummy Candy,Gummy Candy]]"
3033,47668,Blue Vervain Herbal Tea,[[]]
3034,47669,"Duncan Hines Snack Size Chewy Fudge Brownie Mix, 7-Ounce (Pack of 12)","[[Grocery & Gourmet Food,Cooking & Baking,Baking Mixes,Brownies]]"
3035,47674,"GG Scandinavian Bran Crispbread, 3.5-Ounce Packages (Pack of 5)","[[Grocery & Gourmet Food,Snack Foods,Crackers,Flatbread]]"
3036,47698,"Hershey's Pot of Gold Assorted Milk and Dark Chocolate Premium Collection, 10-Ounce Boxes (Pack of 2)","[[Grocery & Gourmet Food,Candy & Chocolate,Chocolate & Fudge]]"
3037,47702,Leonidas Belgian Chocolates: 1 lb Dark Chocolates Assortment,[[]]
3038,47718,"Jayone Seaweed, Roasted and Lightly Salted, 24 Count","[[Grocery & Gourmet Food,Snack Foods,Seaweed Snacks]]"
3039,47728,"Fiber One Eighty Calories, Honey Squares, 11.75 Ounce (Pack of 4)","[[Grocery & Gourmet Food,Breakfast Foods,Cereals,Cold Cereals]]"
3040,47738,Calimyrna Figs (One Pound Bag),"[[Grocery & Gourmet Food,Produce,Fresh Fruits,Figs]]"
3041,47740,"Hoosier Hill Farm Buttermilk Powder, 1 lb.","[[Grocery & Gourmet Food,Pantry Staples,Cooking & Baking,Condensed & Powdered Milk,Powdered]]"
3042,47741,180 Snacks Blueberry Pomegranate Trail Mix Crunch - 3-ounce Pouches (Pack of 8),[[]]
3043,47765,"Seneca Cinnamon Sweet Potato Chips, 2.5-Ounce Bags (Pack of 12)","[[Grocery & Gourmet Food,Snack Foods,Chips & Crisps,Potato]]"
3044,47772,Pink Wintergreen Canada Mints (4 Pound Bag),"[[Grocery & Gourmet Food,Candy & Chocolate,Mints]]"
3045,47782,"Choice Organic Green Moroccan Mint Tea, 16 Count Box","[[Grocery & Gourmet Food,Beverages,Coffee, Tea & Cocoa,Tea,Green]]"
3046,47812,"Quaker Instant Oatmeal Packets Variety Pack, 52-Count","[[Grocery & Gourmet Food,Breakfast Foods,Cereals,Oatmeal]]"
3047,47823,"Quaker Crunchy Oat Granola Cookies, Mixed Berry Oatmeal Cookies, 9.3-Ounce Boxes (Pack of 6)","[[Grocery & Gourmet Food,Snack Foods,Cookies,Oatmeal]]"
3048,47827,"Stash Tea Decaf White and Lemon Tea, 100 Count Box of Tea Bags in Foil","[[Grocery & Gourmet Food,Beverages,Coffee, Tea & Cocoa,Tea,Tea Samplers]]"
3049,47841,"Great River Organic Milling, Organic Specialty All Purpose Whole Wheat Flour, 25-Pound Package","[[Grocery & Gourmet Food,Pantry Staples,Cooking & Baking,Flours & Meals,Wheat Flours & Meals]]"
3050,47844,"Lawry's Taco Spices &amp; Seasonings, 1-Ounce Packets (Pack of 24)","[[Grocery & Gourmet Food,Pantry Staples,Herbs, Spices & Seasonings,Mixed Spices & Seasonings,Mexican Seasoning]]"
3051,47884,"Fondarific Buttercream Red Fondant, 2-Pounds","[[Grocery & Gourmet Food,Pantry Staples,Cooking & Baking,Frosting, Icing & Decorations]]"
3052,47886,"Smucker's Sugar Free Breakfast Syrup, Low Calorie, Kosher OU, Sweetened with NutraSweet, Pack of One 14.5 oz Bottle","[[Grocery & Gourmet Food,Cooking & Baking,Syrups, Sugars & Sweeteners,Molasses]]"
3053,47888,"DaVinci Gourmet Classic Syrup, Cherry, 25.4-Ounce Bottles (Pack of 3)","[[Grocery & Gourmet Food,Beverages,Bottled Beverages, Water & Drink Mixes,Flavor Syrups]]"
3054,47889,"Monin Caramel Syrup, 750 ml","[[Grocery & Gourmet Food,Cooking & Baking,Dessert Syrups & Sauces,Caramel]]"
3055,47913,Predilecta Guava Paste - 35.27oz - Goiabada Predilecta - 1kg,"[[Grocery & Gourmet Food,Pantry Staples,Olives, Pickles & Relishes,Relishes]]"
3056,47926,"Jack Daniels Spicy Southwest Mustard, 9-Ounce Jars (Pack of 6)","[[Grocery & Gourmet Food,Pantry Staples,Condiments & Salad Dressings,Mustard,Brown Mustard]]"
3057,47944,"Green Mountain Coffee Caramel Vanilla Cream,  K-Cup Portion Pack for Keurig K-Cup Brewers, 24-Count","[[Grocery & Gourmet Food,Beverages,Coffee, Tea & Cocoa,Coffee,Single-Serve Capsules & Pods]]"
3058,47955,"Folgers Coffee Ground Half Caffeine, 29.2-Ounce Packages (Pack of 2)","[[Grocery & Gourmet Food,Beverages,Coffee, Tea & Cocoa,Coffee,Ground Coffee]]"
3059,47971,"Pure Bar Organic Chocolate Brownie, Gluten Free, Raw, Vegan,  1.7-Ounce Bars (Pack of 12)","[[Grocery & Gourmet Food,Snack Foods,Bars,Fruit & Nut]]"
3060,47975,"Emeril's Big Easy Bold Coffee, 24-Count K-Cups for Keurig Brewers (Pack of 2)","[[Grocery & Gourmet Food,Beverages,Coffee, Tea & Cocoa,Coffee,Single-Serve Capsules & Pods]]"
3061,47982,Gold Medal Frosted Caramel Popcorn Glaze Mix 28 oz,"[[Grocery & Gourmet Food,Snack Foods,Popcorn,Popped]]"
3062,47983,"Simply Organic Paprika Ground Certified Organic, 2.96 Ounce Container","[[Grocery & Gourmet Food,Herbs, Spices & Seasonings,Single Herbs & Spices,Paprika]]"
3063,47988,Mcvities Digestive 400g 7 Pk,"[[Grocery & Gourmet Food,Snack Foods,Cookies,Biscuits]]"
3064,48002,"Black Jewell Premium Microwave Popcorn, Natural, 10.5-Ounce Boxes (Pack of 6)","[[Grocery & Gourmet Food,Snack Foods,Popcorn,Microwave]]"
3065,48013,"Bear Naked Fit Granola, Vanilla Almond Crunch, 12-Ounce Pouches (Pack of 6)","[[Grocery & Gourmet Food,Breakfast Foods,Cereals,Granola]]"
3066,48038,"Keebler Mini Cookies Cup, Fudge Grahams, 2.8 Ounce (Pack of 10)","[[Grocery & Gourmet Food,Breads & Bakery,Cookies,Chocolate]]"
3067,48102,Tazo&reg; Chocolate Chai Tea Latte Concentrate - 32 Ounce Boxes - Pack of 2,"[[Grocery & Gourmet Food,Beverages,Coffee, Tea & Cocoa,Tea,Chai]]"
3068,48114,"The Republic of Tea, Get Probiotic, 36 Count","[[Grocery & Gourmet Food,Beverages,Coffee, Tea & Cocoa,Tea,Tea Samplers]]"
3069,48118,"The Good Bean Chickpea Snacks, Mesquite BBQ, 6 Ounce","[[Grocery & Gourmet Food,Snack Foods,Party Mix]]"
3070,48157,Trader Joe's 21 Seasoning Salute (Pack of 2),"[[Grocery & Gourmet Food,Herbs, Spices & Seasonings,Mixed Spices & Seasonings]]"
3071,48189,"Planters Nutrition, 12 count, 1.5 ounce","[[Grocery & Gourmet Food,Snack Foods,Snack & Trail Mixes]]"
3072,48194,"Numi Organic Tea Chocolate Puerh, Full Leaf Black Tea, 16-Count Tea Bags (Pack of 2)","[[Grocery & Gourmet Food,Beverages,Coffee, Tea & Cocoa,Tea,Tea Samplers]]"
3073,48218,"Haribo Gummi Candy, Alphabet Letters, 5-Pound Bag","[[Grocery & Gourmet Food,Candy & Chocolate,Jelly Beans & Gummy Candy,Gummy Candy]]"
3074,48255,Assorted Chewy Fruit Sour Balls - 5lb Bag,"[[Grocery & Gourmet Food,Candy & Chocolate,Sour Candy]]"
3075,48269,Hawaiian Mix Arare Crackers From Tomoe Brand,"[[Grocery & Gourmet Food,Snack Foods,Crackers,Graham Crackers]]"
3076,48274,"Fontana(TM) Semi-Sweet Chocolate Mocha Sauce, 63 fl oz","[[Grocery & Gourmet Food,Beverages,Bottled Beverages, Water & Drink Mixes,Flavor Syrups]]"
3077,48285,"Quaker Instant Oatmeal Raisin, Date &amp; Walnut,  1.3 oz., Packs, 10-Count Boxes (Pack of 4)",[[]]
3078,48319,"Crown Prince Natural Solid White Albacore Tuna in Spring Water, No Salt Added, 12-Ounce Cans (Pack of 12)","[[Grocery & Gourmet Food,Canned, Jarred & Packaged Foods,Meat, Poultry & Seafood,Seafood,Tuna Fish]]"
3079,48350,"Wabash Valley Farms Amish Country Gourmet Popping Corn, Purple, 2-Pound Bag","[[Grocery & Gourmet Food,Snack Foods,Popcorn,Unpopped]]"
3080,48363,"PICK Hungarian Salami, approx. 400g","[[Grocery & Gourmet Food,Meat & Seafood,Sausages,Salami]]"
3081,48368,"Hormel Compleats Beef Pot Roast with Potatoes &amp; Carrots,  6 - 10-Ounce Units Microwavable Bowls","[[Grocery & Gourmet Food,Pantry Staples,Canned, Jarred & Packaged Foods,Meat, Poultry & Seafood,Beef]]"
3082,48374,"Vermont Organics Soy-Based Organic Infant Formula with Iron, 23.2 oz. cans (pack of 4)","[[Baby Products,Feeding,Baby Foods,Formula]]"
3083,48392,"Harmony House Foods Freeze-Dried Strawberries, sliced (2 oz, Quart Size Jar)","[[Sports & Outdoors,Outdoor Recreation,Camping & Hiking,Camp Kitchen,Freeze-Dried Food]]"
3084,48400,Trappist Abbey Fruitcake,"[[Grocery & Gourmet Food,Breads & Bakery,Cakes,Fruitcakes]]"
3085,48427,Sumac Spice 2.0 oz - Zamouri Spices,"[[Grocery & Gourmet Food,Herbs, Spices & Seasonings,Single Herbs & Spices,Sumac]]"
3086,48428,"La Tourangelle Avocado Oil, 16.9 Ounce Tin","[[Grocery & Gourmet Food,Cooking & Baking,Cooking Oils, Vinegars & Sprays,Oils,Avocado]]"
3087,48452,"Dandy Blend, Instant Herbal Beverage with Dandelion, 2 lb. Bag","[[Grocery & Gourmet Food,Beverages,Coffee, Tea & Cocoa,Tea,Herbal]]"
3088,48460,"Martinelli's Apple Juice, 10-Ounce Pet (Pack of 12)","[[Grocery & Gourmet Food,Beverages,Bottled Beverages, Water & Drink Mixes,Juices,Fruit Juice]]"
3089,48468,"The Tao of Tea Chamomile, 100% Organic Herbal Tea, 1-Pounds","[[Grocery & Gourmet Food,Beverages,Coffee, Tea & Cocoa,Tea,Herbal]]"
3090,48471,MARTIN'S KETTLE COOKED POTATO CHIPS 3BAGS~16OZ EACH~US &amp; INTERNATIONAL SHIPPING,"[[Grocery & Gourmet Food,Snack Foods,Chips & Crisps,Potato]]"
3091,48525,"Panda All Natural Licorice Bar, 1.1 Ounce","[[Grocery & Gourmet Food,Candy & Chocolate,Jelly Beans & Gummy Candy,Licorice]]"
3092,48563,Mio Liquid Water Enhancer Cranberry Raspberry 1.62 Ounce (Pack of 4),"[[Grocery & Gourmet Food,Beverages,Bottled Beverages, Water & Drink Mixes,Powdered Drink Mixes & Flavorings,Water Flavoring Drops]]"
3093,48570,"Coffee Bean Direct, Herbal Peppermint, Loose Leaf Tea, 2 Pound Bag","[[Grocery & Gourmet Food,Beverages,Coffee, Tea & Cocoa,Tea,Herbal]]"
3094,48573,"Java Factory Single Cup Coffee for Keurig K Cup Brewers, Smooth Caffeinator Medium Roast, 80 Count","[[Grocery & Gourmet Food,Beverages,Coffee, Tea & Cocoa,Coffee,Single-Serve Capsules & Pods]]"
3095,48585,"Spicy World Whole Allspice, 1 Pound","[[Grocery & Gourmet Food,Herbs, Spices & Seasonings,Single Herbs & Spices,Allspice]]"
3096,48602,"The Spice Hunter Pasta Seasoning Blend, Salt Free, 1.4-Ounce Jar","[[Grocery & Gourmet Food,Pantry Staples,Herbs, Spices & Seasonings,Mixed Spices & Seasonings,Italian Seasoning]]"
3097,48610,"Zombie Cajun Garlic (Dual Protection) Hot Sauce (6oz) - Not Just A Novelty Gift For A Zombie Apocalypse Survival Kit - Best Bottle Of Louisiana Spiced Garlic And Cayenne Pepper Sauce To Use For Injection Recipes, Grilling Marinades, And Seasoning Up Any Food - 100% Satisfaction Guaranteed","[[Grocery & Gourmet Food,Sauces, Gravies & Marinades,Hot Sauce]]"
3098,48636,"Mori-Nu Tofu, Silken Firm, 12.3-Ounce Boxes (Pack of 12)","[[Grocery & Gourmet Food,Produce,Vegetarian Proteins,Tofu]]"
3099,48659,Frontier Natural Products Organic Orange Peel Cut and Sifted -- 1 lb,"[[Grocery & Gourmet Food,Pantry Staples,Herbs, Spices & Seasonings,Single Herbs & Spices]]"
3100,48673,"Melitta Single Cup Coffee for K-Cup Brewers, Cafe de Europa Classique, Medium Roast, 12 Count","[[Grocery & Gourmet Food,Beverages,Coffee, Tea & Cocoa,Coffee,Single-Serve Capsules & Pods]]"
3101,48732,"World's Best Milka Chocolate - Alpine Milk, 10 Bars","[[Grocery & Gourmet Food,Candy & Chocolate,Candy & Chocolate Bars],[Grocery & Gourmet Food,Candy & Chocolate,Candy & Chocolate Bars]]"
3102,48734,"Altoids Curiously Strong Mints, Spearmint, 1.76-Ounce Tins (Pack of 12)","[[Grocery & Gourmet Food,Candy & Chocolate,Mints]]"
3103,48740,Dr Pepper - 24/12oz,"[[Grocery & Gourmet Food,Beverages,Bottled Beverages, Water & Drink Mixes,Soft Drinks]]"
3104,48786,"Hatch Tomatoes Diced with Green Chilies, Medium, 10-Ounce (Pack of 12)","[[Grocery & Gourmet Food,Canned, Jarred & Packaged Foods,Vegetables,Tomatoes,Diced]]"
3105,48790,"Earth's Best Organic Sunny Days Apple Snack Bars, 5.3 Ounce Boxes (Pack of 6)","[[Baby Products,Feeding,Baby Foods,Snack Foods]]"
3106,48813,"Durkee Chopped Onion, 15-Pound","[[Grocery & Gourmet Food,Herbs, Spices & Seasonings,Single Herbs & Spices,Onion]]"
3107,48815,Raw Walnuts (1 Pound Bag) - By Superior Nut Company &reg;,[[]]
3108,48823,"Keurig, Caribou Coffee, Caribou Blend, K-Cup packs, 50 count","[[Grocery & Gourmet Food,Beverages,Coffee, Tea & Cocoa,Coffee,Single-Serve Capsules & Pods]]"
3109,48831,"Mrs. Dash-Original Seasoning Blend, 6.75 oz","[[Grocery & Gourmet Food,Herbs, Spices & Seasonings,Mixed Spices & Seasonings,Meat Seasoning]]"
3110,48832,"Enjoy Life Semi-Sweet Chocolate Chips, Gluten, Dairy, nut &amp; Soy Free, Mini Chips, 10-Ounce Bags (Pack of 6)","[[Grocery & Gourmet Food,Cooking & Baking,Baking Chocolates, Carob & Cocoa,Chocolates]]"
3111,48834,"Eight O'Clock Coffee Original Coffee Beans, 24 Count","[[Grocery & Gourmet Food,Beverages,Coffee, Tea & Cocoa,Coffee,Single-Serve Capsules & Pods]]"
3112,48836,"Terry's Milk Chocolate Orange Ball, 6.17-ounce Boxes (Packaging May Vary) - (Pack of 6)","[[Grocery & Gourmet Food,Candy & Chocolate,Candy & Chocolate Assortments]]"
3113,48843,"Amy's Organic Fat Free Chunky Vegetable Soup, 14.3-Ounce Cans (Pack of 12)","[[Grocery & Gourmet Food,Pantry Staples,Soups, Stocks & Broths,Chicken Soups]]"
3114,48889,Mrs. Dash Lemon Pepper Salt Free Seasoning Blend (224613) 2.5 oz,"[[Grocery & Gourmet Food,Pantry Staples,Herbs, Spices & Seasonings,Mixed Spices & Seasonings,Meat Seasoning]]"
3115,48895,"Hi I'm Skinny Sticks, Sweet Onion Multigrain, 7-Ounce","[[Grocery & Gourmet Food,Snack Foods,Breadsticks]]"
3116,48898,"Annie Chun's Seaweed Snacks, Cracked Pepper and Herbs, 0.35 Ounce (Pack of 12)","[[Grocery & Gourmet Food,Snack Foods,Seaweed Snacks]]"
3117,48916,"Endangered Species Wolf, Dark Chocolate (72%) with Cranberries &amp; Almonds, 3-Ounce Bars (Pack of 12)","[[Grocery & Gourmet Food,Candy & Chocolate,Candy & Chocolate Bars]]"
3118,48921,"Spicy World Tellicherry Pepper, 14-Ounce Unit","[[Grocery & Gourmet Food,Herbs, Spices & Seasonings,Pepper & Peppercorns,Ground Pepper]]"
3119,48962,"York Peppermint Patties, 175-Count Changemaker, 5 Pound 4 Ounce","[[Grocery & Gourmet Food,Candy & Chocolate]]"
3120,48972,Godiva Dark Chocolate Truffles Gift Box (12pcs),"[[Grocery & Gourmet Food,Candy & Chocolate,Chocolate & Fudge,Chocolate Truffles]]"
3121,48998,"Nescafe Taster's Choice Instant Coffee, 12 Ounce","[[Grocery & Gourmet Food,Beverages,Coffee, Tea & Cocoa,Coffee,Instant Coffee]]"
3122,49056,"Hunt's  Diced Tomatoes, 14.5-Ounce Cans (Pack of 24)","[[Grocery & Gourmet Food,Canned, Jarred & Packaged Foods,Vegetables,Tomatoes,Diced]]"
3123,49067,Chocolate Covered Jelly Rings by Joyva 5lbs,"[[Grocery & Gourmet Food,Candy & Chocolate,Traditional & International Sweets,Halva]]"
3124,49071,"Naked 100% Naked Coconut Water, 11.2-Ounce Containers (Pack of 12)","[[Grocery & Gourmet Food,Beverages,Bottled Beverages, Water & Drink Mixes,Coconut Water]]"
3125,49078,"Spicely Organic Garlic Granulates, 2.2 Ounce","[[Grocery & Gourmet Food,Herbs, Spices & Seasonings,Single Herbs & Spices,Garlic]]"
3126,49105,Tone's Spices Red Pepper Crushed (13.5 oz),"[[Grocery & Gourmet Food,Herbs, Spices & Seasonings,Pepper & Peppercorns,Ground Pepper]]"
3127,49106,"Libby's Whole White Potatoes, 15-Ounce Cans (Pack of 12)","[[Grocery & Gourmet Food,Pantry Staples,Canned, Jarred & Packaged Foods,Vegetables,Potatoes]]"
3128,49112,"Barilla Meat Sauce Gemelli Italian Entree, 9 Ounce Microwavable Bowls (Pack of 6)","[[Grocery & Gourmet Food,Pantry Staples,Canned, Jarred & Packaged Foods,Packaged Meals & Side Dishes,Pasta & Noodle Dishes]]"
3129,49130,"Eden Organic Mexican Rice &amp; Beans, 15-Ounce Cans (Pack of 12)","[[Grocery & Gourmet Food,Dried Beans, Grains & Rice,Grains & Rice]]"
3130,49145,"Braga Organic Farms Inshell Pistachios, Raw, 2 Pound","[[Grocery & Gourmet Food,Pantry Staples,Cooking & Baking,Nuts & Seeds,Pistachios]]"
3131,49150,"Chimes Mango Ginger Chews, 1lb Bag","[[Grocery & Gourmet Food,Candy & Chocolate,Ginger Candy]]"
3132,49153,"Erin Baker's Breakfast Cookies, Double Chocolate Chunk, 3-Ounce Individually Wrapped Cookies (Pack of 12)","[[Grocery & Gourmet Food,Breads & Bakery,Cookies,Fruit]]"
3133,49155,"Arrowhead Mills Organic Whole Grain Amaranth, 16 Ounce","[[Grocery & Gourmet Food,Breakfast Foods,Cereals,Oatmeal]]"
3134,49156,"Bob's Red Mill Non-Fat Dry Milk Powder, 26-Ounce Packages (Pack of 4)","[[Grocery & Gourmet Food,Cooking & Baking,Condensed & Powdered Milk,Powdered]]"
3135,49205,Pace Chunky Salsa - Medium - 2/38 oz.,"[[Grocery & Gourmet Food,Snack Foods,Salsas, Dips & Spreads,Salsas]]"
3136,49209,Trader Joe's Organic Peanut Butter Creamy Unsalted,"[[Grocery & Gourmet Food,Jams, Jellies & Sweet Spreads,Nut & Seed Butters,Peanut Butter]]"
3137,49234,"Nutiva Organic Extra Virgin Coconut Oil, 29-Ounce Jars (Pack of 2)","[[Grocery & Gourmet Food,Cooking & Baking,Cooking Oils, Vinegars & Sprays,Oils,Coconut]]"
3138,49238,Grove Square MILK CHOCOLATE Hot Cocoa - 12 cups,"[[Grocery & Gourmet Food,Beverages,Coffee, Tea & Cocoa,Cocoa]]"
3139,49242,"Cut Rock Candy, 16 Oz","[[Grocery & Gourmet Food,Candy & Chocolate,Hard Candy & Lollipops,Hard Candy]]"
3140,49250,"Jansal Valley Raw Slivered Almonds, 1 Pound","[[Grocery & Gourmet Food,Cooking & Baking,Nuts & Seeds]]"
3141,49267,"Unreal Candy Coated Chocolates with Peanuts, 54, 1.5 Ounce (Pack of 12)","[[Health & Household,Sports Nutrition,Endurance & Energy,Candy & Mints]]"
3142,49284,"Simply Organic Thyme Leaf Whole Certified Organic, 0.78-Ounce Container","[[Grocery & Gourmet Food,Herbs, Spices & Seasonings,Single Herbs & Spices,Thyme]]"
3143,49330,"Blue Sky Organic Root Beer Encore, 12 Ounce Cans (Pack of 24)","[[Grocery & Gourmet Food,Beverages,Bottled Beverages, Water & Drink Mixes,Soft Drinks]]"
3144,49339,Cafe Escapes -- CAFE MOCHA -- 24 K-Cups for Keurig Brewers,"[[Grocery & Gourmet Food,Beverages,Coffee, Tea & Cocoa,Coffee,Single-Serve Capsules & Pods]]"
3145,49348,Glucose 16 oz.,"[[Grocery & Gourmet Food,Cooking & Baking]]"
3146,49394,"Nestle Chocolate Variety Pack, 20-Count Packages","[[Grocery & Gourmet Food,Candy & Chocolate,Candy & Chocolate Bars]]"
3147,49395,"Candy, RoJo's Gourmet, Crystallized Ginger Candy, 1-Pound Bag","[[Grocery & Gourmet Food,Produce,Dried Fruits & Vegetables,Dried Fruits,Dried Ginger]]"
3148,49436,"Alpen Cereal, Original, 14-Ounce Boxes (Pack of 6)","[[Grocery & Gourmet Food,Breakfast Foods,Cereals,Muesli]]"
3149,49480,"Just the Cheese Popped Cheese, Lower Salt Flavor, 1.7-Ounce Bags (Pack of 6)","[[Grocery & Gourmet Food,Snack Foods,Popcorn,Popped]]"
3150,49486,"Plum Organics Baby Little Cremes Organic Rice Milk Snacks Super Purples, Acai, Blackberry and Purple Carrot, 1-Ounce (Pack of 4)",[[]]
3151,49510,"LARABAR Jocalat, Chocolate Mint, Gluten Free, 1.7oz  (Pack of 16)","[[Grocery & Gourmet Food,Candy & Chocolate,Candy & Chocolate Bars]]"
3152,49533,"Green &amp; Black's Organic Hot Chocolate Drink, 5.3 oz Canisters in a Gift Box (Pack of 2)","[[Grocery & Gourmet Food,Food & Beverage Gifts,Candy & Chocolate Gifts]]"
3153,49545,Wan's Satay Sauce,"[[Grocery & Gourmet Food,Sauces, Gravies & Marinades,Sauces,Asian,Curry Sauce]]"
3154,49565,"Somersault Snack-Sunflower&amp;Grain/Salt&amp;Pepper,6-Ounces (Pack of 6)","[[Grocery & Gourmet Food,Pantry Staples,Cooking & Baking,Nuts & Seeds,Sunflower Seeds]]"
3155,49574,"Fleischmann's Yeast for Bread Machines, 4-ounce Jars (Pack of 1)","[[Grocery & Gourmet Food,Cooking & Baking,Leaveners & Yeasts,Active Dry Yeasts]]"
3156,49610,"Haribo Piratos, Salmiak, 200 g","[[Grocery & Gourmet Food,Candy & Chocolate,Jelly Beans & Gummy Candy,Licorice]]"
3157,49649,"Al Wadi Gourmet Stuffed Vine Leaves , 10-Ounce Cans (Pack of 6)","[[Grocery & Gourmet Food,Canned, Jarred & Packaged Foods,Packaged Meals & Side Dishes,Rice Dishes]]"
3158,49666,Marie Sharp's Hot Sauce 10oz (Pack of 2),"[[Grocery & Gourmet Food,Sauces, Gravies & Marinades,Hot Sauce]]"
3159,49708,"Envirokidz Organic Gorilla Munch Enviropakz, 23-Ounce Bags (Pack of 3)","[[Grocery & Gourmet Food,Breakfast Foods,Cereals,Cold Cereals]]"
3160,49731,Bubbaloo Gum - Sour Cherry Flavor (60 count),"[[Grocery & Gourmet Food,Candy & Chocolate,Chewing & Bubble Gum]]"
3161,49737,"CBTL Mocha Java Brew Coffee Capsules By The Coffee Bean &amp; Tea Leaf, 16-Count Box","[[Grocery & Gourmet Food,Beverages,Coffee, Tea & Cocoa,Tea,Tea Samplers]]"
3162,49738,"Stur Gift Pack - ALL-NATURAL Stevia Water Enhancer (5 bottle Variety). ................makes 100 8oz. servings - drink mix. Non-GMO, natural fruit flavor, natural stevia leaf extract, sugar-free, calorie-free, preservative-free, 100% Vitamin C, liquid stevia drops. **Family Business, Happiness Guaranteed**","[[Grocery & Gourmet Food,Beverages,Bottled Beverages, Water & Drink Mixes,Powdered Drink Mixes & Flavorings,Water Flavoring Drops]]"
3163,49752,Large Jawbreaker 1 3/4 inches-10 jawbreakers,"[[Grocery & Gourmet Food,Candy & Chocolate,Hard Candy & Lollipops,Hard Candy]]"
3164,49762,Tea Forte Loose Leaf Tea Canister- Orchid Vanilla,"[[Grocery & Gourmet Food,Beverages,Coffee, Tea & Cocoa,Tea,Black]]"
3165,49780,"La Choy Chow Mein Noodles, 5-Ounce Unit (Pack of 12)","[[Grocery & Gourmet Food,Canned, Jarred & Packaged Foods,Packaged Meals & Side Dishes,Asian Dishes]]"
3166,49787,"Special K Protein Shakes, Strawberry, 4-Count  10oz. Bottles (Pack of 6)","[[Grocery & Gourmet Food,Beverages,Bottled Beverages, Water & Drink Mixes,Meal Replacement & Protein Drinks,Protein Drinks]]"
3167,49791,Matlow's Crystal Fruits 3 Lb,"[[Grocery & Gourmet Food,Candy & Chocolate,Hard Candy & Lollipops,Suckers & Lollipops]]"
3168,49794,See's Candies 4 oz. Assorted Little Pops,"[[Grocery & Gourmet Food,Candy & Chocolate,Candy & Chocolate Assortments]]"
3169,49804,"Skittles-Original Fruit Candies, 54 oz. bag","[[Grocery & Gourmet Food,Candy & Chocolate,Hard Candy & Lollipops,Hard Candy]]"
3170,49820,"Festival Lemon Juice From Concentrate, 128-Ounce (Pack of 4)","[[Grocery & Gourmet Food,Beverages,Bottled Beverages, Water & Drink Mixes,Juices,Fruit Juice]]"
3171,49831,Teaberry Gum 40 Packs,[[]]
3172,49834,"Yogi Cinnamon Vanilla Healthy Skin Tea, 16 Tea Bags","[[Grocery & Gourmet Food,Beverages,Coffee, Tea & Cocoa,Tea,Tea Samplers]]"
3173,49859,Setton Farms Premium Pistachios Roasted Salted - 1 Pound,"[[Grocery & Gourmet Food,Cooking & Baking,Nuts & Seeds,Pistachios]]"
3174,49868,"EcoTeas Organic Yerba Mate Loose Tea Cut, Pure Leaf, 5-Pound","[[Grocery & Gourmet Food,Beverages,Coffee, Tea & Cocoa,Tea,Black]]"
3175,49887,"Krusteaz Bakery Style Snickerdoodle Cookie Mix, 17.5-Ounce (Pack of 12)","[[Grocery & Gourmet Food,Cooking & Baking,Baking Mixes,Cookies]]"
3176,49898,"Jason Kids Only Natural Toothpaste, Strawberry, 4.2 Ounce","[[Beauty & Personal Care,Oral Care,Children's Dental Care]]"
3177,49918,"GoGo Squeez On the Go Apple Sauce, 20 Count, 3.2 ounces","[[Grocery & Gourmet Food,Snack Foods,Applesauce & Fruit Cups,Applesauce]]"
3178,49944,"Harmony House Foods Dried Mixed Red &amp; Green Bell Peppers, diced (12 oz, Quart Size Jar) for Cooking, Camping, Emergency Supply, and More","[[Sports & Outdoors,Outdoor Recreation,Camping & Hiking,Camp Kitchen,Freeze-Dried Food]]"
3179,49953,Tea Forte Loose Leaf Tea Canister-Harvest Apple Spice,"[[Grocery & Gourmet Food,Beverages,Coffee, Tea & Cocoa,Tea,Herbal]]"
3180,49960,Domino Premium Pure Cane Granulated Sugar 4lb Bag,"[[Grocery & Gourmet Food,Pantry Staples,Cooking & Baking,Syrups, Sugars & Sweeteners,Sugars]]"
3181,49974,"Good Sense Organic Dried &amp; Unsulfured Apricots, 6-Ounce Bag (Pack of 6)","[[Grocery & Gourmet Food,Produce,Fresh Fruits]]"
3182,50029,Cloverhill Bakery Ultimate Danish and Honey Bun Variety Pack,"[[Grocery & Gourmet Food,Breads & Bakery,Breakfast Bakery]]"
3183,50052,"Amoretti Premium Syrup, Pear, 25.4 Ounce","[[Grocery & Gourmet Food,Cooking & Baking,Syrups, Sugars & Sweeteners,Maple Syrup]]"
3184,50086,"Figs, Black Mission - 1 Lb Bag / Box Each(dried)","[[Grocery & Gourmet Food,Produce,Fresh Fruits,Figs]]"
3185,50100,One Organic Sushi Nori Premium Roasted Organic Seaweed - 50 Sheets (4.5 oz),"[[Grocery & Gourmet Food,Cooking & Baking,Dried Seaweed & Nori]]"
3186,50101,"Marley Coffee, Marley Mixer Single Serve RealCup Organic Variety Pack for Keurig K-Cup Brewers, 36 Count","[[Grocery & Gourmet Food,Beverages,Coffee, Tea & Cocoa,Coffee,Single-Serve Capsules & Pods]]"
3187,50106,Monin Premium Gourmet Blackcurrant Syrup 750ml Bottle (black currant),"[[Grocery & Gourmet Food,Beverages,Bottled Beverages, Water & Drink Mixes,Flavor Syrups]]"
3188,50125,"Wild Planet Wild Pink Shrimp, No Phospates, 4-Ounce Cans (Pack of 12)","[[Grocery & Gourmet Food,Canned, Jarred & Packaged Foods,Meat, Poultry & Seafood,Seafood]]"
3189,50126,HappyBaby - Happy Munchies Organic SuperFoods Rice Cakes Blueberry &amp; Beet - 1.4 oz.,[[]]
3190,50130,"Candy Runts, BUY BULK, Wholesale Prices, 5 lb. bag","[[Grocery & Gourmet Food,Candy & Chocolate,Hard Candy & Lollipops,Hard Candy]]"
3191,50131,"Ricochet Mints with Xylitol, Peppermint, 100-Count Mints (Pack of 6)","[[Grocery & Gourmet Food,Candy & Chocolate,Mints]]"
3192,50149,"The Original Dirty Sue Premium Olive Juice, 12.69-ounce Bottle","[[Grocery & Gourmet Food,Beverages,Bottled Beverages, Water & Drink Mixes,Cocktail Mixers,Bitters]]"
3193,50183,"Le Pain des Fleurs Crispbread, Buckwheat, 4.4 Ounce","[[Grocery & Gourmet Food,Snack Foods,Crackers,Flatbread]]"
3194,50187,"Barilla Gluten Free Elbow Pasta, 12 Ounce Boxes (Pack of 12)","[[Grocery & Gourmet Food,Pasta & Noodles,Pasta,Penne]]"
3195,50200,"Manitoba Harvest Hemp Hearts, Raw Shelled Hemp Seeds, 1 Pound","[[Grocery & Gourmet Food,Cooking & Baking,Nuts & Seeds,Hemp Seeds]]"
3196,50205,"First Colony Organic Fair Trade Whole Bean Coffee, Rainforest, 24-Ounce","[[Grocery & Gourmet Food,Beverages,Coffee, Tea & Cocoa,Coffee,Roasted Coffee Beans]]"
3197,50220,"Ghirardelli Chocolate Squares, Dark &amp; Mint Filled, 5.32-Ounce Packages (Pack of 6)","[[Grocery & Gourmet Food,Candy & Chocolate,Candy & Chocolate Assortments]]"
3198,50224,"Trident Xtra Care Gum, Cool Mint (3-Pack), 14-Piece Packs (Pack of 5)","[[Grocery & Gourmet Food,Candy & Chocolate,Chewing & Bubble Gum]]"
3199,50230,"BEER NUTS Original Peanuts, 12-Ounce Cans (Pack of 6)","[[Grocery & Gourmet Food,Cooking & Baking,Nuts & Seeds,Peanuts]]"
3200,50292,"Absolutely Gluten Free Toasted Onion Flatbread, 5.29-Ounce",[[]]
3201,50346,Biltong - Seasoned Dried Beef,"[[Grocery & Gourmet Food,Snack Foods,Jerky & Dried Meats]]"
3202,50348,DecoBros 3 Tier Drawer Storage Holder 54 Keurig  Coffee Pod,"[[Home & Kitchen,Kitchen & Dining,Storage & Organization,Food Storage,Coffee Pod Holders]]"
3203,50416,"Tinkyada Brown Rice Spirals with Rice Bran,  Gluten Free, 16-Ounce Packages (Pack of 12)","[[Grocery & Gourmet Food,Pantry Staples,Pasta & Noodles,Pasta,Spaghetti]]"
3204,50436,"Mary's Gone Crackers Organic Hot N Spicy Jalapeno, 5.5 Ounce","[[Grocery & Gourmet Food,Snack Foods,Crackers,Flatbread]]"
3205,50448,"Blanched Almond Meal Flour, 5 lbs.","[[Grocery & Gourmet Food,Pantry Staples,Cooking & Baking,Flours & Meals,Almond]]"
3206,50479,"Lifesavers Rolls - Butter Rum, 20 rolls","[[Grocery & Gourmet Food,Candy & Chocolate,Hard Candy & Lollipops,Hard Candy]]"
3207,50489,Sugar Free Assorted Salt Water Taffy 1lb,"[[Grocery & Gourmet Food,Candy & Chocolate,Jelly Beans & Gummy Candy,Taffy]]"
3208,50518,"Simply 7 Lentil Chips, Creamy Dill, 4-Ounce Bags (Pack of 12)","[[Grocery & Gourmet Food,Snack Foods,Chips & Crisps,Vegetable]]"
3209,50531,"Tyrrell's English Potato Chips, Lightly Sea Salted, 5.3 Ounce","[[Grocery & Gourmet Food,Snack Foods,Chips & Crisps,Potato]]"
3210,50544,Two Pounds Of Walnuts ~ light halves &amp; pieces (no shell) - We Got Nuts,"[[Grocery & Gourmet Food,Cooking & Baking,Nuts & Seeds,Walnuts]]"
3211,50549,Gustaf's 2.2lbs. Fat-free Licorice Royal Rounds,"[[Grocery & Gourmet Food,Candy & Chocolate,Jelly Beans & Gummy Candy,Licorice]]"
3212,50561,"Amy's Organic Light In Sodium, Chunky Tomato Bisque, 14.5-Ounce Cans (Pack of 12)","[[Grocery & Gourmet Food,Pantry Staples,Soups, Stocks & Broths,Tomato Soups]]"
3213,50602,"Davidson's Tea Bulk, Sun, Moon And Stars, 16-Ounce Bag","[[Grocery & Gourmet Food,Beverages,Coffee, Tea & Cocoa,Tea]]"
3214,50610,AmeriColor Student Soft Gel Paste Food Color 12 Pack Kit,"[[Grocery & Gourmet Food,Pantry Staples,Cooking & Baking,Food Coloring]]"
3215,50614,"Donut House Collection Coffee, Cinnamon Roll, K-Cup Portion Pack for Keurig K-Cup Brewers, 24-Count","[[Grocery & Gourmet Food,Beverages,Coffee, Tea & Cocoa,Coffee,Single-Serve Capsules & Pods]]"
3216,50634,Keebler Club Crackers - 2/16 oz. boxes,"[[Grocery & Gourmet Food,Snack Foods,Crackers,Graham Crackers]]"
3217,50676,"Libby's Gourmet Gold &amp; White Whole Kernel Corn, 15 Ounce Cans (Pack of 12)","[[Grocery & Gourmet Food,Pantry Staples,Canned, Jarred & Packaged Foods,Vegetables,Corn]]"
3218,50704,"Haribo Gummi Candy, Raspberries, 5-Pound Bag","[[Grocery & Gourmet Food,Candy & Chocolate,Jelly Beans & Gummy Candy,Gummy Candy]]"
3219,50717,"Signature Pecan, 2 Pound","[[Grocery & Gourmet Food,Cooking & Baking,Nuts & Seeds,Pecans]]"
3220,50724,Pure Anise Extract 2 oz,"[[Grocery & Gourmet Food,Cooking & Baking,Extracts & Flavoring]]"
3221,50736,4 Gourmet Pates &amp; Rillettes From France Combo,"[[Grocery & Gourmet Food,Canned, Jarred & Packaged Foods,Meat, Poultry & Seafood,Pts]]"
3222,50756,"NECTRESSE Natural No Calorie Sweetener, 140 Serving Canister","[[Grocery & Gourmet Food,Cooking & Baking,Sugar Substitutes]]"
3223,50774,Now Foods Erythritol Natural Sweetener 1 LB,[[]]
3224,50787,"Java Time Gourmet Coffee, 26-Ounce","[[Grocery & Gourmet Food,Beverages,Coffee, Tea & Cocoa,Coffee,Ground Coffee]]"
3225,50806,"Hint Premium Pomegranate Essence Water, 16 Ounce Bottles (Pack of 12)","[[Grocery & Gourmet Food,Beverages,Bottled Beverages, Water & Drink Mixes,Water,Flavored Water]]"
3226,50822,H.E.B. Texas Pecan 12 Count ONE BOX,"[[Grocery & Gourmet Food,Beverages,Coffee, Tea & Cocoa,Coffee,Ground Coffee]]"
3227,50829,M &amp; M's Peanut 56 Ounce Bag,"[[Grocery & Gourmet Food,Candy & Chocolate,Candy & Chocolate Bars]]"
3228,50856,"HAPPYBABY Organic Puffs Sampler (6 Count), 60g each, (Strawberry, Sweet Potato, Banana, Purple Carrot and Blueberry, Green Puffs, Apple)","[[Baby Products,Feeding,Baby Foods,Snack Foods]]"
3229,50886,Walkerswood Hot &amp; spicy Jamaican Las' Lick Jerk Sauce,"[[Grocery & Gourmet Food,Sauces, Gravies & Marinades,Hot Sauce]]"
3230,50910,"Healthworks Raw Certified Organic Cacao Powder, 1 lb","[[Grocery & Gourmet Food,Cooking & Baking,Baking Chocolates, Carob & Cocoa,Cocoa]]"
3231,50917,4style Bright flowers design Tin Tea Box Mini Coffee box/ cute Storage box/ Storage Case 4pc/lot+Freeshipping,"[[Home & Kitchen,Kitchen & Dining,Storage & Organization,Food Storage,Food Containers,Container Sets]]"
3232,50925,"Cafe Britt Poas Volcanic Earth Whole Bean Coffee, 12-Ounce Bags (Pack of 2)","[[Grocery & Gourmet Food,Beverages,Coffee, Tea & Cocoa,Coffee,Roasted Coffee Beans]]"
3233,50942,"Tazo Well-Being Focus, Black Tea, 16-Count Tea Bags (Pack of 6)","[[Grocery & Gourmet Food,Beverages,Coffee, Tea & Cocoa,Tea,Black]]"
3234,50951,"Sweet's Sugar Free Cinnamon Bear Cubbies, 1 lb Bag in a Gift Box","[[Grocery & Gourmet Food,Food & Beverage Gifts,Candy & Chocolate Gifts]]"
3235,50980,Larabar Pumpkin Pie Alt. (15/1.95oz),"[[Grocery & Gourmet Food,Breakfast Foods,Breakfast & Cereal Bars,Energy & Nutritional]]"
3236,50987,"Bridgford Pepperoni, 7-Ounce Sticks (Pack of 6)","[[Grocery & Gourmet Food,Snack Foods,Meat Snacks,Jerky]]"
3237,50988,Mad Dog 357 Ghost Pepper Hot Sauce,"[[Grocery & Gourmet Food,Sauces, Gravies & Marinades,Hot Sauce]]"
3238,51071,"Bulk Candy, Nut, Gumball Machine Double Head T Stand","[[Grocery & Gourmet Food,Candy & Chocolate]]"
3239,51093,Japanese Rice Cake Mochi Daifuku (Assorted),"[[Grocery & Gourmet Food,Snack Foods,Rice Cakes, Chips & Crackers,Cakes]]"
3240,51123,"Popchips 6-Flavor Variety Pack, 0.8-Ounce Single Serve Bags (Pack of 24)",[[]]
3241,51134,"El Guapo Cucumber Bitters - cucumber, lavender, lemon, mint flavors","[[Grocery & Gourmet Food,Beverages,Bottled Beverages, Water & Drink Mixes,Cocktail Mixers,Bitters]]"
3242,51146,"Kale Krunch, Quite Cheezy, 2.2 Ounce","[[Grocery & Gourmet Food,Snack Foods,Chips & Crisps,Vegetable]]"
3243,51153,"Amy's Organic Medium Chili with Vegetables, 14.7-Ounce Cans (Pack of 12)","[[Grocery & Gourmet Food,Pantry Staples,Soups, Stocks & Broths,Chili]]"
3244,51186,"Jack Link's Sesame Teriyaki Chicken Nuggets, 3.65-Ounce Bags (Pack of 8)","[[Grocery & Gourmet Food,Snack Foods,Meat Snacks,Jerky]]"
3245,51197,"Amoretti Premium Syrup, Blueberry, 25.4 Ounce","[[Grocery & Gourmet Food,Cooking & Baking,Syrups, Sugars & Sweeteners,Maple Syrup]]"
3246,51213,"Bob's Red Mill Beans Garbanzo, 25-Ounce (Pack of 4)","[[Grocery & Gourmet Food,Dried Beans, Grains & Rice,Beans,Garbanzo]]"
3247,51222,"Premium Gold Whole Flaxseed, 96-Ounce","[[Grocery & Gourmet Food,Pantry Staples,Herbs, Spices & Seasonings,Single Herbs & Spices,Flax Seed]]"
3248,51252,"Sheila G's Brownie Brittle, Chocolate Chip, 4-Ounce (Pack of 6)","[[Grocery & Gourmet Food,Pantry Staples,Cooking & Baking,Baking Mixes,Brownies]]"
3249,51260,"Fruit Shapes, Scooby Doo, 8 Ounce (Pack of 5)","[[Grocery & Gourmet Food,Snack Foods,Fruit Leather]]"
3250,51279,"King Arthur Flour Muffin Mix, Gluten Free, 16-Ounce (Pack of 3)","[[Grocery & Gourmet Food,Pantry Staples,Cooking & Baking,Baking Mixes,Muffins]]"
3251,51283,"Langers Cranberry Raspberry Juice, 16-Ounces (Pack Of 12)","[[Grocery & Gourmet Food,Beverages,Bottled Beverages, Water & Drink Mixes,Soft Drinks]]"
3252,51288,"Alvita: Caffeine-Free Parsley Tea, 24 bags","[[Grocery & Gourmet Food,Beverages,Coffee, Tea & Cocoa,Tea,Tea Samplers],[Grocery & Gourmet Food,Beverages,Coffee, Tea & Cocoa,Tea,Tea Samplers]]"
3253,51294,Natural Almond Flour - 25 Pound Bag,"[[Grocery & Gourmet Food,Cooking & Baking,Flours & Meals,Almond]]"
3254,51326,"Oberto All Natural Teriyaki Turkey Jerky, 3.25 ounce package (Pack of 4)","[[Grocery & Gourmet Food,Snack Foods,Meat Snacks,Jerky]]"
3255,51355,Quinn Popcorn: Microwave Popcorn Reinvented {Butter &amp; Sea Salt} 3pk,"[[Grocery & Gourmet Food,Snack Foods,Popcorn,Microwave]]"
3256,51374,"KIND Healthy Grains Granola Bars, Oats &amp; Honey with Toasted Coconut, 1.2oz Bars, 5 Count (Pack of 3)","[[Grocery & Gourmet Food,Snack Foods,Bars,Whole Grain]]"
3257,51428,"Bob's Red Mill Pie Crust Mix, 16 Ounce (Pack of 4)",[[]]
3258,51450,"Knorr/Lipton Noodles &amp; Sauce, Stroganoff, 4-Ounce Packages (Pack of 12)","[[Grocery & Gourmet Food,Pantry Staples,Canned, Jarred & Packaged Foods,Packaged Meals & Side Dishes,Pasta & Noodle Dishes]]"
3259,51451,"Simply Organic Onion, White Powder Certified Organic, 3-Ounce Container","[[Grocery & Gourmet Food,Herbs, Spices & Seasonings,Single Herbs & Spices,Onion]]"
3260,51453,"Hodgson Mill Organic Whole Wheat Penne with Milled Flaxseed, 12-Ounce Boxes (Pack of 8)","[[Grocery & Gourmet Food,Pasta & Noodles,Pasta,Capellini]]"
3261,51480,SUPER 100. 100% Pure Greek Wild Essential Oregano Oil. Minimum 86% Carvacrol - Thymol &lt;2%. 1 oz-30ml,[[]]
3262,51506,"Foojoy China Classic Min-nan Oolong (Wulong) Tea, 2g X 100 Teabags,","[[Grocery & Gourmet Food,Beverages,Coffee, Tea & Cocoa,Tea,Oolong]]"
3263,51546,"Suchard Hot Chocolate Syrup, 8-Count T-Discs for Tassimo Coffeemakers (Pack of 2)","[[Grocery & Gourmet Food,Beverages]]"
3264,51552,Raw Almonds from California - 10 (1 Lb) Resealable Packages,"[[Grocery & Gourmet Food,Cooking & Baking,Nuts & Seeds,Almonds]]"
3265,51559,"Sunkist Fruit Rollup, 5 Ounce (Pack of 7)","[[Grocery & Gourmet Food,Candy & Chocolate]]"
3266,51563,"Barney Butter Almond Butter 90 Calorie Snack Packs, 0.6-Ounce (Pack of 24)","[[Grocery & Gourmet Food,Pantry Staples,Nut & Seed Butters,Almond Butter]]"
3267,51599,"Just Tomatoes Organic Just Blueberries, 2 Ounce Pouch  (Pack of 3)","[[Grocery & Gourmet Food,Produce,Dried Fruits & Vegetables,Dried Fruits,Dried Berries]]"
3268,51615,"Navitas Naturals Organic Lucuma Powder, 8-Ounce Pouches (Pack of 2)","[[Grocery & Gourmet Food,Beverages,Bottled Beverages, Water & Drink Mixes,Powdered Drink Mixes & Flavorings,Instant Breakfast Drinks]]"
3269,51619,"King Oscar Sardines Extra Virgin Olive Oil, 3.75-Ounce Cans (Pack of 12)","[[Grocery & Gourmet Food,Pantry Staples,Canned, Jarred & Packaged Foods,Meat, Poultry & Seafood,Seafood,Sardines]]"
3270,51624,8 Pack Skyline Chili Original 15oz Cans,"[[Grocery & Gourmet Food,Soups, Stocks & Broths,Chili]]"
3271,51633,"Pamela's Products Wheat-Free &amp; Gluten-Free, Amazing  Bread Mix, 19-Ounce Packages (Pack of 6)","[[Grocery & Gourmet Food,Cooking & Baking,Baking Mixes,Breads]]"
3272,51649,"ThinSlim Foods 60 Calorie, 2g Net Carb, Love Your Waist Low Carb Cinnamon Bagels","[[Grocery & Gourmet Food,Breads & Bakery,Breakfast Bakery]]"
3273,51654,"Jolly Rancher Sugar Free Hard Candy, Assorted Flavors, 3.6-Ounce Bags (Pack of 12)","[[Grocery & Gourmet Food,Candy & Chocolate,Hard Candy & Lollipops,Hard Candy]]"
3274,51688,"Harmony House Foods, Dried Tomatoes, Diced, 8 Ounce Quart Size Jar","[[Grocery & Gourmet Food,Produce,Dried Fruits & Vegetables,Dried Vegetables,Sundried Tomatoes]]"
3275,51781,"Sanskriti Authentic Indian Food Variety Pack, 6 Count","[[Grocery & Gourmet Food,Canned, Jarred & Packaged Foods,Packaged Meals & Side Dishes,Indian Dishes]]"
3276,51820,"Oberto All Natural Bacon Jerky, 2.5 Ounce","[[Grocery & Gourmet Food,Snack Foods,Jerky & Dried Meats]]"
3277,51863,"Kellogg's Cereal, Froot Loops Treasures, 10.5 Ounce","[[Grocery & Gourmet Food,Breakfast Foods,Cereals,Cold Cereals]]"
3278,51871,"Wild Planet Wild Albacore Tuna, 5 Ounce Can (Pack of 12)","[[Grocery & Gourmet Food,Pantry Staples,Canned, Jarred & Packaged Foods,Meat, Poultry & Seafood,Seafood,Tuna Fish]]"
3279,51884,"Angry Birds Fruit Snacks 42 Pouch Assortment Variety Box, 29 OZ.","[[Grocery & Gourmet Food,Snack Foods,Fruit Snacks]]"
3280,51889,"Jack Links Lil Chub Hot Sausage, 1.625 Ounce (Pack of 24)","[[Grocery & Gourmet Food,Snack Foods,Meat Snacks,Sausage Snacks]]"
3281,51899,Nature Valley Chewy Fruit &amp; Nut Trail Mix Bars 6 Pack 7.4 oz,"[[Grocery & Gourmet Food,Snack Foods,Bars]]"
3282,51904,"Guayaki Yerba Mate Organic Tea, 25-Count, 2.6oz","[[Grocery & Gourmet Food,Beverages,Coffee, Tea & Cocoa,Tea,Herbal]]"
3283,51926,Maynard&amp;Child Premium Gift Pack of Dirty Martini Olive Juice with a Picante kick,[[]]
3284,51946,"Orville Redenbacher's Gourmet Naturals Popcorn, Garlic Butter and Sea Salt, 76.3 Grams, 3 Count","[[Grocery & Gourmet Food,Snack Foods,Popcorn,Microwave]]"
3285,51947,"Dr. McDougall's Right Foods Vegan Split Pea Soup with Barley, 2.5-Ounce Cups (Pack of 6)","[[Grocery & Gourmet Food,Soups, Stocks & Broths,Vegetable Soups]]"
3286,51987,HARBACH TELEMEA DE OAIE ROMANIAN SHEEP CHEESE APPROX 400G,"[[Grocery & Gourmet Food,Dairy, Cheese & Eggs,Cheese]]"
3287,52001,"Lucy's Sugar Cookies, 5.5 Ounce Boxes (Pack of 8)","[[Grocery & Gourmet Food,Snack Foods,Cookies,Chocolate Chip]]"
3288,52008,"Frontier Chili Powder Blend, 16-Ounce Bag","[[Grocery & Gourmet Food,Herbs, Spices & Seasonings,Single Herbs & Spices,Chili Powder]]"
3289,52030,Barrie House Colombia Reserve Coffee Capsules (48 capsules),"[[Grocery & Gourmet Food,Beverages,Coffee, Tea & Cocoa,Coffee,Single-Serve Capsules & Pods]]"
3290,52061,"Stevia Raw Sweetener, 9.7 Ounce","[[Grocery & Gourmet Food,Cooking & Baking,Sugar Substitutes,Stevia]]"
3291,52075,"Michael Season's Ultimate Cheddar Cheese Curls, 8 Ounce Bags (Pack of 12)","[[Grocery & Gourmet Food,Snack Foods,Puffed Snacks]]"
3292,52080,"Joseph's Flax, Oat Bran and Whole Wheat Flour Pita Bread","[[Grocery & Gourmet Food,Breads & Bakery,Breads,Flatbreads]]"
3293,52081,"David Rio Chai Mix, Flamingo Vanilla, 11.9 Ounce","[[Grocery & Gourmet Food,Beverages,Coffee, Tea & Cocoa,Tea,Chai]]"
3294,52110,Kewpie Mayonnaise (Japanese Mayo) - 500g Net 17.64 FL. OZ.,"[[Grocery & Gourmet Food,Pantry Staples,Condiments & Salad Dressings,Mayonnaise]]"
3295,52120,Cadbury Wispa Gold Bar - Pack of 6,"[[Grocery & Gourmet Food,Candy & Chocolate,Candy & Chocolate Bars]]"
3296,52124,"Healthworks Certified Organic Goji Berries, 1 lb","[[Grocery & Gourmet Food,Produce,Dried Fruits & Vegetables,Dried Fruits,Dried Berries]]"
3297,52169,"Brooklyn Beans Breakfast Blend Decaffeinated CoffeeSingle-cup coffee for Keurig K-Cup Brewers for Keurig Brewers, 40 Count","[[Grocery & Gourmet Food,Beverages,Coffee, Tea & Cocoa,Coffee,Single-Serve Capsules & Pods]]"
3298,52190,"Santa Cruz Organic Apple Peach Sauce, 23 Ounce","[[Grocery & Gourmet Food,Snack Foods,Applesauce & Fruit Cups,Applesauce]]"
3299,52228,"Mccormick Coconut Imitation Extract, 16 Ounce (Pack of 2)","[[Grocery & Gourmet Food,Cooking & Baking,Extracts & Flavoring]]"
3300,52251,"Tamari Soy Sauce, Wheat Free, Organic, 10 oz","[[Grocery & Gourmet Food,Pantry Staples,Sauces, Gravies & Marinades,Sauces,Asian,Soy Sauce]]"
3301,52275,"Ritz Crackers, Fresh Stacks, 12.73-Ounce (Pack of 3)","[[Grocery & Gourmet Food,Snack Foods,Rice Cakes, Chips & Crackers,Crackers]]"
3302,52284,"Claey's Lemon Drops, 6-Ounce Packages (Pack of 12)","[[Grocery & Gourmet Food,Candy & Chocolate,Hard Candy & Lollipops,Hard Candy]]"
3303,52347,"Simply Organic Vegetarian Brown Gravy, Seasoning Mix, Certified Organic, 1-Ounce Packets (Pack of 12)","[[Grocery & Gourmet Food,Sauces, Gravies & Marinades,Gravies,Brown]]"
3304,52389,"Bulk Nuts, Nut Cashew 320 Raw, 5 Pound - We Got Nuts","[[Health & Household,Sports Nutrition]]"
3305,52394,"Crazy Cups Coffee, Jamaican Me Crazy, 22 Count","[[Grocery & Gourmet Food,Beverages,Coffee, Tea & Cocoa,Coffee,Single-Serve Capsules & Pods]]"
3306,52428,"Cadbury Flake Chocolate Bars 23.5g, 6-Count","[[Grocery & Gourmet Food,Candy & Chocolate,Candy & Chocolate Bars]]"
3307,52431,"Cape Cod Gluten Free Soups, Sampler Crate, 3 - 15 oz. cans","[[Grocery & Gourmet Food,Soups, Stocks & Broths]]"
3308,52469,"NOW Foods Textured Soy Protein Chunks, 12 Ounce Bags (Pack of 8)","[[Grocery & Gourmet Food,Dried Beans, Grains & Rice,Beans]]"
3309,52498,"Bob's Red Mill Gluten-Free Pancake Mix, 22-Ounce Packages (Pack of 4)","[[Grocery & Gourmet Food,Cooking & Baking,Baking Mixes,Pancakes & Waffles]]"
3310,52499,"Bob's Red Mill Tapioca Flour, 20-Ounce (Pack of 4)","[[Grocery & Gourmet Food,Pantry Staples,Cooking & Baking,Thickeners,Tapioca]]"
3311,52515,"Pepperidge Farm Tahiti Cookies, Coconut 6.4-Ounce (Pack of 4)","[[Grocery & Gourmet Food,Breads & Bakery,Cookies,Chocolate]]"
3312,52517,Trader Joe's Island Soyaki 20Oz (1LB 4Oz),"[[Grocery & Gourmet Food,Pantry Staples,Sauces, Gravies & Marinades,Sauces]]"
3313,52541,"Hersheys Spreads Chocolate With Hazelnut, 13-ounce jar","[[Grocery & Gourmet Food,Jams, Jellies & Sweet Spreads,Chocolate & Hazelnut Spreads]]"
3314,52548,Cadburys Flake Case of 24 x 23.5g Bars,"[[Grocery & Gourmet Food,Candy & Chocolate,Candy & Chocolate Bars]]"
3315,52552,"Mauna Loa Macadamias, Dry Roasted with Sea Salt, 4.5 Ounce Container",[[]]
3316,52554,"Mestemacher Whole Rye Bread, 8.8-Ounce Packages (Pack of 11)","[[Grocery & Gourmet Food,Breakfast Foods,Cereals,Oatmeal]]"
3317,52568,"San Francisco Bay Coffee Fog Chaser, 12-Count OneCup Single Serve Cups (Pack of 3)","[[Grocery & Gourmet Food,Beverages,Coffee, Tea & Cocoa,Coffee,Single-Serve Capsules & Pods]]"
3318,52580,"Bob's Red Mill Granola, Apple Cinnamon No Fat, 12-Ounce Bags (Pack of 4)","[[Grocery & Gourmet Food,Breakfast Foods,Cereals,Granola]]"
3319,52591,"Annie's Homegrown Berry Patch Organic Bunny Fruit Snacks,0.8 Ounce, 5-Count Pouches (Pack of 4)","[[Grocery & Gourmet Food,Snack Foods,Fruit Snacks]]"
3320,52592,Tropical Fruit Salad / Dried Fruit - 2 Lbs.,"[[Grocery & Gourmet Food,Produce,Dried Fruits & Vegetables,Dried Fruits,Dried Mixed Fruits]]"
3321,52617,"Andy Capp Cheddar Fries, 3-Ounce Bags (Pack of 12)","[[Grocery & Gourmet Food,Snack Foods,Chips & Crisps,Potato]]"
3322,52623,"Vogue Cuisine Vegetable Soup &amp; Seasoning Base 4oz (Vegebase, Vege Base) - Low Sodium, Gluten Free, All Natural Ingredients","[[Grocery & Gourmet Food,Soups, Stocks & Broths,Vegetable Soups]]"
3323,52643,Supreme Spice 100% Pure Premium Quality Ginger Extract with No Preservatives and No Chemicals,[[]]
3324,52660,Mcvities Digestive Biscuits 250g,"[[Grocery & Gourmet Food,Snack Foods,Cookies,Biscuits]]"
3325,52668,Katjes Salzige Heringe &quot;Salty Hering / Fish&quot; 200g,"[[Grocery & Gourmet Food,Candy & Chocolate,Jelly Beans & Gummy Candy,Gummy Candy]]"
3326,52673,"Copper Moon Aroma-Cup, Kenyan, 20 Count, 7.7 OZ","[[Grocery & Gourmet Food,Beverages,Coffee, Tea & Cocoa,Coffee,Single-Serve Capsules & Pods]]"
3327,52677,"Bob's Red Mill T6635 Large Flake Yeast, 8-Ounce Packages (Pack of 4)","[[Grocery & Gourmet Food,Cooking & Baking,Leaveners & Yeasts,Active Dry Yeasts]]"
3328,52687,"Hamburger Helper Tomato Basil Penne, 7.4-Ounce Boxes (Pack of 12)","[[Grocery & Gourmet Food,Pasta & Noodles,Pasta]]"
3329,52693,Popin' Cookin' DIY Nerunerunerune Candy Paste Soda Flavor by Kracie,[[]]
3330,52724,Teisseire Blackcurrant Syrup 20.3 Fl Oz,"[[Grocery & Gourmet Food,Beverages,Bottled Beverages, Water & Drink Mixes,Flavor Syrups]]"
3331,52726,McCann's Irish Oatmeal Quick &amp; Easy Steel Cut -- 24 oz,"[[Grocery & Gourmet Food,Breakfast Foods,Cereals,Oatmeal]]"
3332,52739,"Dr. McDougall's Right Foods Vegan Hot &amp; Sour Ramen, 1.9-Ounce Cups (Pack of 6)","[[Grocery & Gourmet Food,Pantry Staples,Canned, Jarred & Packaged Foods,Packaged Meals & Side Dishes,Pasta & Noodle Dishes]]"
3333,52741,"Namaste Foods, Gluten Free Chocolate Cake Mix, 26-Ounce Bags (Pack of 6)","[[Grocery & Gourmet Food,Cooking & Baking,Baking Mixes,Cakes]]"
3334,52752,"Spicy World Whole Nutmeg, 3.5 Ounce","[[Grocery & Gourmet Food,Herbs, Spices & Seasonings,Single Herbs & Spices,Nutmeg]]"
3335,52781,"Lance, Captain's Wafers, Jalapeno Cheddar Sandwich Crackers, 8 Count, 11oz Tray (Pack of 3)","[[Grocery & Gourmet Food,Snack Foods,Crackers,Sandwich]]"
3336,52784,"Herdez Salsa Casera, 7-Ounce (Pack of 24)","[[Grocery & Gourmet Food,Snack Foods,Salsas, Dips & Spreads,Salsas]]"
3337,52804,Minute Ready to Serve Brown &amp; Wild Rice 2 - 4.4 oz cups (Pack of 8),"[[Grocery & Gourmet Food,Canned, Jarred & Packaged Foods,Packaged Meals & Side Dishes,Rice Dishes,Rice Bowls]]"
3338,52819,Crio Bru Vega Real (1.5 lbs),"[[Grocery & Gourmet Food,Beverages,Coffee, Tea & Cocoa,Coffee Substitutes]]"
3339,52823,"Keenan Farms In-Shell Pistachio, Naturally Tree Opened, Roasted with Sea Salt,  28-Ounce Jars (Pack of 2)","[[Grocery & Gourmet Food,Cooking & Baking,Nuts & Seeds,Pistachios]]"
3340,52824,"Yamamotoyama Hojicha Roasted Green Tea, 16-Count  Boxes (Pack of 12)",[[]]
3341,52841,"Kellogg's Special K Pastry Crisps, Chocolate, 4.4-Ounce","[[Grocery & Gourmet Food,Breakfast Foods,Breakfast & Cereal Bars,Cereal]]"
3342,52863,KirkLand Organic Salsa Medium 2 LBS 6.Oz (2 Pack),"[[Grocery & Gourmet Food,Snack Foods,Salsas, Dips & Spreads,Salsas]]"
3343,52902,"Dr. McDougall's Right Foods Asian Entree, Teriyaki Noodle, 1.9-Ounce Packages (Pack of 6)","[[Grocery & Gourmet Food,Canned, Jarred & Packaged Foods,Packaged Meals & Side Dishes,Asian Dishes]]"
3344,52918,"Golden Valley Natural Organic Beef Jerky, Original, 3-Ounce Pouches (Pack of 8)","[[Grocery & Gourmet Food,Snack Foods,Jerky & Dried Meats]]"
3345,52928,Mary's Gone Crackers Organic Original Seed Cracker 6.5 OZ Box (Pack of 3),"[[Grocery & Gourmet Food,Snack Foods,Rice Cakes, Chips & Crackers,Crackers]]"
3346,52932,"Lindt Chocolate Piccoli Chocolate , Blancor Couverture, 5.512 Pound","[[Grocery & Gourmet Food,Candy & Chocolate,Candy & Chocolate Assortments]]"
3347,52947,"Wilton Gel Food Color Set, Primary","[[Grocery & Gourmet Food,Pantry Staples,Cooking & Baking,Food Coloring]]"
3348,52948,"Food To Live POPPY SEEDS - 2 lbs, (Variety: Blue; Grade: A-1)","[[Grocery & Gourmet Food,Herbs, Spices & Seasonings,Single Herbs & Spices,Poppy Seed]]"
3349,52959,"Nutiva Organic Hemp Protein Hi Fiber, 3 Pound Bag","[[Health & Household,Sports Nutrition,Protein,Powders,Plant,Hemp]]"
3350,52996,"Thai Iced Tea Traditional Restaurant Style,16 oz (1LB.)","[[Grocery & Gourmet Food,Beverages,Coffee, Tea & Cocoa,Tea,Iced Tea]]"
3351,53034,"Buddy Fruits Pure Blended Fruit To Go, Multifruit and Apple, 3.2-Ounce Packages (Pack of 18)","[[Baby Products,Feeding,Baby Foods,Meals]]"
3352,53037,Mr Kipling Cakes - Cherry Bakewells - 6 Pack,"[[Grocery & Gourmet Food,Breads & Bakery,Cakes]]"
3353,53044,Wild Bill's 3oz Smoked Bacon Jerky Packs (4 re-sealable 3oz bacon jerky packs per bag),"[[Grocery & Gourmet Food,Snack Foods,Jerky & Dried Meats]]"
3354,53047,"Walkers Shortbread Fingers, 2-Count Cookies Packages (Pack of 24)","[[Grocery & Gourmet Food,Breads & Bakery,Cookies,Shortbread]]"
3355,53048,"Hershey's Nugget Assortment, 52 Ounce","[[Grocery & Gourmet Food,Candy & Chocolate,Candy & Chocolate Assortments]]"
3356,53052,"Celestial Seasonings Herb Tea, Red Zinger, 20-Count Tea Bags (Pack of 6)","[[Grocery & Gourmet Food,Beverages,Coffee, Tea & Cocoa,Tea,Herbal]]"
3357,53080,"Gloria Jean's Coffee, Hazelnut, K-Cup Portion Pack for Keurig K-Cup Brewers (Pack of 24)","[[Grocery & Gourmet Food,Beverages,Coffee, Tea & Cocoa,Coffee,Single-Serve Capsules & Pods]]"
3358,53106,Popin' Cookin' Happy Sushi House,"[[Grocery & Gourmet Food,Candy & Chocolate,Jelly Beans & Gummy Candy,Gummy Candy]]"
3359,53117,Cambodian Hot Sauce,"[[Grocery & Gourmet Food,Sauces, Gravies & Marinades,Hot Sauce]]"
3360,53162,"ZICO Pure Premium Coconut Water, Natural, 11.2 Ounce (Pack of 12)","[[Grocery & Gourmet Food,Beverages,Bottled Beverages, Water & Drink Mixes,Coconut Water]]"
3361,53167,"Campbell's Low Sodium Cream of Mushroom Soup, 10.5 Ounce Cans (Pack of 12)","[[Grocery & Gourmet Food,Soups, Stocks & Broths,Vegetable Soups]]"
3362,53176,"Navitas Naturals Organic Raw Maca Powder,  1 Pound  Pouches","[[Health & Household,Vitamins & Dietary Supplements,Herbal Supplements]]"
3363,53193,"Mind Reader &quot;The Wall&quot; 50 Capacity K-Cup Coffee Pod Display Rack Holder, Black","[[Home & Kitchen,Kitchen & Dining,Storage & Organization,Food Storage,Coffee Pod Holders]]"
3364,53205,M&amp;m's Gingerbread Flavored 9.90oz.,"[[Grocery & Gourmet Food,Candy & Chocolate,Candy & Chocolate Assortments]]"
3365,53206,"Royal Family Japanese Mixed Mochi, 15.8-Ounce (Pack of 4)","[[Grocery & Gourmet Food,Candy & Chocolate,Traditional & International Sweets,Wagashi]]"
3366,53209,"Carnation Malted Milk, Original  2 Lb 8-Oz","[[Grocery & Gourmet Food,Pantry Staples,Cooking & Baking,Condensed & Powdered Milk]]"
3367,53227,"Betty Crocker Gluten Free Yellow Cake Mix, 15-Ounce Boxes (Pack of 6)","[[Grocery & Gourmet Food,Cooking & Baking,Baking Mixes,Cakes]]"
3368,53239,"Gerber Graduates Yogurt Blends, Mixed Berry, 4-Count, 3.5-Ounce Cups (Pack of 6)",[[]]
3369,53258,Perugina Sorrento Hard Candy- 4.5oz,"[[Grocery & Gourmet Food,Candy & Chocolate,Hard Candy & Lollipops,Hard Candy],[Grocery & Gourmet Food,Candy & Chocolate,Hard Candy & Lollipops,Hard Candy]]"
3370,53264,"Quaker Cookies N Cream Chewy Dipps Granola Bars,1.09 oz bars 6 Bars per Pack (Pack of 6)","[[Grocery & Gourmet Food,Snack Foods,Bars,Granola]]"
3371,53280,"Natural Nectar Potato Stix, Sea Salt, 6 Ounce (Pack of 12)","[[Grocery & Gourmet Food,Snack Foods,Chips & Crisps,Potato]]"
3372,53314,Green Mountain Coffee Wild Mountain Blueberry 12 oz. Ground Packaged,"[[Grocery & Gourmet Food,Beverages,Coffee, Tea & Cocoa,Coffee,Ground Coffee]]"
3373,53322,"Dr. McDougall's Right Foods Organic Instant Oatmeal, Light Maple Brown Sugar, 1.3 Ounce Packets, 8-Count Boxes (Pack of 6)","[[Grocery & Gourmet Food,Breakfast Foods,Cereals,Oatmeal]]"
3374,53334,"Bigelow Constant Comment Tea, 40-Count Boxes (Pack of 6)","[[Grocery & Gourmet Food,Beverages,Coffee, Tea & Cocoa,Tea,Green]]"
3375,53360,"Yankeetraders Brand, Crystallized Ginger Slice Crystallized - Imported Dried Fruit / 2 Lbs",[[]]
3376,53374,"The Spice Hunter Chipotle Black Bean, Veg Soup Cup, 1.8-Ounce (Pack of 6)","[[Grocery & Gourmet Food,Pantry Staples,Soups, Stocks & Broths,Vegetable Soups]]"
3377,53383,"Rishi Tea Chocolate Chai, 3 Ounce","[[Grocery & Gourmet Food,Beverages,Coffee, Tea & Cocoa,Tea,Green]]"
3378,53385,"Sun Maid Fruit Bits, 7-Ounce Bags (Pack of 6)","[[Grocery & Gourmet Food,Produce,Dried Fruits & Vegetables,Dried Fruits]]"
3379,53407,"Tinkyada Brown Rice Elbows with Rice Bran, 16-Ounce Packages (Pack of 12)","[[Grocery & Gourmet Food,Pantry Staples,Pasta & Noodles,Pasta,Spaghetti]]"
3380,53452,Sweet's Taffy Strawberry (3lb),"[[Grocery & Gourmet Food,Candy & Chocolate,Jelly Beans & Gummy Candy,Taffy]]"
3381,53501,"Total Whole Grain Cereal, 10.6-Ounce Box (Pack of 6)",[[]]
3382,53519,London Cuppa Tea Box - 80 Teabags,"[[Grocery & Gourmet Food,Beverages,Coffee, Tea & Cocoa]]"
3383,53524,"Frontier Chili Peppers Ground, Cayenne 90,000 Hu, 16 Ounce Bags (Pack of 2)","[[Grocery & Gourmet Food,Herbs, Spices & Seasonings,Mixed Spices & Seasonings,Chili Powder]]"
3384,53529,Skittles Darkside Candies 14 Oz,"[[Grocery & Gourmet Food,Candy & Chocolate]]"
3385,53530,"Nongshim Tempura Udon Noodle Cup, 2.18 Ounce (Pack of 6)","[[Grocery & Gourmet Food,Pantry Staples,Soups, Stocks & Broths,Noodle Soups]]"
3386,53535,Hapi Snacks - Spicy Sriracha Peas - Chili Garlic Coated Green Peas (Net Wt. 9.9 Oz),"[[Grocery & Gourmet Food,Snack Foods,Wasabi Peas]]"
3387,53552,"Happybaby Happymunchies Baked Organic Cheese and Veggie Snack, Cheddar Cheese/Carrot, 1.63 Ounces (Pack of 6)",[[]]
3388,53556,Eden Foods - Buckwheat Soba Pasta - 8 oz.,"[[Grocery & Gourmet Food,Pantry Staples,Pasta & Noodles,Noodles,Soba]]"
3389,53581,"Reduced Carb/Flax, Oat Bran &amp; Whole Wheat Lavash Bread, 4 square breads","[[Grocery & Gourmet Food,Breads & Bakery,Breads,Sandwich Breads,Whole Wheat]]"
3390,53582,"McCormick Grill Mates Montreal Steak Seasoning, 29 ounce","[[Grocery & Gourmet Food,Pantry Staples,Herbs, Spices & Seasonings,Mixed Spices & Seasonings,Meat Seasoning]]"
3391,53623,Lindt GOLD BUNNY - Milk Chocolate 3.5 Ounce,"[[Grocery & Gourmet Food,Candy & Chocolate,Candy & Chocolate Assortments]]"
3392,53634,"Tazo Lotus Green Tea, Decaffeinated, 20-Count Tea Bags (Pack of 6)","[[Grocery & Gourmet Food,Beverages,Coffee, Tea & Cocoa,Tea,Green]]"
3393,53655,Clif Bars: Chocolate Chip Peanut Crunch of 2.4 Oz - 12 Bars(2 boxes),"[[Health & Household,Sports Nutrition,Nutrition Bars,Endurance & Energy Bars]]"
3394,53660,"Mother Earth Products Dried Garlic, Granulated, 1 Full Quart","[[Sports & Outdoors,Outdoor Recreation,Camping & Hiking,Camp Kitchen,Freeze-Dried Food]]"
3395,53686,"Dixie Crystals Extra Fine Granulated Sugar, 5-Pound (Pack of 2)","[[Grocery & Gourmet Food,Cooking & Baking,Syrups, Sugars & Sweeteners,Sugars]]"
3396,53743,Advocare Spark Energy Drink 14 single serve pouches - Mango Strawberry,[[]]
3397,53745,Porcini Powder - 12 Oz Jar Each,"[[Grocery & Gourmet Food,Canned, Jarred & Packaged Foods,Vegetables]]"
3398,53765,Art of Appreciation Gift Baskets   Happy Birthday Surprise! Gourmet Snacks Tower,"[[Grocery & Gourmet Food,Food & Beverage Gifts,Assortments & Variety Gifts]]"
3399,53774,"Myojo Ippeichan Yakisoba Japanese Style Instant Noodles, 4.77-Ounce Tubs (Pack of 6)","[[Grocery & Gourmet Food,Canned, Jarred & Packaged Foods,Packaged Meals & Side Dishes,Pasta & Noodle Dishes]]"
3400,53781,"Claeys Sanded Candy Drops, Root Beer, 2 Pound","[[Grocery & Gourmet Food,Candy & Chocolate,Hard Candy & Lollipops,Hard Candy]]"
3401,53783,"So Delicious - Chocolate Coconut Milk Beverage Single Serve &quot;Grab-and-Go&quot;, (Non Dairy + Soy Free + Gluten Free + Vegan), Buy TWENTYFOUR Units and SAVE, They come in Six, 4 Packs - Each Unit is 8 oz (Pack of 24)","[[Grocery & Gourmet Food,Dairy, Cheese & Eggs,Non-Dairy Milks,Coconut Milk Beverage]]"
3402,53799,"Pomonas Universal Pectin, 1.1-Ounce Container (Pack of 6)","[[Grocery & Gourmet Food,Cooking & Baking,Pudding & Gelatin,Pectin]]"
3403,53805,"Hoosier Hill Farm Premium Citric Acid, 1 lb.","[[Grocery & Gourmet Food,Cooking & Baking,Thickeners]]"
3404,53812,"Bob's Red Mill Hemp Protein Powder, 16-Ounce Bags (Pack of 4)","[[Health & Household,Sports Nutrition,Protein,Powders,Plant,Hemp]]"
3405,53818,"Lindt Chocolate Piccoli Chocolate , Surfin Semi Sweet Couverture, 5.512 Pound","[[Grocery & Gourmet Food,Candy & Chocolate,Candy & Chocolate Assortments]]"
3406,53823,Lundberg Organic Sweet Dreams Brown Rice Syrup -- 21 fl oz,"[[Grocery & Gourmet Food,Pantry Staples,Cooking & Baking,Dessert Syrups & Sauces,Flavoring Syrup]]"
3407,53860,Fleischmann's Simply Homemade No Knead Bread Mix Italian Herb 14 oz (Pack of 2),"[[Grocery & Gourmet Food,Cooking & Baking,Baking Mixes,Breads]]"
3408,53873,Charms Fluffy Stuff Cotton Candy Lollipops- (Pack of 48),"[[Grocery & Gourmet Food,Candy & Chocolate,Hard Candy & Lollipops,Suckers & Lollipops]]"
3409,53878,"Fiber One 90 Cal. Lemon Bar 24ct, 0.89 oz bars","[[Grocery & Gourmet Food,Candy & Chocolate,Candy & Chocolate Bars]]"
3410,53894,"Barista Prima Italian Roast Decaf Coffee Keurig Vue Portion Pack, 24 count","[[Grocery & Gourmet Food,Beverages,Coffee, Tea & Cocoa,Coffee,Single-Serve Capsules & Pods]]"
3411,53900,ARM &amp; HAMMER Baking Soda - 13.5 lb. bag,"[[Grocery & Gourmet Food,Pantry Staples,Cooking & Baking,Leaveners & Yeasts,Baking Soda]]"
3412,53901,Kabaya - Thomas &amp; Friends Chocolate Covered Pretzels 0.89 Oz.,"[[Grocery & Gourmet Food,Candy & Chocolate,Candied & Chocolate-Covered Snacks,Chips & Pretzels]]"
3413,53902,Scrappy's Lime Bitters,"[[Grocery & Gourmet Food,Beverages,Bottled Beverages, Water & Drink Mixes,Cocktail Mixers,Bitters]]"
3414,53925,"Frito Lay &quot;Big Grab&quot; Classic Mix Variety Chips, 50ct.","[[Grocery & Gourmet Food,Snack Foods,Chips & Crisps,Potato]]"
3415,53927,"The Spice Hunter Chili Powder Blend, 1.1-Ounce Jar","[[Grocery & Gourmet Food,Herbs, Spices & Seasonings,Mixed Spices & Seasonings,Chili Powder]]"
3416,53940,"Kellogg's Frosted Flakes Cereal In A Cup,  2.1-Ounce (Pack of 12)","[[Grocery & Gourmet Food,Breakfast Foods,Cereals,Cold Cereals]]"
3417,53956,Douwe Egberts Aroma Rood Ground 17.6oz/500g,"[[Grocery & Gourmet Food,Beverages,Coffee, Tea & Cocoa,Coffee,Ground Coffee]]"
3418,53975,"Pasta Roni Herb &amp; Butter Rigatoni Mix, 5.5-Ounce Boxes (Pack of 12)","[[Grocery & Gourmet Food,Canned, Jarred & Packaged Foods,Packaged Meals & Side Dishes,Macaroni & Cheese]]"
3419,53978,"Sweet Retreat Naturals  Roasted Almonds with Dark Chocolate, Coconut, 5-Ounce","[[Grocery & Gourmet Food,Cooking & Baking,Nuts & Seeds,Almonds]]"
3420,53991,"Kokuho Rose Rice, 15-Pound","[[Grocery & Gourmet Food,Dried Beans, Grains & Rice,Grains & Rice,White]]"
3421,54003,Nestle Chunky Nut and Raisin 24 Bars,"[[Grocery & Gourmet Food,Candy & Chocolate,Candy & Chocolate Bars]]"
3422,54029,Lay's Stax Mesquite Barbecue Flavored Potato Crisps 5.5 oz,"[[Grocery & Gourmet Food,Snack Foods,Chips & Crisps,Potato]]"
3423,54054,"Taste of Bombay Basmati Rice, 5 Pound","[[Grocery & Gourmet Food,Dried Beans, Grains & Rice,Grains & Rice,Basmati]]"
3424,54069,Shaken Jelly Grape flavor DIY Making Kit - Futte Futte Jelly - Meiji Chewing Gum,"[[Grocery & Gourmet Food,Candy & Chocolate,Chewing & Bubble Gum]]"
3425,54082,Nissin Chicken Ramen Noodle 85gx5pcs,"[[Grocery & Gourmet Food,Canned, Jarred & Packaged Foods,Packaged Meals & Side Dishes,Asian Dishes]]"
3426,54090,"Nutiva Organic Virgin Coconut Oil, 54-Ounce Jar","[[Grocery & Gourmet Food,Cooking & Baking,Cooking Oils, Vinegars & Sprays,Oils,Coconut]]"
3427,54106,"Cheez-It Crackers, Original, 1.5-Ounce Packages (Pack of 36)","[[Grocery & Gourmet Food,Snack Foods,Crackers]]"
3428,54129,Gnosis Fleur de Sel Bar - raw chocolate,"[[Grocery & Gourmet Food,Candy & Chocolate,Candy & Chocolate Bars]]"
3429,54133,"Holiday Shapes Hershey's Chocolate Assortment, 23.1-Ounce Bag","[[Grocery & Gourmet Food,Candy & Chocolate,Candy & Chocolate Assortments]]"
3430,54188,"Roland Marinated Mussels, 4.38-Ounce Cans (Pack of 5)","[[Grocery & Gourmet Food,Canned, Jarred & Packaged Foods,Meat, Poultry & Seafood,Seafood,Mussels & Cockles]]"
3431,54190,Luzianne Decaffeinated Iced Tea 96 Family Size Bags,"[[Grocery & Gourmet Food,Beverages,Coffee, Tea & Cocoa,Tea,Tea Samplers]]"
3432,54206,"Cheerios Cereal, 14 Ounce (Pack of 4)",[[]]
3433,54244,"Slim Jim Giant Slim Jamaican Jerk, .97-Ounce (Pack of 24)","[[Health & Household,Sports Nutrition]]"
3434,54252,"Great River Organic Milling, Organic Specialty Barley Flour, 25-Pound Package","[[Grocery & Gourmet Food,Cooking & Baking,Flours & Meals,Barley Flour]]"
3435,54253,"Nuts Cashew Pieces, Raw, 5 Pound - We Got Nuts","[[Grocery & Gourmet Food,Cooking & Baking,Nuts & Seeds,Cashews]]"
3436,54257,"Extra Winterfresh, 45 stick pack,  (Pack of 5)","[[Grocery & Gourmet Food,Candy & Chocolate,Chewing & Bubble Gum]]"
3437,54259,Knorr SL Semolina Dumpling Soup ( Griesskloeschen Suppe ) -1 pc,"[[Grocery & Gourmet Food,Canned, Jarred & Packaged Foods,Packaged Meals & Side Dishes,Dry Soup Mixes]]"
3438,54274,"Madison Park Foods Tuscan Verde Seasoning, 2.75 oz","[[Grocery & Gourmet Food,Herbs, Spices & Seasonings,Salt & Salt Substitutes,Popcorn Salt]]"
3439,54323,"Kraft Macaroni and Cheese Dinner Box, Buffalo Cheddar, 5.5 Ounce (Pack of 12)",[[]]
3440,54324,"Ghirardelli Chocolate Squares, Milk Chocolate with Caramel Filling, 0.53-Ounce Squares (Pack of 430)","[[Grocery & Gourmet Food,Candy & Chocolate,Candy & Chocolate Assortments]]"
3441,54325,Green Tea (Regular) AIO &quot;Green Tea Series&quot; Powder (1 lb) [Bubble Tea Powder],"[[Grocery & Gourmet Food,Beverages,Coffee, Tea & Cocoa,Tea,Green]]"
3442,54326,"Candy Striped Gift Basket with Cashew Nuts, Milk Chocolate and Fruit -- Handcrafted for Father's Day by Nut Roaster's Reserve","[[Grocery & Gourmet Food,Food & Beverage Gifts,Candy & Chocolate Gifts]]"
3443,54329,Super Seasoning Aji-No-Moto (MSG) 3.5 oz. Shaker,"[[Grocery & Gourmet Food,Herbs, Spices & Seasonings,Mixed Spices & Seasonings,Meat Seasoning],[Grocery & Gourmet Food,Herbs, Spices & Seasonings,Mixed Spices & Seasonings,Meat Seasoning]]"
3444,54330,"Endangered Species Toucan, Organic Dark Chocolate (70%) with Goldenberry &amp; Lucama, 3-Ounce Bars (Pack of 12)","[[Grocery & Gourmet Food,Candy & Chocolate,Candy & Chocolate Bars]]"
3445,54332,"Mrs. Dash Seasoning Mix, Fajita, 1.25 Ounce (Pack of 12)","[[Grocery & Gourmet Food,Pantry Staples,Herbs, Spices & Seasonings,Mixed Spices & Seasonings,Meat Seasoning]]"
3446,54333,Coconut Durian Candy - 3 x 7 oz - Product of Vietnam - Keo Dua Sau Rieng,"[[Grocery & Gourmet Food,Candy & Chocolate,Hard Candy & Lollipops,Hard Candy]]"
3447,54334,"Dragonfly Pandan Flavoring Essence, 2-Ounce (Pack of 6)","[[Grocery & Gourmet Food,Cooking & Baking,Extracts & Flavoring]]"
3448,54335,"deBron Sugarfree Zoete Bolletjes, Sweet Licorice Drops, 2.2lb Value Bag","[[Grocery & Gourmet Food,Candy & Chocolate,Jelly Beans & Gummy Candy,Licorice]]"
3449,54336,deBron Sugar Free Salty Licorice Clovers (Klavertjes),"[[Grocery & Gourmet Food,Candy & Chocolate,Jelly Beans & Gummy Candy,Licorice]]"
3450,54337,"deBron Sugarfree Licorice Coins, 3.53 oz (1 bag) Muntendrops","[[Grocery & Gourmet Food,Candy & Chocolate,Jelly Beans & Gummy Candy,Licorice]]"
3451,54338,Torani&reg; French Vanilla Syrup Sugar Free,"[[Grocery & Gourmet Food,Beverages,Bottled Beverages, Water & Drink Mixes,Flavor Syrups]]"
3452,54339,Trader Joe's Banana Bread Mix,"[[Grocery & Gourmet Food,Cooking & Baking,Baking Mixes,Breads]]"
3453,54340,Trader Joe's Apple &amp; Cinnamon Naturally Flavored Instant Oatmeal (2 Pack),"[[Grocery & Gourmet Food,Breakfast Foods,Cereals,Oatmeal]]"
3454,54342,Kirkland Signature California Dry Roasted Almonds with Sea Salt 2.5 lb.,"[[Grocery & Gourmet Food,Cooking & Baking,Nuts & Seeds,Almonds]]"
3455,54343,"Amoretti Premium Martini Cocktail Mix, Sour Apple, 28 Ounce","[[Grocery & Gourmet Food,Beverages,Bottled Beverages, Water & Drink Mixes,Cocktail Mixers,Martini]]"
3456,54344,"Jack Links Beef Steaks, Teriyaki, 1-Ounce (Pack of 12)","[[Grocery & Gourmet Food,Snack Foods,Meat Snacks,Jerky]]"
3457,54346,Gluten Free Chocolate Chunk Probiotic Cookies (Homestyle Chocolate Chunk),"[[Grocery & Gourmet Food,Breads & Bakery,Desserts]]"
3458,54347,"International Harvest's Go Big Organic Gluten-Free Oatmeal Cookie, Double Chocolate Chip, 3 Ounce (Pack of 12)","[[Grocery & Gourmet Food,Breads & Bakery,Cookies,Oatmeal]]"
3459,54348,"Maple Grove Farms Organic Dressing, Fat Free Greek , 8 Ounce Pack Of 3","[[Grocery & Gourmet Food,Condiments & Salad Dressings,Salad Dressings,Vinaigrette]]"
3460,54349,"Kizandy Candy, Lemon Sours, 6 Count (Pack of 6)","[[Grocery & Gourmet Food,Candy & Chocolate,Hard Candy & Lollipops]]"
3461,54350,"Kizandy Candy, Cherry Sours, 6 Count (Pack of 6)","[[Grocery & Gourmet Food,Candy & Chocolate,Hard Candy & Lollipops]]"
3462,54351,"Kizandy Candy, Sweet Tea Sours, 6 Count (Pack of 6)","[[Grocery & Gourmet Food,Beverages,Coffee, Tea & Cocoa]]"
3463,54352,"Kizandy Candy, Pomegranate Sours, 6 Count (Pack of 6)","[[Grocery & Gourmet Food,Candy & Chocolate,Mints]]"
3464,54355,Apple Pie Flavor,"[[Grocery & Gourmet Food,Pantry Staples,Cooking & Baking,Extracts,Natural]]"
3465,54356,Apple Flavor,"[[Grocery & Gourmet Food,Cooking & Baking,Extracts & Flavoring]]"
3466,54361,2 Boxes of 6 Trader Joe's Blueberry Cereal Bars,"[[Grocery & Gourmet Food,Breakfast Foods,Breakfast & Cereal Bars,Cereal]]"
3467,54362,"Hot Tamales Fierce Cinnamon Flavored Chewy Candies, 0.5 oz Snack Packs in a Gift Box (Pack of 42)","[[Grocery & Gourmet Food,Candy & Chocolate,Jelly Beans & Gummy Candy,Gummy Candy]]"
3468,54363,"Marich Milk Chocolate Almonds, 1 lb in a Gift Box","[[Grocery & Gourmet Food,Candy & Chocolate,Candied & Chocolate-covered Snacks,Candied & Chocolate-coated Fruit]]"
3469,54364,"Jelly Belly Assorted Sour Jelly Beans, 1 lb in a Gift Box","[[Grocery & Gourmet Food,Candy & Chocolate,Jelly Beans & Gummy Candy,Jelly Beans]]"
3470,54365,Bob's Red Mill White Corn Grits (2 / 24oz),"[[Grocery & Gourmet Food,Breakfast Foods,Cereals,Grits]]"
3471,54367,"Hellmann's Real Mayonnaise, 22 Ounce Squeeze Bottle (Pack of 4)","[[Grocery & Gourmet Food,Pantry Staples,Condiments & Salad Dressings,Mayonnaise]]"
3472,54368,Banana Salt Water Taffy - 1/2 LB Bag,"[[Grocery & Gourmet Food,Candy & Chocolate,Jelly Beans & Gummy Candy,Taffy]]"
3473,54369,Pineapple Salt Water Taffy - 1/2 LB Bag,"[[Grocery & Gourmet Food,Candy & Chocolate,Jelly Beans & Gummy Candy,Taffy]]"
3474,54370,Candy Apple Salt Water Taffy - 1/2 LB Bag,"[[Grocery & Gourmet Food,Candy & Chocolate,Jelly Beans & Gummy Candy,Taffy]]"
3475,54371,Mango Salt Water Taffy - 1/2 LB Bag,"[[Grocery & Gourmet Food,Candy & Chocolate,Jelly Beans & Gummy Candy,Taffy]]"
3476,54372,Cran Raspberry Salt Water Taffy - 1/2 LB Bag,"[[Grocery & Gourmet Food,Candy & Chocolate,Jelly Beans & Gummy Candy,Taffy]]"
3477,54373,Huckleberry Salt Water Taffy - 1/2 LB Bag,"[[Grocery & Gourmet Food,Candy & Chocolate,Jelly Beans & Gummy Candy,Taffy]]"
3478,54374,Pomegranate Salt Water Taffy - 1/2 LB Bag,"[[Grocery & Gourmet Food,Candy & Chocolate,Jelly Beans & Gummy Candy,Taffy]]"
3479,54377,So Delicious Vanilla Coconut Milk 32oz (Pack of 12),"[[Grocery & Gourmet Food,Dairy, Cheese & Eggs,Non-Dairy Milks,Coconut Milk Beverage]]"
3480,54378,"Good2Grow Fruit Juice, Tropical Fruit Medley, 6 Count (Pack of 4)","[[Grocery & Gourmet Food,Beverages,Bottled Beverages, Water & Drink Mixes,Juices,Fruit Juice]]"
3481,54379,"Good2Grow Fruit Juice, Apple, 6 Count (Pack of 4)","[[Grocery & Gourmet Food,Beverages,Bottled Beverages, Water & Drink Mixes,Juices,Fruit Juice]]"
3482,54380,"Good2Grow Fruit Juice, Strawberry Kiwi, 6 Count (Pack of 4)","[[Grocery & Gourmet Food,Beverages,Bottled Beverages, Water & Drink Mixes,Juices,Fruit Juice]]"
3483,54383,"M&amp;M's Peanut Butter Chocolate Candies, 1.63-Ounce Packages (Pack of 24)","[[Grocery & Gourmet Food,Candy & Chocolate,Candied & Chocolate-Covered Snacks,Nuts]]"
3484,54384,"Viva Italia Spaghetti, 16 Ounce (Pack of 20)","[[Grocery & Gourmet Food,Pantry Staples,Pasta & Noodles,Pasta,Spaghetti]]"
3485,54385,"Sun Maid California Raisins Bag, 24 Ounce (Pack of 12)","[[Grocery & Gourmet Food,Produce,Dried Fruits & Vegetables,Dried Fruits,Raisins]]"
3486,54386,"Oral Fixation Mints Antioximints, Green Tea, 0.8-Ounce Tins (Pack of 12)","[[Beauty & Personal Care,Oral Care,Breath Fresheners]]"
3487,54387,"Roland Minced Clams, 6-Ounce Can (Pack of 12)","[[Grocery & Gourmet Food,Canned, Jarred & Packaged Foods,Meat, Poultry & Seafood,Seafood,Clams]]"
3488,54388,"Oral Fixation Mints Fabulous Fruit, Tropical Fruit, 0.8-Ounce Tins (Pack of 12)","[[Grocery & Gourmet Food,Candy & Chocolate,Mints]]"
3489,54389,"Loma Linda Swiss Stake with Gravy, 2lbs. 15oz. Can","[[Grocery & Gourmet Food,Meat Substitutes,Loaves & Roasts]]"
3490,54391,All Natural Gluten Free Vegetarian Vegan Italian Lentil Soup Mix 454 g 16 oz,"[[Grocery & Gourmet Food,Dried Beans, Grains & Rice,Lentils]]"
3491,54393,"Dynamic Health, Pomegranate Juice  Concentrate, 8-Ounce",[[]]
3492,54394,1 Dram Lorann-Chocolate/Hazelnut Flavor: 1 Count,[[]]
3493,54395,"Ajika Parsley - Dried Herbs for Cooking, 0.5-Ounce","[[Grocery & Gourmet Food,Herbs, Spices & Seasonings,Single Herbs & Spices,Parsley]]"
3494,54396,"Brix Bar, Milk Chocolate, 8-Ounce Packages (Pack of 3)","[[Grocery & Gourmet Food,Candy & Chocolate,Candy & Chocolate Bars]]"
3495,54397,"Faygo, Rock &amp; Rye Soda, 2 Liter (Pack of 8)","[[Grocery & Gourmet Food,Beverages,Bottled Beverages, Water & Drink Mixes,Soft Drinks]]"
3496,54398,"Nagatanien Ochazuke Nori , Assortment&nbsp;(Pack of 50)","[[Grocery & Gourmet Food,Pantry Staples,Cooking & Baking,Dried Seaweed & Nori]]"
3497,54399,Honey Bee Brand Premium Roasted Seaweed Snack (Green Laver) Pack of 9,[[]]
3498,54400,Dongwon Korean Olive Oil Flavored Seasoned Seaweed (Laver) Snack 0.17-ounce Bags (Pack of 9),"[[Grocery & Gourmet Food,Cooking & Baking,Dried Seaweed & Nori]]"
3499,54401,Moonstruck Chocolate 40pc Valentine Wrapped Collection,"[[Grocery & Gourmet Food,Candy & Chocolate,Chocolate & Fudge,Chocolate Truffles]]"
3500,54402,"McCormick Spaghetti Sauce Mix Thick &amp; Zesty, 1.37 OZ (Pack of 12)",[[]]
3501,54403,Hunt's Tomatoes Paste 100% Natural 12-6oz Cans,"[[Grocery & Gourmet Food,Canned, Jarred & Packaged Foods,Vegetables,Tomatoes,Tomato Paste]]"
3502,54406,Trader Joe's Dried Wild Blueberries,"[[Grocery & Gourmet Food,Produce,Dried Fruits & Vegetables,Dried Fruits]]"
3503,54407,3 Packs Trader Joe's Whole Organic Sweetened Dried Cranberries,"[[Grocery & Gourmet Food,Snack Foods,Dried Fruit & Raisins]]"
3504,54408,"Truitt Brothers Pacific Northwest Premium Black Beans, 17.6 Ounce (Pack of 12)","[[Grocery & Gourmet Food,Dried Beans, Grains & Rice,Beans,Black]]"
3505,54410,"Organic Red Lentil Sprouting Seeds -1 Lbs - Handy Pantry Brand - Red Lentils- Perfect for Garden Seeds, Gardening, Salad, Soup, Sprouts &amp; Food Storage","[[Grocery & Gourmet Food,Pantry Staples,Dried Beans, Lentils & Peas,Lentils]]"
3506,54411,"Jell-o Strawberry, Gelatin Dessert 3 Oz. 4-pack","[[Grocery & Gourmet Food,Pantry Staples,Cooking & Baking,Pudding & Gelatin,Gelatin]]"
3507,54412,Bakers &amp; Chefs 10x Powdered Sugar - 7 Lb. Bag,"[[Grocery & Gourmet Food,Pantry Staples,Herbs, Spices & Seasonings,Single Herbs & Spices,Savory]]"
3508,54414,Leonidas Belgian Assorted Mix Chocolates - 1 lb,[[]]
3509,54415,Scott's Cakes Empty Easter Basket Pail,"[[Grocery & Gourmet Food,Food & Beverage Gifts,Candy & Chocolate Gifts]]"
3510,54416,RAURENI ROSE HIP JAM 370g,"[[Grocery & Gourmet Food,Jams, Jellies & Sweet Spreads,Jams, Jellies & Preserves]]"
3511,54418,Shakespeare's Chcolate Cinnamon Sugar Popcorn,[[]]
3512,54419,Shakespeare's Raspberry Candy Bar,[[]]
3513,54420,Dreamfields Lasagna Pasta,"[[Grocery & Gourmet Food,Pasta & Noodles,Pasta,Lasagna]]"
3514,54421,Dreamfields Rotini Pasta,"[[Grocery & Gourmet Food,Pasta & Noodles,Pasta,Rotini]]"
3515,54422,DREAMFIELDS PASTA MACARONI SPAGHETTI 13.25 OZ,"[[Grocery & Gourmet Food,Pasta & Noodles,Pasta,Spaghetti]]"
3516,54423,"Dreamfields Pasta Healthy Carb Living, Linguine, 13.25-Ounce Boxes (Pack of 20)","[[Grocery & Gourmet Food,Pasta & Noodles,Pasta,Linguine]]"
3517,54424,"Dreamfields Angel Hair Pasta, 13.25 oz (Pack of 20)","[[Grocery & Gourmet Food,Pantry Staples,Pasta & Noodles,Pasta,Capellini]]"
3518,54425,"Sweet -N Low(R) Packets, Box Of 400","[[Grocery & Gourmet Food,Pantry Staples,Cooking & Baking,Syrups, Sugars & Sweeteners,Simple Syrup]]"
3519,54426,Nissin 85g X 12 Chicken Ramen-noodles Bowls,[[]]
3520,54428,Song Hak Co. Korean Rice Cake Soup &#49569;&#54617;&#49885;&#54408; &#49324;&#44264; &#46497;&#44397;&#46497;,"[[Grocery & Gourmet Food,Canned, Jarred & Packaged Foods,Packaged Meals & Side Dishes,Asian Dishes]]"
3521,54429,Nissin - Donbei Japanese Instant Udon Noodles Kansai Soy Sauce Flavor 17.1oz (for 5 bowls),"[[Grocery & Gourmet Food,Canned, Jarred & Packaged Foods,Packaged Meals & Side Dishes,Asian Dishes]]"
3522,54431,"Grains of Wellness Cooked Rice Bowl, Lavender, 6.35 Ounce (Pack of 12)","[[Grocery & Gourmet Food,Canned, Jarred & Packaged Foods,Packaged Meals & Side Dishes,Rice Dishes,Rice Bowls]]"
3523,54432,"Nestle Toll House Dark Chocolate and Mint Morsels, 10 Ounce","[[Grocery & Gourmet Food,Candy & Chocolate,Candy & Chocolate Bars]]"
3524,54433,Betty Crocker Whipped Frosting Cream Cheese - 12 oz (4 pack),"[[Grocery & Gourmet Food,Pantry Staples,Cooking & Baking,Frosting, Icing & Decorations]]"
3525,54436,"Dragonfly Sweet and Sour Mango with Chili, 10.58 Ounce (Pack of 48)","[[Grocery & Gourmet Food,Snack Foods,Fruit Leather]]"
3526,54437,Mama Authentic Thai Instant Noodle Soup Gourmet Shirmp Flavor No Msg - 2.12 Oz - 30 Packs Wf8,"[[Grocery & Gourmet Food,Canned, Jarred & Packaged Foods,Packaged Meals & Side Dishes,Pasta & Noodle Dishes]]"
3527,54438,Ahmad Tea : Cardamom Tea : 100 Tea Bags PLUS FREE Tea Glass,"[[Grocery & Gourmet Food,Beverages,Coffee, Tea & Cocoa,Tea,Herbal]]"
3528,54440,Panola All Natural Basmati Rice (2 lbs),"[[Grocery & Gourmet Food,Dried Beans, Grains & Rice,Grains & Rice,Basmati]]"
3529,54441,Almond Breeze Unsweetened All Natural &quot;Vanilla&quot; Almondmilk (NEW) 30 Calories 32 fl.oz (Pack of 6),"[[Grocery & Gourmet Food,Dairy, Cheese & Eggs,Milk Substitutes,Almond Milk]]"
3530,54442,"Almond Dream Almond Drink, Original, 64 Ounce (Pack of 8)","[[Grocery & Gourmet Food,Beverages]]"
3531,54445,"Go Raw Organic Flax Snax, Gluten Free, Wheat Free, Nut Free Crisps, 3oz Bags in Gift Box (Pack of 2)","[[Grocery & Gourmet Food,Herbs, Spices & Seasonings,Single Herbs & Spices,Flax Seed]]"
3532,54446,"Go Raw Flax Snax Gluten, Wheat, and Nut Free Pizza &amp; Spicy Crisps, 3oz Bags in Gift Box (Pack of 2)","[[Grocery & Gourmet Food,Snack Foods,Chips & Crisps]]"
3533,54448,"Fort Knox Milk Chocolate Gold Coins, 0.625 oz Bags in a Gift Box (Pack of 10)","[[Grocery & Gourmet Food,Candy & Chocolate,Candy & Chocolate Assortments]]"
3534,54449,"Taste Specialty Foods Sun Dried Jumbo Apricots, 5-Pound","[[Grocery & Gourmet Food,Produce,Dried Fruits & Vegetables,Dried Fruits]]"
3535,54450,"Whole Spice Tomato Powder, 5 Pound","[[Grocery & Gourmet Food,Herbs, Spices & Seasonings]]"
3536,54451,"Whole Spice Celery Stalk Diced, 5 Pound","[[Grocery & Gourmet Food,Herbs, Spices & Seasonings,Single Herbs & Spices,Celery Seed]]"
3537,54452,"Whole Spice Lemon Juice Powder, 5 Pound","[[Grocery & Gourmet Food,Herbs, Spices & Seasonings,Mixed Spices & Seasonings]]"
3538,54453,"Davidson's Tea Honey Sampler Tea Chest, (Pack of 6)","[[Grocery & Gourmet Food,Beverages,Coffee, Tea & Cocoa,Tea,Tea Samplers]]"
3539,54454,"Whole Spice Peppercorns Organic, Black, 5 Pound","[[Grocery & Gourmet Food,Herbs, Spices & Seasonings,Pepper & Peppercorns,Peppercorns]]"
3540,54455,Chewy Sour Balls - Pina Colada - 5lb Bag,"[[Grocery & Gourmet Food,Candy & Chocolate,Sour Candy]]"
3541,54456,"Wholesome Sweeteners Organic Fair Trade Honey, 16 Ounce Bottle","[[Grocery & Gourmet Food,Pantry Staples,Cooking & Baking,Syrups, Sugars & Sweeteners,Honey]]"
3542,54457,"Reese's Holiday Peanut Butter Snowman, 5-Ounce Packages (Pack of 4)","[[Grocery & Gourmet Food,Candy & Chocolate,Candy & Chocolate Assortments]]"
3543,54458,"Green &amp; Black's Organic Dark Chocolate 3-Flavor Variety: One 3.5 oz Bar Each of Organic 70% Dark Chocolate, Organic 60% Dark Chocolate with Ginger, and Organic 60% Dark Chocolate with Currants &amp; Hazelnuts in a Gift Box","[[Grocery & Gourmet Food,Candy & Chocolate,Candy & Chocolate Bars]]"
3544,54459,"Haribo Gummi Gold Bears, 2 lbs in a Gift Box","[[Grocery & Gourmet Food,Candy & Chocolate,Jelly Beans & Gummy Candy,Gummy Candy]]"
3545,54460,"El Rio Burrito Foil Packet, 1.5-Ounce (Pack of 20)","[[Grocery & Gourmet Food,Canned, Jarred & Packaged Foods,Packaged Meals & Side Dishes,Mexican Dishes,Burritos]]"
3546,54461,"Simply Organic Organic Grilling Seasons Seafood Seasoning Certified Organic, 2.93-Ounce Container","[[Grocery & Gourmet Food,Pantry Staples,Herbs, Spices & Seasonings,Mixed Spices & Seasonings,Meat Seasoning]]"
3547,54463,"La Mere Poulard - Palets Butter Cookies From France, Gift tin 8.8oz","[[Grocery & Gourmet Food,Snack Foods,Cookies,Butter]]"
3548,54464,World Wide Gourmet Foods Moose Jar Gift Set with Cranberry Confetti,"[[Grocery & Gourmet Food,Food & Beverage Gifts,Bakery & Dessert Gifts]]"
3549,54465,World Wide Gourmet Foods Moose Jar Gift Set with Cranberry Tea Cookies,"[[Grocery & Gourmet Food,Food & Beverage Gifts,Bakery & Dessert Gifts]]"
3550,54466,Japanese Biscuit - Crispy Waffle Roll with Milk Cream / Japan Cookies Cream Collon Bonus Combo Set,[[]]
3551,54467,Golden Time Coconut Flavor Flute Wafers,"[[Grocery & Gourmet Food,Snack Foods,Cookies,Wafers]]"
3552,54468,Bourbon - Kikori no Kirikabu (Chocolate and Cookie Snack) - 72g,"[[Grocery & Gourmet Food,Snack Foods,Cookies,Chocolate Chip]]"
3553,54470,"Sugimotoya Okonomi Yokan - Tranditional Japanese Sweet Bean Paste Jelly - 5 Flavors (Matcha, Chestnut, Red Bean, Salty, Red Bean with its Skin) - 360g",[[]]
3554,54471,"Kasugai Lychee Gummy Candy, 3.59-Ounce Bags (Pack of 12)","[[Grocery & Gourmet Food,Candy & Chocolate,Jelly Beans & Gummy Candy,Gummy Candy]]"
3555,54472,Rosemary &amp; Olive Oil and Roasted Garlic Multi-seed Crackers - 2 / 4.5 Oz Bags,"[[Grocery & Gourmet Food,Snack Foods,Crackers]]"
3556,54473,Quaker Instant Grits Flavor Variety 12 Servings,"[[Grocery & Gourmet Food,Breakfast Foods,Cereals,Grits]]"
3557,54474,Kellogg's Fruity Snacks Strawberry 24 Pouches 3lb 12oz,"[[Grocery & Gourmet Food,Candy & Chocolate,Jelly Beans & Gummy Candy,Gummy Candy]]"
3558,54475,Keebler Soft Batch Chocolate Chip Cookie,"[[Grocery & Gourmet Food,Breads & Bakery,Cookies,Chocolate Chip]]"
3559,54476,"Glutino Chocolate Peanut Butter Candy Bars, 5-Count, 0.9-Ounce Boxes(Pack of 3)","[[Grocery & Gourmet Food,Candy & Chocolate]]"
3560,54478,Japanese Kit Kat - Houjicha (Roasted Green Tea) Chocolate Box 2.2oz (5 Mini Bar),"[[Grocery & Gourmet Food,Candy & Chocolate,Hard Candy & Lollipops,Hard Candy]]"
3561,54479,"Kit Kat Mini's Variety Pack, Milk Chocolate, White Chocolate and Dark Chocolate, 36oz Bag (Pack of 2)","[[Grocery & Gourmet Food,Candy & Chocolate,Candy & Chocolate Bars]]"
3562,54480,Carmen &amp; Lola 100% Natural Sun Dried Tomatoes in Olive Oil 8 Oz. (Pack of 3),[[]]
3563,54481,Rose Cooking Wine (Mei Kuei Lu Chiew) - 16.5fl Oz [Pack of 3],"[[Grocery & Gourmet Food,Cooking & Baking,Cooking Wine]]"
3564,54482,"Snapdragon Stir-Fry Paste, Thai Ginger, 2.6-Ounce (Pack of 6)","[[Grocery & Gourmet Food,Sauces, Gravies & Marinades,Sauces]]"
3565,54485,Glutino Gluten Free Milk Chocolate Coated Wafer Cookies - 130g (4.6oz),"[[Grocery & Gourmet Food,Snack Foods,Cookies,Wafers]]"
3566,54488,"Nature Valley Breakfast Biscuits, Blueberry, 8.85 Ounce (Pack of 2)","[[Grocery & Gourmet Food,Snack Foods,Cookies,Biscuits]]"
3567,54489,"Nature Valley Breakfast Biscuits, Honey, 8.85 Ounce Box (Pack of 2)","[[Grocery & Gourmet Food,Snack Foods,Cookies,Biscuits]]"
3568,54490,Green Giant Cut Green Beans - 12/14.5 oz. cans,[[]]
3569,54493,"Welch's 100% White Grape Juice, 10-Ounce Bottles (Pack of 24)","[[Grocery & Gourmet Food,Beverages,Bottled Beverages, Water & Drink Mixes,Juices,Fruit Juice]]"
3570,54496,"Cloves, Ground, 3.2 oz.",[[]]
3571,54497,"Paprika, Ground, 2 oz.",[[]]
3572,54498,Foojoy Yunnan Bo Nay Tea- 100 Tea Bags 7oz/200g (Pack of 1),"[[Grocery & Gourmet Food,Beverages,Coffee, Tea & Cocoa,Tea,Tea Samplers]]"
3573,54499,Atkins Nutritionals Inc. - Endulge Bar Nutty Fudge Brownie - 5 Bars,"[[Grocery & Gourmet Food,Breakfast Foods,Breakfast & Cereal Bars]]"
3574,54500,Haldirams Hara Chiwda 400g,"[[Grocery & Gourmet Food,Canned, Jarred & Packaged Foods,Packaged Meals & Side Dishes,Indian Dishes]]"
3575,54501,"Cadbury Easter Creme Eggs, 4-count Boxes (Pack of 3)","[[Grocery & Gourmet Food,Candy & Chocolate,Candy & Chocolate Bars]]"
3576,54502,Tassimo Jacobs Espresso Ristretto (16 Count),"[[Grocery & Gourmet Food,Beverages,Coffee, Tea & Cocoa,Coffee Substitutes]]"
3577,54504,"The Good Bean Chickpea Snacks, Sweet Cinnamon, 6 Ounce","[[Grocery & Gourmet Food,Snack Foods,Party Mix]]"
3578,54505,Dr. Adam Elmegirab's Teapot Cocktail Bitters - 3.38 oz,"[[Grocery & Gourmet Food,Beverages,Bottled Beverages, Water & Drink Mixes,Cocktail Mixers,Bitters]]"
3579,54506,"Adam Elmegirab, Aphrodite Bitters","[[Grocery & Gourmet Food,Beverages,Bottled Beverages, Water & Drink Mixes,Cocktail Mixers,Bitters]]"
3580,54507,"Lenny &amp; Larry's Choc Decadence, Fit Protein Brownie, 1.76 Ounce (Pack of 12)","[[Grocery & Gourmet Food,Breads & Bakery,Desserts]]"
3581,54508,Unreal Candy - Peanut Butter Cups 6.3 Oz Bag(pack of 2 Bags),"[[Grocery & Gourmet Food,Candy & Chocolate,Candy & Chocolate Bars]]"
3582,54509,Mrocos Sex Olives- Blue Cheese Stuffed,"[[Grocery & Gourmet Food,Olives, Pickles & Relishes,Olives]]"
3583,54511,"Paprika, Smoked, Hot - 20 Oz Jar Each","[[Grocery & Gourmet Food,Pantry Staples,Herbs, Spices & Seasonings,Single Herbs & Spices,Paprika]]"
3584,54512,Pasilla Negro Powder - 18 Oz Jar Each,"[[Grocery & Gourmet Food,Herbs, Spices & Seasonings,Single Herbs & Spices,Chili Powder]]"
3585,54514,"Oskri Pyramid Snacks, Roasted and Salted Cashews, 1 Ounce (Pack of 12)","[[Grocery & Gourmet Food,Produce,Dried Fruits & Vegetables,Dried Fruits,Raisins]]"
3586,54515,Go Lightly Sugar Free Fudgie Rolls 1LB Bag,[[]]
3587,54516,Go Lightly Sugar Free Assorted Taffy 1LB Bag,"[[Grocery & Gourmet Food,Candy & Chocolate,Jelly Beans & Gummy Candy,Taffy]]"
3588,54517,Sorbee Sugar Free Fruit Bursts 1LB Bag,"[[Grocery & Gourmet Food,Candy & Chocolate,Jelly Beans & Gummy Candy,Gummy Candy]]"
3589,54518,Williamson English Breakfast Elephant Tea 40 Teabags.,"[[Grocery & Gourmet Food,Beverages,Coffee, Tea & Cocoa,Tea,Black]]"
3590,54519,Dried Red Dates (Jujube) - 1lb,"[[Grocery & Gourmet Food,Produce,Dried Fruits & Vegetables,Dried Fruits,Dried Dates]]"
3591,54520,MiO Fit Liquid Enhancer Lemon Lime 1.62 ounce,"[[Grocery & Gourmet Food,Beverages,Bottled Beverages, Water & Drink Mixes,Sports Drinks]]"
3592,54521,Stride Sweet Peppermint Gum - 12/14ct,"[[Grocery & Gourmet Food,Candy & Chocolate,Chewing & Bubble Gum]]"
3593,54523,"Filippo Berio Olive Oil Extra Light -  25.3 oz,12 Pack","[[Grocery & Gourmet Food,Pantry Staples,Cooking & Baking,Cooking Oils, Vinegars & Sprays,Oils,Olive]]"
3594,54524,Bissinger's Traditional French Truffles,[[]]
3595,54525,"Da Vinci Cherry Syrup, 750 ml Bottle (Glass)","[[Grocery & Gourmet Food,Cooking & Baking,Syrups, Sugars & Sweeteners]]"
3596,54529,Vacuum Freeze Dried Mangosteen Crispy Snack High Nutrition Real Fruit 100% Net Wt 30 G (1.05 Oz) X 3 bags,"[[Grocery & Gourmet Food,Snack Foods,Fruit Snacks]]"
3597,54530,"B &amp; M Baked Beans, Original, 28 Ounce (Pack of 12)","[[Grocery & Gourmet Food,Pantry Staples,Canned, Jarred & Packaged Foods,Beans & Peas,Baked Beans]]"
3598,54531,"B&amp;M, Original Baked Beans, 16oz Can (Pack of 6)","[[Grocery & Gourmet Food,Canned, Jarred & Packaged Foods,Beans & Peas,Baked Beans]]"
3599,54532,3 Musketeers 36 ct,"[[Grocery & Gourmet Food,Candy & Chocolate,Candy & Chocolate Bars]]"
3600,54533,"Suja Fiji Juice (Apple, Celery, Cucumber, Spinach, Kale, Collard Greens, Lemon, Ginger) 16 OZ Each Bottle (12 PACK)","[[Grocery & Gourmet Food,Beverages,Bottled Beverages, Water & Drink Mixes,Juices,Fruit Juice]]"
3601,54534,"The Peanut Shop of Williamsburg Wasabi Spiced Peanuts, 10.5-Ounce Tins (Pack of 4)","[[Grocery & Gourmet Food,Cooking & Baking,Nuts & Seeds,Peanuts]]"
3602,54535,SOYJOY Mango Coconut Fruit &amp; Soy Bar (12x1.06oz),[[]]
3603,54536,Dr Brown's Cream Soda (6 bottles),[[]]
3604,54537,Dr. Brown's Cream Soda 4/Pack,"[[Grocery & Gourmet Food,Beverages,Bottled Beverages, Water & Drink Mixes,Soft Drinks]]"
3605,54538,"Faeries Finest Lime-Garlic Salt, 5.4 Ounce","[[Grocery & Gourmet Food,Pantry Staples,Herbs, Spices & Seasonings,Salt & Salt Substitutes,Flavored Salt]]"
3606,54539,"Trenton Farms Sauce, Cheddar Cheese, 106 Ounce (Pack of 6)","[[Grocery & Gourmet Food,Snack Foods,Chips & Crisps,Tortilla]]"
3607,54540,"Durkee Super Chef Seasoning Salt, 5-Pound","[[Grocery & Gourmet Food,Pantry Staples,Herbs, Spices & Seasonings,Mixed Spices & Seasonings,Mexican Seasoning]]"
3608,54542,"E. Guittard 38% Cacao, Milk Chocolate Couverture Wafer, 1 Pound,  (Pack of 2)","[[Grocery & Gourmet Food,Snack Foods]]"
3609,54543,Chiarezza! - Forbidden Fruit - Organic Chia Cereal - 3pk,"[[Grocery & Gourmet Food,Breakfast Foods,Cereals,Cold Cereals]]"
3610,54544,Freedom Foods Ultra Rice Maple Crunch Gluten Free -- 10.6 oz,"[[Grocery & Gourmet Food,Breakfast Foods,Cereals,Cold Cereals]]"
3611,54545,Strawberry Kiwi Smoothie Mix - 6 Can Pack - 5.66 Pounds,"[[Grocery & Gourmet Food,Beverages,Bottled Beverages, Water & Drink Mixes,Powdered Drink Mixes & Flavorings,Powdered Drink Mixes,Soft Drink Mixes]]"
3612,54546,Winiary Instant Tomato Soup Fix 3-pack 3x55g/3x2.9oz,"[[Grocery & Gourmet Food,Soups, Stocks & Broths,Vegetable Soups]]"
3613,54547,Jet Tea Mandarin Orange Passion Fruit Smoothie Mix 64 oz,"[[Grocery & Gourmet Food,Beverages,Bottled Beverages, Water & Drink Mixes,Juices,Smoothies]]"
3614,54549,"Heinz Organic Tomato Ketchup, 14 OZ","[[Grocery & Gourmet Food,Pantry Staples,Condiments & Salad Dressings,Ketchup]]"
3615,54550,Crofters Organic Fruit Spread Strawberry -- 10 oz,"[[Grocery & Gourmet Food,Snack Foods,Salsas, Dips & Spreads,Dips & Spreads]]"
3616,54551,"Wheat Montana Prairie Gold Premium 100% Whole Wheat Flour / 5lb., 2.27kg.","[[Grocery & Gourmet Food,Pantry Staples,Cooking & Baking,Flours & Meals,Wheat Flours & Meals]]"
3617,54552,"Rishi Tea Cocoa Cabernet, 1.34 Ounce","[[Grocery & Gourmet Food,Beverages,Coffee, Tea & Cocoa,Tea,Herbal]]"
3618,54553,Goya Spanish Capers 2 oz,"[[Grocery & Gourmet Food,Olives, Pickles & Relishes,Capers]]"
3619,54554,Iberia Octopus in Garlic Sauce (Pack of 3) 4 oz Cans,"[[Grocery & Gourmet Food,Sauces, Gravies & Marinades,Hot Sauce]]"
3620,54555,"Green Pigeon Peas (Gandules), 15-Ounce","[[Grocery & Gourmet Food,Dried Beans, Grains & Rice,Peas,Pigeon]]"
3621,54556,Sazon Goya Culantro and Achiote - Especial para sopas y arroces,"[[Grocery & Gourmet Food,Herbs, Spices & Seasonings,Mixed Spices & Seasonings,Mexican Seasoning]]"
3622,54558,"Eden Organic Seaweed Gomasio, Sesame Seeds, Seaweed &amp; Sea  Salt, 3.5-Ounce Shakers (Pack of 12)","[[Grocery & Gourmet Food,Herbs, Spices & Seasonings,Single Herbs & Spices,Sesame Seed]]"
3623,54561,"Great River Organic Milling Organic Specialty Flour Millet, 50-Pounds","[[Grocery & Gourmet Food,Cooking & Baking,Flours & Meals,Millet]]"
3624,54562,"Jack Link's Sweet &amp; Hot Beef Jerky, 0.9-Ounce Bags (Pack of 48)","[[Grocery & Gourmet Food,Snack Foods,Meat Snacks,Jerky]]"
3625,54565,6 AmeriMist 9oz Electric Colors Set Airbrush Cake Decorating Color,"[[Grocery & Gourmet Food,Cooking & Baking,Food Coloring]]"
3626,54566,"Isomalt Sticks, One 12Pk - Orange","[[Grocery & Gourmet Food,Cooking & Baking,Sugar Substitutes]]"
3627,54567,"Jansal Valley Golden Raisins, 1 Pound","[[Grocery & Gourmet Food,Snack Foods,Party Mix]]"
3628,54568,"Oxygen Sugar Free Vanilla Halva, 10.5-ounces (Pack of 4)","[[Grocery & Gourmet Food,Candy & Chocolate,Traditional & International Sweets,Halva]]"
3629,54569,Keebler Animals Frosted Cookies,"[[Grocery & Gourmet Food,Breads & Bakery,Cookies]]"
3630,54570,"Keebler, Town House, Pita Crackers, Mediterranean Herb, 9.5oz Box (Pack of 4)","[[Grocery & Gourmet Food,Snack Foods,Crackers,Assortments & Samplers]]"
3631,54571,Lifestyle Awareness Dandy Liver Detox Herbal Tea 20 Tea Bags Pack of 2,"[[Grocery & Gourmet Food,Beverages,Coffee, Tea & Cocoa,Tea,Herbal]]"
3632,54572,"Tattle Tea Blueberry Lemoncake Rooibos Herbal Tea, 5 Ounce","[[Grocery & Gourmet Food,Beverages,Coffee, Tea & Cocoa,Tea,Herbal]]"
3633,54573,"Osem Chocolate Coated Matzah Crackers, Orange, 7 Ounce","[[Grocery & Gourmet Food,Snack Foods,Crackers,Flatbread]]"
3634,54574,"Nabisco, Chicken In A Biskit, Original Crackers, 7.5oz Box (Pack of 4)","[[Grocery & Gourmet Food,Snack Foods,Crackers,Wheat]]"
3635,54575,Fee Brothers Grenadine Syrup 4 oz.,"[[Grocery & Gourmet Food,Beverages,Bottled Beverages, Water & Drink Mixes,Cocktail Mixers]]"
3636,54576,"The Coffee Fool French Press Coffee, Fool's Coconut Dreams, 12 Ounce","[[Grocery & Gourmet Food,Beverages,Coffee, Tea & Cocoa,Coffee,Roasted Coffee Beans]]"
3637,54577,"The Coffee Fool Very Fine Grind Coffee, Fool's Santa Cookie Coffee, 12 Ounce","[[Grocery & Gourmet Food,Beverages,Coffee, Tea & Cocoa,Coffee,Roasted Coffee Beans]]"
3638,54580,Easter Basket - Candy Filled Easter Basket for Kids or Adults,"[[Grocery & Gourmet Food,Food & Beverage Gifts,Candy & Chocolate Gifts]]"
3639,54581,LIMITED EDITION-Chocolate covered OREO- Dipped in chocolate-IMPORTED from GERMANY-Shipping from USA,"[[Grocery & Gourmet Food,Snack Foods,Cookies,Sandwich]]"
3640,54582,Wissotzky Tea Chamomile Tea - 20 Tea Bags,"[[Grocery & Gourmet Food,Beverages,Coffee, Tea & Cocoa,Tea,Tea Samplers]]"
3641,54583,"Sam Mills Gluten Free Almonds Granola, Chocolate, 12 Ounce","[[Grocery & Gourmet Food,Breakfast Foods,Cereals,Granola]]"
3642,54584,"Cento, Pepperoncini, 32 OZ (Pack of 6)",[[]]
3643,54585,Gnosis 90% Deeply Dark Raw Chocolate Bar - 2oz,"[[Grocery & Gourmet Food,Candy & Chocolate,Candy & Chocolate Bars]]"
3644,54587,"Celestial Iced Tea Southern Sweet Keurig K-Cups, 96 Count","[[Grocery & Gourmet Food,Beverages,Coffee, Tea & Cocoa,Coffee,Single-Serve Capsules & Pods]]"
3645,54588,Meal Mart Amazing Meals Passover Beef Goulash 12 oz,[[]]
3646,54591,Svenhard's Swedish Bakery Asst. Danish - 24 ct.,"[[Grocery & Gourmet Food,Breads & Bakery,Pastries & Bakery,Danishes]]"
3647,54592,Mrs. Richardson's Fat Free Caramel Topping,"[[Grocery & Gourmet Food,Cooking & Baking]]"
3648,54593,Mennonite Pantry Gourmet Chocolate Bark 1 lb Tub Sea Salt Caramel Pretzel,[[]]
3649,54594,Eden Foods Yellow Mustard Organic -- 9 oz Each / Pack of 2,[[]]
3650,54595,"Coco Polo, Stevia Sweetened 39% Cocoa Milk Chocolate with Dried Mango, All Natural, Non-GMO, No Sugars Added, 2.5-Ounce Bars (Pack of 5)","[[Grocery & Gourmet Food,Cooking & Baking]]"
3651,54596,"Red Bell Pepper, Granulatd-1Lb-Mild &amp; Sweet Dried Red Bell Pepper","[[Grocery & Gourmet Food,Herbs, Spices & Seasonings,Pepper & Peppercorns,Ground Pepper]]"
3652,54598,"HERO NUTRITIONAL PRODUCTS, SLICE OF LIFE,ENRGY BOOST 60 CT EA 1","[[Grocery & Gourmet Food,Candy & Chocolate,Chewing & Bubble Gum]]"
3653,54599,Trader Joe's Raspberry Handmade 100% Dried Fruit Bar .7 Oz (Pack of 10),"[[Grocery & Gourmet Food,Snack Foods,Fruit Leather]]"
3654,54600,Dole Mixed Fruit in Gel Variety Pack 100 Calories Per Cup -16/4.3oz,"[[Grocery & Gourmet Food,Snack Foods,Applesauce & Fruit Cups,Fruit Cups]]"
3655,54601,Bama Peach Preserves 16 Oz.,[[]]
3656,54602,"Italian Rose Horseradish Sauce, 9 Ounce","[[Grocery & Gourmet Food,Pantry Staples,Condiments & Salad Dressings,Horseradish]]"
3657,54603,"Ocean Spray Cranberry Juice Drink, Grape, 4 count,12 Ounce","[[Grocery & Gourmet Food,Beverages,Bottled Beverages, Water & Drink Mixes,Juices,Fruit Juice]]"
3658,54604,"N'Joy All Natural Zero Calorie Sweetener, Green Stevia, 7 ounce","[[Grocery & Gourmet Food,Pantry Staples,Cooking & Baking,Sugar Substitutes,Stevia]]"
3659,54605,"Ocean Spray Jellied Cranberry Sauce, 84 Ounce","[[Grocery & Gourmet Food,Canned, Jarred & Packaged Foods,Fruits]]"
3660,54606,"Sweets, Cinnamon Bears, Gummi Candy, 16oz Bag (Pack of 3)","[[Grocery & Gourmet Food,Candy & Chocolate,Jelly Beans & Gummy Candy,Gummy Candy]]"
3661,54607,"Third Alarm Italian Roast Whole Bean Coffee, 16 Ounce","[[Grocery & Gourmet Food,Beverages,Coffee, Tea & Cocoa,Coffee,Roasted Coffee Beans]]"
3662,54608,3 Bottles Turmeric Curcumin 450mg 95% Curcuminoids Turmeric Extract 50mg 270 Total Capsules KRK Supplements,"[[Health & Household,Vitamins & Dietary Supplements,Herbal Supplements,Turmeric]]"
3663,54609,Dorothy Lane Market Signature Round Bread 1 Loaf,"[[Grocery & Gourmet Food,Pantry Staples,Cooking & Baking,Baking Mixes,Breads]]"
3664,54610,Luncheon Meat (Chicken) - 12oz (Pack of 6),"[[Grocery & Gourmet Food,Canned, Jarred & Packaged Foods,Meat, Poultry & Seafood]]"
3665,54611,Orange Extract - 1 quart,"[[Grocery & Gourmet Food,Cooking & Baking,Extracts & Flavoring]]"
3666,54615,Zen Patties,[[]]
3667,54616,Loving Hut Ocean Loaf - 800 g,"[[Grocery & Gourmet Food,Meat Substitutes,Loaves & Roasts]]"
3668,54617,"Hawaiian Macadamia Nut, Decaffeinated Whole Bean Flavored Coffee, 12-ounce Bag","[[Grocery & Gourmet Food,Pantry Staples,Cooking & Baking,Nuts & Seeds,Macadamia Nuts]]"
3669,54618,Bavarian Chocolate Flavored Ground Coffee,"[[Grocery & Gourmet Food,Beverages,Coffee, Tea & Cocoa,Coffee,Ground Coffee]]"
3670,54620,Green Mountain Coffee - Wild Mountain Blueberry 24 Count K-Cups - (Pack of 4),"[[Grocery & Gourmet Food,Beverages,Coffee, Tea & Cocoa,Coffee,Single-Serve Capsules & Pods]]"
3671,54621,"Happy Baby happy tot Spinach, Mango &amp; Pear",[[]]
3672,54622,Ener-G Foods Wylde Sesame Seed Pretzel (Pack of 50),"[[Grocery & Gourmet Food,Snack Foods,Pretzels]]"
3673,54623,"Ener-G Foods Donut Holes, 8.5-Ounce Packages (Pack of 6)","[[Grocery & Gourmet Food,Cooking & Baking,Baking Mixes]]"
3674,54624,Ener-G Light Tapioca Loaf ( 6x8 OZ),"[[Grocery & Gourmet Food,Breads & Bakery,Packaged Breads,Sandwich Breads,White]]"
3675,54625,Crisco Butter Flavor Non Stick Cooking Spray- 3 Pack,"[[Grocery & Gourmet Food,Cooking & Baking,Cooking Oils, Vinegars & Sprays,Non-Stick Cooking Oil Sprays]]"
3676,54626,"Oh Boy! Oberto Smok-a-roni, Sausage, 2.1-Ounce Packages (Pack of 20)",[[]]
3677,54627,"Andy Capp Cheddar Fries, 3.5-Ounce Bags (Pack of 30)","[[Grocery & Gourmet Food,Snack Foods,Puffed Snacks]]"
3678,54628,"Marshmallow Peeps Blue Chicks, 4.5-Ounce, 15-Count Boxes (Pack of 6)","[[Grocery & Gourmet Food,Cooking & Baking,Marshmallows]]"
3679,54629,"Snyder's of Hanover MultiGrain Honey Mustard and Onion Nibblers, 12-Ounce Packages (Pack of 12)","[[Grocery & Gourmet Food,Breads & Bakery,Breads,Pretzels]]"
3680,54630,"Snyder's of Hanover MultiGrain White Cheddar Cheese Puffs, 9-Ounce Packages (Pack of 12)","[[Grocery & Gourmet Food,Snack Foods,Puffed Snacks]]"
3681,54633,"Whole Spice Bell Pepper Roasted Powder, Red, 5 Pound","[[Grocery & Gourmet Food,Produce,Packaged Produce,Cut & Packaged Vegetables]]"
3682,54634,"Whole Spice Basil, Organic, 5 Pound","[[Grocery & Gourmet Food,Herbs, Spices & Seasonings,Single Herbs & Spices,Sweet Basil Leaf]]"
3683,54635,"Whole Spice Dill Pollen, 4 Ounce","[[Grocery & Gourmet Food,Herbs, Spices & Seasonings,Single Herbs & Spices,Dill]]"
3684,54636,"Whole Spice Anise Seed Whole, 5 Pound","[[Grocery & Gourmet Food,Herbs, Spices & Seasonings,Single Herbs & Spices,Anise Seeds]]"
3685,54637,"Whole Spice Caraway Seed Powder, 5 Pound","[[Grocery & Gourmet Food,Herbs, Spices & Seasonings,Single Herbs & Spices,Caraway Seed]]"
3686,54638,"Whole Spice Sage Crushed, 1 Pound","[[Grocery & Gourmet Food,Herbs, Spices & Seasonings,Single Herbs & Spices,Sage Leaf]]"
3687,54639,"Whole Spice Amchur Powder, 5 Pound","[[Grocery & Gourmet Food,Herbs, Spices & Seasonings]]"
3688,54640,"Keystone Brand Meats Corned Beef Hash, 26 Ounce (Pack of 12)","[[Grocery & Gourmet Food,Beverages,Coffee, Tea & Cocoa,Coffee]]"
3689,54641,"Vitaspelt Organic Flour, Whole Grain, 25 Pound","[[Grocery & Gourmet Food,Pantry Staples,Cooking & Baking,Flours & Meals,Wheat Flours & Meals]]"
3690,54642,"The Spice Hunter Marjoram, Organic, 0.3-Ounce Jars (Pack of 6)","[[Grocery & Gourmet Food,Pantry Staples,Herbs, Spices & Seasonings,Single Herbs & Spices,Marjoram]]"
3691,54643,"Christopher Bean Coffee Flavored Ground Coffee, Caramel Walnut Shortbread, 12 Ounce","[[Grocery & Gourmet Food,Beverages,Coffee, Tea & Cocoa,Coffee,Ground Coffee]]"
3692,54644,Haribo Gummy Candy Christmas Bears Gift Bag 300g,[[]]
3693,54645,2 Pack Trader Joe's Organic Yellow Mustard,"[[Grocery & Gourmet Food,Condiments & Salad Dressings,Mustard,Yellow Mustard]]"
3694,54647,Hops Flowers Whole 16 Ounces (1 Pound) By: Kismet Kreations,"[[Grocery & Gourmet Food,Herbs, Spices & Seasonings,Single Herbs & Spices]]"
3695,54648,Blue Cohosh Herbal Tea,"[[Grocery & Gourmet Food,Beverages,Coffee, Tea & Cocoa,Tea,Herbal]]"
3696,54649,Black Cohosh Root Tea - Organic Herbs - 24 Bleach Free Tea Bags,"[[Grocery & Gourmet Food,Beverages,Coffee, Tea & Cocoa,Tea,Herbal]]"
3697,54651,Quest Protein Bars - Chocolate Chip Cookie Dough - 2.12 Oz - Case Of 12,"[[Health & Household,Sports Nutrition,Nutrition Bars,Protein Bars]]"
3698,54652,BROWN'S GOLD 100% ETHIOPIAN COFFEE 48 K CUPS,"[[Grocery & Gourmet Food,Beverages,Coffee, Tea & Cocoa,Coffee,Single-Serve Capsules & Pods]]"
3699,54653,Muenster Cheese Curds 1 LB.,"[[Grocery & Gourmet Food,Dairy, Cheese & Eggs,Cheese,Cheddar]]"
3700,54654,"Mucho Mexico Mexican Style Rice, 2.12 Ounce (Pack of 12)","[[Grocery & Gourmet Food,Herbs, Spices & Seasonings,Mixed Spices & Seasonings,Mexican Seasoning]]"
3701,54655,"CORAZONAS Heart Healthy Baja Bean Dip Tortilla Chips, 7-Ounce Bags (Pack of 12)","[[Grocery & Gourmet Food,Snack Foods,Chips & Crisps,Tortilla]]"
3702,54656,Earthwise Amazon Green Earthwise Grocery Shopping Bag,"[[Health & Household,Medical Supplies & Equipment,Mobility & Daily Living Aids,Mobility Aids & Equipment,Walkers, Rollators & Accessories]]"
3703,54657,"CORAZONAS Heart Healthy Original Whole Wheat &amp; Fiber Snack, 2-Ounce Bags (Pack of 24)","[[Grocery & Gourmet Food,Snack Foods,Chips & Crisps,Tortilla]]"
3704,54658,"Pringles Potato Crisps Super Stack, Reduced Fat Tomato Mozzarela, 6-Ounce Tubes (Pack of 14)","[[Grocery & Gourmet Food,Snack Foods,Chips & Crisps,Potato]]"
3705,54659,"Sin Free Instant Chocolate Pudding Mix, 2.8-Ounce Pouches (Pack of 12)","[[Grocery & Gourmet Food,Cooking & Baking,Pudding & Gelatin,Pudding]]"
3706,54660,"Good Sense Almonds, Smoked, 8-Ounce Bag (Pack of 3)","[[Grocery & Gourmet Food,Cooking & Baking,Nuts & Seeds,Almonds]]"
3707,54661,"Koppers Milk Chocolate Covered Deluxe Rasins, 5-Pound Bag","[[Grocery & Gourmet Food,Candy & Chocolate,Candied & Chocolate-covered Snacks,Candied & Chocolate-coated Fruit]]"
3708,54662,"CORAZONAS Heart Healthy Spicy Rio Habanero Potato Chips, 6-Ounce Bags (Pack of 12)","[[Grocery & Gourmet Food,Snack Foods,Chips & Crisps,Potato]]"
3709,54663,Cortas Falafel Powder 200gr (7oz),"[[Grocery & Gourmet Food,Pantry Staples,Cooking & Baking,Baking Mixes]]"
3710,54664,Popin Cotton Candy Pudding flavor DIY Making Kit (WATA DE Pudding)- Meiji Chewing Gum,"[[Grocery & Gourmet Food,Candy & Chocolate,Chewing & Bubble Gum]]"
3711,54666,Quaker Butter Flavor Corn Cakes 4.5 oz - 6 Unit Pack,"[[Grocery & Gourmet Food,Snack Foods,Rice Cakes, Chips & Crackers,Cakes]]"
3712,54669,"Austin PB&amp;J Super Snack Pack (4 Sandwiches Per Pack), 8-Count Packages (Pack of 12)","[[Grocery & Gourmet Food,Snack Foods,Crackers,Sandwich]]"
3713,54674,Monin Hazelnut Syrup (1 Single 750 ml bottle),"[[Grocery & Gourmet Food,Beverages,Bottled Beverages, Water & Drink Mixes,Flavor Syrups]]"
3714,54676,Quai Sud Epicerie de Provence Violette Syrup,[[]]
3715,54677,Quai Sud Epicerie de Provence Coquelicot Poppy Syrup,[[]]
3716,54678,Monin Grenadine Syrup,"[[Grocery & Gourmet Food,Beverages,Bottled Beverages, Water & Drink Mixes,Flavor Syrups]]"
3717,54680,"Dr. Oetker Organics Pudding Mix, Butterscotch, 3.5-Ounce Boxes (Pack of 12)","[[Grocery & Gourmet Food,Cooking & Baking,Pudding & Gelatin,Pudding]]"
3718,54685,"Alaska Smokehouse Alaska Smokehouse Salmon Sampler Gift Basket, 12-Ounce Packages","[[Grocery & Gourmet Food,Food & Beverage Gifts,Meat & Seafood Gifts]]"
3719,54686,"Redhead Wild Sockeye Salmon FILLETS From Alaska, (12) 6 Oz. Cans","[[Grocery & Gourmet Food,Canned, Jarred & Packaged Foods,Meat, Poultry & Seafood,Seafood,Salmon]]"
3720,54687,"Fisher Peanuts, Spanish, Roasted and Salted, 20-Pound Packages","[[Grocery & Gourmet Food,Pantry Staples,Cooking & Baking,Nuts & Seeds,Peanuts]]"
3721,54688,"Chef Paul Prudhomme's Magic Seasoning Blends ~ Magic Mutli-Pack, Qty. 5 Canisters","[[Grocery & Gourmet Food,Pantry Staples,Herbs, Spices & Seasonings,Mixed Spices & Seasonings,Mexican Seasoning]]"
3722,54689,"Dalat Excelsa Whole Bean Coffee, 8 Ounce","[[Grocery & Gourmet Food,Beverages,Coffee, Tea & Cocoa,Coffee,Roasted Coffee Beans]]"
3723,54695,Green Bitter Orange Preserve (k.kloni) 16oz,"[[Grocery & Gourmet Food,Pantry Staples,Jams, Jellies & Sweet Spreads,Jams, Jellies & Preserves]]"
3724,54696,Tiptree Cranberry with Cointreau,"[[Grocery & Gourmet Food,Pantry Staples,Jams, Jellies & Sweet Spreads,Jams, Jellies & Preserves]]"
3725,54697,Tiptree Morello Cherry Conserve 340g *1,"[[Grocery & Gourmet Food,Jams, Jellies & Sweet Spreads,Jams, Jellies & Preserves]]"
3726,54699,Sun Luck Chinese Style FIVE SPICE Seasoning 2oz (2 pack),"[[Grocery & Gourmet Food,Herbs, Spices & Seasonings,Mixed Spices & Seasonings,Chinese Five Spice]]"
3727,54700,"Hunt's, 100% Natural, Diced Tomatoes with Basil, Garlic &amp; Oregano, 14.5oz Can (Pack of 6)","[[Grocery & Gourmet Food,Pantry Staples,Canned, Jarred & Packaged Foods,Vegetables,Tomatoes,Diced]]"
3728,54704,"Hunt's Pasta Sauce, Cheese &amp; Garlic, 24 oz (Pack of 12)","[[Grocery & Gourmet Food,Snack Foods]]"
3729,54711,Pioneer Original Biscuit &amp; Baking Mix 40 oz. Canisters (Pack of 2),[[]]
3730,54712,Pillsbury Yellow Moist Supreme Cake Mix-18.25 OZ,"[[Grocery & Gourmet Food,Pantry Staples,Cooking & Baking,Baking Mixes,Cakes]]"
3731,54716,"Jelly Belly Bubble Gum, 10-Pound Box","[[Grocery & Gourmet Food,Candy & Chocolate,Jelly Beans & Gummy Candy,Jelly Beans]]"
3732,54717,Jelly Belly Pomegranate Jelly Beans 1LB (Pound Bags),"[[Grocery & Gourmet Food,Candy & Chocolate,Jelly Beans & Gummy Candy,Jelly Beans]]"
3733,54718,Cuginos Creamy Cheddar Broccoli Soup,"[[Grocery & Gourmet Food,Soups, Stocks & Broths,Chicken Soups]]"
3734,54719,"Natural Value 100% Organic Red Kidney Beans, 111 Ounce","[[Grocery & Gourmet Food,Canned, Jarred & Packaged Foods,Beans & Peas,Kidney Beans]]"
3735,54720,Natural Value Organic Red Kidney Beans (12x15Oz),"[[Grocery & Gourmet Food,Dried Beans, Grains & Rice,Beans,Kidney]]"
3736,54721,Natural Value Organic Black Beans (12x15Oz),"[[Grocery & Gourmet Food,Dried Beans, Grains & Rice,Beans,Black]]"
3737,54722,"Natural Value Organic Red Kidney Beans, 15 Ounce Cans (Pack of 12)","[[Grocery & Gourmet Food,Canned, Jarred & Packaged Foods,Beans & Peas,Kidney Beans]]"
3738,54724,"Natural Value 100% Organic Black Beans, 110 Ounce","[[Grocery & Gourmet Food,Canned, Jarred & Packaged Foods,Beans & Peas,Black Beans]]"
3739,54727,"Caf&eacute; Diario Heritage Line 1903 Naturally Decaffeinated Medium Roast, 18 count pods (pack of 4)",[[]]
3740,54729,The Original Donut Shop&reg; Coconut Mocha Coffee 24 K Cups,"[[Grocery & Gourmet Food,Beverages,Coffee, Tea & Cocoa,Coffee,Ground Coffee]]"
3741,54730,Tortuga Rum Steak Sauce (5 ounce),"[[Grocery & Gourmet Food,Pantry Staples,Condiments & Salad Dressings,Steak Sauce]]"
3742,54732,"Wing Sauce, Extra Hot! 3 Mile Island, 12 fl oz","[[Grocery & Gourmet Food,Sauces, Gravies & Marinades,Hot Sauce]]"
3743,54733,Wine.com Chocolate Indulgence Gift Basket,"[[Grocery & Gourmet Food,Food & Beverage Gifts,Candy & Chocolate Gifts]]"
3744,54739,"Assorted Jordan Almonds, 1lb Bag in a Gift Box","[[Grocery & Gourmet Food,Candy & Chocolate,Candied & Chocolate-covered Snacks,Nut Clusters]]"
3745,54740,Torani&reg; Almond (Orgeat) Syrup,"[[Grocery & Gourmet Food,Beverages,Bottled Beverages, Water & Drink Mixes,Flavor Syrups]]"
3746,54748,Knorr SL Alphabet Noddles Soup ( Buchstaben Suppe ) -1 pc,"[[Grocery & Gourmet Food,Pantry Staples]]"
3747,54749,Maggi Spring Soup (Fruehlings Suppe) 1 Bag,"[[Grocery & Gourmet Food,Pantry Staples,Soups, Stocks & Broths,Noodle Soups]]"
3748,54751,Knorr SL Spring Soup ( Fruehlings Suppe ) -1 pc,"[[Grocery & Gourmet Food,Pantry Staples]]"
3749,54757,"Swerseys Chocolate 1940's-1970's Nostalgic Candy Assortment Gift Box, Number 62, 1.5 Pound","[[Grocery & Gourmet Food,Food & Beverage Gifts,Candy & Chocolate Gifts]]"
3750,54759,"World Wide Gourmet Foods Snack Box, Deluxe Edition","[[Grocery & Gourmet Food,Food & Beverage Gifts,Snack Gifts]]"
3751,54765,Oatmeal Crisp Crunch Almond,"[[Grocery & Gourmet Food,Breakfast Foods,Cereals,Oatmeal]]"
3752,54768,"Pure Blue Juice and Tea Blends, 10 Ounce (Pack of 12)","[[Grocery & Gourmet Food,Beverages,Coffee, Tea & Cocoa,Tea,Tea Samplers]]"
3753,54771,"Lipton Half and Half Sweetened Instant Tea Mix, Iced Tea and Lemonade, 48.7 Ounce (Pack of 6)","[[Grocery & Gourmet Food,Beverages,Coffee, Tea & Cocoa,Tea,Iced Tea]]"
3754,54773,Banana Split Toffees 200g,"[[Grocery & Gourmet Food,Candy & Chocolate,Brittle, Caramel & Toffee,Toffee]]"
3755,54774,Floral Gums 200g,"[[Grocery & Gourmet Food,Candy & Chocolate,Jelly Beans & Gummy Candy,Gummy Candy]]"
3756,54775,Lion Sports Mix 200g,"[[Grocery & Gourmet Food,Candy & Chocolate,Candy & Chocolate Assortments]]"
3757,54776,Cream Rock 200g,[[]]
3758,54778,"Tea of Life White Teas, Dragon Lily, 25 Count","[[Grocery & Gourmet Food,Beverages,Coffee, Tea & Cocoa,Tea,White]]"
3759,54780,"two leaves and a bud Whole Leaf Organic Tea Sampler, 2-Count","[[Grocery & Gourmet Food,Beverages,Coffee, Tea & Cocoa,Tea,Tea Samplers]]"
3760,54784,"Hamburger Helper, Cheddar Cheese Melt, 6.5-Ounce Boxes (Pack of 6)","[[Grocery & Gourmet Food,Canned, Jarred & Packaged Foods,Packaged Meals & Side Dishes,Macaroni & Cheese]]"
3761,54785,Betty Crocker Hamburger Helper Cheesy Italian Shells - 12 Pack,"[[Grocery & Gourmet Food,Pasta & Noodles,Pasta]]"
3762,54787,"Columbina Strawberry Filled Bon Bons Hard Candy, 1 Lb","[[Grocery & Gourmet Food,Candy & Chocolate,Hard Candy & Lollipops,Hard Candy]]"
3763,54788,"Werther's Chewy Candy, Original, 9 Ounce","[[Grocery & Gourmet Food,Candy & Chocolate,Brittle, Caramel & Toffee,Caramels]]"
3764,54791,"Coffee Masters Decaffeinated Whole Bean Coffee, Savannah Sunrise, 12 Ounce","[[Grocery & Gourmet Food,Beverages,Coffee, Tea & Cocoa,Coffee,Roasted Coffee Beans]]"
3765,54792,"Coffee Masters Decaffeinated Ground Coffee, White Chocolate Alpine, 12 Ounce","[[Grocery & Gourmet Food,Beverages,Coffee, Tea & Cocoa,Coffee,Ground Coffee]]"
3766,54794,"Coffee Masters Flavored Coffee, White Russian Decaffeinated, Whole Bean, 12-Ounce Bags (Pack of 4)","[[Grocery & Gourmet Food,Beverages,Coffee, Tea & Cocoa,Coffee,Roasted Coffee Beans]]"
