index ID,item ID,titles,categories
0,62,Tommy Hilfiger Men's Tommy Star Print Boxer,"[[Clothing, Shoes & Jewelry,T,Tommy Hilfiger],[Clothing, Shoes & Jewelry,Men,Clothing,Underwear,Boxers],[Clothing, Shoes & Jewelry,Men,Big & Tall]]"
1,123,Moving Comfort Women's Luna Bra,"[[Clothing, Shoes & Jewelry,Women,Clothing,Lingerie, Sleep & Lounge,Intimates,Bras]]"
2,174,Patty Women's Cotton Asymmetrical Neck Long Sleeve Stretch Solid Blouse,"[[Clothing, Shoes & Jewelry,Women,Clothing,Tops & Tees,Blouses & Button-Down Shirts]]"
3,234,"GT-Dress Women Fashion Loose plus size strap twinset t shirt blouse top, Women cotton T-shirts Suits","[[Clothing, Shoes & Jewelry,Novelty, Costumes & More,Novelty,Clothing]]"
4,249,MA by Michael Antonio Women's Tipton-GLT Platform Sandal,"[[Clothing, Shoes & Jewelry,Shoes & Accessories: International Shipping Available],[Clothing, Shoes & Jewelry,M,Michael Antonio],[Clothing, Shoes & Jewelry,Women,Shoes,Sandals]]"
5,279,"aryn K Women's Print Halter Maxi Dress, Multi, X-Small","[[Clothing, Shoes & Jewelry,Women,Clothing,Dresses,Casual]]"
6,395,Columbia Girls 7-16 Y Baddabing Hat,"[[Sports & Outdoors,Clothing,Girls,Accessories,Hats & Caps,Cold Weather Hats],[Clothing, Shoes & Jewelry,Girls,Accessories,Cold Weather,Hats & Caps],[Clothing, Shoes & Jewelry,Girls,Accessories,Hats & Caps]]"
7,468,Converse Unisex Chuck Taylor All Star Hi Top Black Monochrome Sneaker,"[[Clothing, Shoes & Jewelry,C,Converse],[Clothing, Shoes & Jewelry,Street, Surf & Skate],[Clothing, Shoes & Jewelry,Men,Shoes,Fashion Sneakers],[Clothing, Shoes & Jewelry,Novelty, Costumes & More,Work Wear & Uniforms]]"
8,693,Champion Women's 3 Pack High Performance Low Cut Heel Shield Socks,"[[Sports & Outdoors,Clothing,Women,Socks],[Clothing, Shoes & Jewelry,Women,Clothing,Active,Athletic Socks],[Clothing, Shoes & Jewelry,Women,Petite,Active]]"
9,694,Retro Chic - Swing Dress,"[[Clothing, Shoes & Jewelry,Women,Clothing,Dresses,Night Out & Cocktail],[Clothing, Shoes & Jewelry,Women,Juniors,Dresses,Night Out & Cocktail],[Clothing, Shoes & Jewelry,Women,Plus-Size,Dresses,Night Out & Cocktail]]"
10,782,"(KDNG177CC) Kidtopia Girls 0/3M-24M Sweatpants in Grey, 3/6M","[[Clothing, Shoes & Jewelry,Baby,Baby Girls,Clothing,Bottoms,Pants]]"
11,796,Roxy Women's Sun dial Flip Flop,"[[Clothing, Shoes & Jewelry,Shoes & Accessories: International Shipping Available],[Clothing, Shoes & Jewelry,R,Roxy],[Clothing, Shoes & Jewelry,Street, Surf & Skate],[Clothing, Shoes & Jewelry,Women,Shoes,Sandals]]"
12,875,Genie Bra Women's Big Twin Pack,"[[Clothing, Shoes & Jewelry,Women,Clothing,Lingerie, Sleep & Lounge,Intimates,Bras,Everyday Bras]]"
13,881,California Costumes Foxy Lady Set,"[[Clothing, Shoes & Jewelry,Novelty, Costumes & More,Costumes & Accessories,Costumes,Women]]"
14,905,Monster Tattoos,"[[Clothing, Shoes & Jewelry,Novelty, Costumes & More,Costumes & Accessories,Costumes,Kids & Baby,Girls]]"
15,920,1928 Jewelry &quot;Simplicity&quot; Hematite-Color and Sapphire-Color Drop Earrings,"[[Clothing, Shoes & Jewelry,Jewelry: International Shipping Available],[Clothing, Shoes & Jewelry,Shop by Designer],[Clothing, Shoes & Jewelry,Women,Jewelry,Fashion,Earrings,Drop & Dangle],[Clothing, Shoes & Jewelry,Novelty, Costumes & More,Novelty]]"
16,952,Classic Vintage Style Chiffon High-low Dresses,"[[Clothing, Shoes & Jewelry,Women,Clothing,Dresses,Casual]]"
17,1039,Sakkas Ladies Cute Colorful Design or Solid Knee High Socks Assorted 6-Pack,"[[Clothing, Shoes & Jewelry,Women,Clothing,Socks & Hosiery,Casual Socks]]"
18,1078,Jockey Women's Tonal Neon Spacedye Seamless Bra,"[[Clothing, Shoes & Jewelry,Women,Clothing,Lingerie, Sleep & Lounge,Intimates,Bras,Sports Bras]]"
19,1156,NIKE 6PPK BAG COTTON NO SHOW (L) (ADULT UNISEX),"[[Clothing, Shoes & Jewelry,Men,Clothing,Active,Athletic Socks]]"
20,1197,2 Pieces of Gold with Multicolor Iced Out Sideways Cross Pendant with an 20 Inch Adjustable Link Chain Necklace,"[[Clothing, Shoes & Jewelry,Women],[Clothing, Shoes & Jewelry,Novelty, Costumes & More,Novelty,Jewelry,Necklaces & Pendants]]"
21,1231,1016 Woodland Camouflage Womens Short Mini Skirt Large,"[[Sports & Outdoors,Clothing,Women,Skirts],[Clothing, Shoes & Jewelry,Novelty, Costumes & More,Work Wear & Uniforms,Clothing,Military]]"
22,1336,Alexander Del Rossa Women's Classic Satin Pajama Set,"[[Clothing, Shoes & Jewelry,Women,Clothing,Lingerie, Sleep & Lounge,Sleep & Lounge,Sets]]"
23,1344,Sakkas Petite High Waist Shirred Stretch Pencil Skirt with Wide Belt,"[[Clothing, Shoes & Jewelry,Women,Clothing,Skirts],[Clothing, Shoes & Jewelry,Women,Petite,Skirts]]"
24,1396,Ollio Women's Ballet Shoe Comfort Faux-Suede Leopard Flat,"[[Clothing, Shoes & Jewelry,Women,Shoes,Flats]]"
25,1398,adidas Men's Marathon 10 M Running Shoe,"[[Clothing, Shoes & Jewelry,Shoes & Accessories: International Shipping Available],[Clothing, Shoes & Jewelry,adidas],[Clothing, Shoes & Jewelry,Men,Shoes,Athletic,Running]]"
26,1455,D.A.D.D. Dads Against Daughters Dating T-Shirt Size: X-Large Color: Blue,"[[Clothing, Shoes & Jewelry,Men],[Clothing, Shoes & Jewelry,Novelty, Costumes & More,Novelty,Clothing,Men,Shirts,T-Shirts]]"
27,1487,Levi's Men's 527 Slim Boot Cut Jean,"[[Clothing, Shoes & Jewelry,Men,Clothing]]"
28,1510,Ray-Ban RB2140 Original Wayfarer Sunglasses,"[[Sports & Outdoors,Accessories,Sports Sunglasses],[Clothing, Shoes & Jewelry,R,Ray-Ban],[Clothing, Shoes & Jewelry,Women,Accessories,Sunglasses & Eyewear Accessories,Sunglasses],[Clothing, Shoes & Jewelry,Men,Accessories,Sunglasses & Eyewear Accessories,Sunglasses]]"
29,1736,Cami Camisole Built in Shelf BRA Adjustable Spaghetti Strap Tank Top,"[[Clothing, Shoes & Jewelry,Women,Clothing,Tops & Tees,Tanks & Camis]]"
30,1816,Zcargel Elastic Butterfly Knot Hook Buckle Ladies Waist Belt,"[[Clothing, Shoes & Jewelry,Women,Accessories,Belts]]"
31,1875,Laura Womens Tank Top Shorts Set Purple Comfortable Pajama #525045 (XL),"[[Clothing, Shoes & Jewelry,Women,Clothing,Lingerie, Sleep & Lounge,Sleep & Lounge,Sets]]"
32,1896,Bass Women's Wayfarer Penny Loafer,"[[Clothing, Shoes & Jewelry,Shoes & Accessories: International Shipping Available],[Clothing, Shoes & Jewelry,B,Bass],[Clothing, Shoes & Jewelry,Women,Shoes,Loafers & Slip-Ons]]"
33,1991,Womens &quot;Dope&quot; Side Strip Black Leggings (MTC),"[[Clothing, Shoes & Jewelry,Women],[Clothing, Shoes & Jewelry,Novelty, Costumes & More,Novelty,Clothing,Women,Leggings]]"
34,2108,Sterling Silver Small Crescent Moon Pentacle Pentagram Pendant Wicca Jewelry,"[[Clothing, Shoes & Jewelry,Women,Jewelry,Fine,Necklaces,Pendants],[Clothing, Shoes & Jewelry,Women,Jewelry,Religious,Necklaces & Pendants,Pendants],[Clothing, Shoes & Jewelry,Novelty, Costumes & More,Novelty]]"
35,2138,Lewis N. Clark   Tsa Cable Lock 2 Pack,"[[Tools & Home Improvement,Hardware,Padlocks & Hasps,Combination Padlocks],[Clothing, Shoes & Jewelry,Luggage & Travel Gear,Travel Accessories,Luggage Locks]]"
36,2179,MG Collection SEY Black Bow Heart Lock PU Patent Leather Hobo Shoulder Bag,"[[Clothing, Shoes & Jewelry,Women,Handbags & Wallets,Top-Handle Bags]]"
37,2202,Fancy That Clothing Women's Short Sleeve Pencil V- Neck Dress,"[[Clothing, Shoes & Jewelry,Women,Clothing,Dresses,Night Out & Cocktail]]"
38,2227,Romwe Women's Cute Cat Patterns Printed Polyester Leggings,"[[Clothing, Shoes & Jewelry,Women,Clothing,Leggings]]"
39,2231,Allen Edmonds Men's McAllister Wing Tip,"[[Clothing, Shoes & Jewelry,Shoes & Accessories: International Shipping Available],[Clothing, Shoes & Jewelry,Allen Edmonds],[Clothing, Shoes & Jewelry,Men,Shoes,Oxfords]]"
40,2309,Lilyette Women's Plunge Into Comfort Keyhole Minimizer Underwire Bra,"[[Clothing, Shoes & Jewelry,Women,Clothing,Lingerie, Sleep & Lounge,Intimates,Bras,Minimizers],[Clothing, Shoes & Jewelry,Women,Petite,Intimates,Bras,Minimizers]]"
41,2327,Breaking Bad Men's I Am The Danger T-Shirt,"[[Clothing, Shoes & Jewelry,Men,Clothing,Shirts,T-Shirts],[Clothing, Shoes & Jewelry,Men,Big & Tall],[Clothing, Shoes & Jewelry,Novelty, Costumes & More,Novelty,Clothing,Men,Shirts,T-Shirts]]"
42,2366,Body Accentz&trade; Earrings Rings Fake Cheater 316L Surgical Steel Triple Extended Spike Fake Taper with O-Rings 16 gauge - Sold as a pair,"[[Clothing, Shoes & Jewelry,Women],[Clothing, Shoes & Jewelry,Novelty, Costumes & More,Novelty,Jewelry],[Clothing, Shoes & Jewelry,Novelty, Costumes & More,Body Jewelry,Piercing Jewelry,Plugs]]"
43,2404,KATGI Fashion Vintage Owl Retro Art Collection Charm Earrings or Pendant Necklace Collection,"[[Clothing, Shoes & Jewelry,Women],[Clothing, Shoes & Jewelry,Novelty, Costumes & More,Novelty,Jewelry,Necklaces & Pendants]]"
44,2448,Invicta Men's 1433 Russian Diver Black Dial Rubber Watch,"[[Sports & Outdoors,Accessories,Sport Watches],[Clothing, Shoes & Jewelry,New Arrivals],[Clothing, Shoes & Jewelry,Jewelry: International Shipping Available],[Clothing, Shoes & Jewelry,Fashion Watches],[Clothing, Shoes & Jewelry,Available for International Shipping],[Clothing, Shoes & Jewelry,Sport Watches],[Clothing, Shoes & Jewelry,Invicta],[Clothing, Shoes & Jewelry,Men,Watches,Wrist Watches],[Clothing, Shoes & Jewelry,Men's Athletic Watches]]"
45,2488,La Isla Women's High Impact Wire Free Non Padded Powerful Seam Free Sports Bra,"[[Clothing, Shoes & Jewelry,Women,Clothing,Lingerie, Sleep & Lounge,Intimates,Bras,Sports Bras]]"
46,2515,Adidas Boat Slip On DLX Shoe - Men's,"[[Sports & Outdoors,Accessories,Sports Sunglasses],[Sports & Outdoors,Clothing,Men,Accessories,Sunglasses],[Clothing, Shoes & Jewelry,adidas],[Clothing, Shoes & Jewelry,Men]]"
47,2561,Bali Women's Lace N Smooth Body Briefer,"[[Clothing, Shoes & Jewelry,Women,Clothing,Lingerie, Sleep & Lounge,Intimates,Bras,Everyday Bras],[Clothing, Shoes & Jewelry,Women,Plus-Size]]"
48,2570,New Balance Men's MT10v1 Minimus Trail Running Shoe,"[[Clothing, Shoes & Jewelry,Shoes & Accessories: International Shipping Available],[Clothing, Shoes & Jewelry,N,New Balance],[Clothing, Shoes & Jewelry,Men,Shoes,Athletic,Running]]"
49,2596,6733 Next Level Tri-Blend Racerback Tank Heather White XS,"[[Sports & Outdoors,Clothing,Women,Shirts,Tank Tops],[Clothing, Shoes & Jewelry,Women,Clothing,Tops & Tees,Tanks & Camis]]"
50,2741,8 Pairs of Silver Four Circle Rings with Stone Dangle Clip on Earrings,"[[Clothing, Shoes & Jewelry,Women],[Clothing, Shoes & Jewelry,Novelty, Costumes & More,Novelty,Jewelry,Earrings]]"
51,2864,Allegra K Lady 3/4 Sleeve Self Tie Bowknot Flouncing Embellished Chiffon Blouse,"[[Clothing, Shoes & Jewelry,Women,Clothing,Tops & Tees,Blouses & Button-Down Shirts]]"
52,3091,Pima Cotton Camisole Bodysuit 3-Pack,"[[Clothing, Shoes & Jewelry,Baby,Baby Girls,Clothing,Bodysuits]]"
53,3144,2LUV Women's Striped Cutout Hi-Low Dress Black L(PD112),"[[Clothing, Shoes & Jewelry,Women,Clothing,Dresses,Night Out & Cocktail]]"
54,3217,FootJoy Icon Iguana Saddle Golf Shoes (Close Out) White - White 11.5 Medium 52114,"[[Clothing, Shoes & Jewelry,Men,Shoes,Athletic,Golf]]"
55,3227,"Child Convertible Tights,T5500C","[[Clothing, Shoes & Jewelry,Girls,Clothing,Socks & Tights,Tights]]"
56,3272,925 Sterling Silver CZ Cubic Zirconia Diamond Small Flip-Flop Slipper Shoes Post Stud Earrings 15 mm,"[[Clothing, Shoes & Jewelry,Jewelry Outlet],[Clothing, Shoes & Jewelry,Women,Jewelry,Fine,Earrings,Stud],[Clothing, Shoes & Jewelry,Women,Jewelry,Fashion,Earrings,Stud],[Clothing, Shoes & Jewelry,Novelty, Costumes & More,Novelty]]"
57,3316,Pair (2) Abalone Inlay Ear Plugs Clear CZ Gemmed Rim Stash Tunnels - 0G 8MM,"[[Clothing, Shoes & Jewelry,Women],[Clothing, Shoes & Jewelry,Novelty, Costumes & More,Novelty,Jewelry],[Clothing, Shoes & Jewelry,Novelty, Costumes & More,Body Jewelry,Piercing Jewelry,Plugs]]"
58,3356,Merrell Women's Honeysuckle Sandal,"[[Clothing, Shoes & Jewelry,Shoes & Accessories: International Shipping Available],[Clothing, Shoes & Jewelry,M,Merrell],[Clothing, Shoes & Jewelry,Women,Shoes,Sandals]]"
59,3462,i play. Baby-Boys Infant Ultimate Swim Diaper Block Boardshort,"[[Clothing, Shoes & Jewelry,Baby,Baby Boys,Clothing,Swim,Trunks & Shorts]]"
60,3565,Miz Mooz Women's Monica Boot,"[[Clothing, Shoes & Jewelry,Shoes & Accessories: International Shipping Available],[Clothing, Shoes & Jewelry,M,Miz Mooz],[Clothing, Shoes & Jewelry,Boot Shop,Women,Outdoor & Work,Snow & Cold Weather],[Clothing, Shoes & Jewelry,Women,Shoes,Boots]]"
61,3662,"Anne Klein Women's Peacock Ikat Sheath Dress, Navy Combo, 10","[[Clothing, Shoes & Jewelry,Women,Clothing,Dresses,Casual],[Clothing, Shoes & Jewelry,Women,Clothing,Dresses,Wear to Work]]"
62,3699,"Rothschild Boys 8-20 Two Tone Puffer Jacket, Black, Medium","[[Clothing, Shoes & Jewelry,Boys,Clothing,Jackets & Coats,Down & Down Alternative]]"
63,3719,Christian T-Shirt Work For God The Benefits Are Great,"[[Clothing, Shoes & Jewelry,Novelty, Costumes & More,Novelty,Clothing,Women,Tops & Tees,T-Shirts],[Clothing, Shoes & Jewelry,Novelty, Costumes & More,Novelty,Clothing,Men,Shirts,T-Shirts]]"
64,3867,Carlos By Carlos Santana Women's Nouvelle Sandal,"[[Clothing, Shoes & Jewelry,C,Carlos by Carlos Santana],[Clothing, Shoes & Jewelry,Women,Shoes,Sandals]]"
65,4020,R.j Story Women's Chiffon Ruffle Neck Sleeveless Gown,"[[Clothing, Shoes & Jewelry,Women,Clothing,Dresses,Special Occasion],[Clothing, Shoes & Jewelry,Women,Plus-Size,Dresses,Special Occasion]]"
66,4022,Sweet Mommy Bamboo Maternity and Nursing Camisole,"[[Clothing, Shoes & Jewelry,Women,Clothing],[Clothing, Shoes & Jewelry,Women,Maternity,Nursing,Tops & Tees,Tanks & Camis]]"
67,4263,92 pairs Copper Color Rotating Earring Holder / Earring Tree / Earring Oraganizer / Earring Stand / Earring Display,"[[Clothing, Shoes & Jewelry,Novelty, Costumes & More,Jewelry Accessories,Jewelry Boxes & Organizers,Jewelry Towers]]"
68,4364,Steve Madden Women's Troopa Boot,"[[Clothing, Shoes & Jewelry,Shoes & Accessories: International Shipping Available],[Clothing, Shoes & Jewelry,Winter Promo],[Clothing, Shoes & Jewelry,S,Steve Madden],[Clothing, Shoes & Jewelry,Boot Shop,Women,Fashion,Combat],[Clothing, Shoes & Jewelry,Women,Shoes,Boots]]"
69,4568,"Aquatalia by Marvin K. Women's Forever-S Boot,Black Nappa Suede,11 B US","[[Clothing, Shoes & Jewelry,Shoes & Accessories: International Shipping Available],[Clothing, Shoes & Jewelry,Aquatalia by Marvin K.],[Clothing, Shoes & Jewelry,Women,Shoes,Boots]]"
70,4663,Coclico Women's Sarah Pump,"[[Clothing, Shoes & Jewelry,Shoes & Accessories: International Shipping Available],[Clothing, Shoes & Jewelry,C,Coclico],[Clothing, Shoes & Jewelry,Comfort Shoes],[Clothing, Shoes & Jewelry,Women,Shoes,Pumps],[Clothing, Shoes & Jewelry,Designer Shoes & Handbags],[Clothing, Shoes & Jewelry,Women's Luxury Brands]]"
71,4726,Betsey Johnson Women's Valntyne Pump,"[[Clothing, Shoes & Jewelry,Shoes & Accessories: International Shipping Available],[Clothing, Shoes & Jewelry,B,Betsey Johnson],[Clothing, Shoes & Jewelry,Women,Shoes,Pumps],[Clothing, Shoes & Jewelry,Women's Luxury Brands]]"
72,4879,Clarks Women's Casylynn Cheryl Wedge Sandal,"[[Clothing, Shoes & Jewelry,Shoes & Accessories: International Shipping Available],[Clothing, Shoes & Jewelry,C,Clarks],[Clothing, Shoes & Jewelry,Comfort Shoes],[Clothing, Shoes & Jewelry,Women,Shoes,Sandals]]"
73,4923,Darque Womens Black Wet Rubber Look Lace Top Thigh High Stockings,"[[Clothing, Shoes & Jewelry,Women,Petite],[Clothing, Shoes & Jewelry,Women,Plus-Size,Socks & Hosiery,Hosiery],[Clothing, Shoes & Jewelry,Novelty, Costumes & More,Exotic Apparel,Women,Hosiery]]"
74,4982,Navy Blue Ladies Mini Skirt Fold-able Waist,"[[Clothing, Shoes & Jewelry,Women,Clothing,Skirts,Casual]]"
75,5014,Womens Pretty Brown Fringe Style Edge Belt,"[[Clothing, Shoes & Jewelry,Women,Accessories,Belts]]"
76,5039,Exofficio Women's Chica Cool Hoody,"[[Clothing, Shoes & Jewelry,Women,Petite,Active,Active Hoodies]]"
77,5074,Haggar Men's Big-Tall Repreve Stria Plain-Front Dress Pant,"[[Clothing, Shoes & Jewelry,Men,Clothing,Pants,Dress],[Clothing, Shoes & Jewelry,Men,Big & Tall,Pants,Dress]]"
78,5081,"Nine West Zipster Tab Cross Body,Miami Blue,One Size","[[Clothing, Shoes & Jewelry,N,Nine West],[Clothing, Shoes & Jewelry,Women,Handbags & Wallets,Cross-Body Bags]]"
79,5189,"Wonderbra Women's Wonderbra Statement Makers Push Up,White,36B","[[Clothing, Shoes & Jewelry,Women,Clothing,Lingerie, Sleep & Lounge,Intimates,Bras,Everyday Bras],[Clothing, Shoes & Jewelry,Women,Petite,Intimates,Bras,Everyday Bras]]"
80,5271,Samsonite Luggage Travel Sentry 3 Dial Combination Strap,"[[Clothing, Shoes & Jewelry,Luggage & Travel Gear,Travel Accessories,Luggage Locks]]"
81,5328,Aquatalia by Marvin K. Women's Trina Boot,"[[Clothing, Shoes & Jewelry,Shoes & Accessories: International Shipping Available],[Clothing, Shoes & Jewelry,Aquatalia by Marvin K.],[Clothing, Shoes & Jewelry,Women,Shoes,Boots]]"
82,5336,Kitestrings Girls Race Ready Sleep Pajama Set,"[[Clothing, Shoes & Jewelry,Boys]]"
83,5348,Jet Lag Men's Txl,"[[Clothing, Shoes & Jewelry,Men,Clothing,Shorts,Flat Front]]"
84,5352,Fruit of the Loom Men's V-Neck Tee 5 Pack,"[[Clothing, Shoes & Jewelry,Men,Clothing,Underwear,Undershirts]]"
85,5383,Levi's Women's 512 Perfectly Slimming Boot Cut Jean,"[[Clothing, Shoes & Jewelry,Women,Clothing,Jeans],[Clothing, Shoes & Jewelry,Women,Petite,Jeans]]"
86,5475,World Pride Love His and Her Silly Face Leather Adjustable Couple Bracelet Set,"[[Clothing, Shoes & Jewelry,Men,Jewelry,Bracelets],[Clothing, Shoes & Jewelry,Novelty, Costumes & More,Novelty]]"
87,5491,niceEshop(TM) Fashion Vintage Deer Bracelet-Bronze,"[[Clothing, Shoes & Jewelry,Women],[Clothing, Shoes & Jewelry,Novelty, Costumes & More,Novelty,Jewelry,Bracelets]]"
88,5568,U.S. Polo Assn. Women's T-Shirt With Short Sleeves,"[[Sports & Outdoors,Clothing,Women,Shirts],[Clothing, Shoes & Jewelry,Women,Clothing,Active,Active Shirts & Tees],[Clothing, Shoes & Jewelry,Women,Juniors,Active,Active Shirts & Tees]]"
89,5605,California Costumes Men's Rogue Pirate Costume,"[[Clothing, Shoes & Jewelry,Novelty, Costumes & More,Costumes & Accessories,Costumes,Men]]"
90,5629,BCBGeneration Women's Double Layer Dress,"[[Clothing, Shoes & Jewelry,B,BCBGeneration],[Clothing, Shoes & Jewelry,Women,Clothing,Dresses,Casual]]"
91,5748,Fila Men's The Cage Basketball Shoe,"[[Clothing, Shoes & Jewelry,Shoes & Accessories: International Shipping Available],[Clothing, Shoes & Jewelry,F,Fila],[Clothing, Shoes & Jewelry,Men,Shoes,Fashion Sneakers]]"
92,5786,Miz Mooz Women's Nellie Bootie,"[[Clothing, Shoes & Jewelry,Shoes & Accessories: International Shipping Available],[Clothing, Shoes & Jewelry,M,Miz Mooz],[Clothing, Shoes & Jewelry,Boot Shop,Women,Fashion,Western],[Clothing, Shoes & Jewelry,Women,Shoes,Boots]]"
93,6128,Angelina Jolie Sterling Silver Engagement Wedding Ring with Emerald Cut Cubic Zirconia 10 x 16 MM CZ Sizes 5 to 9,"[[Clothing, Shoes & Jewelry,Women,Jewelry,Fashion],[Clothing, Shoes & Jewelry,Novelty, Costumes & More,Novelty,Jewelry,Wedding & Engagement Rings,Wedding Rings]]"
94,6132,Plating Retro Silver Birds &amp; Infinity Wish Bracelet Black Rope White Braided Personalized Charm Jewelry Friendship Gift 2215r,"[[Clothing, Shoes & Jewelry,Women],[Clothing, Shoes & Jewelry,Novelty, Costumes & More,Novelty,Jewelry,Bracelets]]"
95,6161,"Small Detailed Buddha Post Earrings in Sterling Silver, #7436","[[Clothing, Shoes & Jewelry,Women,Jewelry,Religious,Earrings,Stud],[Clothing, Shoes & Jewelry,Novelty, Costumes & More,Novelty]]"
96,6162,FitFlop Women's Electra Sandal,"[[Clothing, Shoes & Jewelry,F,FitFlop],[Clothing, Shoes & Jewelry,Comfort Shoes],[Clothing, Shoes & Jewelry,Women,Shoes,Sandals]]"
97,6211,West Blvd Womens TEHRAN THIGH HIGH Boots Over The Knee Motorcycle Biker Riding Flat Heels Shoes,"[[Clothing, Shoes & Jewelry,Boot Shop,Women,Fashion,Riding],[Clothing, Shoes & Jewelry,Boot Shop,Women,Fashion,Motorcycle],[Clothing, Shoes & Jewelry,Women,Shoes,Boots]]"
98,6225,Women's matching two piece short set,"[[Clothing, Shoes & Jewelry,Women,Clothing,Lingerie, Sleep & Lounge,Sleep & Lounge,Sets],[Clothing, Shoes & Jewelry,Women,Petite,Sleep & Lounge,Sets]]"
99,6233,adidas Men's Powerband Grind Golf Shoe,"[[Clothing, Shoes & Jewelry,adidas],[Clothing, Shoes & Jewelry,Men,Shoes,Athletic,Golf]]"
100,6268,Playtex Women's 18-Hour Original Comfort-Strap Bra #4693,"[[Clothing, Shoes & Jewelry,Women,Clothing,Lingerie, Sleep & Lounge,Intimates,Bras,Everyday Bras],[Clothing, Shoes & Jewelry,Women,Plus-Size,Intimates,Bras,Everyday Bras]]"
101,6290,H2H Men's Shawl Collar Cardigan With No Button,"[[Clothing, Shoes & Jewelry,Men,Clothing,Sweaters,Cardigans]]"
102,6296,Lingstar(TM) Retro Bronze Red Heart Ring Vintage Palace Angel Wings Adjustable Sizes,"[[Clothing, Shoes & Jewelry,Girls],[Clothing, Shoes & Jewelry,Novelty, Costumes & More,Novelty]]"
103,6320,Madden Girl Women's Zuzu Boot,"[[Clothing, Shoes & Jewelry,Shoes & Accessories: International Shipping Available],[Clothing, Shoes & Jewelry,M,Madden Girl],[Clothing, Shoes & Jewelry,Women,Shoes,Boots]]"
104,6413,1.55&quot; x 0.5&quot; Sterling Silver Antique Style Turquoise Oval Dangle Earrings with French Wire Hooks,"[[Clothing, Shoes & Jewelry,Gemstones],[Clothing, Shoes & Jewelry,Women],[Clothing, Shoes & Jewelry,Novelty, Costumes & More,Novelty,Jewelry,Earrings]]"
105,6563,Wrangler Men's Sport Western Snap Shirt Dobby Stripe,"[[Clothing, Shoes & Jewelry,Men,Clothing,Shirts,Casual Button-Down Shirts]]"
106,6719,Jewelili Diamond Dangle Earrings in Sterling Silver with Genuine Multi Color Stone,"[[Clothing, Shoes & Jewelry,Diamonds],[Clothing, Shoes & Jewelry,Women],[Clothing, Shoes & Jewelry,Novelty, Costumes & More,Novelty,Jewelry,Earrings]]"
107,6755,PalmBeach Jewelry 4-Piece Multi-Colored Jade Ring Set,"[[Clothing, Shoes & Jewelry,Gemstones],[Clothing, Shoes & Jewelry,Women],[Clothing, Shoes & Jewelry,Novelty, Costumes & More,Novelty,Jewelry,Rings]]"
108,6764,Antique Alloy with Colour Crystal Owl Long Prendant Bronze Necklace~*~,"[[Clothing, Shoes & Jewelry,Women],[Clothing, Shoes & Jewelry,Novelty, Costumes & More,Novelty]]"
109,6797,FM42 18k Yellow Gold Plated Channel Set Diamond Cut Multi Color Crystal Band Size 4-9,"[[Clothing, Shoes & Jewelry,Gemstones],[Clothing, Shoes & Jewelry,Jewelry Outlet],[Clothing, Shoes & Jewelry,Women,Jewelry],[Clothing, Shoes & Jewelry,Novelty, Costumes & More,Novelty]]"
110,7009,Paul &amp; Taylor Mens Leather Zip Around Bifold ID Wallet,"[[Clothing, Shoes & Jewelry,Men,Accessories,Wallets, Card Cases & Money Organizers,Wallets],[Clothing, Shoes & Jewelry,Novelty, Costumes & More,Band & Music Fan,Accessories]]"
111,7066,Bling Jewelry 925 Silver Emerald Cut Sapphire Color CZ 3 Stone Engagement Ring,"[[Clothing, Shoes & Jewelry,Women,Jewelry,Fashion],[Clothing, Shoes & Jewelry,Novelty, Costumes & More,Novelty,Jewelry,Wedding & Engagement Rings,Engagement Rings]]"
112,7069,Boxercraft Polka Dot Red &amp; White Tie Cord Flannel Pants,"[[Clothing, Shoes & Jewelry,Women,Clothing,Lingerie, Sleep & Lounge,Sleep & Lounge,Bottoms]]"
113,7145,Ocean Avenue Women's Adjustable Bottom,"[[Clothing, Shoes & Jewelry,Women,Clothing,Swimsuits & Cover Ups,Bikinis]]"
114,7157,"Black Sheer Lace Bolero Jacket Top, Large, Black","[[Clothing, Shoes & Jewelry,Women,Clothing,Suits & Blazers,Blazers,Night Out & Special Occasion],[Clothing, Shoes & Jewelry,Women,Juniors,Suits & Blazers,Blazers,Night Out & Special Occasion],[Clothing, Shoes & Jewelry,Women,Plus-Size,Blazers & Jackets,Night Out & Special Occasion]]"
115,7213,LIVE TO RIDE Belt Buckle Motorcycle Biker Harley Wings,"[[Clothing, Shoes & Jewelry,Novelty, Costumes & More,Novelty,Clothing,Women,Accessories,Belt Buckles],[Clothing, Shoes & Jewelry,Novelty, Costumes & More,Novelty,Clothing,Men,Accessories,Belt Buckles]]"
116,7226,Batman Dark Knight Deluxe Muscle Chest Batman Child Costume - Kid's Costumes,"[[Clothing, Shoes & Jewelry,Boys],[Clothing, Shoes & Jewelry,Novelty, Costumes & More,Costumes & Accessories,Costumes]]"
117,7235,Clarks Women's Clarks Amaya Lilly Sandal,"[[Clothing, Shoes & Jewelry,Shoes & Accessories: International Shipping Available],[Clothing, Shoes & Jewelry,C,Clarks],[Clothing, Shoes & Jewelry,Women,Shoes,Sandals]]"
118,7310,Cherokee Women's Workwear Scrubs Pull-On Pant,"[[Clothing, Shoes & Jewelry,Women,Clothing],[Clothing, Shoes & Jewelry,Novelty, Costumes & More,Work Wear & Uniforms,Clothing,Medical,Women,Scrub Bottoms]]"
119,7538,White Mountain Women's Loyal Riding Boot,"[[Clothing, Shoes & Jewelry,Shoes & Accessories: International Shipping Available],[Clothing, Shoes & Jewelry,Boot Shop],[Clothing, Shoes & Jewelry,Women,Shoes,Boots]]"
120,7552,"Elope Pig Nose Ear Tail Set, Pink, One Size","[[Clothing, Shoes & Jewelry,Novelty, Costumes & More,Costumes & Accessories,More Accessories]]"
121,7843,"Sterling Silver Anchor Dangle Charm, Fits Pandora and All Brands Charm Bracelets and Necklaces.","[[Clothing, Shoes & Jewelry,Women,Jewelry,Fine,Necklaces,Pendants],[Clothing, Shoes & Jewelry,Novelty, Costumes & More,Novelty]]"
122,7933,Alpha Industries Men's N-2B Re-Issued Short Parka,"[[Clothing, Shoes & Jewelry,Novelty, Costumes & More,Work Wear & Uniforms,Clothing,Military,Men,Outerwear]]"
123,8078,"Evil Smiley Face, T-shirt","[[Clothing, Shoes & Jewelry,Men,Big & Tall],[Clothing, Shoes & Jewelry,Novelty, Costumes & More,Novelty,Clothing,Women,Tops & Tees,T-Shirts],[Clothing, Shoes & Jewelry,Novelty, Costumes & More,Novelty,Clothing,Men,Shirts,T-Shirts]]"
124,8100,Ivanka Trump Women's Janie Pump,"[[Clothing, Shoes & Jewelry,Shoes & Accessories: International Shipping Available],[Clothing, Shoes & Jewelry,I,Ivanka Trump],[Clothing, Shoes & Jewelry,Women,Shoes,Pumps],[Clothing, Shoes & Jewelry,Women's Luxury Brands]]"
125,8101,crocs Men's Crocband Clog,"[[Clothing, Shoes & Jewelry,Shoes & Accessories: International Shipping Available],[Clothing, Shoes & Jewelry,C,crocs],[Clothing, Shoes & Jewelry,Comfort Shoes],[Clothing, Shoes & Jewelry,Women],[Clothing, Shoes & Jewelry,Men]]"
126,8149,Sebago Men's Crest Vent Oxford,"[[Clothing, Shoes & Jewelry,Shoes & Accessories: International Shipping Available],[Clothing, Shoes & Jewelry,S,Sebago],[Clothing, Shoes & Jewelry,Men,Shoes,Oxfords]]"
127,8192,"Vintage Dragon Lure Gothic Ear Cuff Stud Earring Alchemy, Thailand","[[Clothing, Shoes & Jewelry,Women],[Clothing, Shoes & Jewelry,Novelty, Costumes & More,Novelty,Jewelry,Earrings]]"
128,8213,"Jones New York Women's Printed 3/4 Sleeve Matte Dress, Multi, 4","[[Clothing, Shoes & Jewelry,Women,Clothing,Dresses,Wear to Work],[Clothing, Shoes & Jewelry,Women,Petite,Dresses,Wear to Work]]"
129,8266,"Akademiks Men's Alaska, Blue, Large","[[Clothing, Shoes & Jewelry,Akademiks],[Clothing, Shoes & Jewelry,Men,Clothing,Shirts,Casual Button-Down Shirts],[Clothing, Shoes & Jewelry,Men,Big & Tall]]"
130,8351,Kuldip Unisex Factory Seconds Pashmina Scarf Shawl Wrap Throw - Over 100 beatiful colours to choose from,"[[Clothing, Shoes & Jewelry,Women,Accessories,Scarves & Wraps,Fashion Scarves]]"
131,8486,"Jones New York Women's Plus-Size Classic Bermuda Short, Desert Sand, 18W","[[Clothing, Shoes & Jewelry,Women,Clothing,Shorts,Dress],[Clothing, Shoes & Jewelry,Women,Clothing,Shorts,Casual],[Clothing, Shoes & Jewelry,Women,Plus-Size,Shorts,Dress],[Clothing, Shoes & Jewelry,Women,Plus-Size,Shorts,Casual]]"
132,8573,Pacsafe Prosafe 750 TSA Accepted Key-Card Lock,"[[Clothing, Shoes & Jewelry,Luggage & Travel Gear,Travel Accessories,Luggage Locks]]"
133,8606,Volcom Boys 8-20 2x4 Jean,"[[Clothing, Shoes & Jewelry,Boys,Clothing,Jeans]]"
134,8638,"US Handmade Fashion Skulls Rose Tattoo Bi-Fold Women's Wallet, WW 1006-2","[[Clothing, Shoes & Jewelry,Women,Accessories,Wallets, Card Cases & Money Organizers,Wallets]]"
135,8711,"JanKuo Jewelry Royal Family Jewelry Silver Tone Prom, Bridal C.Z. Sapphire Held in Prong-Basket Setting French Clip Earrings","[[Clothing, Shoes & Jewelry,Women,Jewelry,Fine,Earrings,Clip-Ons],[Clothing, Shoes & Jewelry,Women,Jewelry,Fashion,Earrings,Clip-Ons],[Clothing, Shoes & Jewelry,Novelty, Costumes & More,Novelty]]"
136,8755,A. Byer Juniors Long Sleeve Button Welt Jacket,"[[Clothing, Shoes & Jewelry,Women,Clothing,Suits & Blazers,Blazers,Casual],[Clothing, Shoes & Jewelry,Women,Juniors,Suits & Blazers,Blazers,Casual]]"
137,8786,Columbia Women's Isla Sandal,"[[Clothing, Shoes & Jewelry,Shoes & Accessories: International Shipping Available],[Clothing, Shoes & Jewelry,C,Columbia],[Clothing, Shoes & Jewelry,Women,Shoes,Sandals],[Clothing, Shoes & Jewelry,Women,Shoes,Athletic,Sport Sandals]]"
138,8839,Leveret Kids &quot;Snow Bears&quot; 2 Piece Pajama Set 100% Cotton (Size 5-14 Years),"[[Clothing, Shoes & Jewelry,Boys,Clothing,Sleepwear & Robes,Pajama Sets]]"
139,8858,"Green Toys Race Car, Blue","[[Clothing, Shoes & Jewelry,Baby,Baby Boys]]"
140,8863,Bloom's Outlet Brazilian Top &amp; Scrunch Bottom Bikini Swimwear AP126ZB M Zebra,"[[Clothing, Shoes & Jewelry,Women,Clothing,Swimsuits & Cover Ups,Bikinis]]"
141,8908,Zeagoo Women's Batwing Dolman Sleeve Chiffon Bohemian Oversized Blouse,"[[Clothing, Shoes & Jewelry,Women,Clothing,Tops & Tees,Blouses & Button-Down Shirts]]"
142,8986,Azules Women's Poly Span Animal Print Maxi Skirt,"[[Clothing, Shoes & Jewelry,Women,Clothing,Skirts,Casual],[Clothing, Shoes & Jewelry,Women,Clothing,Skirts,Night Out & Special Occasion]]"
143,8995,Clever Men's Mesh Bars Boxer,"[[Clothing, Shoes & Jewelry,Men,Clothing,Underwear,Boxer Briefs],[Clothing, Shoes & Jewelry,Men,Big & Tall]]"
144,9138,Sterling Silver Long Open Teardrop Dangle Earrings,"[[Clothing, Shoes & Jewelry,Jewelry: International Shipping Available],[Clothing, Shoes & Jewelry,Amazon Curated Collection],[Clothing, Shoes & Jewelry,Women,Jewelry,Fine,Earrings,Drop & Dangle],[Clothing, Shoes & Jewelry,Novelty, Costumes & More,Novelty]]"
145,9142,"Vitamins Baby-Girls Newborn Plaid Bow Coverall, Red, Newborn","[[Clothing, Shoes & Jewelry,Baby,Baby Girls,Clothing,Footies & Rompers,Rompers]]"
146,9252,Heirloom Finds Elegant Simulated Blue Druzy Gold Tone Post Earrings,"[[Clothing, Shoes & Jewelry,Women],[Clothing, Shoes & Jewelry,Novelty, Costumes & More,Novelty,Jewelry,Earrings]]"
147,9302,82 Days Women's Rayon Span Maxi Slit Skirt,"[[Clothing, Shoes & Jewelry,Women,Clothing,Skirts,Casual],[Clothing, Shoes & Jewelry,Women,Clothing,Skirts,Night Out & Special Occasion]]"
148,9321,Wrangler Western Dobby Stripe Shirt,"[[Clothing, Shoes & Jewelry,Men,Clothing,Shirts,Casual Button-Down Shirts]]"
149,9395,Myia Passiello &quot;Timeless&quot; Swarovski Zirconia Three Stone Ring,"[[Clothing, Shoes & Jewelry,Jewelry: International Shipping Available],[Clothing, Shoes & Jewelry,Shop by Designer],[Clothing, Shoes & Jewelry,Boutique Designer Jewelry],[Clothing, Shoes & Jewelry,Women,Jewelry,Fine,Rings],[Clothing, Shoes & Jewelry,Women,Jewelry,Fashion,Rings],[Clothing, Shoes & Jewelry,Novelty, Costumes & More,Novelty]]"
150,9423,"Levi's Men's Ace Cargo Ripstop Short Lemon, Lemon, 32W","[[Clothing, Shoes & Jewelry,Men,Clothing,Shorts,Cargo]]"
151,9454,Puma Men's Future Cat Remix 2 SF Ferrari Fashion Sneaker,"[[Clothing, Shoes & Jewelry,Shoes & Accessories: International Shipping Available],[Clothing, Shoes & Jewelry,P,Puma],[Clothing, Shoes & Jewelry,Men,Shoes,Fashion Sneakers],[Clothing, Shoes & Jewelry,Men,Surf, Skate & Street,Shoes,Fashion Sneakers]]"
152,9518,Womens 9&quot; Swingpack Purse Bag,"[[Clothing, Shoes & Jewelry,Women,Handbags & Wallets,Cross-Body Bags],[Clothing, Shoes & Jewelry,Women,Handbags & Wallets,Shoulder Bags]]"
153,9531,Everest Signature Waist Pack - Standard,"[[Clothing, Shoes & Jewelry,Luggage & Travel Gear,Fashion Waist Packs]]"
154,9600,"LeSportsac Shellie Cross Body,White Debossed,One Size","[[Clothing, Shoes & Jewelry,L,LeSportsac],[Clothing, Shoes & Jewelry,Women,Handbags & Wallets,Cross-Body Bags]]"
155,9677,X-Box 360 Halo 4 Combat Evolved Licensed Graphic T-Shirt,"[[Clothing, Shoes & Jewelry,Men],[Clothing, Shoes & Jewelry,Novelty, Costumes & More,Novelty,Clothing,Men,Shirts,T-Shirts]]"
156,9697,Geneva Platinum Women's 6886.Lavender Purple Silicone Quartz Watch with Purple Dial,"[[Clothing, Shoes & Jewelry,Fashion Watches],[Clothing, Shoes & Jewelry,Women,Watches,Wrist Watches]]"
157,9721,Dr. Martens Women's Triumph 1914 W Boot,"[[Clothing, Shoes & Jewelry,Shoes & Accessories: International Shipping Available],[Clothing, Shoes & Jewelry,D,Dr. Martens],[Clothing, Shoes & Jewelry,Boot Shop,Women,Fashion,Combat],[Clothing, Shoes & Jewelry,Women,Shoes,Boots]]"
158,9819,WallFlower Juniors Plus Size Luscious Curvy Bootcut Jeans,"[[Clothing, Shoes & Jewelry,Women,Clothing,Jeans],[Clothing, Shoes & Jewelry,Women,Juniors,Jeans]]"
159,9838,Plusminus Women's 316L Stainless Steel Silver Heart Necklace Pendant for Women + Valentine Gift Box,"[[Clothing, Shoes & Jewelry,Women],[Clothing, Shoes & Jewelry,Novelty, Costumes & More,Novelty]]"
160,9909,Active Products Women's Basic Comfortable Soft Easy Wear Cardigan Shawl Top,"[[Clothing, Shoes & Jewelry,Women,Clothing,Sweaters,Cardigans]]"
161,10062,Leading Lady Women's Wireless Cotton Nursing and Maternity Bra 2 Pack,"[[Clothing, Shoes & Jewelry,Women,Maternity,Intimates,Nursing & Maternity Bras]]"
162,10081,High Cut Double Strap 1-PC,"[[Clothing, Shoes & Jewelry,Women,Clothing,Swimsuits & Cover Ups,One-Pieces]]"
163,10092,Women's Active Basic Plain Basic Camisole with Spaghetti Straps,"[[Clothing, Shoes & Jewelry,Women,Clothing,Tops & Tees,Tanks & Camis]]"
164,10200,Bandolino Women's Irvanda Platform Sandal,"[[Clothing, Shoes & Jewelry,Shoes & Accessories: International Shipping Available],[Clothing, Shoes & Jewelry,B,Bandolino],[Clothing, Shoes & Jewelry,Women,Shoes,Sandals]]"
165,10254,"US Polo Association Girls 7-16 Rolled Cuff Capri Pant, Turquoise Energy, 14","[[Clothing, Shoes & Jewelry,Girls,Clothing,Pants & Capris]]"
166,10291,Zenana Women's Outfitters Cotton Spandex Jersey Crop Legging,"[[Clothing, Shoes & Jewelry,Women,Clothing,Leggings]]"
167,10373,Mens Printed Hot Body Boxer Swimsuit by Gary Majdell Sport,"[[Clothing, Shoes & Jewelry,Men,Clothing,Swim,Briefs],[Clothing, Shoes & Jewelry,Men,Big & Tall]]"
168,10449,"Anne Klein Women's Petite Pleated Long Sleeve Jersey Sheath Dress, Peacock/Multi, 12","[[Clothing, Shoes & Jewelry,Women,Clothing,Dresses,Casual],[Clothing, Shoes & Jewelry,Women,Clothing,Dresses,Wear to Work],[Clothing, Shoes & Jewelry,Women,Petite,Dresses,Casual],[Clothing, Shoes & Jewelry,Women,Petite,Dresses,Wear to Work]]"
169,10510,Smiffy's Unisex-Adult Leg Warmers,"[[Clothing, Shoes & Jewelry,Novelty, Costumes & More,Costumes & Accessories,More Accessories]]"
170,10743,Batman Boys Long Sleeve 2-Fer Logo Jersey,"[[Clothing, Shoes & Jewelry,Boys],[Clothing, Shoes & Jewelry,Novelty, Costumes & More,Novelty,Clothing,Boys,Tops & Tees,T-Shirts]]"
171,10824,Asoidchi Women's Sexy Leopard Chiffon Batwing Sleeve Cardigan Tops,"[[Clothing, Shoes & Jewelry,Women,Clothing,Tops & Tees,Blouses & Button-Down Shirts]]"
172,10832,Seven Til Midnight Women's Lace Ruffle Trim Garter Belt Plus,"[[Clothing, Shoes & Jewelry,Women,Clothing,Lingerie, Sleep & Lounge,Intimates,Lingerie,Garters],[Clothing, Shoes & Jewelry,Women,Clothing,Lingerie, Sleep & Lounge,Intimates,Lingerie,Garter Belts]]"
173,11093,Sterling Silver 1mm Box Chain 14&quot; 16&quot; 17&quot; 18&quot; 19&quot; 20&quot; 22&quot; 24&quot; 30&quot; 36&quot; Necklace,"[[Clothing, Shoes & Jewelry,Women],[Clothing, Shoes & Jewelry,Novelty, Costumes & More,Novelty,Jewelry,Necklaces & Pendants]]"
174,11098,"Watch Me Grow! by Sesame Street Baby-Boys Infant 1 Piece Monstar Truck Pullover, Yellow, 24 Months","[[Clothing, Shoes & Jewelry,Baby,Baby Boys,Clothing,Hoodies & Active]]"
175,11115,Glamorise Women's Magic Lift Full-Figure Support Bra #1000,"[[Clothing, Shoes & Jewelry,Women,Clothing,Lingerie, Sleep & Lounge,Intimates,Bras,Everyday Bras],[Clothing, Shoes & Jewelry,Women,Petite,Intimates,Bras,Everyday Bras],[Clothing, Shoes & Jewelry,Women,Plus-Size,Intimates,Bras,Everyday Bras]]"
176,11219,Hot Fashion Method 01 Women's Boots Over the Knee,"[[Clothing, Shoes & Jewelry,Women,Shoes,Boots]]"
177,11316,SureWells One Piece Hole type Design Sexy Black Women Swimsuit Swimwear Bikini,"[[Clothing, Shoes & Jewelry,Women,Clothing,Swimsuits & Cover Ups,One-Pieces]]"
178,11363,Women Lady Fashion Knee High Leg Socks Banket Winter Knit Crochet Warmer Legging White,"[[Clothing, Shoes & Jewelry,Women],[Clothing, Shoes & Jewelry,Novelty, Costumes & More,Novelty,Clothing,Women,Socks & Hosiery,Leg Warmers]]"
179,11409,Fossil Women's ES3204 Riley Silver and Gold Tone Watch,"[[Clothing, Shoes & Jewelry,New Arrivals],[Clothing, Shoes & Jewelry,Jewelry: International Shipping Available],[Clothing, Shoes & Jewelry,Fashion Watches],[Clothing, Shoes & Jewelry,Available for International Shipping],[Clothing, Shoes & Jewelry,F,FOSSIL],[Clothing, Shoes & Jewelry,Fossil Watches],[Clothing, Shoes & Jewelry,Women,Watches,Wrist Watches]]"
180,11636,Black Strappy Buckle Open Toe Platform High Wedge,"[[Clothing, Shoes & Jewelry,Women,Shoes,Sandals]]"
181,11678,"Asics Men's Stealth Long Sleeve Top, Small, Ultra Blue","[[Clothing, Shoes & Jewelry,Men,Clothing,Active,Active Shirts & Tees]]"
182,11861,New Balance Men's M587 Running Shoe,"[[Clothing, Shoes & Jewelry,Shoes & Accessories: International Shipping Available],[Clothing, Shoes & Jewelry,N,New Balance],[Clothing, Shoes & Jewelry,Men,Shoes,Athletic,Running]]"
183,11880,"Steve Madden Women's Linderr Distressed Knee-High Boot,Natural Leather,7.5 M US","[[Clothing, Shoes & Jewelry,Shoes & Accessories: International Shipping Available],[Clothing, Shoes & Jewelry,Winter Promo],[Clothing, Shoes & Jewelry,S,Steve Madden],[Clothing, Shoes & Jewelry,Boot Shop,Women,Fashion,Motorcycle],[Clothing, Shoes & Jewelry,Women,Shoes,Boots]]"
184,11959,Shrek Hands Costume,"[[Clothing, Shoes & Jewelry,Novelty, Costumes & More,Costumes & Accessories]]"
185,12138,Casio Men's MQ24-1E Black Resin Watch,"[[Clothing, Shoes & Jewelry,Men,Watches,Wrist Watches]]"
186,12240,Top Moda Women Pack-72 Boots,"[[Clothing, Shoes & Jewelry,Boot Shop,Women,Fashion,Combat],[Clothing, Shoes & Jewelry,Women,Shoes,Boots]]"
187,12340,Brinley Co Womens Lace-up High Top Wedge Sneaker,"[[Clothing, Shoes & Jewelry,Women,Shoes,Fashion Sneakers]]"
188,12364,Sterling Silver Blue Bubble Glass Bead Charm For European Charm Bracelets,"[[Clothing, Shoes & Jewelry,Wedding Party Gifts,Gifts for the Bride],[Clothing, Shoes & Jewelry,Women],[Clothing, Shoes & Jewelry,Novelty, Costumes & More,Novelty,Jewelry,Charms]]"
189,12536,"G2 Fashion Square Women's Metallic Basic Bandeau Tube Top(TOP-CAS,SLV-L)","[[Clothing, Shoes & Jewelry,Women,Clothing,Tops & Tees,Knits & Tees]]"
190,12609,Freya Patsy Underwire Padded Longline Bra (AA1222),"[[Clothing, Shoes & Jewelry,Women,Clothing,Lingerie, Sleep & Lounge,Intimates,Bras,Everyday Bras],[Clothing, Shoes & Jewelry,Women's Luxury Brands]]"
191,12673,"James Fiallo Mens 3-Pack Patterned Dress Socks, M5800--CHK, 10-13","[[Clothing, Shoes & Jewelry,Men,Clothing,Socks,Dress & Trouser Socks]]"
192,12866,Bed Stu Men's Bryden Boot,"[[Clothing, Shoes & Jewelry,Shoes & Accessories: International Shipping Available],[Clothing, Shoes & Jewelry,Men,Shoes,Boots]]"
193,12869,"Brah! Extender: Bra Breathing Room Extenders 2-hook (3 Pack White, Black, Beige)","[[Clothing, Shoes & Jewelry,Women,Clothing,Lingerie, Sleep & Lounge,Intimates,Accessories,Bra Extenders],[Clothing, Shoes & Jewelry,Women,Petite,Intimates,Accessories,Bra Extenders],[Clothing, Shoes & Jewelry,Novelty, Costumes & More,Band & Music Fan,Accessories]]"
194,12881,"Pashmina Shawl Scarf, Warm &amp; Extremely Soft, 130 Colors Available","[[Clothing, Shoes & Jewelry,Women,Accessories,Scarves & Wraps,Wraps & Pashminas]]"
195,12964,J.TOMSON PLUS Womens Loose Short Sleeve Top Plus Size,"[[Clothing, Shoes & Jewelry,Women,Clothing,Tops & Tees,Knits & Tees]]"
196,13006,Breckelles Women's Diva-31 Gladiator High Heel Sandals,"[[Clothing, Shoes & Jewelry,Women,Shoes,Sandals]]"
197,13211,Allegra K Ladies Sweet Round Neck Long Sleeve Roll Up Cuffs Striped Shift Dress,"[[Clothing, Shoes & Jewelry,Women,Clothing,Dresses,Casual]]"
198,13236,Oakley Jupiter Factory Lite Dark Blue/Black Iridium Lens Sunglasses,"[[Sports & Outdoors,Accessories,Sports Sunglasses],[Sports & Outdoors,Clothing,Men,Accessories,Sunglasses],[Clothing, Shoes & Jewelry,O,Oakley],[Clothing, Shoes & Jewelry,Men,Accessories,Sunglasses & Eyewear Accessories,Sunglasses]]"
199,13252,Fossil Women's ES3098 Stainless Steel Analog White Dial Watch,"[[Clothing, Shoes & Jewelry,New Arrivals],[Clothing, Shoes & Jewelry,Fashion Watches],[Clothing, Shoes & Jewelry,F,FOSSIL],[Clothing, Shoes & Jewelry,Fossil Watches],[Clothing, Shoes & Jewelry,Women,Watches,Wrist Watches]]"
200,13266,Rasta Imposta Mail Order Bride,"[[Clothing, Shoes & Jewelry,Novelty, Costumes & More,Costumes & Accessories,Costumes,Women]]"
201,13318,6 Bead Set- Shades of Honey Purple &quot; Murano Glass Beads Fits Pandora Troll Chamilia Carlo Biagi Zable,"[[Clothing, Shoes & Jewelry,Women],[Clothing, Shoes & Jewelry,Novelty, Costumes & More,Novelty,Jewelry,Charms]]"
202,13470,Haggar Men's Big-Tall Cool 18 Hidden Expandable Waist Pleat Front Pant,"[[Sports & Outdoors,Golf,Clothing,Men,Pants],[Clothing, Shoes & Jewelry,Men,Clothing,Pants,Dress],[Clothing, Shoes & Jewelry,Men,Clothing,Pants,Casual],[Clothing, Shoes & Jewelry,Men,Big & Tall,Pants,Dress],[Clothing, Shoes & Jewelry,Men,Big & Tall,Pants,Casual]]"
203,13509,Ladies High Waist Fashion Stretch Belt with Tab Detailing,"[[Clothing, Shoes & Jewelry,Women,Accessories,Belts]]"
204,13566,BGSD Men's Wool Pea Coat,"[[Clothing, Shoes & Jewelry,Men,Clothing,Jackets & Coats,Wool & Blends]]"
205,13575,Seamless Bandeau Strapless Tube Top Bra Khaki Beige,"[[Clothing, Shoes & Jewelry,Women,Clothing,Lingerie, Sleep & Lounge,Intimates,Bras,Everyday Bras],[Clothing, Shoes & Jewelry,Women,Petite,Intimates,Bras,Everyday Bras]]"
206,13580,Classic Tough Watch - Gloss Blue,"[[Sports & Outdoors,Accessories,Sport Watches],[Clothing, Shoes & Jewelry,New Arrivals],[Clothing, Shoes & Jewelry,Sport Watches],[Clothing, Shoes & Jewelry,Women],[Clothing, Shoes & Jewelry,Men,Watches,Wrist Watches]]"
207,13626,Robeez Light Headed Crocky Crib Shoe (Infant/Toddler),"[[Clothing, Shoes & Jewelry,Shoes & Accessories: International Shipping Available],[Clothing, Shoes & Jewelry,R,Robeez],[Clothing, Shoes & Jewelry,Girls],[Clothing, Shoes & Jewelry,Boys],[Clothing, Shoes & Jewelry,Baby,Baby Boys]]"
208,13785,Lee Women's Relaxed Fit Plain Front Jeans,"[[Clothing, Shoes & Jewelry,Women,Clothing,Jeans]]"
209,13817,Lucy Love Juniors Buddah Pant,"[[Clothing, Shoes & Jewelry,Women,Clothing,Pants,Casual],[Clothing, Shoes & Jewelry,Women,Juniors,Pants,Casual]]"
210,13906,Breckelle's CILO-15 Mary Jane T-Strap Platform Wedge Heel Pump,"[[Clothing, Shoes & Jewelry,Women,Shoes,Pumps]]"
211,13942,Beautiful BOMBAYFASHIONS Full/Ankle Length LINED Tie-Dye Print Bohemian Gypsy Lightweight Skirt,"[[Clothing, Shoes & Jewelry,Novelty, Costumes & More,World Apparel]]"
212,13963,Alki'i Women's Winter Fleece Lined Leggings,"[[Clothing, Shoes & Jewelry,Women,Clothing,Leggings]]"
213,14069,Disney Mickey Mouse Red T-Shirt Glitter Plus Size,"[[Clothing, Shoes & Jewelry,Women],[Clothing, Shoes & Jewelry,Novelty, Costumes & More,Movie & TV Fan,Tops & Tees,T-Shirts]]"
214,14112,FunWorld Junior's Teen Honey Bee Costume,"[[Clothing, Shoes & Jewelry,Boys],[Clothing, Shoes & Jewelry,Novelty, Costumes & More,Costumes & Accessories,Costumes,Kids & Baby,Boys],[Clothing, Shoes & Jewelry,Novelty, Costumes & More,Costumes & Accessories,Costumes,Kids & Baby,Girls]]"
215,14278,Lambskin Leather Black Clutch Wallet Organizer Double Zip with Crossbody Strap,"[[Clothing, Shoes & Jewelry,Women,Accessories,Wallets, Card Cases & Money Organizers,Wallets]]"
216,14440,PUMA Girls 2-6X Printed Trim Long Sleeve Hoodie,"[[Sports & Outdoors,Clothing,Girls,Hoodies],[Clothing, Shoes & Jewelry,P,Puma],[Clothing, Shoes & Jewelry,Girls,Clothing,Active,Active Hoodies]]"
217,14528,Allegra K Women Scoop Neck Elastic Waist Self Tie Strap Two Tone Chic Tank Dress,"[[Clothing, Shoes & Jewelry,Women,Clothing,Dresses]]"
218,14537,BIG BANG THEORY -- SOFT KITTY -- MENS TEE,"[[Clothing, Shoes & Jewelry,Men],[Clothing, Shoes & Jewelry,Novelty, Costumes & More,Novelty,Clothing,Men,Shirts,T-Shirts]]"
219,14706,eVogues Low cut v-neck Hoodie top,"[[Clothing, Shoes & Jewelry,Women,Clothing],[Clothing, Shoes & Jewelry,Women,Petite,Fashion Hoodies & Sweatshirts,Fashion Hoodies],[Clothing, Shoes & Jewelry,Women,Plus-Size],[Clothing, Shoes & Jewelry,Novelty, Costumes & More]]"
220,14738,ELLAZHU Baggy Genie Harem Letter Dying Spring Pants Trouser Onesize GY57,"[[Clothing, Shoes & Jewelry,Women,Clothing,Pants,Casual]]"
221,14759,Allegra K Women Half Sleeve Elastic Hem Lace Shirt w Leopard Prints Tank Top,"[[Clothing, Shoes & Jewelry,Women,Clothing,Tops & Tees,Blouses & Button-Down Shirts]]"
222,14861,Orthaheel Tide Slide In Orthopedic Sandals,"[[Clothing, Shoes & Jewelry,Women,Shoes,Sandals]]"
223,14918,Camel Commercial Hump Day Men's T-Shirt,"[[Clothing, Shoes & Jewelry,Men],[Clothing, Shoes & Jewelry,Novelty, Costumes & More,Novelty,Clothing,Men,Shirts,T-Shirts]]"
224,14924,Bracelet - 925 Sterling Silver Mesh Cuff -Silver Curvy Cuff Bracelet,"[[Clothing, Shoes & Jewelry,Women],[Clothing, Shoes & Jewelry,Novelty, Costumes & More,Novelty,Jewelry,Bracelets]]"
225,14927,Star K Round 7mm Classic Earring Studs,"[[Clothing, Shoes & Jewelry,Gemstones],[Clothing, Shoes & Jewelry,Women,Jewelry,Fine,Earrings,Stud],[Clothing, Shoes & Jewelry,Novelty, Costumes & More,Novelty]]"
226,15004,Patty Women's Boutik Strips Crew Neck Long Sleeve Sweater Knit Top,"[[Clothing, Shoes & Jewelry,Women,Clothing,Sweaters,Pullovers],[Clothing, Shoes & Jewelry,Women,Petite,Sweaters,Pullovers]]"
227,15023,"Carhartt Baby-Boys Newborn Long Sleeve T-Shirt Built For Work, Blue, 9 Months","[[Clothing, Shoes & Jewelry,C,Carhartt],[Clothing, Shoes & Jewelry,Novelty, Costumes & More,Novelty,Clothing,Baby,Baby Boys,Tops]]"
228,15027,Classic Vintage Buddy Nerd Wayfarer Blues Brothers Clear Sunglasses - Black,"[[Sports & Outdoors,Accessories,Sports Sunglasses],[Clothing, Shoes & Jewelry,Girls],[Clothing, Shoes & Jewelry,Boys]]"
229,15050,Star Vixen Women's Plus-Size Long Sleeve Fullwrap Dress,"[[Clothing, Shoes & Jewelry,Women,Clothing,Dresses,Wear to Work],[Clothing, Shoes & Jewelry,Women,Plus-Size,Dresses,Wear to Work]]"
230,15077,Casio Men's GA300-1A Combi Chronograph Watch,"[[Clothing, Shoes & Jewelry,New Arrivals],[Clothing, Shoes & Jewelry,Women],[Clothing, Shoes & Jewelry,Men,Watches,Wrist Watches]]"
231,15094,Lupo Women's Calca Strong Pant,"[[Clothing, Shoes & Jewelry,Women,Clothing,Active,Active Pants]]"
232,15119,Under the Sea Murano Style Glass Bead on Sterling Silver Solid Core fits European Charm Bracelet,"[[Clothing, Shoes & Jewelry,Wedding Party Gifts,Gifts for the Bride],[Clothing, Shoes & Jewelry,Women],[Clothing, Shoes & Jewelry,Novelty, Costumes & More,Novelty,Jewelry,Charms]]"
233,15261,"Gauge Gear Ear Stretching Balm Cream, Used for Plugs, Tapers, Expanders 10ml","[[Clothing, Shoes & Jewelry,Novelty, Costumes & More,Jewelry Accessories,Cleaning & Care]]"
234,15381,Ros Hommerson Women's Trendy-M Knee-High Boot,"[[Clothing, Shoes & Jewelry,Shoes & Accessories: International Shipping Available],[Clothing, Shoes & Jewelry,R,Ros Hommerson],[Clothing, Shoes & Jewelry,Women,Shoes,Boots]]"
235,15424,"Lee Women's Perfect Fit Audra Bootcut, Empire, 8 Short","[[Clothing, Shoes & Jewelry,Women,Clothing]]"
236,15466,Sterling Silver Love Heart Gold Lock Key Dangle Bead For European Story Charm Bracelets,"[[Clothing, Shoes & Jewelry,Women],[Clothing, Shoes & Jewelry,Novelty, Costumes & More,Novelty,Jewelry,Charms]]"
237,15629,Yupoong Wool Blend Snapback Snap Back Hat Baseball Cap 6098M,"[[Clothing, Shoes & Jewelry,Men,Accessories,Hats & Caps,Baseball Caps]]"
238,15636,"Duragold 14k Gold Solid Diamond-Cut Rope Chain Necklace (2.5mm), 18&quot;","[[Clothing, Shoes & Jewelry,Jewelry: International Shipping Available],[Clothing, Shoes & Jewelry,Plain Gold Jewelry],[Clothing, Shoes & Jewelry,Amazon Curated Collection],[Clothing, Shoes & Jewelry,Women,Jewelry,Fine,Necklaces,Chains],[Clothing, Shoes & Jewelry,Novelty, Costumes & More,Novelty]]"
239,15743,"Dr. Rey Shapewear Womens Deep Plunge Bodysuit, Nude, 40DD","[[Clothing, Shoes & Jewelry,Women,Clothing,Lingerie, Sleep & Lounge,Intimates,Shapewear,Bodysuits],[Clothing, Shoes & Jewelry,Women,Petite,Intimates,Shapewear,Bodysuits]]"
240,15833,Naturalizer Women's Violette Flat,"[[Clothing, Shoes & Jewelry,Shoes & Accessories: International Shipping Available],[Clothing, Shoes & Jewelry,N,Naturalizer],[Clothing, Shoes & Jewelry,Women,Shoes,Flats]]"
241,15900,Hanes Toddler Girls Undervest 3 Pack White,"[[Clothing, Shoes & Jewelry,Girls,Clothing,Underwear,Undershirts, Tanks & Camisoles]]"
242,16009,Black Back Seam &amp; Black Lace Silicon Garter - Hold Ups,"[[Clothing, Shoes & Jewelry,Women,Clothing,Socks & Hosiery,Hosiery]]"
243,16025,Lot of 12 Large Hibiscus Hawaiian Luau Pool Party Tote Bags,"[[Clothing, Shoes & Jewelry,Luggage & Travel Gear]]"
244,16051,The Hunger Games Movie Bag Clip &quot;District 12&quot;,"[[Clothing, Shoes & Jewelry,Novelty, Costumes & More,Movie & TV Fan,Accessories]]"
245,16055,Cherry Woman Lace Patchwork Shoulders Skull Prints Front Shirt,"[[Clothing, Shoes & Jewelry,Women,Clothing,Tops & Tees,Blouses & Button-Down Shirts]]"
246,16071,Journee Collection Buckle Accent Slouchy Mid-calf Boots,"[[Clothing, Shoes & Jewelry,Women,Shoes,Boots]]"
247,16123,"14K Yellow Gold Plated 5.2mm(H)x5.9mm(W) CZ Butterfly January Garnet Birthstone Basket Stud Earrings with Screw-Back (Garnet, Deep Red)","[[Clothing, Shoes & Jewelry,Women],[Clothing, Shoes & Jewelry,Novelty, Costumes & More,Novelty]]"
248,16185,"Izod Kids Boys 8-20 Quilted Hood Fleece Jacket, Blue, Medium","[[Clothing, Shoes & Jewelry,I,IZOD],[Clothing, Shoes & Jewelry,Boys,Clothing,Fashion Hoodies & Sweatshirts]]"
249,16401,Tok Tok Designs&reg; BK131 Boys Bow Ties (Bright Yellow),"[[Clothing, Shoes & Jewelry,Boys,Accessories,Bow Ties]]"
250,16431,Nine West Women's Beautie Platform Pump,"[[Clothing, Shoes & Jewelry,N,Nine West],[Clothing, Shoes & Jewelry,Women,Shoes,Pumps]]"
251,16471,Batman &quot;Bat Signal&quot; Black/Gold 2-Pack Infant Bodysuit Set (6/9M),"[[Clothing, Shoes & Jewelry,Baby,Baby Boys,Clothing,Bodysuits]]"
252,16514,Ashley Stewart Women's Plus Size Convertible Strapless Butterfly Bra Extended Sizes,"[[Clothing, Shoes & Jewelry,Women,Clothing,Lingerie, Sleep & Lounge,Intimates,Bras,Everyday Bras],[Clothing, Shoes & Jewelry,Women,Plus-Size,Intimates,Bras,Everyday Bras]]"
253,16530,(One) Alphabet Beads A-z or Birthstone Charm to Choose From Drop Down Menu Top Quality Spacer Bead Charm For Snake Chain Bracelets,"[[Clothing, Shoes & Jewelry,Women],[Clothing, Shoes & Jewelry,Novelty, Costumes & More,Novelty,Jewelry,Charms]]"
254,16646,"Leveret &quot;Snowflake&quot; 2 Piece Pajama 100% Cotton (Size 6M-5T) *Christmas Collection* (2 Toddler, Purple)","[[Clothing, Shoes & Jewelry,Baby,Baby Girls,Clothing,Sleepwear & Robes,Pajama Sets]]"
255,16699,"It's You Babe Mini Cradle, Medium (181-225 Pounds)","[[Clothing, Shoes & Jewelry,Women,Maternity,Intimates,Belly Bands]]"
256,16839,"Show Story Lace Up Buckle High-top Bone High Heel Platform Ankle Boots,LF40601","[[Clothing, Shoes & Jewelry,Boot Shop,Women,Fashion],[Clothing, Shoes & Jewelry,Women,Shoes,Boots]]"
257,16937,Nyfashion101 Women's Basic Leather Dressy Belt w/ Round Buckle H001,"[[Clothing, Shoes & Jewelry,Women,Accessories,Belts]]"
258,16970,Geox Mens Mwintermonet19 Moccasin,"[[Clothing, Shoes & Jewelry,Shoes & Accessories: International Shipping Available],[Clothing, Shoes & Jewelry,G,Geox],[Clothing, Shoes & Jewelry,Comfort Shoes],[Clothing, Shoes & Jewelry,Men,Shoes,Loafers & Slip-Ons]]"
259,17024,"Sterling Silver Filigree Heart Pendant Necklace, 18&quot;","[[Clothing, Shoes & Jewelry,Jewelry: International Shipping Available],[Clothing, Shoes & Jewelry,Amazon Curated Collection],[Clothing, Shoes & Jewelry,Women],[Clothing, Shoes & Jewelry,Novelty, Costumes & More,Novelty,Jewelry,Necklaces & Pendants]]"
260,17048,Capezio Women's Ultra Soft Transition Tight,"[[Clothing, Shoes & Jewelry,C,Capezio],[Clothing, Shoes & Jewelry,Women,Clothing,Socks & Hosiery,Tights],[Clothing, Shoes & Jewelry,Women,Petite,Socks & Hosiery,Tights]]"
261,17112,Swarovski Crystal Screw Nose Ring,"[[Clothing, Shoes & Jewelry,Women],[Clothing, Shoes & Jewelry,Novelty, Costumes & More,Novelty,Jewelry],[Clothing, Shoes & Jewelry,Novelty, Costumes & More,Body Jewelry,Piercing Jewelry,Screws]]"
262,17160,"Sakkas Cross, Sword and Shield Metallic Silver Embossed Cotton Mens T-Shirt","[[Clothing, Shoes & Jewelry,Men,Clothing,Shirts,T-Shirts]]"
263,17188,K Mega Jewelry Clear Crystal Silver Colour Colour Stainless Steel Hoop Mens Earrings,"[[Clothing, Shoes & Jewelry,Jewelry Outlet],[Clothing, Shoes & Jewelry,Men,Jewelry,Earrings],[Clothing, Shoes & Jewelry,Novelty, Costumes & More,Novelty]]"
264,17277,Maternal America Women's Maternity  2-Piece Skirt Tankini,"[[Clothing, Shoes & Jewelry,Women,Clothing],[Clothing, Shoes & Jewelry,Women,Maternity,Swim,Tankinis]]"
265,17354,Calvin Klein Women's Dolly Two Tone Patent Pump,"[[Clothing, Shoes & Jewelry,Shoes & Accessories: International Shipping Available],[Clothing, Shoes & Jewelry,C,Calvin Klein],[Clothing, Shoes & Jewelry,Women,Shoes,Pumps],[Clothing, Shoes & Jewelry,Calvin Klein Test Store,Shoes],[Clothing, Shoes & Jewelry,WF Inheritance Test Women's CK Custom Store]]"
266,17456,Classic Cotton Gothic Steam Punk Corset Riding Jacket Coat Plus Sizes 6-26.,"[[Clothing, Shoes & Jewelry,Women],[Clothing, Shoes & Jewelry,Novelty, Costumes & More,Novelty,Clothing,Women,Jackets & Coats]]"
267,17543,G2 Fashion Square Women's Floral Printed Casual Chic Dress,"[[Clothing, Shoes & Jewelry,Women,Clothing,Dresses,Casual],[Clothing, Shoes & Jewelry,Women,Clothing,Dresses,Night Out & Cocktail]]"
268,17583,Got-Tee US Army Military Ranger T-Shirt,"[[Clothing, Shoes & Jewelry,Men],[Clothing, Shoes & Jewelry,Novelty, Costumes & More,Novelty,Clothing,Men,Shirts,T-Shirts]]"
269,17687,Blank / Plain Adjustable Velcro Baseball Cap / Hat - Royal Blue,"[[Clothing, Shoes & Jewelry,Men,Accessories,Hats & Caps,Baseball Caps]]"
270,17757,Sakkas Patterned Chiffon Wide Leg Palazzo Pant,"[[Clothing, Shoes & Jewelry,Women,Clothing,Pants,Casual]]"
271,17767,Ed Hardy Lowrise Shoe for Women - Off White - 7,"[[Clothing, Shoes & Jewelry,E,Ed Hardy],[Clothing, Shoes & Jewelry,Street, Surf & Skate],[Clothing, Shoes & Jewelry,Women,Shoes,Fashion Sneakers]]"
272,17783,Ollio Women's Shoe Ballet Dress Pleated Pointed Toe Flat,"[[Clothing, Shoes & Jewelry,Women,Shoes,Flats]]"
273,17860,"Platinum Plated Sterling Silver and Swarovski Zirconia (1 cttw) Solitaire Pendant Necklace, 18&quot;","[[Clothing, Shoes & Jewelry,Jewelry: International Shipping Available],[Clothing, Shoes & Jewelry,Amazon Curated Collection],[Clothing, Shoes & Jewelry,Women,Jewelry,Fine,Necklaces,Pendants],[Clothing, Shoes & Jewelry,Women,Jewelry,Fashion,Necklaces,Pendants],[Clothing, Shoes & Jewelry,Novelty, Costumes & More,Novelty]]"
274,17905,Set Of 3 Stainless Steel High Shine Bangle Bracelet Silver Yellow and Rose Gold,"[[Clothing, Shoes & Jewelry,Women,Jewelry,Fashion,Bracelets,Bangle],[Clothing, Shoes & Jewelry,Novelty, Costumes & More,Novelty]]"
275,18076,Authentic Biagi Palm Tree Solid 925 Sterling Silver Bead fits European Charm Bracelet,"[[Clothing, Shoes & Jewelry,Women,Jewelry,Fine,Charms & Charm Bracelets,Charms,Bead],[Clothing, Shoes & Jewelry,Novelty, Costumes & More,Novelty]]"
276,18084,Travelon Bag Bungee,"[[Clothing, Shoes & Jewelry,Luggage & Travel Gear]]"
277,18122,Velvet Heart Soft Ruffle Top Women's Knee High Fashion Socks (Oxblood),"[[Clothing, Shoes & Jewelry,Women,Clothing,Socks & Hosiery,Casual Socks]]"
278,18137,"Calvin Klein Women's Solid Extended Shoulder Top, Birch, Large","[[Clothing, Shoes & Jewelry,C,Calvin Klein],[Clothing, Shoes & Jewelry,Women,Clothing,Tops & Tees,Knits & Tees]]"
279,18200,"Frogg Toggs Pro Action Womens Rain Jacket , Size: 2XL, Red","[[Clothing, Shoes & Jewelry,Women,Clothing,Coats & Jackets,Trench & Rain]]"
280,18303,"Tommy Hilfiger Men's Pinpoint Dress Shirt, White, 16.5/34-35","[[Clothing, Shoes & Jewelry,T,Tommy Hilfiger],[Clothing, Shoes & Jewelry,Men,Clothing,Shirts,Dress Shirts],[Clothing, Shoes & Jewelry,Men,Big & Tall]]"
281,18314,Adult Teenage size Lady's Plain-Assort 12Pairs Liner No Show Ballet,"[[Clothing, Shoes & Jewelry,Women,Clothing,Socks & Hosiery,Casual Socks]]"
282,18329,Marvel Comics Men's MA0710-D184-BlackRubber Marvel 'Punisher' Defender Watch,"[[Clothing, Shoes & Jewelry,New Arrivals],[Clothing, Shoes & Jewelry,Jewelry: International Shipping Available],[Clothing, Shoes & Jewelry,Available for International Shipping],[Clothing, Shoes & Jewelry,Men],[Clothing, Shoes & Jewelry,Novelty, Costumes & More,Novelty,Watches]]"
283,18437,World Pride Gold Tone Angel Red Heart Guardian Angel Wing Crystal Pendant Necklace,"[[Clothing, Shoes & Jewelry,Women],[Clothing, Shoes & Jewelry,Novelty, Costumes & More,Novelty,Jewelry,Necklaces & Pendants]]"
284,18468,Crocs Men's 10376 Ace Boating Clog,"[[Clothing, Shoes & Jewelry,Shoes & Accessories: International Shipping Available],[Clothing, Shoes & Jewelry,C,crocs],[Clothing, Shoes & Jewelry,Comfort Shoes],[Clothing, Shoes & Jewelry,Men,Shoes,Mules & Clogs]]"
285,18599,Allegra K Women Cape Sleeve Color Block Striped Loose Shirt w Tank Top,"[[Clothing, Shoes & Jewelry,Women,Clothing,Tops & Tees,Blouses & Button-Down Shirts]]"
286,18774,New Under the Sea Orange Carp Koi Gold Fish Goldfish Stud Earrings,"[[Clothing, Shoes & Jewelry,Women],[Clothing, Shoes & Jewelry,Novelty, Costumes & More,Novelty]]"
287,18997,Dickies Women's Flannel Lined Jean,"[[Clothing, Shoes & Jewelry,D,Dickies],[Clothing, Shoes & Jewelry,Women,Clothing,Jeans]]"
288,19065,eVogues Plus size Deep V-neck Asymmetric Slimming Top Hot Red,"[[Clothing, Shoes & Jewelry,Women,Clothing,Tops & Tees,Blouses & Button-Down Shirts]]"
289,19136,Silver Tone Harry's Paper Airplane Style Pendant with a 20&quot; Adjustable Link Chain Necklace,"[[Clothing, Shoes & Jewelry,Women],[Clothing, Shoes & Jewelry,Novelty, Costumes & More,Novelty,Jewelry,Necklaces & Pendants]]"
290,19208,Gaorui Women Retro Handbag Lady Messenger Vintage Satchel Cross-body Diagonal Sholuder Bag _ Dark Purple,"[[Clothing, Shoes & Jewelry,Women,Handbags & Wallets,Top-Handle Bags],[Clothing, Shoes & Jewelry,Women,Handbags & Wallets,Shoulder Bags]]"
291,19244,Rothco Men's Ultra Force T-Shirt,"[[Clothing, Shoes & Jewelry,Novelty, Costumes & More,Novelty],[Clothing, Shoes & Jewelry,Novelty, Costumes & More,Work Wear & Uniforms,Clothing,Military,Men,Tops]]"
292,19248,Sons of Anarchy Teller-morrow Repair T-shirt,"[[Clothing, Shoes & Jewelry,Men],[Clothing, Shoes & Jewelry,Novelty, Costumes & More,Novelty],[Clothing, Shoes & Jewelry,Novelty, Costumes & More,Movie & TV Fan,Tops & Tees,T-Shirts]]"
293,19260,7 For All Mankind Women's Kimmie Classic Bootcut Jean in Midnight New York Dark,"[[Clothing, Shoes & Jewelry,0-9,7 For All Mankind],[Clothing, Shoes & Jewelry,Women,Clothing,Jeans],[Clothing, Shoes & Jewelry,Women's Luxury Brands]]"
294,19324,Refresh JULIA-71 Women Hot Sweet Classic Metallic Pointy Ballet Flat Slip On Shoe,"[[Clothing, Shoes & Jewelry,Women,Shoes,Flats]]"
295,19347,Allegra K Women's Block Boat Neck Sheer Blouse,"[[Clothing, Shoes & Jewelry,Women,Clothing,Tops & Tees,Blouses & Button-Down Shirts]]"
296,19609,"Fake Cartilage Titanium Anodized Triple Closure Ring, Non Piercing Cartilage Earring 'Clip on'","[[Clothing, Shoes & Jewelry,Women],[Clothing, Shoes & Jewelry,Novelty, Costumes & More,Novelty]]"
297,19717,2.5mm Citrine Band Ring,"[[Clothing, Shoes & Jewelry,Gemstones],[Clothing, Shoes & Jewelry,Women,Jewelry,Fine,Rings,Bands],[Clothing, Shoes & Jewelry,Novelty, Costumes & More,Novelty]]"
298,19751,143Fashion Ladies Junior Petite Jegging,"[[Clothing, Shoes & Jewelry,Women,Clothing,Pants,Casual]]"
299,19851,20 Gauge 5/16&quot; Rainbow Anodized Titanium Nose Hoop,"[[Clothing, Shoes & Jewelry,Women],[Clothing, Shoes & Jewelry,Novelty, Costumes & More,Novelty,Jewelry],[Clothing, Shoes & Jewelry,Novelty, Costumes & More,Body Jewelry,Piercing Jewelry,Screws]]"
300,19912,American Apparel Rib Racerback Tank,"[[Clothing, Shoes & Jewelry,Women,Clothing,Tops & Tees,Tanks & Camis]]"
301,19991,Vans Kids VANS CLASSIC SLIP-ON SKATE SHOES,"[[Clothing, Shoes & Jewelry,Girls],[Clothing, Shoes & Jewelry,Boys]]"
302,20087,"Nine X- Women's Sexy Lingerie, Babydoll with G-string size Plus Size / reg","[[Clothing, Shoes & Jewelry,Women,Clothing,Lingerie, Sleep & Lounge,Intimates,Lingerie],[Clothing, Shoes & Jewelry,Women,Plus-Size,Intimates]]"
303,20107,"Marilyn Monroe Classy Soft Chemise with Lace Trim and Adjustable Straps (X-Large, Pink Rose)","[[Clothing, Shoes & Jewelry,Women,Clothing]]"
304,20168,AmeriBag Small Distressed Nylon Healthy Back Bag,"[[Clothing, Shoes & Jewelry,Shoes & Accessories: International Shipping Available],[Clothing, Shoes & Jewelry,AmeriBag],[Clothing, Shoes & Jewelry,Women,Handbags & Wallets],[Clothing, Shoes & Jewelry,Luggage & Travel Gear,Messenger Bags]]"
305,20173,Gold Toe Men's 3Pack 2056S Crew Fashion Patterned Dress Sock,"[[Clothing, Shoes & Jewelry,Men,Clothing,Socks,Dress & Trouser Socks]]"
306,20227,WIIPU NEW SEXY SILVER RHINESTONE BELLY WAIST LOWER BACK CHAIN DIVA(C355),"[[Clothing, Shoes & Jewelry,Women],[Clothing, Shoes & Jewelry,Novelty, Costumes & More,Novelty,Jewelry],[Clothing, Shoes & Jewelry,Novelty, Costumes & More,Body Jewelry,Belly Chains]]"
307,20336,TOOGOO Multi Vintage Colorful Crystal Peacock Bracelet Bangle,"[[Clothing, Shoes & Jewelry,Novelty, Costumes & More,Novelty,Jewelry,Bracelets]]"
308,20337,Bslingerie Womens Floral Trim Fashion Bustier Corset &amp; Gloves Set,"[[Clothing, Shoes & Jewelry,Women,Accessories,Gloves & Mittens,Cold Weather Gloves]]"
309,20417,Ghost - Child Large Robe Costume,"[[Clothing, Shoes & Jewelry,Novelty, Costumes & More,Costumes & Accessories,Costumes,Kids & Baby,Boys]]"
310,20610,Smart &amp; Sexy Women's Cradle Lace Jeweled Pushup Bra Set,"[[Clothing, Shoes & Jewelry,Women,Clothing,Lingerie, Sleep & Lounge,Intimates,Bras,Everyday Bras]]"
311,20668,"Soybu Women's Off The Mat Sweater, Black, Medium","[[Clothing, Shoes & Jewelry,Women,Clothing,Sweaters,Cardigans]]"
312,20679,"Skylanders Boys 8-20 Giants Group Shot, Charcoal Heather, 10/12 &nbsp;&nbsp;","[[Clothing, Shoes & Jewelry,Girls]]"
313,20714,NY Collection Women's Printed Top with Leather Binding,"[[Clothing, Shoes & Jewelry,Women,Clothing,Tops & Tees,Knits & Tees]]"
314,20778,BOXINGCAT Fashion Lady Retro Infinity Wings Owl Strands Suede Rope Bracelet Gift,"[[Sports & Outdoors,Fan Shop,Jewelry & Watches,Bracelets],[Clothing, Shoes & Jewelry,Novelty, Costumes & More,Novelty]]"
315,20909,SUNNYDATE@ 2014 Women's Novel Fashion Leggings with variaty printing,"[[Clothing, Shoes & Jewelry,Novelty, Costumes & More,Costumes & Accessories,Costumes,Women]]"
316,21080,Raya Sun Missy and Plus Embroidered Tie Dye/Ombre Dress/Cover Up,"[[Clothing, Shoes & Jewelry,Women,Clothing,Dresses,Casual]]"
317,21214,Psychopathic Records ICP Insane Clown Posse - Embroidered Tri-fold Chain Electric Pink and Green Wallet,"[[Clothing, Shoes & Jewelry,Novelty, Costumes & More,Band & Music Fan,Accessories]]"
318,21238,Cleversilver's Fleur De Lis Earrings On French Wire,"[[Clothing, Shoes & Jewelry,Women],[Clothing, Shoes & Jewelry,Novelty, Costumes & More,Novelty,Jewelry,Earrings]]"
319,21321,Timex Women's T5J151 1440 Sports Digital Black/Pink Resin Strap Watch,"[[Clothing, Shoes & Jewelry,Gifts],[Clothing, Shoes & Jewelry,Jewelry: International Shipping Available],[Clothing, Shoes & Jewelry,Watch Gifts],[Clothing, Shoes & Jewelry,Available for International Shipping],[Clothing, Shoes & Jewelry,Sport Watches],[Clothing, Shoes & Jewelry,Timex],[Clothing, Shoes & Jewelry,Timex test],[Clothing, Shoes & Jewelry,Women,Watches,Wrist Watches],[Clothing, Shoes & Jewelry,Men],[Clothing, Shoes & Jewelry,Novelty, Costumes & More,Work Wear & Uniforms]]"
320,21337,Franco Sarto Women's Motor,"[[Clothing, Shoes & Jewelry,F,Franco Sarto],[Clothing, Shoes & Jewelry,Women,Shoes,Boots]]"
321,21574,crocs Women's 11602 Cobbler Leather Clog,"[[Clothing, Shoes & Jewelry,Shoes & Accessories: International Shipping Available],[Clothing, Shoes & Jewelry,C,crocs],[Clothing, Shoes & Jewelry,Women,Shoes,Mules & Clogs]]"
322,21579,WorthTrust JEWELRY BRACELET NECKLACE RACK DISPLAY HOLDER,"[[Clothing, Shoes & Jewelry,Novelty, Costumes & More,Jewelry Accessories,Jewelry Boxes & Organizers,Jewelry Towers]]"
323,21596,Retreez Men's Tartan Check Woven Acrylic Tie,"[[Clothing, Shoes & Jewelry,Men,Accessories,Neckties]]"
324,21660,Clarks Women's Ingalls Geneva Slip-On Loafer,"[[Clothing, Shoes & Jewelry,Shoes & Accessories: International Shipping Available],[Clothing, Shoes & Jewelry,C,Clarks],[Clothing, Shoes & Jewelry,Comfort Shoes],[Clothing, Shoes & Jewelry,Women,Shoes,Pumps]]"
325,21721,PattyBoutik Sexiest Strapless Pleated Bust Clubwear Party Tube Top,"[[Clothing, Shoes & Jewelry,Women,Clothing,Tops & Tees,Blouses & Button-Down Shirts]]"
326,21762,Allegra K Women Doll Collar Single Breasted Semi Sheer Lined Pleated Shirt,"[[Clothing, Shoes & Jewelry,Women,Clothing,Tops & Tees,Blouses & Button-Down Shirts]]"
327,21772,"Calvin Klein Women's Collar Dress with Buttons, Aubergine, 12","[[Clothing, Shoes & Jewelry,C,Calvin Klein],[Clothing, Shoes & Jewelry,Women,Clothing,Dresses,Wear to Work]]"
328,21797,"Tommy Hilfiger Women Striped Belted Maxi Dress (M, Navy/green/white)","[[Clothing, Shoes & Jewelry,T,Tommy Hilfiger],[Clothing, Shoes & Jewelry,Women,Clothing,Dresses,Casual]]"
329,21883,eVogues Sexy Plus size Floral Lace Corset Top,"[[Clothing, Shoes & Jewelry,Women,Clothing,Tops & Tees,Tanks & Camis]]"
330,22036,Temptation Earring -Left Ear,"[[Clothing, Shoes & Jewelry,Men,Jewelry,Earrings],[Clothing, Shoes & Jewelry,Novelty, Costumes & More,Novelty]]"
331,22051,Sterling Silver Freeform Spiral Heart Pendant Necklace,"[[Clothing, Shoes & Jewelry,Jewelry Outlet],[Clothing, Shoes & Jewelry,Heart-Shaped Jewelry],[Clothing, Shoes & Jewelry,Women,Jewelry,Fine,Necklaces,Pendants],[Clothing, Shoes & Jewelry,Novelty, Costumes & More,Novelty]]"
332,22108,Vintage &quot;Buddy&quot; Wayfarer Sunglasses - (6 Colors Available),"[[Clothing, Shoes & Jewelry,Women,Accessories,Sunglasses & Eyewear Accessories,Sunglasses]]"
333,22154,Bullet For My Valentine - Skull &amp; Roses T-Shirt,"[[Clothing, Shoes & Jewelry,Men],[Clothing, Shoes & Jewelry,Novelty, Costumes & More,Novelty],[Clothing, Shoes & Jewelry,Novelty, Costumes & More,Band & Music Fan,T-Shirts]]"
334,22240,Tamarac by Slippers International Women's Molly Slipper,"[[Clothing, Shoes & Jewelry,Shoes & Accessories: International Shipping Available],[Clothing, Shoes & Jewelry,Winter Promo],[Clothing, Shoes & Jewelry,Women,Shoes,Slippers]]"
335,22304,Hot from Hollywood Women's Bootie Denim Boyfriend Pants,"[[Clothing, Shoes & Jewelry,Women,Clothing,Shorts,Casual],[Clothing, Shoes & Jewelry,Women,Clothing,Shorts,Denim],[Clothing, Shoes & Jewelry,Women,Juniors,Shorts,Casual],[Clothing, Shoes & Jewelry,Women,Juniors,Shorts,Denim]]"
336,22420,Willis Judd Mens Black Titanium Magnetic Bracelet With Gold and Black Carbon Fiber In Black Velvet Gift Box + Free Link Removal Tool,"[[Clothing, Shoes & Jewelry,Men,Jewelry,Bracelets,Link],[Clothing, Shoes & Jewelry,Novelty, Costumes & More,Novelty]]"
337,22458,Stride Rite SRT Maybelle Sandal (Infant/Toddler),"[[Clothing, Shoes & Jewelry,Shoes & Accessories: International Shipping Available],[Clothing, Shoes & Jewelry,S,Stride Rite],[Clothing, Shoes & Jewelry,Girls],[Clothing, Shoes & Jewelry,Boys]]"
338,22481,Yazilind Jewelry Lace Collar Necklace Red Glaring Crystal Pendant Sexy Noble Chain for Women Length:10in,"[[Clothing, Shoes & Jewelry,Women],[Clothing, Shoes & Jewelry,Novelty, Costumes & More,Novelty]]"
339,22489,Matix Men's JJ Boardshort,"[[Clothing, Shoes & Jewelry,Men,Clothing,Swim,Board Shorts],[Clothing, Shoes & Jewelry,Men,Surf, Skate & Street,Clothing,Swim,Board Shorts]]"
340,22521,LeatherBoss Ultra Slim Fanny pack Money Belt - Black,"[[Clothing, Shoes & Jewelry,Luggage & Travel Gear,Fashion Waist Packs]]"
341,22540,"Hurley Men's Bucket Knit Shirt, True White, Medium","[[Clothing, Shoes & Jewelry,Men,Clothing,Shirts,T-Shirts],[Clothing, Shoes & Jewelry,Men,Surf, Skate & Street,Clothing,Shirts,T-Shirts]]"
342,22619,Clarks Women's May Rosebud Clog,"[[Clothing, Shoes & Jewelry,Shoes & Accessories: International Shipping Available],[Clothing, Shoes & Jewelry,C,Clarks],[Clothing, Shoes & Jewelry,Women,Shoes,Mules & Clogs]]"
343,22622,Anne Klein Women's Polka-Dot Ponte-Flare Dress,"[[Clothing, Shoes & Jewelry,Women,Clothing,Dresses,Wear to Work]]"
344,22652,2 Pc &quot; Best Friends Heart Dangle &quot; Bead Charm Spacer Pandora Troll Chamilia Biagi Bead Compatible,"[[Clothing, Shoes & Jewelry,Girls,Jewelry],[Clothing, Shoes & Jewelry,Novelty, Costumes & More,Novelty]]"
345,22778,Shadowline Long Gown with Flower Petal Embroidery and Flutter Sleeves (32280),"[[Clothing, Shoes & Jewelry,Women,Clothing,Lingerie, Sleep & Lounge,Sleep & Lounge,Nightgowns & Sleepshirts],[Clothing, Shoes & Jewelry,Women,Petite,Sleep & Lounge,Nightgowns & Sleepshirts]]"
346,22998,Outdoor Products Mountain Duffel,"[[Clothing, Shoes & Jewelry,Luggage & Travel Gear,Gym Bags,Sports Duffels]]"
347,23116,Miusol Women's Fitted V Neck 3/4 Sleeves Stretch Slim Dress,"[[Clothing, Shoes & Jewelry,Women,Clothing,Dresses,Casual],[Clothing, Shoes & Jewelry,Women,Clothing,Dresses,Night Out & Cocktail],[Clothing, Shoes & Jewelry,Women,Petite,Dresses,Casual],[Clothing, Shoes & Jewelry,Women,Petite,Dresses,Night Out & Cocktail]]"
348,23209,World Pride Unique &amp; Elegant Fashion Jewelry - Vintage Copper Tone Enamel Leaf Ring,"[[Clothing, Shoes & Jewelry,Women],[Clothing, Shoes & Jewelry,Novelty, Costumes & More,Novelty,Jewelry,Rings]]"
349,23216,Low Factory Price 2013 Top Quality Women Sweater Batwing Sleeve Loose Knitted Casual Coat Knitwear (Gray),"[[Clothing, Shoes & Jewelry,Women,Clothing]]"
350,23286,Skechers Women's Go Walk 2 Convertible Walking Shoe,"[[Clothing, Shoes & Jewelry,Shoes & Accessories: International Shipping Available],[Clothing, Shoes & Jewelry,S,Skechers],[Clothing, Shoes & Jewelry,Comfort Shoes],[Clothing, Shoes & Jewelry,Women,Shoes,Athletic,Walking]]"
351,23409,"Women's Plus Size Top, the Perfect tunic with 3/4 sleeves","[[Clothing, Shoes & Jewelry,Women,Clothing,Tops & Tees,Knits & Tees],[Clothing, Shoes & Jewelry,Women,Plus-Size,Tops & Tees,Blouses & Button-Down Shirts],[Clothing, Shoes & Jewelry,Women,Plus-Size,Tops & Tees,Knits & Tees]]"
352,23414,Bling Jewelry Sterling Silver Alexandrite Color CZ June Birthstone Eternity Ring,"[[Clothing, Shoes & Jewelry,Women],[Clothing, Shoes & Jewelry,Novelty, Costumes & More,Novelty,Jewelry,Wedding & Engagement Rings,Wedding Rings,Eternity Rings]]"
353,23443,Stride Rite M2M Robin Mary Jane Sneaker (Toddler),"[[Clothing, Shoes & Jewelry,Shoes & Accessories: International Shipping Available],[Clothing, Shoes & Jewelry,S,Stride Rite],[Clothing, Shoes & Jewelry,Girls,Shoes,Sneakers],[Clothing, Shoes & Jewelry,Boys,Shoes,Sneakers]]"
354,23467,Crocs Crocband Mickey II Clog (Toddler/Little Kid),"[[Clothing, Shoes & Jewelry,Shoes & Accessories: International Shipping Available],[Clothing, Shoes & Jewelry,C,crocs],[Clothing, Shoes & Jewelry,Girls,Shoes,Clogs & Mules],[Clothing, Shoes & Jewelry,Boys,Shoes,Clogs & Mules]]"
355,23657,Red Kiss REVA Crystal Rhinestone Gem Studded Keyhole Peep Toe Stiletto High Heel Platform Party Pump,"[[Clothing, Shoes & Jewelry,Women,Shoes,Pumps]]"
356,23678,"Green Color Crystals Ball Pendant, Includes Sterling Silver 18 Inch Chain, Now At Our Lowest Price Ever but Only for a Limited Time!","[[Clothing, Shoes & Jewelry,Women],[Clothing, Shoes & Jewelry,Novelty, Costumes & More,Novelty]]"
357,23703,Antique Necklace Crystal Statement Jewelry Chunky Bubble Necklace (Fn0634),"[[Clothing, Shoes & Jewelry,Women],[Clothing, Shoes & Jewelry,Novelty, Costumes & More,Novelty,Jewelry,Necklaces & Pendants]]"
358,23743,Jack Sparrow Pirate Sword,"[[Clothing, Shoes & Jewelry,Boys],[Clothing, Shoes & Jewelry,Novelty, Costumes & More,Costumes & Accessories,More Accessories,Kids & Baby]]"
359,23821,One (1) Antique'd Silver &quot;Daughter &quot; Heart Charm Bead Fits Pandora Troll Chamilia Biagi Bracelet,"[[Clothing, Shoes & Jewelry,Women],[Clothing, Shoes & Jewelry,Novelty, Costumes & More,Novelty,Jewelry,Charms]]"
360,23842,Patriotic American Flag Bow Crystal Pin Brooch Red White Blue,"[[Clothing, Shoes & Jewelry,Women],[Clothing, Shoes & Jewelry,Novelty, Costumes & More,Novelty,Jewelry,Brooches & Pins]]"
361,23919,Platinum Plated Sterling Silver Swarovski Zirconia 3 ct Princess Solitaire Pendant,"[[Clothing, Shoes & Jewelry,Jewelry: International Shipping Available],[Clothing, Shoes & Jewelry,Amazon Curated Collection],[Clothing, Shoes & Jewelry,Women,Jewelry,Fine,Necklaces,Pendants],[Clothing, Shoes & Jewelry,Women,Jewelry,Fashion,Necklaces,Pendants],[Clothing, Shoes & Jewelry,Novelty, Costumes & More,Novelty]]"
362,23985,"Dockers Women's Petite Metro Ankle Pant, Paper White, 8 Medium","[[Clothing, Shoes & Jewelry,D,Dockers],[Clothing, Shoes & Jewelry,Women,Clothing,Pants,Casual],[Clothing, Shoes & Jewelry,Women,Petite,Pants & Capris,Casual]]"
363,24210,Levi's Boys 8-20 511 Slim Jean,"[[Clothing, Shoes & Jewelry,Boys,Clothing,Jeans]]"
364,24287,"Rafaella Women's Plus-Size Astrology Paisley Ponte Skirt, Persian Blue, 16","[[Clothing, Shoes & Jewelry,Women,Clothing,Skirts,Casual],[Clothing, Shoes & Jewelry,Women,Plus-Size,Skirts,Casual]]"
365,24314,Hanes Toddler Boys Non-Skid Ankle Socks # 27/6 (6 Pairs),"[[Sports & Outdoors,Clothing,Men,Socks],[Sports & Outdoors,Clothing,Boys,Socks],[Clothing, Shoes & Jewelry,Men],[Clothing, Shoes & Jewelry,Boys]]"
366,24626,Blessed By Pope Francis Gold Plated Devotional Medals 1.38&quot;h Five Styles to Choose From,"[[Clothing, Shoes & Jewelry,Women],[Clothing, Shoes & Jewelry,Novelty, Costumes & More,Novelty,Jewelry,Necklaces & Pendants]]"
367,24700,8x25mm biwa black freshwater pearl white gold plated pendant,"[[Clothing, Shoes & Jewelry,Pearl Jewelry],[Clothing, Shoes & Jewelry,Women],[Clothing, Shoes & Jewelry,Novelty, Costumes & More,Novelty,Jewelry,Necklaces & Pendants]]"
368,24730,Nine West Women's Lemon Flat,"[[Clothing, Shoes & Jewelry,Shoes & Accessories: International Shipping Available],[Clothing, Shoes & Jewelry,N,Nine West],[Clothing, Shoes & Jewelry,Women,Shoes,Flats]]"
369,24787,Sterling Silver Marcasite and Africa Amethyst Floral Earrings,"[[Clothing, Shoes & Jewelry,Gemstones],[Clothing, Shoes & Jewelry,Jewelry: International Shipping Available],[Clothing, Shoes & Jewelry,Amazon Curated Collection],[Clothing, Shoes & Jewelry,Women,Jewelry,Fine,Earrings,Drop & Dangle],[Clothing, Shoes & Jewelry,Novelty, Costumes & More,Novelty]]"
370,24936,Columbia Men's Tamiami II Long-Sleeve Shirt,"[[Clothing, Shoes & Jewelry,Men,Surf, Skate & Street,Clothing,Shirts,Casual Button-Down Shirts]]"
371,24956,Handcrafted Fuchsia Inspire Earrings MADE WITH SWAROVSKI ELEMENTS,"[[Clothing, Shoes & Jewelry,Women],[Clothing, Shoes & Jewelry,Novelty, Costumes & More,Novelty,Jewelry,Earrings]]"
372,24979,"kilofly Leg Warmers Value Pack [Set of 2 Pairs], Solid with Studs","[[Clothing, Shoes & Jewelry,Women,Clothing,Socks & Hosiery,Leg Warmers],[Clothing, Shoes & Jewelry,Women,Accessories],[Clothing, Shoes & Jewelry,Women,Petite,Socks & Hosiery,Leg Warmers]]"
373,25113,"Ellie Shoes Women's 502-TONIC, 5&quot; Heel Ankle High Sandal","[[Clothing, Shoes & Jewelry,Women,Shoes,Sandals]]"
374,25199,Boxercraft Women's Fashion Flannel Pajama Pant,"[[Clothing, Shoes & Jewelry,Novelty, Costumes & More,Novelty,Clothing,Women,Sleep & Lounge,Bottoms]]"
375,25276,PattyBoutik Solid Boat Neck Sleeveless Fully Lined Career Cocktail Sheath Dress,"[[Clothing, Shoes & Jewelry,Women,Clothing,Dresses,Casual]]"
376,25367,Disney Princess Sterling Silver Pink Heart Cubic Zirconia Lever Back Earrings,"[[Clothing, Shoes & Jewelry,New Arrivals,New Jewelry],[Clothing, Shoes & Jewelry,Shop by Designer],[Clothing, Shoes & Jewelry,Women],[Clothing, Shoes & Jewelry,Novelty, Costumes & More,Novelty,Jewelry,Earrings]]"
377,25484,Lacoste Men's Nistos CI Sneaker,"[[Clothing, Shoes & Jewelry,Shoes & Accessories: International Shipping Available],[Clothing, Shoes & Jewelry,Men,Shoes,Fashion Sneakers],[Clothing, Shoes & Jewelry,Women's Luxury Brands]]"
378,25488,K Alexander Men's Solid WHITE Tie,"[[Clothing, Shoes & Jewelry,Men,Accessories,Neckties]]"
379,25528,Jockey Ladies Front Tied Zipper Pant GJ2249T,"[[Clothing, Shoes & Jewelry,Novelty, Costumes & More,Work Wear & Uniforms,Clothing,Medical,Women,Scrub Bottoms]]"
380,25626,Dr. Scholl's Women's Harmony Clog,"[[Clothing, Shoes & Jewelry,Shoes & Accessories: International Shipping Available],[Clothing, Shoes & Jewelry,Women,Shoes,Mules & Clogs]]"
381,25634,Dahlia Women's Aran Acrylic Knit Fingerless Arm Warmer Gloves,"[[Clothing, Shoes & Jewelry,Women,Accessories,Gloves & Mittens,Arm Warmers]]"
382,25653,Bellini Women's Fancy,"[[Clothing, Shoes & Jewelry,Women,Shoes,Mules & Clogs]]"
383,25833,Superman Boys 4-10 Pajama Set,"[[Clothing, Shoes & Jewelry,Boys,Clothing,Sleepwear & Robes,Pajama Sets]]"
384,25837,White Shantung Christening Baptism Dress with Cutwork Accents and Bonnet,"[[Clothing, Shoes & Jewelry,Baby,Baby Girls,Clothing,Christening]]"
385,25975,SHARP IMAGE 2 Inch Cuban Heel Men Shoes,"[[Clothing, Shoes & Jewelry,Men,Shoes,Boots]]"
386,26072,"Hurley Boys 2-7 Hoodie, Black, 5","[[Clothing, Shoes & Jewelry,Boys,Clothing,Fashion Hoodies & Sweatshirts]]"
387,26079,Clarks Women's Palmdale Rema Wedge Sandal,"[[Clothing, Shoes & Jewelry,Shoes & Accessories: International Shipping Available],[Clothing, Shoes & Jewelry,C,Clarks],[Clothing, Shoes & Jewelry,Comfort Shoes],[Clothing, Shoes & Jewelry,Women,Shoes,Sandals]]"
388,26137,Braza Bandeau Bra,"[[Clothing, Shoes & Jewelry,Women,Clothing,Lingerie, Sleep & Lounge,Intimates,Bras,Everyday Bras]]"
389,26149,Silver Lurex With Lurex Garter - Hold Ups,"[[Clothing, Shoes & Jewelry,Women,Clothing,Socks & Hosiery,Hosiery]]"
390,26150,Hanes Women's 3 Pack Comfortsoft Cotton Stretch Boyshort Panty,"[[Clothing, Shoes & Jewelry,Women,Clothing,Lingerie, Sleep & Lounge,Intimates,Panties,Boy Shorts]]"
391,26239,Ollio Women's Shoe Lace Up Low Heels Wingtip Dress Oxford,"[[Clothing, Shoes & Jewelry,Women,Shoes,Oxfords]]"
392,26319,California Costumes Women's Pop Angel Wig,"[[Clothing, Shoes & Jewelry,Novelty, Costumes & More,Costumes & Accessories,Wigs]]"
393,26413,"U.S. POLO ASSN. Men's Jersey Knit Pant, Black, Medium","[[Clothing, Shoes & Jewelry,Men,Clothing,Sleep & Lounge,Sleep Bottoms]]"
394,26433,Hanes Women's 3 Pack Comfortsoft Cotton Stretch Low Rise Brief Panty,"[[Clothing, Shoes & Jewelry,Women,Clothing,Lingerie, Sleep & Lounge,Intimates,Panties,Briefs]]"
395,26580,Lindy Bop Classy Vintage Audrey Hepburn Style 1950's Rockabilly Swing Evening Dress,"[[Clothing, Shoes & Jewelry,Women,Clothing,Dresses,Night Out & Cocktail],[Clothing, Shoes & Jewelry,Women,Clothing,Dresses,Special Occasion]]"
396,26591,FootSmart Women's Sheer Firm Support Thigh High Support Hose,"[[Clothing, Shoes & Jewelry,Women,Clothing,Socks & Hosiery,Hosiery],[Clothing, Shoes & Jewelry,Women,Petite,Socks & Hosiery,Hosiery]]"
397,26607,Goddess Womens Keira Longline Soft Cup Bra,"[[Clothing, Shoes & Jewelry,Women,Clothing,Lingerie, Sleep & Lounge,Intimates,Bras,Everyday Bras],[Clothing, Shoes & Jewelry,Women,Plus-Size,Intimates,Bras,Everyday Bras]]"
398,26770,Rothco Tank Top in Vintage Woodland Camo,"[[Clothing, Shoes & Jewelry,Novelty, Costumes & More,Work Wear & Uniforms,Clothing,Military],[Clothing, Shoes & Jewelry,Novelty, Costumes & More,Exotic Apparel,Men]]"
399,26878,Tri-Mountain Women's Self Fabric Collar Turtleneck Open Cuffs Jersey,"[[Sports & Outdoors,Clothing,Women,Shirts,T-Shirts],[Clothing, Shoes & Jewelry,Women,Clothing,Active,Active Shirts & Tees]]"
400,26879,DV by Dolce Vita Women's Ayden Sandal,"[[Clothing, Shoes & Jewelry,Shoes & Accessories: International Shipping Available],[Clothing, Shoes & Jewelry,D,DV by Dolce Vita],[Clothing, Shoes & Jewelry,Women,Shoes,Sandals]]"
401,26902,NY Collection Women's Sleeveless Surplice Dress with Twist Hardware At Waist,"[[Clothing, Shoes & Jewelry,Women,Clothing,Dresses,Casual]]"
402,27023,PattyBoutik Sexy Crochet Eyelet Lace Back Cami Vest Top,"[[Clothing, Shoes & Jewelry,Women,Clothing,Tops & Tees,Tanks & Camis]]"
403,27145,Bogs Women's Classic High Handle Rain Boot,"[[Sports & Outdoors,Equestrian Sports,Riding Boots],[Clothing, Shoes & Jewelry,Shoes & Accessories: International Shipping Available],[Clothing, Shoes & Jewelry,Winter Promo],[Clothing, Shoes & Jewelry,B,Bogs],[Clothing, Shoes & Jewelry,Boot Shop,Women,Outdoor & Work,Rain],[Clothing, Shoes & Jewelry,Women,Shoes,Boots],[Clothing, Shoes & Jewelry,Women,Shoes,Outdoor,Rain Footwear]]"
404,27181,Vans Classic Slip-On Shoes,"[[Sports & Outdoors,Action Sports,Skateboarding,Tools],[Clothing, Shoes & Jewelry,Street, Surf & Skate],[Clothing, Shoes & Jewelry,Men,Shoes,Fashion Sneakers],[Clothing, Shoes & Jewelry,Men,Shoes,Athletic,Skateboarding]]"
405,27204,ELLAZHU Women Animal Snake Printed Turndown Collar Long Sleeve Blouse Shirts (M/AU8-10/US4-6/UK8-10),"[[Clothing, Shoes & Jewelry,Women,Clothing,Tops & Tees,Blouses & Button-Down Shirts]]"
406,27255,1928 Jewelry &quot;Aqua Verde&quot; Gold-Tone Light Aqua Oval Faceted Drop Earrings,"[[Clothing, Shoes & Jewelry,Jewelry: International Shipping Available],[Clothing, Shoes & Jewelry,Shop by Designer],[Clothing, Shoes & Jewelry,Women,Jewelry,Fashion,Earrings,Drop & Dangle],[Clothing, Shoes & Jewelry,Novelty, Costumes & More,Novelty]]"
407,27264,Joe Snyder Bulge Thong 02,"[[Clothing, Shoes & Jewelry,Men],[Clothing, Shoes & Jewelry,Boys],[Clothing, Shoes & Jewelry,Novelty, Costumes & More,Exotic Apparel]]"
408,27346,Breaking Bad Heisenberg Monopoly Mens T-shirt,"[[Clothing, Shoes & Jewelry,Men],[Clothing, Shoes & Jewelry,Novelty, Costumes & More,Novelty,Clothing,Men,Shirts,T-Shirts]]"
409,27434,Bandolino Women's Modavi Wedge Sandal,"[[Clothing, Shoes & Jewelry,Shoes & Accessories: International Shipping Available],[Clothing, Shoes & Jewelry,B,Bandolino],[Clothing, Shoes & Jewelry,Women,Shoes,Sandals]]"
410,27445,Lady Women 10cm Wide Texturing Elastic Band Lace Up Cinch Belt Gift,"[[Clothing, Shoes & Jewelry,Women,Accessories,Belts]]"
411,27519,zeroUV&reg; - Blue Blocking Driving Wayfarers Sunglasses Amber Tinted Lens,"[[Clothing, Shoes & Jewelry,Men],[Clothing, Shoes & Jewelry,Novelty, Costumes & More,Novelty,Clothing,Men,Accessories,Sunglasses & Eyewear]]"
412,27544,Heritage Extreme Winter Glove,"[[Clothing, Shoes & Jewelry,Men,Accessories,Gloves & Mittens,Cold Weather Gloves]]"
413,27690,Pear Drop Austrian Crystal Dangle Earrings for Women Purple 1038801,"[[Clothing, Shoes & Jewelry,Women],[Clothing, Shoes & Jewelry,Novelty, Costumes & More,Novelty,Jewelry,Earrings]]"
414,27758,Strapless Padded Twisted Tie Side Bikini Swimsuit (L(US10)),"[[Clothing, Shoes & Jewelry,Women,Clothing,Swimsuits & Cover Ups,Bikinis]]"
415,27767,Vibram Five Finger Women's KSO,"[[Clothing, Shoes & Jewelry,V,Vibram],[Clothing, Shoes & Jewelry,Women,Shoes,Athletic,Running]]"
416,27847,"Little Me Layette Footie, Baseball, Ivory Multi, Newborn","[[Clothing, Shoes & Jewelry,Baby,Baby Boys,Clothing,Footies & Rompers,Footies]]"
417,27855,Dickies Scrubs Women's Flare JR Fit Leg Pant,"[[Clothing, Shoes & Jewelry,D,Dickies],[Clothing, Shoes & Jewelry,Novelty, Costumes & More,Work Wear & Uniforms,Clothing,Medical,Women,Scrub Bottoms]]"
418,27877,Maidenform Women's Pure Genius T-Back Bra,"[[Clothing, Shoes & Jewelry,Women,Clothing,Lingerie, Sleep & Lounge,Intimates,Bras,Everyday Bras],[Clothing, Shoes & Jewelry,Women,Petite,Intimates,Bras,Everyday Bras]]"
419,27936,KAMALIKULTURE Women's Sleeveless Maria Dress,"[[Clothing, Shoes & Jewelry,Women,Clothing,Dresses,Casual],[Clothing, Shoes & Jewelry,Women,Clothing,Dresses,Wear to Work],[Clothing, Shoes & Jewelry,Women,Clothing,Dresses,Night Out & Cocktail]]"
420,28056,Dona Michi Women's Stretch Bandeau Bra Tube Top,"[[Clothing, Shoes & Jewelry,Women,Clothing,Lingerie, Sleep & Lounge,Intimates,Bras,Everyday Bras]]"
421,28100,"Vintage Owl Necklace Long Pattern Necklace Coat Chain, Gift Idea","[[Clothing, Shoes & Jewelry,Women],[Clothing, Shoes & Jewelry,Men],[Clothing, Shoes & Jewelry,Novelty, Costumes & More,Novelty]]"
422,28105,Dickies Men's Original 874 Work Pant,"[[Clothing, Shoes & Jewelry,D,Dickies],[Clothing, Shoes & Jewelry,Novelty, Costumes & More,Work Wear & Uniforms,Clothing,Work Utility & Safety,Men,Pants]]"
423,28214,Harley-Davidson Women's Khari Motorcycle Boot,"[[Clothing, Shoes & Jewelry,Shoes & Accessories: International Shipping Available],[Clothing, Shoes & Jewelry,H,Harley-Davidson],[Clothing, Shoes & Jewelry,Boot Shop,Women,Fashion,Motorcycle],[Clothing, Shoes & Jewelry,Women,Shoes,Boots]]"
424,28542,Lil Miz Fish Flat (Little Kid/Big Kid),"[[Clothing, Shoes & Jewelry,Shoes & Accessories: International Shipping Available],[Clothing, Shoes & Jewelry,M,Miz Mooz],[Clothing, Shoes & Jewelry,Girls,Shoes,Flats],[Clothing, Shoes & Jewelry,Boys]]"
425,28588,"Ollio Womens Stilettos Shoes Open Toe Platforms Pumps Multi Colored High Heels (9 B(M) US, Red)","[[Clothing, Shoes & Jewelry,Women,Shoes,Pumps]]"
426,28601,Scarfand's Light Weight Infinity Scarf with Solid Colors or Chevron Print,"[[Clothing, Shoes & Jewelry,Women,Accessories,Scarves & Wraps,Fashion Scarves]]"
427,28653,Color Block Hi-Top Sneaker,"[[Clothing, Shoes & Jewelry,Baby,Baby Boys,Shoes,Sneakers]]"
428,28675,Columbia Girls 7-16 Y Northern Peak Visor Beanie,"[[Sports & Outdoors,Snow Sports,Skiing,Clothing,Men,Hats],[Sports & Outdoors,Clothing,Men,Accessories,Hats & Caps,Cold Weather Hats],[Clothing, Shoes & Jewelry,Men,Accessories,Hats & Caps]]"
429,28707,Reebok Men's Club C Gum Fashion Sneaker,"[[Clothing, Shoes & Jewelry,Shoes & Accessories: International Shipping Available],[Clothing, Shoes & Jewelry,R,Reebok],[Clothing, Shoes & Jewelry,Men,Shoes,Fashion Sneakers],[Clothing, Shoes & Jewelry,Novelty, Costumes & More,Exotic Apparel]]"
430,28864,Bonded Sterling Silver and 14k Two-Tone Gold Huggie Hoop Earrings,"[[Clothing, Shoes & Jewelry,Jewelry: International Shipping Available],[Clothing, Shoes & Jewelry,Plain Gold Jewelry],[Clothing, Shoes & Jewelry,Amazon Curated Collection],[Clothing, Shoes & Jewelry,Women,Jewelry,Fine,Earrings,Hoop],[Clothing, Shoes & Jewelry,Novelty, Costumes & More,Novelty],[Clothing, Shoes & Jewelry,Test Women AAQ]]"
431,28875,"Sandra Darren Women's Plus-Size Sleeveless Printed Neck Detail Dress, Black Jade, 18","[[Clothing, Shoes & Jewelry,Women,Clothing,Dresses,Wear to Work],[Clothing, Shoes & Jewelry,Women,Plus-Size,Dresses,Wear to Work]]"
432,28935,Women Lace Scoop Neck Stretchy Pullover Tank Top,"[[Clothing, Shoes & Jewelry,Women,Clothing,Tops & Tees,Tanks & Camis],[Clothing, Shoes & Jewelry,Women,Petite,Tops & Tees,Tanks & Camis]]"
433,28949,WOMEN NEW LOUNGE PANT CASUAL GYPSY COTTON CAPRI POCKET YOGA TROUSER PAJAMA,"[[Sports & Outdoors,Exercise & Fitness,Yoga,Clothing],[Sports & Outdoors,Clothing,Women,Pants],[Clothing, Shoes & Jewelry,Women,Clothing,Active,Active Pants]]"
434,29036,Allegra K Women's Short Sleeve Crochet Neck Top,"[[Clothing, Shoes & Jewelry,Women,Clothing,Tops & Tees,Blouses & Button-Down Shirts]]"
435,29192,Lindy Bop Women's Jeanette' 1950's Rockabilly Shirt Dress,"[[Clothing, Shoes & Jewelry,Women,Clothing,Dresses,Casual]]"
436,29194,Lock Laces Elastic Shoelace and Fastening System,"[[Clothing, Shoes & Jewelry,Novelty, Costumes & More,Shoe Care & Accessories,Shoelaces]]"
437,29273,Tresics V-Neck Cap Sleeve Tops,"[[Clothing, Shoes & Jewelry,Women,Clothing,Tops & Tees,Knits & Tees],[Clothing, Shoes & Jewelry,Women,Petite,Tops & Tees,Knits & Tees]]"
438,29369,Alternative Women's Cap-Sleeve Crew Tee,"[[Sports & Outdoors,Clothing,Women,Shirts,T-Shirts],[Clothing, Shoes & Jewelry,Women,Clothing,Tops & Tees,Knits & Tees]]"
439,29387,Teva Psyclone 3 Kids Sandal,"[[Clothing, Shoes & Jewelry,Shoes & Accessories: International Shipping Available],[Clothing, Shoes & Jewelry,T,Teva],[Clothing, Shoes & Jewelry,Girls,Shoes,Sandals],[Clothing, Shoes & Jewelry,Boys,Shoes,Sandals]]"
440,29493,IZOD Men's Slim Fit Solid Pique Polo With Tipping,"[[Clothing, Shoes & Jewelry,I,IZOD],[Clothing, Shoes & Jewelry,Men,Clothing,Shirts,Polos]]"
441,29507,zeroUV&reg; - Polka Dot Cat Eye Womens Mod Fashion Super Cat Sunglasses,"[[Clothing, Shoes & Jewelry,Women],[Clothing, Shoes & Jewelry,Novelty, Costumes & More,Novelty,Clothing,Women,Accessories,Sunglasses & Eyewear]]"
442,29579,Allegra K Women Double Breasted Button-tab Epaulets Self Tie Strap Trench Jacket,"[[Clothing, Shoes & Jewelry,Women,Clothing,Coats & Jackets,Trench & Rain]]"
443,29688,Han Made Bead Pu Leather Bracelets Triple Band Skull Desing 8.5 Inches Include a Gift Puuch,"[[Clothing, Shoes & Jewelry,Women],[Clothing, Shoes & Jewelry,Novelty, Costumes & More,Novelty,Jewelry,Bracelets]]"
444,29700,Sperry Top-Sider Men's Billfish Boat Shoe,"[[Clothing, Shoes & Jewelry,S,Sperry Top-Sider],[Clothing, Shoes & Jewelry,Men,Shoes,Loafers & Slip-Ons]]"
445,29826,Funtasma by Pleaser Women's Gangster-15 Platform Oxford,"[[Clothing, Shoes & Jewelry,Shoes & Accessories: International Shipping Available],[Clothing, Shoes & Jewelry,Women,Shoes,Pumps]]"
446,29914,"Disney Boys 2-7 Cars Board Short, Multi, 5","[[Clothing, Shoes & Jewelry,Boys,Clothing,Swim,Board Shorts]]"
447,29969,Naot Women's Rachel Gladiator Sandal,"[[Clothing, Shoes & Jewelry,Shoes & Accessories: International Shipping Available],[Clothing, Shoes & Jewelry,N,Naot],[Clothing, Shoes & Jewelry,Women,Shoes,Sandals]]"
448,29981,GOLD TONE MULTI BUTTERFLY EAR Dangling Gold Tone Lightweight Butterfly Earrings,"[[Clothing, Shoes & Jewelry,Women],[Clothing, Shoes & Jewelry,Novelty, Costumes & More,Novelty,Jewelry,Earrings]]"
449,29992,Armani Exchange Chronohraph Silver Dial Stainless Steel Mens Watch AX1278,"[[Clothing, Shoes & Jewelry,Men,Watches,Wrist Watches]]"
450,30046,Zenana Women's Cami Sets (2 &amp; 4 Packs),"[[Clothing, Shoes & Jewelry,Women,Clothing,Tops & Tees,Tanks & Camis]]"
451,30082,"Yoga Athletic Fitness Shorts, Contrast Fold Over Waist, JR SZS 92/8","[[Sports & Outdoors,Exercise & Fitness,Yoga,Clothing,Women,Shorts],[Clothing, Shoes & Jewelry,Women,Clothing,Active,Active Shorts],[Clothing, Shoes & Jewelry,Women,Petite,Active,Active Shorts]]"
452,30187,Alexis Leroy Women's Sexy Leopard Design Low Top Ballet Flats Shoes,"[[Clothing, Shoes & Jewelry,Women,Shoes,Flats]]"
453,30203,Lindy Bop Women's Yvette' 1950's Parisian Pinup Dress,"[[Clothing, Shoes & Jewelry,Women,Clothing,Dresses,Casual],[Clothing, Shoes & Jewelry,Women,Clothing,Dresses,Night Out & Cocktail]]"
454,30255,Playtex Women's 18-Hour Seamless Smoothing Bra #4049,"[[Clothing, Shoes & Jewelry,Women,Clothing,Lingerie, Sleep & Lounge,Intimates,Bras,Everyday Bras],[Clothing, Shoes & Jewelry,Women,Plus-Size]]"
455,30314,"Boys Rock Baby Infant 3 Piece Jacket Set with Knit Top and Denim Pant, Orange, 18 Months","[[Clothing, Shoes & Jewelry,Baby,Baby Boys,Clothing,Clothing Sets,Pant Sets]]"
456,30608,Sterling Silver Double Row Twist Diamond Cut Hoop Earrings (0.8&quot; Diameter),"[[Clothing, Shoes & Jewelry,Jewelry: International Shipping Available],[Clothing, Shoes & Jewelry,Plain Silver Jewelry],[Clothing, Shoes & Jewelry,Amazon Curated Collection],[Clothing, Shoes & Jewelry,Women,Jewelry,Fine,Earrings,Hoop],[Clothing, Shoes & Jewelry,Novelty, Costumes & More,Novelty]]"
457,30616,"Crocs Adrina Strappy Sandal Women Womens Footwear, Size: 5 B(M) US Womens, Color: Hot Pink/Hot Pink","[[Clothing, Shoes & Jewelry,C,crocs],[Clothing, Shoes & Jewelry,Comfort Shoes],[Clothing, Shoes & Jewelry,Women,Shoes,Sandals]]"
458,30798,Casio SGW400H-1BV Twin Sensor Altimeter Barometer Thermometer Watch,"[[Clothing, Shoes & Jewelry,Men,Watches,Wrist Watches]]"
459,30902,Jack Juniors Brook Longsleeve Top,"[[Clothing, Shoes & Jewelry,Women,Clothing,Tops & Tees,Knits & Tees],[Clothing, Shoes & Jewelry,Women,Juniors,Tops & Tees,Knits & Tees]]"
460,30920,"U-Turn Jeans Women's Stretch Cotton,Butt Lift,Skinny Leg Pants","[[Clothing, Shoes & Jewelry,Women,Clothing,Jeans],[Clothing, Shoes & Jewelry,Women,Petite,Jeans]]"
461,30948,39pcs Premium Interchangeable Ladies Watch set- customized wristwatch -Color Vary,"[[Clothing, Shoes & Jewelry,Women,Watches,Wrist Watches]]"
462,30949,Fashion Purple dragonfly charms necklace With Chain Rhinestone Inlay gemtone,"[[Clothing, Shoes & Jewelry,Women],[Clothing, Shoes & Jewelry,Novelty, Costumes & More,Novelty,Jewelry,Necklaces & Pendants]]"
463,31010,Sterling Silver Flat Polished Hoop Earrings (0.7&quot; Diameter),"[[Clothing, Shoes & Jewelry,New Arrivals,New Jewelry],[Clothing, Shoes & Jewelry,Jewelry: International Shipping Available],[Clothing, Shoes & Jewelry,Plain Silver Jewelry],[Clothing, Shoes & Jewelry,Amazon Curated Collection],[Clothing, Shoes & Jewelry,Women,Jewelry,Fine,Earrings,Hoop],[Clothing, Shoes & Jewelry,Novelty, Costumes & More,Novelty]]"
464,31016,Van Heusen 59850 Ladies' Short-Sleeve Wrinkle-Resistant Oxford,"[[Sports & Outdoors,Clothing],[Clothing, Shoes & Jewelry,Women,Clothing,Tops & Tees,Blouses & Button-Down Shirts],[Clothing, Shoes & Jewelry,Women,Petite,Tops & Tees,Blouses & Button-Down Shirts,Button-Down Shirts]]"
465,31039,Mark And Maddux Women's Tom-05 Knitted Ugg Boots,"[[Clothing, Shoes & Jewelry,Women,Shoes,Boots]]"
466,31229,Anemone Women's Cozy Winter Fleece Lined Seamless Leggings,"[[Clothing, Shoes & Jewelry,Women,Clothing,Leggings]]"
467,31235,TIR-0008 Solid Titanium Rose Gold IP 6mm Wide Classic Band Ring; Comes With Free Gift Box,"[[Clothing, Shoes & Jewelry,Women],[Clothing, Shoes & Jewelry,Novelty, Costumes & More,Novelty]]"
468,31308,Cobb Hill Women's Alexandra Boot,"[[Clothing, Shoes & Jewelry,Shoes & Accessories: International Shipping Available],[Clothing, Shoes & Jewelry,Women,Shoes,Boots]]"
469,31437,MARCH AQUAMARINE Birthstone Wings &amp; Wishes Angel Tac Pin,"[[Books,Children's Books],[Clothing, Shoes & Jewelry,Jewelry: International Shipping Available],[Clothing, Shoes & Jewelry,Women],[Clothing, Shoes & Jewelry,Novelty, Costumes & More,Novelty,Jewelry,Brooches & Pins]]"
470,31492,Plus Size 2 XL Embroidered Mexican Peasant Blouse,"[[Clothing, Shoes & Jewelry,Women,Clothing,Tops & Tees,Blouses & Button-Down Shirts],[Clothing, Shoes & Jewelry,Women,Plus-Size,Tops & Tees,Blouses & Button-Down Shirts]]"
471,31587,"Girls Live Love Tumble Royal Blue T-shirt (Youth Large, Royal Blue)","[[Clothing, Shoes & Jewelry,Girls],[Clothing, Shoes & Jewelry,Novelty, Costumes & More,Novelty,Clothing,Girls,Tops & Tees,T-Shirts]]"
472,31655,Stuhrling Original Women's 518.1115G95 Vogue Audrey Verona Mariposa Quartz Swarovski Crystal Mother-Of-Pearl Yellow Watch,"[[Clothing, Shoes & Jewelry,New Arrivals],[Clothing, Shoes & Jewelry,Women,Watches,Wrist Watches]]"
473,31683,Black Classic Watch Case Display Box With Clear Glass Top Holds 20 Watches and Caddy Bay Collection Microfiber Cleaning Cloth,"[[Clothing, Shoes & Jewelry,Novelty, Costumes & More,Watch Accessories,Cabinets & Cases]]"
474,31719,UGG Women's Classic Cardy Boots,"[[Clothing, Shoes & Jewelry,Shoes & Accessories: International Shipping Available],[Clothing, Shoes & Jewelry,U,UGG],[Clothing, Shoes & Jewelry,Women,Shoes,Boots]]"
475,31855,"Daniel Green Women's Portia Scuff,Black,8 M US","[[Clothing, Shoes & Jewelry,Shoes & Accessories: International Shipping Available],[Clothing, Shoes & Jewelry,Winter Promo],[Clothing, Shoes & Jewelry,W,Woolrich],[Clothing, Shoes & Jewelry,Comfort Shoes],[Clothing, Shoes & Jewelry,Women,Shoes,Slippers]]"
476,31859,Arrow Men's Wrinkle Free Sateen Solid Shirt,"[[Clothing, Shoes & Jewelry,Men,Clothing,Shirts,Dress Shirts],[Clothing, Shoes & Jewelry,Men,Big & Tall]]"
477,31933,Beautiful 15pcs Mixed Gemstone Oval CAB Cabochon 25x18x6mm,"[[Clothing, Shoes & Jewelry,Women],[Clothing, Shoes & Jewelry,Novelty, Costumes & More,Novelty,Jewelry,Necklaces & Pendants]]"
478,31941,Dickies Scrubs Women's Gen Flex Contrast Stitch Shirt,"[[Clothing, Shoes & Jewelry,D,Dickies],[Clothing, Shoes & Jewelry,Novelty, Costumes & More,Work Wear & Uniforms,Clothing,Medical,Women,Scrub Tops]]"
479,31970,New Balance Women's W3090 Minimus Ionix Athletic Running Shoe,"[[Clothing, Shoes & Jewelry,Shoes & Accessories: International Shipping Available],[Clothing, Shoes & Jewelry,N,New Balance],[Clothing, Shoes & Jewelry,Women,Shoes,Athletic,Running]]"
480,32066,Anne Klein Women's Alicia Wool Coat,"[[Clothing, Shoes & Jewelry,Women,Clothing,Coats & Jackets,Wool & Blends]]"
481,32080,Sexy Women Full Body Open Crotch Fishnet Lingerie Tights Pantyhose Stockings,"[[Clothing, Shoes & Jewelry,Women],[Clothing, Shoes & Jewelry,Novelty, Costumes & More,Exotic Apparel,Women,Bodystockings]]"
482,32188,Leg Avenue Women's Nylon Striped Tights,"[[Clothing, Shoes & Jewelry,L,Leg Avenue],[Clothing, Shoes & Jewelry,Novelty, Costumes & More]]"
483,32216,Kenneth Cole Reaction Women's Textured Small Plate Urban Organizer Wallet,"[[Clothing, Shoes & Jewelry,K,Kenneth Cole REACTION],[Clothing, Shoes & Jewelry,Women,Accessories,Wallets, Card Cases & Money Organizers,Wallets]]"
484,32272,Celtic Trinity Knot Tree of Life with Sun and Moon Sterling Silver Ring,"[[Clothing, Shoes & Jewelry,Women,Jewelry,Fine,Rings],[Clothing, Shoes & Jewelry,Women,Jewelry,Religious,Rings],[Clothing, Shoes & Jewelry,Novelty, Costumes & More,Novelty]]"
485,32360,Ebuddy @ Lotus Swimsuit Swimwear Bathing Suit Bikini Set,"[[Clothing, Shoes & Jewelry,Women,Clothing,Swimsuits & Cover Ups,Bikinis]]"
486,32422,"Hello Kitty Girls 2-6X Long Sleeve Shrug Dress, Fuschia, 4","[[Clothing, Shoes & Jewelry,Girls,Clothing,Dresses,Playwear]]"
487,32455,"Heat Holders Thermal Socks, Men's Original, US Shoe Size 7-12, Navy","[[Clothing, Shoes & Jewelry,Men,Clothing,Active,Athletic Socks]]"
488,32508,Sterling Silver Black Diamond Accent Knot Earrings,"[[Clothing, Shoes & Jewelry,Diamonds],[Clothing, Shoes & Jewelry,Women],[Clothing, Shoes & Jewelry,Novelty, Costumes & More,Novelty,Jewelry,Earrings]]"
489,32522,Larry Levine Women's Quilted Hooded Down Jacket with Slimming Waist Detail - Black (X-Small),"[[Clothing, Shoes & Jewelry,Women,Clothing,Coats & Jackets,Down & Down Alternative]]"
490,32816,Johnston &amp; Murphy Men's Melton Oxford,"[[Clothing, Shoes & Jewelry,Shoes & Accessories: International Shipping Available],[Clothing, Shoes & Jewelry,J,Johnston & Murphy],[Clothing, Shoes & Jewelry,Comfort Shoes],[Clothing, Shoes & Jewelry,Men,Shoes,Oxfords]]"
491,32849,Ever Pretty One Shoulder Padded Ruffles Fashion Long Evening Dresses 09816,"[[Clothing, Shoes & Jewelry,Women,Clothing,Dresses,Special Occasion]]"
492,32882,ELLAZHU Women's Lace Stitching Flowers Long Sleeve Chiffon Blouse,"[[Clothing, Shoes & Jewelry,Women,Clothing,Tops & Tees,Blouses & Button-Down Shirts]]"
493,32900,"(Cybertela) Keep Calm and Carry On Run Zombies Are Coming Junior Girl's T-shirt Funny Gothic Horror Tee (Black, Small)","[[Clothing, Shoes & Jewelry,Girls],[Clothing, Shoes & Jewelry,Novelty, Costumes & More,Novelty,Clothing]]"
494,32976,Nine West Women's Cashy Ankle Boot,"[[Clothing, Shoes & Jewelry,Shoes & Accessories: International Shipping Available],[Clothing, Shoes & Jewelry,N,Nine West],[Clothing, Shoes & Jewelry,Boot Shop,Women,Fashion,Dress],[Clothing, Shoes & Jewelry,Women,Shoes,Boots]]"
495,33049,Gerber Baby-Boys  2 Pack Sleep N Play Snap Front Monkey,"[[Clothing, Shoes & Jewelry,Baby,Baby Boys,Clothing,Sleepwear & Robes,Blanket Sleepers]]"
496,33115,"Goodnight Kiss Women's Thermal Fleece Pajama Set, White, Medium","[[Clothing, Shoes & Jewelry,Women,Clothing,Lingerie, Sleep & Lounge,Sleep & Lounge,Sets]]"
497,33234,Champion Women's Absolute Workout Sports Bra,"[[Clothing, Shoes & Jewelry,Women,Clothing,Lingerie, Sleep & Lounge,Intimates,Bras,Sports Bras]]"
498,33312,niceEshop(TM) 1 Bag(50Pcs) Packaged - Silver Tone Brooch Pin Back With 2 Hole-Silver,"[[Clothing, Shoes & Jewelry,Novelty, Costumes & More,Novelty,Jewelry,Brooches & Pins]]"
499,33372,Teez-Her The Skinny Legging,"[[Clothing, Shoes & Jewelry,Women,Clothing,Leggings],[Clothing, Shoes & Jewelry,Women,Petite,Leggings]]"
500,33518,Kanu Surf Men's Big Solid Rashguard Extended Size Swim Tee UPF 50+,"[[Clothing, Shoes & Jewelry,Men,Clothing,Swim,Rash Guards],[Clothing, Shoes & Jewelry,Men,Big & Tall,Swim,Rash Guards]]"
501,33521,Bling Jewelry Tahitian Style Sea Shell White Pearl Ball Stud Earrings 6mm,"[[Clothing, Shoes & Jewelry,Women],[Clothing, Shoes & Jewelry,Novelty, Costumes & More,Novelty,Jewelry,Earrings]]"
502,33671,Clarks Women's Caslynn Regina Wedge Sandal,"[[Clothing, Shoes & Jewelry,Shoes & Accessories: International Shipping Available],[Clothing, Shoes & Jewelry,C,Clarks],[Clothing, Shoes & Jewelry,Comfort Shoes],[Clothing, Shoes & Jewelry,Women,Shoes,Sandals]]"
503,33760,Skechers Men's Mariner Utility Boot,"[[Clothing, Shoes & Jewelry,Shoes & Accessories: International Shipping Available],[Clothing, Shoes & Jewelry,S,Skechers],[Clothing, Shoes & Jewelry,Comfort Shoes],[Clothing, Shoes & Jewelry,Men,Shoes,Boots]]"
504,33789,Allegra K Lady Ruffled Patch Embellished Bowknot Decor Horizontal Striped Shirt,"[[Clothing, Shoes & Jewelry,Women,Clothing,Tops & Tees,Blouses & Button-Down Shirts]]"
505,33828,adidas Men's Adizero Tour Golf Shoe,"[[Clothing, Shoes & Jewelry,Shoes & Accessories: International Shipping Available],[Clothing, Shoes & Jewelry,adidas],[Clothing, Shoes & Jewelry,Men,Shoes,Athletic,Golf]]"
506,33887,Impact Men's Army Of Darkness This Is My Boomstick T-Shirt,"[[Clothing, Shoes & Jewelry,Men,Clothing,Shirts,T-Shirts],[Clothing, Shoes & Jewelry,Novelty, Costumes & More,Novelty],[Clothing, Shoes & Jewelry,Novelty, Costumes & More,Band & Music Fan,T-Shirts]]"
507,33924,Green and Black Striped Witch Socks,"[[Clothing, Shoes & Jewelry,Novelty, Costumes & More,Costumes & Accessories,More Accessories,Women]]"
508,33927,The Mountain Men's Sasquatch T-shirt,"[[Clothing, Shoes & Jewelry,Men],[Clothing, Shoes & Jewelry,Novelty, Costumes & More,Novelty,Clothing,Men,Shirts,T-Shirts]]"
509,33945,Bali Women's Bali Comfort Revolution Wire-Free Bra,"[[Clothing, Shoes & Jewelry,Women,Clothing,Lingerie, Sleep & Lounge,Intimates,Bras,Everyday Bras],[Clothing, Shoes & Jewelry,Women,Plus-Size]]"
510,33972,Steve Madden Women's Praisse Gladiator Sandal,"[[Clothing, Shoes & Jewelry,Shoes & Accessories: International Shipping Available],[Clothing, Shoes & Jewelry,S,Steve Madden],[Clothing, Shoes & Jewelry,Women,Shoes,Sandals]]"
511,34023,niceEshop(TM) Fashion Vintage Bronze Ruby Bracelet-Red&amp;Bronze,"[[Clothing, Shoes & Jewelry,Women],[Clothing, Shoes & Jewelry,Novelty, Costumes & More,Novelty,Jewelry,Bracelets]]"
512,34038,"Magnum DC-2 Steel Toe Cotton Crew Sock, 3 Pair Pack (Black)","[[Clothing, Shoes & Jewelry,Men,Clothing,Active,Athletic Socks]]"
513,34088,Leveret &quot;Gift Box&quot; 2 Piece Pajama 100% Cotton (Size 6M-5T) *Christmas Collection*,"[[Clothing, Shoes & Jewelry,Baby,Baby Girls,Clothing,Sleepwear & Robes,Pajama Sets],[Clothing, Shoes & Jewelry,Baby,Baby Boys,Clothing,Sleepwear & Robes,Pajama Sets]]"
514,34089,8MM Matte Finish Stainless Steel Ring Wedding Band with CZ sizes 7 to 12,"[[Clothing, Shoes & Jewelry,Men,Jewelry],[Clothing, Shoes & Jewelry,Novelty, Costumes & More,Novelty,Jewelry,Wedding & Engagement Rings,Wedding Rings]]"
515,34119,New Balance Women's WT1010 Minimus Trail Shoe,"[[Clothing, Shoes & Jewelry,Shoes & Accessories: International Shipping Available],[Clothing, Shoes & Jewelry,N,New Balance],[Clothing, Shoes & Jewelry,Women,Shoes,Athletic,Running]]"
516,34146,PattyBoutik Stylish V Neck Cut Out Cold Shoulder Slit Long Sleeve Party Knit Top,"[[Clothing, Shoes & Jewelry,Women,Clothing,Tops & Tees,Knits & Tees]]"
517,34167,Lunaire NY Strapless Underwire Bra,"[[Clothing, Shoes & Jewelry,Women,Clothing,Lingerie, Sleep & Lounge,Intimates,Bras,Everyday Bras],[Clothing, Shoes & Jewelry,Women,Petite,Intimates,Bras,Everyday Bras]]"
518,34212,Geneva Brown with Gold Women's Faux Chronograph Silicone Rubber Jelly Watch with CZ Crystal Rhinestones Face Bling Bezel-BrownGold,"[[Clothing, Shoes & Jewelry,Fashion Watches],[Clothing, Shoes & Jewelry,Women,Watches,Wrist Watches]]"
519,34344,Fashion Accessories Trial Order New Quartz Fashion Leather Bracelet Lady Woman Wrist Watch Brown,"[[Clothing, Shoes & Jewelry,Women,Watches,Wrist Watches]]"
520,34377,Yelete Solid Color Seamless Heavyweight Fleece Legging Multiple Colors,"[[Clothing, Shoes & Jewelry,Women,Clothing,Leggings]]"
521,34470,Black Agate Stone Plugs - 00g - 10mm - Sold As a Pair,"[[Clothing, Shoes & Jewelry,Gemstones],[Clothing, Shoes & Jewelry,Women],[Clothing, Shoes & Jewelry,Novelty, Costumes & More,Novelty,Jewelry],[Clothing, Shoes & Jewelry,Novelty, Costumes & More,Body Jewelry,Piercing Jewelry,Plugs]]"
522,34488,Hello Kitty Head Shaped Pendant Charm Necklace Chain,"[[Clothing, Shoes & Jewelry,Shop by Designer],[Clothing, Shoes & Jewelry,Women],[Clothing, Shoes & Jewelry,Girls],[Clothing, Shoes & Jewelry,Novelty, Costumes & More,Novelty]]"
523,34499,Emperia Women's Boho Bag with Luxury Hardware Rings,"[[Clothing, Shoes & Jewelry,Women,Handbags & Wallets,Shoulder Bags]]"
524,34557,J.TOMSON Womens V-Neck Button Down Cardigan,"[[Clothing, Shoes & Jewelry,Women,Clothing,Sweaters,Cardigans]]"
525,34560,Cherokee Women's Workwear Scrubs Tie Back Mock Wrap Tunic,"[[Clothing, Shoes & Jewelry,Novelty, Costumes & More,Work Wear & Uniforms,Clothing,Medical,Women,Scrub Tops]]"
526,34610,LaLaMa Yoga Comfort Wirefree Push Up Sports Bra,"[[Clothing, Shoes & Jewelry,Women,Clothing,Lingerie, Sleep & Lounge,Intimates,Bras,Sports Bras]]"
527,34664,2 Pcs of 925 Sterling Silver Focal Round Stopper With Rubber Bead For European Story Charm Bracelets,"[[Clothing, Shoes & Jewelry,Women],[Clothing, Shoes & Jewelry,Novelty, Costumes & More,Novelty,Jewelry,Charms]]"
528,34719,Allegra K Women Off Shoulder Design Leopard Prints Smocked Hem 3/4 Sleeve Top,"[[Clothing, Shoes & Jewelry,Women,Clothing,Tops & Tees,Blouses & Button-Down Shirts],[Clothing, Shoes & Jewelry,Women,Petite,Tops & Tees,Blouses & Button-Down Shirts,Blouses]]"
529,34733,Diamond Accent Crystal Cluster Flower Clip-on Earrings,"[[Clothing, Shoes & Jewelry,Women],[Clothing, Shoes & Jewelry,Novelty, Costumes & More,Novelty,Jewelry,Earrings]]"
530,34750,Vince Camuto Women's Emera Gladiator Sandal,"[[Clothing, Shoes & Jewelry,Shoes & Accessories: International Shipping Available],[Clothing, Shoes & Jewelry,V,Vince Camuto],[Clothing, Shoes & Jewelry,Women,Shoes,Sandals]]"
531,34753,Volcom Women's Simply Solid 11 Inch Boardshorts,"[[Clothing, Shoes & Jewelry,Women,Clothing,Swimsuits & Cover Ups,Board Shorts],[Clothing, Shoes & Jewelry,Women,Juniors,Swimsuits & Cover Ups,Board Shorts]]"
532,34755,Kitestrings Boys 2-7 Little Pintucked Fine Wale Corduroy Pant,"[[Clothing, Shoes & Jewelry,Boys,Clothing,Pants]]"
533,34877,Ollio Women's Platform Shoe Faux Suede Stiletto Leopard High Heels Multi Color Pump,"[[Clothing, Shoes & Jewelry,Women,Shoes,Pumps]]"
534,35013,Nine West Women's Lupetto Wedge Pump,"[[Clothing, Shoes & Jewelry,Shoes & Accessories: International Shipping Available],[Clothing, Shoes & Jewelry,N,Nine West],[Clothing, Shoes & Jewelry,Women,Shoes,Pumps]]"
535,35077,Natori Women's Charmeuse Essential Robe,"[[Clothing, Shoes & Jewelry,Women,Clothing,Lingerie, Sleep & Lounge,Sleep & Lounge,Robes]]"
536,35137,"Mens Pants - Vintage Cargo Paratrooper Fatigues, Brown by Rothco","[[Clothing, Shoes & Jewelry,Novelty, Costumes & More,Work Wear & Uniforms,Clothing,Military,Men,Pants]]"
537,35142,"Disney Cuddly Bodysuit, Wrap Front-  Drop Needle, White, 0-3 Months","[[Clothing, Shoes & Jewelry,Baby,Baby Girls,Clothing,Bodysuits],[Clothing, Shoes & Jewelry,Baby,Baby Boys,Clothing,Bodysuits]]"
538,35194,Good&amp;god Men's Big Face Fashion Sport Quartz Wrist Watch Black PU Leather Strap Yellow Dial,"[[Clothing, Shoes & Jewelry,Men,Watches,Wrist Watches]]"
539,35210,Vivian &amp; Vincent Soft Light Weight Zig Zag Chevron Sheer Infinity Scarf,"[[Clothing, Shoes & Jewelry,Women,Accessories,Scarves & Wraps,Fashion Scarves]]"
540,35293,Casio Men's WV58A-1AV,"[[Clothing, Shoes & Jewelry,New Arrivals],[Clothing, Shoes & Jewelry,Men,Watches,Wrist Watches]]"
541,35392,"Oakley Women's Compulsive Squared Sunglasses,Polished Black Frame/Grey Lens,one size","[[Sports & Outdoors,Accessories,Sports Sunglasses],[Clothing, Shoes & Jewelry,O,Oakley],[Clothing, Shoes & Jewelry,Women,Accessories,Sunglasses & Eyewear Accessories,Sunglasses],[Clothing, Shoes & Jewelry,Men,Accessories,Sunglasses & Eyewear Accessories,Sunglasses]]"
542,35524,"Nannette Baby-girls Infant Shangtung Dress With Dot Print, Black, 18 Months","[[Clothing, Shoes & Jewelry,Baby,Baby Girls,Clothing,Dresses,Special Occasion]]"
543,35530,Sterling Silver Blue Glass and White Simulated Diamond Drop Earrings,"[[Clothing, Shoes & Jewelry,Jewelry: International Shipping Available],[Clothing, Shoes & Jewelry,Amazon Curated Collection],[Clothing, Shoes & Jewelry,Women,Jewelry,Fashion,Earrings,Drop & Dangle],[Clothing, Shoes & Jewelry,Novelty, Costumes & More,Novelty]]"
544,35725,Joe Snyder Men's Bulge Boxer,"[[Clothing, Shoes & Jewelry,Novelty, Costumes & More,Exotic Apparel,Men,Briefs]]"
545,35900,"Gold Toe Women's Floral Fashion 3 Pack Socks, Black, 9-11","[[Clothing, Shoes & Jewelry,Women,Clothing,Socks & Hosiery,Dress & Trouser Socks],[Clothing, Shoes & Jewelry,Women,Petite,Socks & Hosiery,Dress & Trouser Socks]]"
546,35954,Doctor Who Men's Glowing Tardis Union Jack T-Shirt,"[[Clothing, Shoes & Jewelry,Novelty, Costumes & More,Novelty],[Clothing, Shoes & Jewelry,Novelty, Costumes & More,Movie & TV Fan,Tops & Tees,T-Shirts]]"
547,35995,Walking Cradles Women's Cherry Slingback Sandal,"[[Clothing, Shoes & Jewelry,Shoes & Accessories: International Shipping Available],[Clothing, Shoes & Jewelry,W,Walking Cradles],[Clothing, Shoes & Jewelry,Women,Shoes,Sandals]]"
548,36093,Bling rings and Bracelets,"[[Clothing, Shoes & Jewelry,Women],[Clothing, Shoes & Jewelry,Novelty, Costumes & More,Novelty,Jewelry,Rings]]"
549,36151,X-Men Wolverine Torso Costume T-Shirt,"[[Clothing, Shoes & Jewelry,Men],[Clothing, Shoes & Jewelry,Novelty, Costumes & More,Novelty,Clothing,Men,Shirts,T-Shirts]]"
550,36324,U.S. Polo Assn. Sport Men's US9250 White Analog Digital Sport Watch,"[[Sports & Outdoors,Accessories,Sport Watches],[Clothing, Shoes & Jewelry,New Arrivals],[Clothing, Shoes & Jewelry,Jewelry: International Shipping Available],[Clothing, Shoes & Jewelry,Available for International Shipping],[Clothing, Shoes & Jewelry,Sport Watches],[Clothing, Shoes & Jewelry,Men,Watches,Wrist Watches]]"
551,36390,Jockey Scrubs Ladies Snap Front Scrub Top with Notched Neckline,"[[Clothing, Shoes & Jewelry,Novelty, Costumes & More,Work Wear & Uniforms,Clothing,Medical]]"
552,36512,"J.C. Rags Men's Herringbone Blazer, Black, Medium","[[Clothing, Shoes & Jewelry,Men,Clothing,Suits & Sport Coats,Sport Coats & Blazers],[Clothing, Shoes & Jewelry,Men,Big & Tall]]"
553,36541,Zehui&reg; Mens Swimwear Sexy Sport Shorts Tie Rope Swim Trunks,"[[Clothing, Shoes & Jewelry,Men,Clothing],[Clothing, Shoes & Jewelry,Men,Big & Tall]]"
554,36549,ELLAZHU Baggy Spring Harem Hippie Dots Stiching Pants Trouser Onesize GY80,"[[Clothing, Shoes & Jewelry,Women,Clothing,Pants,Casual]]"
555,36578,Cotton Tights for Baby,"[[Clothing, Shoes & Jewelry,Baby,Baby Girls,Accessories,Tights]]"
556,36678,Ever Pretty Ruffles Silk Satin Bow Rhinestones One Shoulder Cocktail Dress 03229,"[[Clothing, Shoes & Jewelry,Women,Clothing,Dresses,Special Occasion]]"
557,36680,Triplane Cufflinks with Gift Box,"[[Clothing, Shoes & Jewelry,Men,Jewelry,Cuff Links],[Clothing, Shoes & Jewelry,Novelty, Costumes & More,Novelty]]"
558,36689,2 Packs Eighteen Pairs of Multicolored Studs with Nylon Posts Earrings,"[[Clothing, Shoes & Jewelry,Women],[Clothing, Shoes & Jewelry,Novelty, Costumes & More,Novelty,Jewelry,Earrings]]"
559,36717,"Little Lass Girls 2-6X 2 Piece Jumper Set With Cropped Legging, Black, 5","[[Clothing, Shoes & Jewelry,Girls,Clothing,Clothing Sets,Pant Sets]]"
560,36741,Goldtone Finish Silver and Rose Goldtone Finish Silver Set of Three Hoop Earrings (0.9 inches),"[[Clothing, Shoes & Jewelry,Jewelry: International Shipping Available],[Clothing, Shoes & Jewelry,Amazon Curated Collection],[Clothing, Shoes & Jewelry,Women,Jewelry,Fine,Earrings,Hoop],[Clothing, Shoes & Jewelry,Novelty, Costumes & More,Novelty]]"
561,36788,5.11 #74273 Men's TacLite Pro Pant,"[[Clothing, Shoes & Jewelry,Men,Clothing,Pants,Casual]]"
562,36811,Asics Abby Bra Tank Top,"[[Clothing, Shoes & Jewelry,Women,Petite,Active,Active Shirts & Tees]]"
563,36820,"Tommy Hilfiger Women's Classic Wool A-Line Coat, Camel, 6","[[Clothing, Shoes & Jewelry,T,Tommy Hilfiger],[Clothing, Shoes & Jewelry,Women,Clothing,Coats & Jackets,Wool & Blends]]"
564,36867,"Sterling Silver Lapis Cross Necklace, 18-Inch","[[Clothing, Shoes & Jewelry,Gemstones],[Clothing, Shoes & Jewelry,Women],[Clothing, Shoes & Jewelry,Men],[Clothing, Shoes & Jewelry,Girls],[Clothing, Shoes & Jewelry,Boys],[Clothing, Shoes & Jewelry,Novelty, Costumes & More,Novelty],[Clothing, Shoes & Jewelry,Novelty, Costumes & More,Band & Music Fan]]"
565,36962,Torrid Plus Size Lace Push-Up Bra,"[[Clothing, Shoes & Jewelry,Women,Clothing,Lingerie, Sleep & Lounge,Intimates,Bras,Everyday Bras],[Clothing, Shoes & Jewelry,Women,Plus-Size,Intimates,Bras,Everyday Bras]]"
566,36974,PattyBoutik Cowl Neck Twist Back Halter 2 pcs Party Cami Top,"[[Clothing, Shoes & Jewelry,Women,Clothing,Tops & Tees,Tanks & Camis],[Clothing, Shoes & Jewelry,Women,Petite,Tops & Tees,Tanks & Camis]]"
567,37220,OshKosh B'Gosh Jingo-13 Sneaker (Toddler/Little Kid),"[[Clothing, Shoes & Jewelry,Shoes & Accessories: International Shipping Available],[Clothing, Shoes & Jewelry,Girls,Shoes,Sneakers],[Clothing, Shoes & Jewelry,Boys,Shoes,Sneakers]]"
568,37240,FootFitter Shoe Brush Diplomat Exclusive Jumbo,"[[Clothing, Shoes & Jewelry,Novelty, Costumes & More,Shoe Care & Accessories,Shoe Brushes]]"
569,37242,PUMA Voltaic 3 Jr Running Shoe (Little Kid/Big Kid),"[[Clothing, Shoes & Jewelry,Shoes & Accessories: International Shipping Available],[Clothing, Shoes & Jewelry,P,Puma],[Clothing, Shoes & Jewelry,Girls,Shoes,Sneakers],[Clothing, Shoes & Jewelry,Boys,Shoes,Sneakers]]"
570,37369,Isotoner Men's Smartouch Slip On Glove Ultraplush Lined,"[[Clothing, Shoes & Jewelry,Men,Accessories,Gloves & Mittens,Cold Weather Gloves]]"
571,37406,DKNY Jeans Women's Lace Embroidery Ave B Ultra Skinny,"[[Clothing, Shoes & Jewelry,Women,Clothing,Jeans]]"
572,37414,Girls Dress Pink Flower Multi-layers Wedding Pageant Size 3-8,"[[Clothing, Shoes & Jewelry,Girls,Clothing,Dresses,Special Occasion]]"
573,37499,"Gold Toe Women's Plus-Size 3 Pair Pack Microfiber Trouser Socks, Black, One Size","[[Clothing, Shoes & Jewelry,Women,Clothing,Socks & Hosiery,Dress & Trouser Socks]]"
574,37506,Floating Adjustable Locket Necklace with Choice of 4 Charms and Matching Chain,"[[Clothing, Shoes & Jewelry,Women],[Clothing, Shoes & Jewelry,Novelty, Costumes & More,Novelty,Jewelry,Necklaces & Pendants]]"
575,37531,The Mountain Polar Collage Adult T-shirt,"[[Clothing, Shoes & Jewelry,Men],[Clothing, Shoes & Jewelry,Novelty, Costumes & More,Novelty,Clothing,Men,Shirts,T-Shirts]]"
576,37560,Dockers Men's Big-Tall V-Neck T-Shirt,"[[Clothing, Shoes & Jewelry,D,Dockers],[Clothing, Shoes & Jewelry,Men,Clothing,Underwear,Undershirts],[Clothing, Shoes & Jewelry,Men,Big & Tall,Underwear,Undershirts]]"
577,37673,XOXO Women's XO5601 Black and Gold Braided Wrap Watch,"[[Clothing, Shoes & Jewelry,New Arrivals],[Clothing, Shoes & Jewelry,Jewelry: International Shipping Available],[Clothing, Shoes & Jewelry,Fashion Watches],[Clothing, Shoes & Jewelry,Available for International Shipping],[Clothing, Shoes & Jewelry,X,XOXO],[Clothing, Shoes & Jewelry,XOXO Watches],[Clothing, Shoes & Jewelry,Women,Watches,Wrist Watches]]"
578,37688,Casio Women's BG169R-8 &quot;Baby-G&quot; Gray Resin Sport Watch,"[[Clothing, Shoes & Jewelry,New Arrivals],[Clothing, Shoes & Jewelry,Women,Watches,Wrist Watches]]"
579,37693,Watch Me Grow! by Sesame Street Baby-Boys Infant 1 Piece Alligator A Pullover,"[[Clothing, Shoes & Jewelry,Baby,Baby Boys,Clothing,Hoodies & Active]]"
580,37847,Zeagoo Women's Short Sleeve Dots Polka Korean Summer Dress,"[[Clothing, Shoes & Jewelry,Women,Clothing,Dresses,Night Out & Cocktail]]"
581,37915,Dance Class T100 Flexible Tap Shoe (Toddler/Little Kid),"[[Clothing, Shoes & Jewelry,Shoes & Accessories: International Shipping Available],[Clothing, Shoes & Jewelry,D,Dance Class],[Clothing, Shoes & Jewelry,Girls,Shoes,Athletic,Dance],[Clothing, Shoes & Jewelry,Boys,Shoes]]"
582,37922,"Cynthia Steffe Women's Mercedes Dress, Deep Indigo, 0","[[Clothing, Shoes & Jewelry,Women,Clothing,Dresses,Night Out & Cocktail],[Clothing, Shoes & Jewelry,Women,Clothing,Dresses,Special Occasion],[Clothing, Shoes & Jewelry,Women,Clothing,Dresses,Wedding,Mother of the Bride Dresses],[Clothing, Shoes & Jewelry,Women,Petite,Dresses,Night Out & Cocktail],[Clothing, Shoes & Jewelry,Women,Petite,Dresses,Special Occasion],[Clothing, Shoes & Jewelry,Women,Petite,Dresses,Wedding,Mother of the Bride Dresses],[Clothing, Shoes & Jewelry,Women's Luxury Brands]]"
583,37926,Jewelry Monster Antique Finish Dangling &quot;Scissors &amp; Comb&quot; Charm Bead for Snake Chain Charm Bracelet,"[[Clothing, Shoes & Jewelry,Novelty, Costumes & More,Novelty,Jewelry,Charms]]"
584,38015,Easy Spirit Women's Getcity Flat,"[[Clothing, Shoes & Jewelry,Shoes & Accessories: International Shipping Available],[Clothing, Shoes & Jewelry,E,Easy Spirit],[Clothing, Shoes & Jewelry,Comfort Shoes],[Clothing, Shoes & Jewelry,Women,Shoes,Flats]]"
585,38058,Hudson Baby 3 pk Long Sleeve Bodysuits,"[[Clothing, Shoes & Jewelry,Baby,Baby Boys,Clothing,Bodysuits]]"
586,38242,LeSportsac Kasey Cross-Body Handbag,"[[Clothing, Shoes & Jewelry,Women,Handbags & Wallets],[Clothing, Shoes & Jewelry,Women,Accessories]]"
587,38459,"Levi's Men's Squadron Cargo Short, Sea Salt Tan, 44","[[Clothing, Shoes & Jewelry,Men,Clothing,Shorts,Cargo],[Clothing, Shoes & Jewelry,Men,Big & Tall]]"
588,38640,Ian Leino Design: Doctor Who - 'Doctor Whoville' Hoodie - Adult Large,"[[Clothing, Shoes & Jewelry,Men,Clothing,Fashion Hoodies & Sweatshirts],[Clothing, Shoes & Jewelry,Men,Big & Tall]]"
589,38698,"Company 81 Men's Zip Up Stripe Hoodie, Heather Grey, Medium/Regular","[[Sports & Outdoors,Clothing,Men,Hoodies],[Clothing, Shoes & Jewelry,Men,Clothing,Active,Active Hoodies],[Clothing, Shoes & Jewelry,Men,Surf, Skate & Street,Clothing,Active,Active Hoodies]]"
590,38762,Rubie's Costume Co Elvis Cape with Eagle Design Costume,"[[Clothing, Shoes & Jewelry,Novelty, Costumes & More,Costumes & Accessories,Costumes,Men]]"
591,38769,Teal Ceramic Style Silicone Gel Band Crystal Bezel Women's Watch,"[[Clothing, Shoes & Jewelry,Women,Watches,Wrist Watches]]"
592,38846,Icy Hot Women's Seamless Elastane Soft Boyshort Hipster Panties (3 Pack),"[[Clothing, Shoes & Jewelry,Women,Clothing,Lingerie, Sleep & Lounge,Intimates,Panties,Hipsters]]"
593,38930,Lewis N. Clark  Automatic Travel Umbrella,"[[Clothing, Shoes & Jewelry,Luggage & Travel Gear,Umbrellas]]"
594,38966,One Step Up Girls 2-6X Toddler Animal Print Shrug,"[[Clothing, Shoes & Jewelry,Girls,Clothing,Tops & Tees,Tees]]"
595,39022,Puma Women's Non-Terry Quarter Crew Sock 6-Pack,"[[Sports & Outdoors,Clothing,Women,Socks],[Clothing, Shoes & Jewelry,P,Puma],[Clothing, Shoes & Jewelry,Women,Clothing,Active,Athletic Socks]]"
596,39182,Teva Women's Omnium Sandal,"[[Clothing, Shoes & Jewelry,Shoes & Accessories: International Shipping Available],[Clothing, Shoes & Jewelry,T,Teva],[Clothing, Shoes & Jewelry,Women,Shoes,Sandals],[Clothing, Shoes & Jewelry,Women,Shoes,Athletic,Sport Sandals]]"
597,39236,"SilberDream anklet trhree rows ball chain, 925 Sterling Silver 9.45 inch SDF012","[[Clothing, Shoes & Jewelry,Women,Jewelry,Fine,Anklets],[Clothing, Shoes & Jewelry,Novelty, Costumes & More,Novelty]]"
598,39250,Sakkas Mens Multi Color Wave Design Skate Surf Board Short / Swim Trunks,"[[Clothing, Shoes & Jewelry,Men,Clothing,Swim,Board Shorts]]"
599,39271,Pirate Buccaneer Costume Gun Gold Handle,"[[Clothing, Shoes & Jewelry,Novelty, Costumes & More,Costumes & Accessories,More Accessories]]"
600,39300,Primigi Choate-E Loafer FA11 (Toddler/Little Kid/Big Kid),"[[Clothing, Shoes & Jewelry,Shoes & Accessories: International Shipping Available],[Clothing, Shoes & Jewelry,P,Primigi],[Clothing, Shoes & Jewelry,Girls,Shoes,Loafers],[Clothing, Shoes & Jewelry,Girls,School Uniforms,Shoes],[Clothing, Shoes & Jewelry,Boys,Shoes,Loafers],[Clothing, Shoes & Jewelry,Boys,School Uniforms,Shoes],[Clothing, Shoes & Jewelry,Novelty, Costumes & More,Work Wear & Uniforms]]"
601,39307,Lucky Brand Women's Printed Maxi Dress,"[[Clothing, Shoes & Jewelry,L,Lucky Brand],[Clothing, Shoes & Jewelry,Women,Clothing,Dresses,Casual]]"
602,39333,RoadPro SPC-941G Black 17.5&quot; x 4&quot; x 13&quot; Aluminum Briefcase,"[[Clothing, Shoes & Jewelry,Luggage & Travel Gear,Briefcases]]"
603,39370,HelloKitty &amp; Tokidoki Faux Leather Large Tri-fold Card Holder Coin Purse Wallet Black,"[[Clothing, Shoes & Jewelry,Women,Accessories,Wallets, Card Cases & Money Organizers,Wallets]]"
604,39408,Vintage Golden Chain Jewelry Hollow Floral Adorned Pendant Necklace,"[[Clothing, Shoes & Jewelry,Women],[Clothing, Shoes & Jewelry,Novelty, Costumes & More,Novelty,Jewelry,Necklaces & Pendants]]"
605,39414,Tissot Men's T0364171705702 T-Sport Watch,"[[Sports & Outdoors,Accessories,Sport Watches],[Clothing, Shoes & Jewelry,New Arrivals],[Clothing, Shoes & Jewelry,Jewelry: International Shipping Available],[Clothing, Shoes & Jewelry,Fashion Watches],[Clothing, Shoes & Jewelry,Available for International Shipping],[Clothing, Shoes & Jewelry,Sport Watches],[Clothing, Shoes & Jewelry,Men,Watches,Wrist Watches]]"
606,39418,Alki'i Women's Cotton Lycra Fold over Yoga Pant,"[[Sports & Outdoors,Exercise & Fitness,Yoga,Clothing],[Sports & Outdoors,Clothing,Women,Pants],[Clothing, Shoes & Jewelry,Women,Clothing,Active,Active Pants]]"
607,39435,Deluxe Adult Next Generation Red Shirt Costume,"[[Clothing, Shoes & Jewelry,Novelty, Costumes & More,Costumes & Accessories,Costumes,Men]]"
608,39438,Ever Pretty V-Neck Spaghetti Straps Satin Printed Long Evening Dress 09085,"[[Clothing, Shoes & Jewelry,Women,Clothing,Dresses,Special Occasion]]"
609,39606,Men's Batman/Nightwing Symbol Tee,"[[Clothing, Shoes & Jewelry,Novelty, Costumes & More,Movie & TV Fan,Tops & Tees,T-Shirts]]"
610,39670,"Darice 1999-084 3-Dimensional Velvet Jewelry Stand, 9-Inch, Black","[[Clothing, Shoes & Jewelry,Novelty, Costumes & More,Jewelry Accessories,Jewelry Boxes & Organizers,Jewelry Towers]]"
611,39716,MDR Store@ Fashion Women's Faux Leather Handbag PU Totes Hobo Leopard Hand Bag,"[[Clothing, Shoes & Jewelry,Luggage & Travel Gear,Briefcases]]"
612,39733,Kids 1&quot; Snap On Plain Leather Belt,"[[Clothing, Shoes & Jewelry,Boys,Accessories,Belts]]"
613,39773,Bronze with Multi-Plating Czech Emerald Hammered Geometric Shape Dangle Earrings,"[[Clothing, Shoes & Jewelry,Gemstones],[Clothing, Shoes & Jewelry,Jewelry: International Shipping Available],[Clothing, Shoes & Jewelry,Amazon Curated Collection],[Clothing, Shoes & Jewelry,Women,Jewelry,Fine,Earrings,Drop & Dangle],[Clothing, Shoes & Jewelry,Novelty, Costumes & More,Novelty]]"
614,39777,"Izod Kids Toddler Boys Stripe Vest Suit Set, Dark Red, 3T","[[Clothing, Shoes & Jewelry,I,IZOD],[Clothing, Shoes & Jewelry,Boys,Clothing,Suits & Sport Coats,Suits]]"
615,39778,XOXO Women's XO5602 Brown Braided Wrap Watch,"[[Clothing, Shoes & Jewelry,New Arrivals],[Clothing, Shoes & Jewelry,Jewelry: International Shipping Available],[Clothing, Shoes & Jewelry,Fashion Watches],[Clothing, Shoes & Jewelry,Available for International Shipping],[Clothing, Shoes & Jewelry,X,XOXO],[Clothing, Shoes & Jewelry,XOXO Watches],[Clothing, Shoes & Jewelry,Women,Watches,Wrist Watches]]"
616,39811,LAT Sportswear Women's Fashionable V-Neck T-Shirt Dress. 3522,"[[Sports & Outdoors,Clothing,Women,Dresses],[Clothing, Shoes & Jewelry,Women,Clothing,Dresses,Casual]]"
617,39834,Sterling Silver Swarovski Elements Crystal Aurora Borealis Large Rondelle Drop Earrings,"[[Clothing, Shoes & Jewelry,Antique & Estate Jewelry,Contemporary,Earrings],[Clothing, Shoes & Jewelry,Jewelry: International Shipping Available],[Clothing, Shoes & Jewelry,Amazon Curated Collection],[Clothing, Shoes & Jewelry,Women,Jewelry,Fine,Earrings,Drop & Dangle],[Clothing, Shoes & Jewelry,Women,Jewelry,Fashion,Earrings,Drop & Dangle],[Clothing, Shoes & Jewelry,Novelty, Costumes & More,Novelty],[Clothing, Shoes & Jewelry,Test Women AAQ]]"
618,39837,niceEshop(TM) Fashion Vintage Palace Heart Pendant With Chain-Red,"[[Clothing, Shoes & Jewelry,Women],[Clothing, Shoes & Jewelry,Novelty, Costumes & More,Novelty,Jewelry,Necklaces & Pendants]]"
619,39850,"Baby Bunz-Boys Infant Rock Lobster, Orange, 18 Months","[[Clothing, Shoes & Jewelry,Baby,Baby Boys,Clothing,Swim,Swimwear Sets]]"
620,39935,Coolibar UPF 50+ Baby Beach One Piece Swimsuit - UV Swimwear,"[[Clothing, Shoes & Jewelry,Baby,Baby Girls,Clothing,Swim,Sunsuits],[Clothing, Shoes & Jewelry,Baby,Baby Boys,Clothing,Swim,Sunsuits]]"
621,40035,Cotton Cantina Soft Chevron Sheer Infinity Scarf in Contrasting Colors,"[[Clothing, Shoes & Jewelry,Women,Accessories,Scarves & Wraps,Fashion Scarves]]"
622,40199,Doctor Who: Dalek Space Invaders T-Shirt,"[[Clothing, Shoes & Jewelry,Men],[Clothing, Shoes & Jewelry,Novelty, Costumes & More,Movie & TV Fan,Tops & Tees,T-Shirts]]"
623,40297,Kenneth Cole REACTION Men's Sim-Plicity Oxford,"[[Clothing, Shoes & Jewelry,Shoes & Accessories: International Shipping Available],[Clothing, Shoes & Jewelry,K,Kenneth Cole REACTION],[Clothing, Shoes & Jewelry,Men,Shoes,Oxfords]]"
624,40321,Grumpy Cat Not Me It's You Grey Mens T-Shirt,"[[Clothing, Shoes & Jewelry,Men],[Clothing, Shoes & Jewelry,Novelty, Costumes & More,Novelty,Clothing,Men,Shirts,T-Shirts]]"
625,40417,crocs Women's Mercy Work Clog,"[[Clothing, Shoes & Jewelry,Shoes & Accessories: International Shipping Available],[Clothing, Shoes & Jewelry,C,crocs],[Clothing, Shoes & Jewelry,Comfort Shoes],[Clothing, Shoes & Jewelry,Women,Shoes,Mules & Clogs]]"
626,40552,925 Sterling Silver Nose Bone Ring 3mm Clear Heart CZ 22G FREE Nose Ring Backing,"[[Clothing, Shoes & Jewelry,Women],[Clothing, Shoes & Jewelry,Novelty, Costumes & More,Novelty,Jewelry],[Clothing, Shoes & Jewelry,Novelty, Costumes & More,Body Jewelry,Piercing Jewelry,Screws]]"
627,40805,Active Basic Womens Plain Cotton Blend 26 IN Leggings,"[[Clothing, Shoes & Jewelry,Women,Clothing,Leggings],[Clothing, Shoes & Jewelry,Women,Petite,Leggings]]"
628,40889,"Calvin Klein Mens Body Dress Shirt, Coal, 17.5/32-33","[[Clothing, Shoes & Jewelry,C,Calvin Klein],[Clothing, Shoes & Jewelry,Men,Clothing,Shirts,Dress Shirts]]"
629,40924,8146 Jumbo Mechanic's Tool Bag - Black,"[[Clothing, Shoes & Jewelry,Novelty, Costumes & More,Work Wear & Uniforms,Clothing,Military]]"
630,41024,ELLAZHU Women Striped Long Sleeve Spring Two Pockets Blouse Shirt NL15,"[[Clothing, Shoes & Jewelry,Women,Clothing,Tops & Tees,Blouses & Button-Down Shirts],[Clothing, Shoes & Jewelry,Women,Petite,Tops & Tees,Blouses & Button-Down Shirts,Blouses]]"
631,41093,Playtex Women's Secrets Perfectly Smooth Wire Free Bra,"[[Clothing, Shoes & Jewelry,Women,Clothing,Lingerie, Sleep & Lounge,Intimates,Bras,Everyday Bras],[Clothing, Shoes & Jewelry,Women,Plus-Size,Intimates,Bras,Everyday Bras]]"
632,41128,CTMWEB Naruto Cosplay Costume Accessories - Black Ninja Shoes / Sandals X-Small,"[[Clothing, Shoes & Jewelry,Novelty, Costumes & More,Costumes & Accessories,Costumes]]"
633,41179,Batman Men's Black Cape T-Shirt,"[[Clothing, Shoes & Jewelry,Men],[Clothing, Shoes & Jewelry,Novelty, Costumes & More,Novelty,Clothing,Men,Shirts,T-Shirts]]"
634,41272,"DBF1003 bow tie stores Medium Orchid,red,black,Blue Violet,Royal Blue Solid bowties for men Set By Dan Smith","[[Clothing, Shoes & Jewelry,Men,Accessories,Bow Ties & Cummerbunds,Bow Ties]]"
635,41338,injinji Run Lightweight No Show Xtralife Socks,"[[Clothing, Shoes & Jewelry,Women,Clothing,Active,Athletic Socks]]"
636,41597,Dockers Men's 3-Pack Performance Dress Pin Dot Pattern Socks,"[[Clothing, Shoes & Jewelry,Men,Clothing,Socks,Dress & Trouser Socks],[Clothing, Shoes & Jewelry,Men,Big & Tall]]"
637,41655,Style &amp; Co. Women's Frisky Faux-Fur Ankle Boots in Black,"[[Clothing, Shoes & Jewelry,Boot Shop,Women,Fashion,Shearling],[Clothing, Shoes & Jewelry,Women,Shoes,Boots]]"
638,41793,Columbia Women's Minx Moccasin Omni-Heat Winter Boot,"[[Clothing, Shoes & Jewelry,Shoes & Accessories: International Shipping Available],[Clothing, Shoes & Jewelry,C,Columbia],[Clothing, Shoes & Jewelry,Boot Shop,Women,Outdoor & Work,Snow & Cold Weather],[Clothing, Shoes & Jewelry,Women,Shoes,Boots],[Clothing, Shoes & Jewelry,Women,Shoes,Outdoor,Snow Boots]]"
639,41856,Jezebel Women's Ideal G-String,"[[Clothing, Shoes & Jewelry,Women,Clothing,Lingerie, Sleep & Lounge,Intimates,Panties,G-Strings, Thongs & Tangas],[Clothing, Shoes & Jewelry,Women,Petite,Intimates,Panties,G-Strings, Thongs & Tangas,G-Strings],[Clothing, Shoes & Jewelry,Women's Luxury Brands]]"
640,41892,Little Lass Girls 2-6X Belted Envelope Collar Cable Knit Sweater Three-Piece Set,"[[Clothing, Shoes & Jewelry,Girls,Clothing,Clothing Sets,Pant Sets]]"
641,41916,Aquatalia by Marvin K. Women's Future Bootie,"[[Clothing, Shoes & Jewelry,Shoes & Accessories: International Shipping Available],[Clothing, Shoes & Jewelry,Aquatalia by Marvin K.],[Clothing, Shoes & Jewelry,Boot Shop,Women,Fashion,Dress],[Clothing, Shoes & Jewelry,Women,Shoes,Boots]]"
642,41958,.925 Sterling Silver Sport Round Baseball Bead Charm For European Charm Bracelets,"[[Clothing, Shoes & Jewelry,Women],[Clothing, Shoes & Jewelry,Novelty, Costumes & More,Novelty,Jewelry]]"
643,42035,Lindy Bop Classic 26&quot; Organza Net Mesh Tulle Petticoat for Rockabilly Swing Dresses,"[[Clothing, Shoes & Jewelry,Women,Clothing,Lingerie, Sleep & Lounge,Intimates,Slips,Half Slips]]"
644,42052,Calvin Klein Women's Annie Slingback Pump,"[[Clothing, Shoes & Jewelry,Shoes & Accessories: International Shipping Available],[Clothing, Shoes & Jewelry,C,Calvin Klein],[Clothing, Shoes & Jewelry,Women,Shoes,Pumps],[Clothing, Shoes & Jewelry,Calvin Klein Test Store,Shoes],[Clothing, Shoes & Jewelry,WF Inheritance Test Women's CK Custom Store]]"
645,42075,"Bandolino Women's Nefaria Wedge Sandal,Black Leather,9.5 M US","[[Clothing, Shoes & Jewelry,Shoes & Accessories: International Shipping Available],[Clothing, Shoes & Jewelry,B,Bandolino],[Clothing, Shoes & Jewelry,Women,Shoes,Sandals]]"
646,42141,Breckelles Women's Georgia-35 Knee High Lace-Up Combat Boot,"[[Clothing, Shoes & Jewelry,Boot Shop,Women,Fashion,Combat],[Clothing, Shoes & Jewelry,Boot Shop,Women,Fashion,Riding],[Clothing, Shoes & Jewelry,Boot Shop,Women,Fashion,Motorcycle],[Clothing, Shoes & Jewelry,Women,Shoes,Boots]]"
647,42165,ASICS Men's GEL-Express 3 Cross-Training Shoe,"[[Clothing, Shoes & Jewelry,Shoes & Accessories: International Shipping Available],[Clothing, Shoes & Jewelry,ASICS],[Clothing, Shoes & Jewelry,Men,Shoes,Athletic,Running]]"
648,42221,Classykidzshop Black Turquoise Toddler Boy Vest Set (Baby - Size 7),"[[Clothing, Shoes & Jewelry,Baby,Baby Boys,Clothing,Suits & Sport Coats,Suits]]"
649,42357,Rubie's Costume Lace Up Steampunk Hat,"[[Clothing, Shoes & Jewelry,Novelty, Costumes & More,Band & Music Fan,Accessories],[Clothing, Shoes & Jewelry,Novelty, Costumes & More,Costumes & Accessories,Hats & Caps,Women],[Clothing, Shoes & Jewelry,Novelty, Costumes & More,Costumes & Accessories,More Accessories]]"
650,42381,"ABSORBA Baby-Boys Infant Frog Blanket Sleeper, Green, 24 Months","[[Clothing, Shoes & Jewelry,Baby,Baby Boys,Clothing,Sleepwear & Robes,Blanket Sleepers]]"
651,42391,Leg Avenue Women's Mistress Maid Costume,"[[Clothing, Shoes & Jewelry,L,Leg Avenue],[Clothing, Shoes & Jewelry,Novelty, Costumes & More]]"
652,42563,Dp Ribbon Luxury White Big Rhinestone Crystal Collar Bib Statement Necklace,"[[Sports & Outdoors,Fan Shop,Jewelry & Watches,Necklaces & Pendants],[Clothing, Shoes & Jewelry,Novelty, Costumes & More,Novelty,Jewelry,Necklaces & Pendants]]"
653,42642,Bali Women's Comfort Revolution Seamless Hipster,"[[Clothing, Shoes & Jewelry,Women,Clothing,Lingerie, Sleep & Lounge,Intimates,Panties,Hipsters]]"
654,42800,Hanes Men's 10 Pack Crew Socks,"[[Clothing, Shoes & Jewelry,Men,Clothing,Socks,Casual Socks]]"
655,42849,Jockey Women's Elance Brief (3 Pack),"[[Clothing, Shoes & Jewelry,Women,Clothing,Lingerie, Sleep & Lounge,Intimates,Panties,Briefs]]"
656,42960,PattyBoutik Sexy V Neck Ruched Bust Long Sleeve Knit Top,"[[Clothing, Shoes & Jewelry,Women,Clothing,Tops & Tees,Knits & Tees]]"
657,42980,Haggar Men's Big-Tall Work to Weekend Hidden Expandable Waist Pleat Front Pant,"[[Clothing, Shoes & Jewelry,Men,Clothing,Pants,Casual],[Clothing, Shoes & Jewelry,Men,Big & Tall,Pants,Casual]]"
658,43086,Pink Queen Rhinestone Leopard Print Bikini Halter Top Hipster Large,"[[Clothing, Shoes & Jewelry,Women,Clothing,Swimsuits & Cover Ups,Bikinis]]"
659,43116,Roxy Women's Sand Dab Flip Flop,"[[Clothing, Shoes & Jewelry,Shoes & Accessories: International Shipping Available],[Clothing, Shoes & Jewelry,R,Roxy],[Clothing, Shoes & Jewelry,Street, Surf & Skate],[Clothing, Shoes & Jewelry,Women,Shoes,Sandals]]"
660,43151,Material Girl Harte Womens Open Toe Textile Platforms Sandals Shoes,"[[Clothing, Shoes & Jewelry,Women,Shoes,Sandals]]"
661,43193,High Sierra Swerve Backpack,"[[Clothing, Shoes & Jewelry,Luggage & Travel Gear,Backpacks,Casual Daypacks]]"
662,43220,Wrightsock Men's Coolmesh II Quarter Single Pack Socks,"[[Sports & Outdoors,Exercise & Fitness,Running,Clothing,Men,Socks],[Sports & Outdoors,Exercise & Fitness,Running,Clothing,Women,Socks],[Clothing, Shoes & Jewelry,Men,Clothing,Active,Athletic Socks],[Clothing, Shoes & Jewelry,Men,Big & Tall]]"
663,43236,"00G = 10mm Surgical Steel Double Flare Flesh Tunnels Saddle Plugs Earlets Gauges, Silver, 1 Pair","[[Clothing, Shoes & Jewelry,Women],[Clothing, Shoes & Jewelry,Novelty, Costumes & More,Novelty,Jewelry],[Clothing, Shoes & Jewelry,Novelty, Costumes & More,Body Jewelry,Piercing Jewelry,Tunnels]]"
664,43237,"PUMA - Kids Boys 2-7 Little Tricot Set, Grey/Red, 4","[[Sports & Outdoors,Clothing,Boys,Tracksuits & Sweatsuits,Tracksuits],[Clothing, Shoes & Jewelry,P,Puma],[Clothing, Shoes & Jewelry,Boys,Clothing,Active,Active Tracksuits]]"
665,43301,FRYE Women's Lindsay Plate Boot,"[[Clothing, Shoes & Jewelry,Shoes & Accessories: International Shipping Available],[Clothing, Shoes & Jewelry,F,FRYE],[Clothing, Shoes & Jewelry,Boot Shop],[Clothing, Shoes & Jewelry,Women,Shoes,Boots]]"
666,43330,Lookbookstore Sharp Studded Shoulder Lapel Denim Jeans Tuxedo Blazer Jacket,"[[Clothing, Shoes & Jewelry,Women,Clothing,Coats & Jackets,Lightweight Jackets,Denim Jackets]]"
667,43334,Glamour Empire Women's 3/4 Sleeve Circle Stretch Jersey Polka Dots Dress 017,"[[Clothing, Shoes & Jewelry,Women,Clothing,Dresses,Night Out & Cocktail]]"
668,43543,Hee Grand Men's Contrast Knitted Pullover Sweater,"[[Clothing, Shoes & Jewelry,Men,Clothing,Sweaters,Pullovers]]"
669,43609,Liuanan 1pcs Women's Butterfly Pendant Jewelry Scarf Sport Jewellery Silk Chiffon Scarves,"[[Clothing, Shoes & Jewelry,Women,Accessories,Scarves & Wraps,Fashion Scarves]]"
670,43628,Carhartt Men's Big-Tall Impact Logo Long Sleeve Pocket T-Shirt,"[[Clothing, Shoes & Jewelry,C,Carhartt],[Clothing, Shoes & Jewelry,Men,Clothing,Shirts,T-Shirts],[Clothing, Shoes & Jewelry,Men,Big & Tall,Shirts,T-Shirts],[Clothing, Shoes & Jewelry,Novelty, Costumes & More,Work Wear & Uniforms,Clothing]]"
671,43632,Black Ladies Cotton Leggings Full Length,"[[Clothing, Shoes & Jewelry,Women,Clothing,Leggings]]"
672,43694,Leveret Kids &quot;Airplanes Flying&quot; 2 Piece Pajama Set 100% Cotton (Size 5-14 Years),"[[Clothing, Shoes & Jewelry,Boys,Clothing,Sleepwear & Robes,Pajama Sets]]"
673,43733,"National Print Sundress - Misses, Womens","[[Clothing, Shoes & Jewelry,Women,Clothing,Dresses],[Clothing, Shoes & Jewelry,Women,Petite,Dresses]]"
674,43746,"Rare Editions Girls 2-6X 3D Bee Applique Tutu Dress, Black/Yellow, 3 Toddler","[[Clothing, Shoes & Jewelry,Girls,Clothing,Dresses,Playwear]]"
675,43806,30'' Wheeled Military Expedition Bag-acu Digital,"[[Clothing, Shoes & Jewelry,Novelty, Costumes & More,Work Wear & Uniforms,Clothing,Military],[Clothing, Shoes & Jewelry,Luggage & Travel Gear]]"
676,43890,BONAMART &reg; Multi Vintage Colorful Crystal Peacock Bracelet Bangle By Buyincoins,"[[Clothing, Shoes & Jewelry,Women],[Clothing, Shoes & Jewelry,Novelty, Costumes & More,Novelty,Jewelry,Bracelets]]"
677,44263,Queenberry .925 Sterling Silver Love to Shop w/ Heart Bead for European Charm 3mm Snake Chain Bracelets,"[[Clothing, Shoes & Jewelry,Wedding Party Gifts,Gifts for the Bride],[Clothing, Shoes & Jewelry,Women],[Clothing, Shoes & Jewelry,Novelty, Costumes & More,Novelty,Jewelry,Charms]]"
678,44286,100% Cowhide Leather Black Leather Belt Snap on Belt Strap 1.5&quot; Wide,"[[Clothing, Shoes & Jewelry,Men,Accessories,Belts]]"
679,44341,Solid Rich Fashion Color Double Grommet Genuine Leather Casual Jean Belt 35mm,"[[Clothing, Shoes & Jewelry,Women,Accessories,Belts]]"
680,44368,Steve Madden Women's Nonstp Bootie,"[[Clothing, Shoes & Jewelry,Shoes & Accessories: International Shipping Available],[Clothing, Shoes & Jewelry,S,Steve Madden],[Clothing, Shoes & Jewelry,Women,Shoes,Sandals]]"
681,44402,"Little Lass Girls 2-6X 3 Piece Crochet Flowers Sweater Set, Purple, 6","[[Clothing, Shoes & Jewelry,Girls,Clothing,Clothing Sets,Pant Sets]]"
682,44485,"Kenneth Cole New York Women's Verrin Dress, Azurite/Black, 2","[[Clothing, Shoes & Jewelry,K,Kenneth Cole New York],[Clothing, Shoes & Jewelry,Women,Clothing,Dresses,Wear to Work]]"
683,44504,Rubie'S A Nightmare On Elm St. Freddy Krueger Costume Kit,"[[Clothing, Shoes & Jewelry,Novelty, Costumes & More,Costumes & Accessories,Costumes,Men]]"
684,44541,Bonmode Women's Vintage Inspired Retro Indie Ruffle V-Neck Dress,"[[Clothing, Shoes & Jewelry,Women,Clothing,Dresses,Casual]]"
685,44627,Teva Women's Mush Mandalyn Ola 2 Flip Flop,"[[Clothing, Shoes & Jewelry,Shoes & Accessories: International Shipping Available],[Clothing, Shoes & Jewelry,T,Teva],[Clothing, Shoes & Jewelry,Women,Shoes,Sandals]]"
686,44628,"Sam Edelman Women's Ross,Nude,8 M US","[[Clothing, Shoes & Jewelry,Shoes & Accessories: International Shipping Available],[Clothing, Shoes & Jewelry,S,Sam Edelman],[Clothing, Shoes & Jewelry,Women,Shoes,Sandals]]"
687,44638,Soda Women Zulu Boots,"[[Clothing, Shoes & Jewelry,S,Soda],[Clothing, Shoes & Jewelry,Women,Shoes,Boots]]"
688,44644,Super Furry Black Mukluks Pom-pom Snow Winter Flat Boots,"[[Clothing, Shoes & Jewelry,Boot Shop,Women,Outdoor & Work,Snow & Cold Weather],[Clothing, Shoes & Jewelry,Women,Shoes,Boots],[Clothing, Shoes & Jewelry,Women,Shoes,Outdoor,Snow Boots]]"
689,44649,Pure .925 Sterling Silver Princess Cut Stud Earrings 5 Mm. Each Stone 1.5 Carats Total Weight Comes in a Gift Box &amp; Special Pouch,"[[Clothing, Shoes & Jewelry,Women],[Clothing, Shoes & Jewelry,Novelty, Costumes & More,Novelty,Jewelry,Earrings]]"
690,44703,Comfy Jeans- Pajama-style Jeans- Assorted Sizes,"[[Clothing, Shoes & Jewelry,Women,Clothing,Jeans]]"
691,44765,"Kenneth Cole New York Women's Sophia Ruffle Front Blouse, Ripe Peach, X-Large","[[Clothing, Shoes & Jewelry,K,Kenneth Cole New York],[Clothing, Shoes & Jewelry,Women,Clothing,Tops & Tees,Blouses & Button-Down Shirts]]"
692,44774,AK Anne Klein Women's Brettany Pump,"[[Clothing, Shoes & Jewelry,Shoes & Accessories: International Shipping Available],[Clothing, Shoes & Jewelry,Women,Shoes,Pumps]]"
693,44802,Gerber 4-Pack Organic Bodysuits Brand,"[[Clothing, Shoes & Jewelry,Eco-Friendly],[Clothing, Shoes & Jewelry,Baby,Baby Girls,Clothing,Bodysuits],[Clothing, Shoes & Jewelry,Baby,Baby Boys,Clothing,Bodysuits]]"
694,44829,niceEshop(TM) Vintage Pearl Beads Rhinestone Peace Sign Symbol Chain Pendant Necklace-Bronze,"[[Clothing, Shoes & Jewelry,Women],[Clothing, Shoes & Jewelry,Novelty, Costumes & More,Novelty,Jewelry,Necklaces & Pendants]]"
695,44834,"KONOV Jewelry Mens Bracelet Bangle, Stainless Steel Rubber, Color Black Silver","[[Clothing, Shoes & Jewelry,Men,Jewelry,Bracelets,Link],[Clothing, Shoes & Jewelry,Novelty, Costumes & More,Novelty,Jewelry,Bracelets]]"
696,44870,Dreams and Company Women's Plus Size Full sweep trapeze lounger,"[[Clothing, Shoes & Jewelry,D,Dreams],[Clothing, Shoes & Jewelry,Women,Clothing,Lingerie, Sleep & Lounge,Sleep & Lounge,Nightgowns & Sleepshirts],[Clothing, Shoes & Jewelry,Women,Plus-Size,Sleep & Lounge,Nightgowns & Sleepshirts]]"
697,44925,PattyBoutik Round Scoop Neck Slit Bishop Long Sleeve Casual Party Blouse Top,"[[Clothing, Shoes & Jewelry,Women,Clothing,Tops & Tees,Blouses & Button-Down Shirts]]"
698,44982,Casio Unisex F108WHC-7BCF Watch,"[[Clothing, Shoes & Jewelry,New Arrivals],[Clothing, Shoes & Jewelry,Women,Watches,Wrist Watches],[Clothing, Shoes & Jewelry,Men,Watches,Wrist Watches]]"
699,45017,"NY Deal Women's Smoked Tube Dress Cover Up, Various Color Available","[[Clothing, Shoes & Jewelry,Women,Clothing,Swimsuits & Cover Ups,Cover-Ups]]"
700,45129,PUMA El Ace JR Sneaker (Little Kid/Big Kid),"[[Clothing, Shoes & Jewelry,Shoes & Accessories: International Shipping Available],[Clothing, Shoes & Jewelry,P,Puma],[Clothing, Shoes & Jewelry,Girls,Shoes,Sneakers],[Clothing, Shoes & Jewelry,Girls,Shoes,Athletic,Racquet Sports],[Clothing, Shoes & Jewelry,Girls,Shoes,Athletic,Skateboarding],[Clothing, Shoes & Jewelry,Boys,Shoes,Sneakers],[Clothing, Shoes & Jewelry,Boys,Shoes,Athletic,Racquet Sports],[Clothing, Shoes & Jewelry,Boys,Shoes,Athletic,Skateboarding]]"
701,45134,eVogues Sexy RED O-Ring Necklace Sleeveless Plus Size Top,"[[Clothing, Shoes & Jewelry,Women,Clothing,Tops & Tees,Tanks & Camis],[Clothing, Shoes & Jewelry,Women,Petite,Tops & Tees,Tanks & Camis]]"
702,45431,Michael Kors Fulton Brown Large Crossbody Bag 32F3GFTC3B,"[[Clothing, Shoes & Jewelry,Women,Handbags & Wallets,Top-Handle Bags],[Clothing, Shoes & Jewelry,Novelty, Costumes & More,Band & Music Fan,Accessories],[Clothing, Shoes & Jewelry,Women's Luxury Brands]]"
703,45498,Clarks 64748 Womens Arctic Hiker Leather,"[[Clothing, Shoes & Jewelry,C,Clarks],[Clothing, Shoes & Jewelry,Comfort Shoes],[Clothing, Shoes & Jewelry,Women,Shoes,Oxfords]]"
704,45526,Teva Women's Mush II Flip Flop,"[[Clothing, Shoes & Jewelry,Shoes & Accessories: International Shipping Available],[Clothing, Shoes & Jewelry,T,Teva],[Clothing, Shoes & Jewelry,Women,Shoes,Sandals]]"
705,45573,Nicole Lee Arcadia Multi Media Dome Shopper (White),"[[Clothing, Shoes & Jewelry,Women,Handbags & Wallets,Shoulder Bags]]"
706,45632,"Pandora Style Braided Leather Bracelet Double Wrap W/ Gold Plate Clasp 35cm 38cm 41cm Various Colours (pink, 350mm (13.78 inches))","[[Clothing, Shoes & Jewelry,Novelty, Costumes & More,Novelty,Jewelry]]"
707,45732,Simple Collection Honey Amber and Sterling Silver Leverback Oval Simple Earrings,"[[Clothing, Shoes & Jewelry,Antique & Estate Jewelry,Contemporary,Earrings],[Clothing, Shoes & Jewelry,Women,Jewelry,Fashion,Earrings,Drop & Dangle],[Clothing, Shoes & Jewelry,Novelty, Costumes & More,Novelty]]"
708,45754,"Sterling Silver 3-Row White A Grade 6.5-7mm Freshwater Cultured Pearl Bracelet, 7.25&quot;","[[Clothing, Shoes & Jewelry,Pearl Jewelry],[Clothing, Shoes & Jewelry,Jewelry: International Shipping Available],[Clothing, Shoes & Jewelry,Amazon Curated Collection],[Clothing, Shoes & Jewelry,Women,Jewelry,Fine,Bracelets,Strand],[Clothing, Shoes & Jewelry,Novelty, Costumes & More,Novelty]]"
709,45812,Marvel Comics Kids' W000124 Iron Man Stainless Steel Time Teacher Watch,"[[Clothing, Shoes & Jewelry,New Arrivals],[Clothing, Shoes & Jewelry,Jewelry: International Shipping Available],[Clothing, Shoes & Jewelry,Available for International Shipping],[Clothing, Shoes & Jewelry,Novelty, Costumes & More,Novelty,Watches]]"
710,45830,Maui Jim 425 BANZAI Brown/Bronze Sunglasses 61mm,"[[Sports & Outdoors,Accessories,Sports Sunglasses],[Clothing, Shoes & Jewelry,M,Maui Jim]]"
711,45949,Single Flare Amethyst Stone Plugs - 00g - 10mm - Sold As a Pair,"[[Clothing, Shoes & Jewelry,Women],[Clothing, Shoes & Jewelry,Novelty, Costumes & More,Novelty,Jewelry],[Clothing, Shoes & Jewelry,Novelty, Costumes & More,Body Jewelry,Piercing Jewelry,Plugs]]"
712,45975,Danny &amp; Nicole Women's Printed Dress,"[[Clothing, Shoes & Jewelry,Women,Clothing,Dresses,Casual]]"
713,46020,"Surgical Steel Medical Alert Bracelet for COUMADIN 9/16 inch wide, 8 1/2 inch long","[[Clothing, Shoes & Jewelry,Men],[Clothing, Shoes & Jewelry,Novelty, Costumes & More,Novelty,Jewelry,Bracelets]]"
714,46123,Landisun 147 Dark Brown Paisleys Mens Silk Tie Set: Tie+Hanky+Cufflinks,"[[Clothing, Shoes & Jewelry,Men,Accessories,Neckties]]"
715,46134,FULL TILT Lace Skull Womens HI Low Tank,"[[Clothing, Shoes & Jewelry,Women,Clothing,Tops & Tees,Tanks & Camis],[Clothing, Shoes & Jewelry,Women,Juniors,Tops & Tees,Tanks & Camis]]"
716,46169,"BLOSSOM PENG-2 Women's beach thong style sandal on fabric wrapped wedge, Color: GOLD, Size: 7","[[Clothing, Shoes & Jewelry,Women,Shoes,Sandals]]"
717,46170,Richie House Girl's Dress with Multilayered Pastel Ruffles and Pearl Accents RH0920,"[[Clothing, Shoes & Jewelry,Girls,Clothing,Dresses,Playwear]]"
718,46299,"Nikki D Double Breasted Jacket in Heather Beige, Medium","[[Clothing, Shoes & Jewelry,Women,Clothing,Coats & Jackets,Wool & Blends]]"
719,46312,New Balance Insoles IPR3030 Pressure Relief Insole,"[[Health & Personal Care,Health Care,Foot Care,Inserts & Insoles,Insoles],[Clothing, Shoes & Jewelry,Shoes & Accessories: International Shipping Available],[Clothing, Shoes & Jewelry,N,New Balance]]"
720,46327,Levi's Men's 501 Trend Core Jean,"[[Clothing, Shoes & Jewelry,Men,Clothing,Jeans],[Clothing, Shoes & Jewelry,Men,Big & Tall]]"
721,46344,Carhartt Men's Yukon Coverall,"[[Clothing, Shoes & Jewelry,C,Carhartt],[Clothing, Shoes & Jewelry,Men,Clothing],[Clothing, Shoes & Jewelry,Men,Big & Tall],[Clothing, Shoes & Jewelry,Novelty, Costumes & More,Work Wear & Uniforms,Clothing,Work Utility & Safety,Men,Overalls & Coveralls]]"
722,46553,"Seychelles Women's Pomona Sandal,Black,6 M US","[[Clothing, Shoes & Jewelry,Shoes & Accessories: International Shipping Available],[Clothing, Shoes & Jewelry,S,Seychelles],[Clothing, Shoes & Jewelry,Women,Shoes,Sandals]]"
723,46787,La Mer Collections Women's LMCW1006 Peace Pipe Charm Chain Wrap Watch,"[[Clothing, Shoes & Jewelry,New Arrivals],[Clothing, Shoes & Jewelry,Jewelry: International Shipping Available],[Clothing, Shoes & Jewelry,Fashion Watches],[Clothing, Shoes & Jewelry,Available for International Shipping],[Clothing, Shoes & Jewelry,La Mer Collections],[Clothing, Shoes & Jewelry,Women,Watches,Wrist Watches],[Clothing, Shoes & Jewelry,Men]]"
724,46823,Five-Piece Scarecrow Straw Kit,"[[Clothing, Shoes & Jewelry,Novelty, Costumes & More,Costumes & Accessories,More Accessories]]"
725,46914,Cinderella Wand,"[[Clothing, Shoes & Jewelry,Novelty, Costumes & More,Costumes & Accessories,More Accessories]]"
726,46942,Art Deco gold tone owl head charm stud earrings jewelry vintage retro cute,"[[Clothing, Shoes & Jewelry,Women],[Clothing, Shoes & Jewelry,Novelty, Costumes & More,Novelty,Jewelry,Earrings]]"
727,46954,Sam Edelman Women's Gabby Thong Sandal,"[[Clothing, Shoes & Jewelry,Shoes & Accessories: International Shipping Available],[Clothing, Shoes & Jewelry,S,Sam Edelman],[Clothing, Shoes & Jewelry,Women,Shoes,Sandals]]"
728,46955,Kanu Surf Men's Barracuda Trunks,"[[Clothing, Shoes & Jewelry,Men,Clothing,Swim,Trunks]]"
729,46993,Men's New Lycra Jersey V-Neck Short Sleeve T-Shirt,"[[Clothing, Shoes & Jewelry,Men,Clothing,Shirts,T-Shirts]]"
730,47038,Pleaser Women's Chic-60 Sandal,"[[Clothing, Shoes & Jewelry,Shoes & Accessories: International Shipping Available],[Clothing, Shoes & Jewelry,P,Pleaser],[Clothing, Shoes & Jewelry,Women,Shoes,Sandals]]"
731,47210,Chaos Drake Fleece Neck Gaiter,"[[Clothing, Shoes & Jewelry,Men,Accessories,Scarves,Neck Gaiters]]"
732,47243,New OG Vintage Buddy NERD Wayfarer Blues Brothers Clear Sunglasses - Black,"[[Clothing, Shoes & Jewelry,Women],[Clothing, Shoes & Jewelry,Novelty, Costumes & More,Novelty,Clothing,Women,Accessories,Sunglasses & Eyewear]]"
733,47260,WonderWink Women's Scrubs Romeo 6 Pocket Flare Leg Pant,"[[Clothing, Shoes & Jewelry,Novelty, Costumes & More,Work Wear & Uniforms,Clothing,Medical,Women,Scrub Bottoms]]"
734,47424,Only Necessities Women's Plus Size Wide Sweep Lounger,"[[Clothing, Shoes & Jewelry,Women,Clothing,Lingerie, Sleep & Lounge,Sleep & Lounge,Nightgowns & Sleepshirts],[Clothing, Shoes & Jewelry,Women,Plus-Size,Sleep & Lounge,Nightgowns & Sleepshirts]]"
735,47440,"Kids Headquarters Boys 2-7 Top With Pull On Pants Slam Dunk, White, 3T","[[Clothing, Shoes & Jewelry,Boys,Clothing,Clothing Sets,Pant Sets]]"
736,47462,"Hurley Boys 8-20 Heavy Metal Tee, White, Small","[[Clothing, Shoes & Jewelry,Boys,Clothing,Tops & Tees,Tees]]"
737,47510,"Disney Baby-Girls Newborn Minnie Short Sleeve Dress, Red, 3 Months","[[Clothing, Shoes & Jewelry,Baby,Baby Girls,Clothing,Dresses,Playwear]]"
738,47659,Louis Raphael Men's Ultimo Microfiber Pleated Dress Pant,"[[Clothing, Shoes & Jewelry,Men,Clothing,Pants,Dress]]"
739,47661,Quiksilver Men's All Time Long Sleeve Rashguard T-Shirt,"[[Clothing, Shoes & Jewelry,Q,Quiksilver],[Clothing, Shoes & Jewelry,Men,Clothing,Swim,Rash Guards],[Clothing, Shoes & Jewelry,Men,Surf, Skate & Street,Clothing,Swim,Rash Guards]]"
740,47664,"Playtex Women's Secrets No Slip, No Ride-Up Underwire 4732 Bra,Nude,38C","[[Clothing, Shoes & Jewelry,Women,Clothing,Lingerie, Sleep & Lounge,Intimates,Bras,Everyday Bras],[Clothing, Shoes & Jewelry,Women,Plus-Size]]"
741,47720,Mud Pie Baby-Boys Infant Fuzzy Bear Polo Shirt And Pant Set,"[[Clothing, Shoes & Jewelry,Baby,Baby Boys,Clothing,Clothing Sets,Pant Sets]]"
742,47736,"Columbia Women's Benton Springs Long Hoodie, Black, X-Small","[[Clothing, Shoes & Jewelry,C,Columbia],[Clothing, Shoes & Jewelry,Women,Clothing,Coats & Jackets,Fleece],[Clothing, Shoes & Jewelry,Women,Petite,Outerwear & Coats,Fleece]]"
743,47839,Rosario + Vampire RosaVam Moka Akashiya Cosplay Necklace / Neckband,"[[Clothing, Shoes & Jewelry,Women],[Clothing, Shoes & Jewelry,Novelty, Costumes & More,Novelty]]"
744,47859,Lamaze Cotton Spandex Sleep Bra for Nursing and Maternity,"[[Clothing, Shoes & Jewelry,Women,Maternity,Intimates,Nursing & Maternity Bras],[Clothing, Shoes & Jewelry,Women,Petite]]"
745,47877,U-Turn Jeans Women's Butt Lift Brazilian Skinny Leg Moleton,"[[Clothing, Shoes & Jewelry,Women,Clothing,Jeans],[Clothing, Shoes & Jewelry,Women,Petite,Jeans]]"
746,47929,Company 81 Men's Jeans Denim Pants Straight Fit Blue Size 32x30,"[[Clothing, Shoes & Jewelry,Men,Clothing,Jeans],[Clothing, Shoes & Jewelry,Men,Surf, Skate & Street,Clothing,Jeans]]"
747,47971,Little Me Baby-Girls Newborn Leopard Footie,"[[Clothing, Shoes & Jewelry,Baby,Baby Girls,Clothing,Footies & Rompers,Footies]]"
748,48053,Dansko Women's Professional Clog,"[[Clothing, Shoes & Jewelry,Shoes & Accessories: International Shipping Available],[Clothing, Shoes & Jewelry,D,Dansko],[Clothing, Shoes & Jewelry,Comfort Shoes],[Clothing, Shoes & Jewelry,Women,Shoes,Mules & Clogs]]"
749,48085,Paul Frank Junior's Plush Life Julius Head Print Pant,"[[Clothing, Shoes & Jewelry,Women,Clothing,Lingerie, Sleep & Lounge,Sleep & Lounge,Bottoms],[Clothing, Shoes & Jewelry,Women,Juniors,Lingerie, Sleep & Lounge,Sleep & Lounge,Bottoms]]"
750,48090,New Choice Oulm Man's Fashion Watch with 3 Quartz Movement Dial Leather Band White by AHMET,"[[Clothing, Shoes & Jewelry,Women],[Clothing, Shoes & Jewelry,Men,Watches,Wrist Watches]]"
751,48116,Heirloom Finds Faceted Faux Hematite Chocolate Tear Drop Dangles,"[[Clothing, Shoes & Jewelry,Women],[Clothing, Shoes & Jewelry,Novelty, Costumes & More,Novelty,Jewelry,Earrings]]"
752,48229,"Sloggers  Women's Rain and Garden Boot with &quot;All-Day-Comfort&quot; Insole, Midsummer Blue Print - Wo's size 10 - Style 5002BL10","[[Clothing, Shoes & Jewelry,Women,Shoes,Outdoor,Rain Footwear]]"
753,48269,YogaColors Fine Jersey Lightning Bolt Leisure Dress,"[[Sports & Outdoors,Clothing,Women,Dresses],[Clothing, Shoes & Jewelry,Women,Clothing,Dresses,Casual]]"
754,48369,Glamorise Women's Full-Figure Sports Bra #1006,"[[Clothing, Shoes & Jewelry,Women,Clothing,Lingerie, Sleep & Lounge,Intimates,Bras,Sports Bras],[Clothing, Shoes & Jewelry,Women,Petite,Intimates,Bras,Sports Bras],[Clothing, Shoes & Jewelry,Women,Plus-Size,Intimates,Bras,Everyday Bras],[Clothing, Shoes & Jewelry,Women,Plus-Size,Intimates,Bras,Sports Bras]]"
755,48400,Oxidized .925 Sterling Silver Spoon Ring,"[[Clothing, Shoes & Jewelry,Women,Jewelry,Fine,Rings],[Clothing, Shoes & Jewelry,Novelty, Costumes & More,Novelty]]"
756,48513,"U.S. POLO ASSN. Men's Knit Pant, Black, Medium","[[Clothing, Shoes & Jewelry,Men,Clothing,Sleep & Lounge,Sleep Bottoms]]"
757,48588,Allegra K Women's Scoop Neck Sleeveless Dots Pleated Layered Dress,"[[Clothing, Shoes & Jewelry,Women,Clothing,Dresses,Casual]]"
758,48611,Columbia Men's Convertible II Pant,"[[Clothing, Shoes & Jewelry,Men,Surf, Skate & Street,Clothing,Active,Active Pants]]"
759,48704,CYZ Collection Men's Cotton Knit Pajama Lounge Pants,"[[Clothing, Shoes & Jewelry,Men,Clothing,Sleep & Lounge,Sleep Bottoms]]"
760,48726,Stuhrling Original Women's 579.01 &quot;Soiree Tiara&quot; Stainless Steel and Swarovski Crystal Watch,"[[Clothing, Shoes & Jewelry,New Arrivals],[Clothing, Shoes & Jewelry,Jewelry: International Shipping Available],[Clothing, Shoes & Jewelry,Available for International Shipping],[Clothing, Shoes & Jewelry,Women,Watches,Wrist Watches]]"
761,48862,10k White Gold Round-Cut Swarovski Zirconia Stud Earrings (3 cttw),"[[Clothing, Shoes & Jewelry,Jewelry: International Shipping Available],[Clothing, Shoes & Jewelry,Amazon Curated Collection],[Clothing, Shoes & Jewelry,Women,Jewelry,Fashion,Earrings,Stud],[Clothing, Shoes & Jewelry,Novelty, Costumes & More,Novelty],[Clothing, Shoes & Jewelry,Test Women AAQ]]"
762,49095,Holiday Winter Snowflake Earrings,"[[Clothing, Shoes & Jewelry,Women],[Clothing, Shoes & Jewelry,Novelty, Costumes & More,Novelty,Jewelry,Earrings]]"
763,49115,AX Paris Women's Knitted Multi Heart Black Sweater,"[[Clothing, Shoes & Jewelry,Women,Clothing,Sweaters,Cardigans]]"
764,49249,GI Womens Chess-3 Military Combat Boot Fold-over Cuff with Zipper,"[[Clothing, Shoes & Jewelry,Boot Shop,Women,Fashion,Combat],[Clothing, Shoes & Jewelry,Women,Shoes,Boots]]"
765,49316,Carter's Baby Girl's Infant Long Sleeve One Piece Fleece Coverall - Zebra Print,"[[Clothing, Shoes & Jewelry,Baby,Baby Girls,Clothing,Footies & Rompers,Rompers]]"
766,49399,FootFitter Professional 2-Way Shoe Stretcher,"[[Clothing, Shoes & Jewelry,Novelty, Costumes & More,Shoe Care & Accessories,Shoe & Boot Trees]]"
767,49448,eVogues Plus size Sheer Layered Glitter Poncho Top White,"[[Clothing, Shoes & Jewelry,Women,Clothing,Tops & Tees,Blouses & Button-Down Shirts]]"
768,49625,Basic House Women's Casual Cotton Spandex Fold Over Waist Leggings Sizing,"[[Sports & Outdoors,Clothing,Women,Tights & Leggings],[Clothing, Shoes & Jewelry,Women,Clothing,Active,Active Leggings]]"
769,49954,Orthaheel Women's Kelly Backstrap Wedge Fashion Sandals,"[[Clothing, Shoes & Jewelry,Women,Shoes,Sandals]]"
770,49963,FitFlop Women's Lunetta Thong Sandal,"[[Clothing, Shoes & Jewelry,F,FitFlop],[Clothing, Shoes & Jewelry,Comfort Shoes],[Clothing, Shoes & Jewelry,Women,Shoes,Sandals]]"
771,50229,"Locket Celtic Wolf, pewter","[[Clothing, Shoes & Jewelry,Women],[Clothing, Shoes & Jewelry,Novelty, Costumes & More,Novelty,Jewelry,Necklaces & Pendants]]"
772,50253,Gerber Unisex-Baby Newborn 2 Pack Sleep N Play Animals,"[[Clothing, Shoes & Jewelry,Baby,Baby Girls,Clothing,Sleepwear & Robes,Blanket Sleepers],[Clothing, Shoes & Jewelry,Baby,Baby Boys,Clothing,Sleepwear & Robes,Blanket Sleepers]]"
773,50494,Skechers Women's D'Lites Sneaker,"[[Clothing, Shoes & Jewelry,Shoes & Accessories: International Shipping Available],[Clothing, Shoes & Jewelry,S,Skechers],[Clothing, Shoes & Jewelry,Comfort Shoes],[Clothing, Shoes & Jewelry,Women,Shoes,Fashion Sneakers],[Clothing, Shoes & Jewelry,Novelty, Costumes & More,Work Wear & Uniforms]]"
774,50522,BCBGeneration Women's Jericho Combat Boot,"[[Clothing, Shoes & Jewelry,Shoes & Accessories: International Shipping Available],[Clothing, Shoes & Jewelry,B,BCBGeneration],[Clothing, Shoes & Jewelry,Boot Shop,Women,Fashion,Combat],[Clothing, Shoes & Jewelry,Women,Shoes,Boots]]"
775,50585,"Sterling Silver 8mm Black Onyx Bead Necklace, 36&quot;","[[Clothing, Shoes & Jewelry,Gemstones],[Clothing, Shoes & Jewelry,New Arrivals,New Jewelry],[Clothing, Shoes & Jewelry,Jewelry: International Shipping Available],[Clothing, Shoes & Jewelry,Amazon Curated Collection],[Clothing, Shoes & Jewelry,Women,Jewelry,Fashion,Necklaces,Strands],[Clothing, Shoes & Jewelry,Novelty, Costumes & More,Novelty]]"
776,50714,Diplomat Ebony Wood Six Watch Winder with Black Leather Interior and 4 Program Settings,"[[Clothing, Shoes & Jewelry,New Arrivals],[Clothing, Shoes & Jewelry,Jewelry: International Shipping Available],[Clothing, Shoes & Jewelry,Available for International Shipping],[Clothing, Shoes & Jewelry,Diplomat],[Clothing, Shoes & Jewelry,Novelty, Costumes & More,Watch Accessories,Watch Winders]]"
777,50741,Russell Athletic Youth Dri-Power Raglan Tee,"[[Sports & Outdoors,Clothing,Boys,Shirts],[Clothing, Shoes & Jewelry,Boys,Clothing,Active,Active Shirts & Tees]]"
778,50759,"adidas Men's Response 9- Inch Baggy Short , Black/ Lead, X-Large","[[Sports & Outdoors,Racquet Sports,Tennis,Clothing,Men,Shorts],[Clothing, Shoes & Jewelry,Men,Clothing,Active,Active Shorts]]"
779,50779,Leveret &quot;Tiger&quot; 2 Piece Pajama 100% Cotton (6-12 Months),"[[Clothing, Shoes & Jewelry,Baby,Baby Boys,Clothing,Sleepwear & Robes,Pajama Sets]]"
780,50798,DV by Dolce Vita Women's Tulle Wedge Sandal,"[[Clothing, Shoes & Jewelry,Shoes & Accessories: International Shipping Available],[Clothing, Shoes & Jewelry,D,DV by Dolce Vita],[Clothing, Shoes & Jewelry,Women,Shoes,Sandals]]"
781,50876,Bali Women's Comfort Revolution Wirefree Bra with Smart Sizes,"[[Clothing, Shoes & Jewelry,Women,Clothing,Lingerie, Sleep & Lounge,Intimates,Bras,Everyday Bras],[Clothing, Shoes & Jewelry,Women,Plus-Size]]"
782,50921,Danskin Women's Shimmery Footed Tight,"[[Clothing, Shoes & Jewelry,Women,Clothing],[Clothing, Shoes & Jewelry,Women,Petite]]"
783,51070,"Sterling Silver Large Diamond-Shape Drop Earrings, 2.2&quot;","[[Clothing, Shoes & Jewelry,Jewelry: International Shipping Available],[Clothing, Shoes & Jewelry,Plain Silver Jewelry],[Clothing, Shoes & Jewelry,Amazon Curated Collection],[Clothing, Shoes & Jewelry,Women,Jewelry,Fine,Earrings,Drop & Dangle],[Clothing, Shoes & Jewelry,Women,Jewelry,Fashion,Earrings,Drop & Dangle],[Clothing, Shoes & Jewelry,Novelty, Costumes & More,Novelty]]"
784,51140,Azules Women's Rayon Span Maxi Skirt,"[[Clothing, Shoes & Jewelry,Women,Clothing,Skirts,Casual]]"
785,51325,Lova Jewelry Purple Glass Bead Stretch Bracelet with Swarovski Crystals Accents,"[[Sports & Outdoors,Fan Shop,Jewelry & Watches,Bracelets],[Clothing, Shoes & Jewelry,Novelty, Costumes & More,Novelty,Jewelry,Bracelets]]"
786,51336,4mm Cobalt Free Tungsten Carbide Gold Pated COMFORT-FIT Wedding Band Ring for Men and Women (Size 5 to 15),"[[Clothing, Shoes & Jewelry,Men,Jewelry],[Clothing, Shoes & Jewelry,Novelty, Costumes & More,Novelty]]"
787,51391,Machine Stainless Steel Watch,"[[Clothing, Shoes & Jewelry,Fashion Watches],[Clothing, Shoes & Jewelry,F,FOSSIL],[Clothing, Shoes & Jewelry,Fossil Watches],[Clothing, Shoes & Jewelry,Women]]"
788,51441,Ayurvastram Pure Cotton Shirt Tunic Top Kurti,"[[Clothing, Shoes & Jewelry,Women,Clothing,Tops & Tees,Tunics],[Clothing, Shoes & Jewelry,Women,Plus-Size]]"
789,51766,JBlue Jewelry Men's Rhodium Plated Cufflinks Silver Blue Globe Shirt Wedding (with Gift Bag),"[[Clothing, Shoes & Jewelry,Men,Jewelry,Cuff Links],[Clothing, Shoes & Jewelry,Novelty, Costumes & More,Novelty]]"
790,51873,Soffe Men's Extra Long Poly Closed Hole Mesh Short,"[[Sports & Outdoors,Clothing,Men,Shorts],[Clothing, Shoes & Jewelry,Men,Clothing,Active,Active Shorts],[Clothing, Shoes & Jewelry,Men,Big & Tall]]"
791,51874,Women's Floral Damask Scroll Print Beach Shopper Tote Bag - Multiple Colors!,"[[Clothing, Shoes & Jewelry,Luggage & Travel Gear,Luggage,Travel Totes]]"
792,51932,Sterling Silver Green Amber Oblong Stone Ring,"[[Clothing, Shoes & Jewelry,Gemstones],[Clothing, Shoes & Jewelry,Antique & Estate Jewelry,Contemporary,Rings],[Clothing, Shoes & Jewelry,Women],[Clothing, Shoes & Jewelry,Novelty, Costumes & More,Novelty,Jewelry,Rings]]"
793,52053,Shoelaces in 30 Colors to choose from! Round style in 3 lengths,"[[Clothing, Shoes & Jewelry,Novelty, Costumes & More,Shoe Care & Accessories,Shoelaces]]"
794,52118,"Women's Plus Size Petite pants, yoga bootcut knit with slim fit","[[Sports & Outdoors,Exercise & Fitness,Yoga,Clothing,Women,Pants],[Clothing, Shoes & Jewelry,Women,Clothing,Active,Active Pants],[Clothing, Shoes & Jewelry,Women,Plus-Size,Active,Active Pants]]"
795,52152,Rubie's Costume Steampunk Short Top Hat With Belt and Brass Buckle,"[[Clothing, Shoes & Jewelry,Novelty, Costumes & More,Band & Music Fan,Accessories],[Clothing, Shoes & Jewelry,Novelty, Costumes & More,Costumes & Accessories,More Accessories,Men]]"
796,52165,MOD Luv Women's Lace Panels Tunic Tank Khaki S(7545),"[[Clothing, Shoes & Jewelry,Women,Clothing,Tops & Tees,Tanks & Camis]]"
797,52197,Couple Stainless Steel Puzzle Heart Pendant With Necklaces and Jewelry Bags,"[[Clothing, Shoes & Jewelry,Women,Clothing,Lingerie, Sleep & Lounge,Intimates,Lingerie,Bustiers & Corsets],[Clothing, Shoes & Jewelry,Women,Petite,Intimates,Lingerie,Bustiers & Corsets]]"
798,52220,Polo Ralph Lauren Kids Ronnie Boots (Toddler/Little Kid/Big Kid),"[[Clothing, Shoes & Jewelry,Shoes & Accessories: International Shipping Available],[Clothing, Shoes & Jewelry,P,Polo Ralph Lauren],[Clothing, Shoes & Jewelry,Girls,Shoes,Boots],[Clothing, Shoes & Jewelry,Boys,Shoes,Boots]]"
799,52228,Lovely Silver color Textured Owl Pendant With 25&quot; Chain Vintage Owl Pendant Long Silvered Chain Necklace Clothes,"[[Clothing, Shoes & Jewelry,Novelty, Costumes & More,Novelty,Jewelry,Necklaces & Pendants],[Clothing, Shoes & Jewelry,Novelty, Costumes & More,Jewelry Accessories,Jewelry Boxes & Organizers]]"
800,52250,Fashion Vintage Big Skull Pendant With Chain Necklace,"[[Clothing, Shoes & Jewelry,Women],[Clothing, Shoes & Jewelry,Novelty, Costumes & More,Novelty,Jewelry,Necklaces & Pendants]]"
801,52289,Fashion Womens Sexy Pajamas Set Blouse Shirt + Shorts Underwear Sleepwear 2 Pcs,"[[Clothing, Shoes & Jewelry,Women,Clothing,Lingerie, Sleep & Lounge,Sleep & Lounge,Sets]]"
802,52291,Hee Grand Summer Sports Pants Men,"[[Sports & Outdoors,Exercise & Fitness,Yoga,Clothing,Men,Pants],[Sports & Outdoors,Exercise & Fitness,Yoga,Clothing,Women,Pants],[Clothing, Shoes & Jewelry,Women],[Clothing, Shoes & Jewelry,Men,Clothing,Active,Active Pants]]"
803,52299,Womens Tartan Style Red And Gray Wool Mini Skirt,"[[Clothing, Shoes & Jewelry,Women,Clothing,Skirts,Casual]]"
804,52304,"Hello Kitty Girls 2-6X On Hoodie, Anthracite, 5","[[Clothing, Shoes & Jewelry,Girls,Clothing,Fashion Hoodies & Sweatshirts]]"
805,52328,Baffin Men's Icebreaker Snow Boot,"[[Clothing, Shoes & Jewelry,Shoes & Accessories: International Shipping Available],[Clothing, Shoes & Jewelry,B,Baffin],[Clothing, Shoes & Jewelry,Boot Shop,Men,Outdoor & Work,Snow & Cold Weather],[Clothing, Shoes & Jewelry,Men,Shoes,Boots],[Clothing, Shoes & Jewelry,Men,Shoes,Outdoor,Snow Boots]]"
806,52357,Skechers Women's Bikers-Metal Lace Skimmer,"[[Clothing, Shoes & Jewelry,Shoes & Accessories: International Shipping Available],[Clothing, Shoes & Jewelry,S,Skechers],[Clothing, Shoes & Jewelry,Comfort Shoes],[Clothing, Shoes & Jewelry,Women,Shoes,Flats]]"
807,52381,Columbia Men's Low Drag Offshore Long Sleeve Shirt,"[[Clothing, Shoes & Jewelry,Men,Surf, Skate & Street,Clothing,Shirts,Casual Button-Down Shirts]]"
808,52454,Vibram Womens Alitza Running Shoe,"[[Clothing, Shoes & Jewelry,V,Vibram],[Clothing, Shoes & Jewelry,Women,Shoes,Athletic,Running]]"
809,52481,U.S. Polo Assn. Sport Men's US9117  Black Silicone Analog Digital Watch,"[[Sports & Outdoors,Accessories,Sport Watches],[Clothing, Shoes & Jewelry,New Arrivals],[Clothing, Shoes & Jewelry,Jewelry: International Shipping Available],[Clothing, Shoes & Jewelry,Available for International Shipping],[Clothing, Shoes & Jewelry,Sport Watches],[Clothing, Shoes & Jewelry,Men,Watches,Wrist Watches]]"
810,52597,Platinum Plated Sterling Silver Round Cubic Zirconia 7 Stone Journey Necklace,"[[Clothing, Shoes & Jewelry,Jewelry: International Shipping Available],[Clothing, Shoes & Jewelry,Amazon Curated Collection],[Clothing, Shoes & Jewelry,Women,Jewelry,Fine,Necklaces],[Clothing, Shoes & Jewelry,Women,Jewelry,Fashion,Necklaces],[Clothing, Shoes & Jewelry,Novelty, Costumes & More,Novelty]]"
811,52619,Hanes Boys Red Label Cushion Ankle Socks # 422/6,"[[Clothing, Shoes & Jewelry,Boys,Clothing,Socks,Dress Socks]]"
812,52681,Queenberry Sterling Silver Antique Flower Leaf Clip Stopper Lock Bead For European Charm Bracelets,"[[Clothing, Shoes & Jewelry,Women],[Clothing, Shoes & Jewelry,Novelty, Costumes & More,Novelty,Jewelry,Charms]]"
813,52685,U.S. Polo Assn. Juniors Puffer Jacket with Faux Fur-Trimmed Hood,"[[Clothing, Shoes & Jewelry,Women,Clothing,Coats & Jackets,Down & Down Alternative],[Clothing, Shoes & Jewelry,Women,Juniors,Coats & Jackets,Down & Down Alternative]]"
814,52701,Firefly Keep Calm and Stay Shiny Juniors Girly T-Shirt,"[[Clothing, Shoes & Jewelry,Women],[Clothing, Shoes & Jewelry,Novelty, Costumes & More,Novelty],[Clothing, Shoes & Jewelry,Novelty, Costumes & More,Movie & TV Fan,Tops & Tees,T-Shirts]]"
815,52732,Dr. Scholl's Women's Dance Clog,"[[Clothing, Shoes & Jewelry,Shoes & Accessories: International Shipping Available],[Clothing, Shoes & Jewelry,Comfort Shoes],[Clothing, Shoes & Jewelry,Women,Shoes,Mules & Clogs]]"
816,52749,"adidas Baby-Boys Infant ITB In Flight Wind Jacket and Pant, Navy, 12 Months","[[Clothing, Shoes & Jewelry,adidas],[Clothing, Shoes & Jewelry,Baby,Baby Boys,Clothing,Hoodies & Active]]"
817,52762,Ever Pretty Ruffles Padded Sexy V-neck High Low Bridesmaid Wedding Dress 03644,"[[Clothing, Shoes & Jewelry,Women,Clothing,Dresses],[Clothing, Shoes & Jewelry,Women,Petite,Dresses]]"
818,52869,Asoidchi Womens Vintage Career Slim High Waist Flare Wide Leg Long Pants,"[[Clothing, Shoes & Jewelry,Women,Clothing,Pants,Casual],[Clothing, Shoes & Jewelry,Women,Clothing,Pants,Wear to Work]]"
819,52904,Dolfin Tankini Top Female,"[[Sports & Outdoors,Boating & Water Sports,Swimming,Swimwear,Women,One-Piece Suits],[Clothing, Shoes & Jewelry,Women]]"
820,52969,MG Collection AUBREY Black / Beige Vintage Clasp Closure Doctor Style Handbag,"[[Clothing, Shoes & Jewelry,Women,Handbags & Wallets,Top-Handle Bags]]"
821,52991,NYDJ Women's Petite Sarah Boot Leg Jean,"[[Clothing, Shoes & Jewelry,Women,Clothing,Jeans],[Clothing, Shoes & Jewelry,Women,Petite,Jeans]]"
822,53005,Sheer Floral Stretch Lace Bolero Cover-up Long Sleeve Junior Plus Size,"[[Clothing, Shoes & Jewelry,Women,Clothing,Suits & Blazers,Blazers,Night Out & Special Occasion],[Clothing, Shoes & Jewelry,Women,Juniors,Suits & Blazers,Blazers,Night Out & Special Occasion]]"
823,53008,Breckelles DORADO-11 Women's western style ankle bootie on chunky heels with PU upper and size zipper,"[[Clothing, Shoes & Jewelry,Women,Shoes,Boots]]"
824,53076,Women's 3&quot; (75 mm) Wide High Waist Fashion Stretch Belt,"[[Clothing, Shoes & Jewelry,Women,Accessories,Belts]]"
825,53144,Dollhouse Juniors Capri Roller Stretch Denim Destructed Boyfriend Jeans,"[[Clothing, Shoes & Jewelry,D,dollhouse],[Clothing, Shoes & Jewelry,Women,Clothing,Jeans],[Clothing, Shoes & Jewelry,Women,Juniors,Jeans]]"
826,53234,Lot of 30 Surgical Steel Metal Tongue Rings Barbells Funny Nasty Wordings Picture Logo Signs 14G 5/8&quot; 16mm ~~READ DESCRIPTION~~,"[[Clothing, Shoes & Jewelry,Women],[Clothing, Shoes & Jewelry,Novelty, Costumes & More,Novelty,Jewelry],[Clothing, Shoes & Jewelry,Novelty, Costumes & More,Body Jewelry,Piercing Jewelry,Barbells]]"
827,53236,Lupo Women's Second Skin Long Sleeve Turtle Neck Sheer Top,"[[Clothing, Shoes & Jewelry,Women,Clothing,Tops & Tees,Knits & Tees],[Clothing, Shoes & Jewelry,Women,Petite,Tops & Tees,Knits & Tees]]"
828,53342,"Surgical Steel Cubic Zirconia Rolling Ring 3mm Triple Wedding Band, sizes 6 - 12","[[Clothing, Shoes & Jewelry,Women],[Clothing, Shoes & Jewelry,Novelty, Costumes & More,Novelty,Jewelry,Wedding & Engagement Rings,Wedding Rings]]"
829,53474,Madden Girl Women's Fizzy-S Pump,"[[Clothing, Shoes & Jewelry,Shoes & Accessories: International Shipping Available],[Clothing, Shoes & Jewelry,M,Madden Girl],[Clothing, Shoes & Jewelry,Women,Shoes,Pumps]]"
830,53505,Two In Love! I Love My Husband (Red Heart Design) Women's V-Neck T-Shirt,"[[Clothing, Shoes & Jewelry,Women,Petite,Tops & Tees,Knits & Tees],[Clothing, Shoes & Jewelry,Novelty, Costumes & More,Novelty,Clothing,Women,Tops & Tees,T-Shirts]]"
831,53534,"Germany Eagle Crest International Soccer Juniors T-shirt, German Soccer Juniors T-shirt","[[Clothing, Shoes & Jewelry,Women],[Clothing, Shoes & Jewelry,Girls],[Clothing, Shoes & Jewelry,Novelty, Costumes & More,Novelty,Clothing,Women,Tops & Tees,T-Shirts],[Clothing, Shoes & Jewelry,Novelty, Costumes & More,Band & Music Fan,T-Shirts]]"
832,53544,"Duofold Men's Heavy Weight Ankle Length Bottom,Blue Jean,Large","[[Clothing, Shoes & Jewelry,Men,Clothing,Jeans]]"
833,53573,Allegra K Women's Sleeveless Scoop Neck Striped Mini Dress,"[[Clothing, Shoes & Jewelry,Women,Clothing,Dresses,Casual]]"
834,53654,"Rich &amp; Skinny Women's Tuxedo Skinny Jean, Stratus, 28","[[Clothing, Shoes & Jewelry,Women,Clothing,Jeans],[Clothing, Shoes & Jewelry,Women's Luxury Brands]]"
835,53748,2 Packs of Eighteen Pairs of Clear Studs with Nylon Posts,"[[Clothing, Shoes & Jewelry,Women],[Clothing, Shoes & Jewelry,Novelty, Costumes & More,Novelty,Jewelry,Earrings]]"
836,53797,Champion Men's Cap Sleeve Raglan Tee,"[[Sports & Outdoors,Clothing],[Clothing, Shoes & Jewelry,Men,Clothing,Active,Active Shirts & Tees],[Clothing, Shoes & Jewelry,Men,Big & Tall]]"
837,53821,Kensie Women's Sheer Viscose Solid Tee,"[[Clothing, Shoes & Jewelry,Women,Clothing,Tops & Tees,Knits & Tees]]"
838,53860,Ellie Shoes Women's 431-Sterling Sandal,"[[Clothing, Shoes & Jewelry,Shoes & Accessories: International Shipping Available],[Clothing, Shoes & Jewelry,Women,Shoes,Sandals]]"
839,53924,Mens Classic Mickey Mouse T Shirt,"[[Clothing, Shoes & Jewelry,Men],[Clothing, Shoes & Jewelry,Novelty, Costumes & More,Novelty,Clothing,Men,Shirts,T-Shirts]]"
840,53935,"Spalding Men's Basic Dazzle Short, Black, XX-Large","[[Sports & Outdoors,Clothing,Men,Shorts],[Clothing, Shoes & Jewelry,Men,Clothing,Active,Active Shorts]]"
841,53947,Invicta Men's 12615 Pro Diver Silver Dial Black Leather Strap Watch,"[[Sports & Outdoors,Accessories,Sport Watches],[Clothing, Shoes & Jewelry,New Arrivals],[Clothing, Shoes & Jewelry,Jewelry: International Shipping Available],[Clothing, Shoes & Jewelry,Fashion Watches],[Clothing, Shoes & Jewelry,Available for International Shipping],[Clothing, Shoes & Jewelry,Sport Watches],[Clothing, Shoes & Jewelry,Invicta],[Clothing, Shoes & Jewelry,Men,Watches,Wrist Watches],[Clothing, Shoes & Jewelry,Novelty, Costumes & More,Watch Accessories]]"
842,54051,"Cover-up,beach Casual Short Dress","[[Clothing, Shoes & Jewelry,Women,Clothing,Dresses]]"
843,54173,Sweet Beauty terra-01 Women's mid calf combat boot with micro fiber lining,"[[Clothing, Shoes & Jewelry,Boot Shop,Women,Fashion,Combat],[Clothing, Shoes & Jewelry,Women,Shoes,Boots]]"
844,54252,J.TOMSON Mens Short Sleeve Raglan T Shirt,"[[Clothing, Shoes & Jewelry,Men,Clothing,Shirts,T-Shirts],[Clothing, Shoes & Jewelry,Men,Big & Tall]]"
845,54263,"Minnie Mouse Girls 2-6X Sleep Set, Black, 3T","[[Clothing, Shoes & Jewelry,Girls,Clothing,Sleepwear & Robes,Pajama Sets]]"
846,54287,J.TOMSON PLUS Womens Foldover Maxi Skirt Plus Size,"[[Clothing, Shoes & Jewelry,Women,Clothing,Skirts,Casual]]"
847,54356,Allegra K Women's Crossover Deep V-Neck Dress,"[[Clothing, Shoes & Jewelry,Women,Clothing,Dresses]]"
848,54447,Bella Materna Women's Smooth Cup Underwire Nursing Bra,"[[Clothing, Shoes & Jewelry,Women,Maternity,Intimates,Nursing & Maternity Bras],[Clothing, Shoes & Jewelry,Women,Plus-Size,Maternity,Intimates,Nursing & Maternity Bras]]"
849,54515,Dickies Scrubs Women's Warm Up Jacket,"[[Clothing, Shoes & Jewelry,D,Dickies],[Clothing, Shoes & Jewelry,Novelty, Costumes & More,Work Wear & Uniforms,Clothing,Medical]]"
850,54534,Noble Mount Quilted Monique Satchel/Handbag - 5 Colors (Introductory Price),"[[Clothing, Shoes & Jewelry,Women,Handbags & Wallets,Top-Handle Bags]]"
851,54596,Roxy Girls 7-16 Sand Blossom Boardshort,"[[Clothing, Shoes & Jewelry,R,Roxy],[Clothing, Shoes & Jewelry,Girls,Clothing,Swim,Board Shorts]]"
852,54598,2LUV Women's Pleated Chiffon Maxi Skirt,"[[Clothing, Shoes & Jewelry,Women,Clothing,Skirts,Casual]]"
853,54636,Clarks Women's Truffle Sandal,"[[Clothing, Shoes & Jewelry,Shoes & Accessories: International Shipping Available],[Clothing, Shoes & Jewelry,C,Clarks],[Clothing, Shoes & Jewelry,Comfort Shoes],[Clothing, Shoes & Jewelry,Women,Shoes,Sandals]]"
854,54678,Lazy Daisy -- Snoopy -- Peanuts -- Junk Food Crop Sleeve Fitted Juniors T-Shirt,"[[Clothing, Shoes & Jewelry,Women],[Clothing, Shoes & Jewelry,Novelty, Costumes & More,Novelty,Clothing],[Clothing, Shoes & Jewelry,Novelty, Costumes & More,Movie & TV Fan,Tops & Tees,T-Shirts]]"
855,54694,Houston Texans Stud Earrings - NFL Football Fan Shop Sports Team Merchandise,"[[Clothing, Shoes & Jewelry,Novelty, Costumes & More,Novelty,Jewelry,Earrings]]"
856,54703,Nickelodeon Girls 2-6x Dora the Explorer Plush,"[[Clothing, Shoes & Jewelry,Girls,Accessories]]"
857,54740,Columbia Boys 8-20 Windy Explorer Jacket,"[[Sports & Outdoors,Clothing,Boys,Jackets],[Clothing, Shoes & Jewelry,C,Columbia],[Clothing, Shoes & Jewelry,Boys,Clothing,Jackets & Coats,Rain Wear]]"
858,54752,Women's Strapless Tube Top with shelf bra,"[[Clothing, Shoes & Jewelry,Women,Clothing,Tops & Tees,Tanks & Camis]]"
859,54829,Mikarose Coral Pink &amp; White Eyelet Knee-Length Skirt - Size XS-2XL (0-20),"[[Clothing, Shoes & Jewelry,Women,Clothing,Skirts,Casual]]"
860,54904,2.00 Carat Total Weight Sterling Silver Aquamarine Colored Round Cz Stud Earrings- March Birthstone,"[[Clothing, Shoes & Jewelry,Women],[Clothing, Shoes & Jewelry,Novelty, Costumes & More,Novelty,Jewelry,Earrings]]"
861,54970,Sorel Women's Tremblant Moc Slipper,"[[Clothing, Shoes & Jewelry,Shoes & Accessories: International Shipping Available],[Clothing, Shoes & Jewelry,S,SOREL],[Clothing, Shoes & Jewelry,Women,Shoes,Slippers]]"
862,55101,Shadowline Women's Silhouette 53&quot; Gown 31737,"[[Clothing, Shoes & Jewelry,Women,Clothing,Lingerie, Sleep & Lounge,Sleep & Lounge,Nightgowns & Sleepshirts],[Clothing, Shoes & Jewelry,Women,Petite,Sleep & Lounge,Nightgowns & Sleepshirts]]"
863,55229,Soho Apparel Junior Ladies Shiny Metallic Liquid Leggings,"[[Clothing, Shoes & Jewelry,Women,Clothing,Leggings]]"
864,55341,Hee Grand Women Summer Sandals Beaded Lace Up Low-Heeled Shoes Open Toe,"[[Clothing, Shoes & Jewelry,Women,Shoes,Sandals],[Clothing, Shoes & Jewelry,Women,Shoes,Athletic,Sport Sandals]]"
865,55477,Womens Cotton Long Sleeve Kurti Embroidered Blouse Indian Clothing (Green),"[[Clothing, Shoes & Jewelry,Women],[Clothing, Shoes & Jewelry,Novelty, Costumes & More,World Apparel]]"
866,55573,Tru Witness - COPS Christian T-Shirt,"[[Clothing, Shoes & Jewelry,Men,Clothing,Shirts,T-Shirts]]"
867,55591,Jacquard Purple &amp; Blue Tone Pashmina Shawl Wrap,"[[Clothing, Shoes & Jewelry,Women,Accessories,Scarves & Wraps,Wraps & Pashminas]]"
868,55653,"Firefly Browncoats Academy Juniors Tee (Small, Heather Grey)","[[Clothing, Shoes & Jewelry,Women],[Clothing, Shoes & Jewelry,Novelty, Costumes & More,Movie & TV Fan,Tops & Tees,T-Shirts]]"
869,55671,Black Lace up Gothic Gloves Wedding Prom Arm Warmer 80s,"[[Clothing, Shoes & Jewelry,Women,Accessories,Gloves & Mittens,Arm Warmers]]"
870,55769,Alex and Ani &quot;Bangle Bar&quot; Nile Bangle,"[[Clothing, Shoes & Jewelry,Jewelry: International Shipping Available],[Clothing, Shoes & Jewelry,Shop by Designer],[Clothing, Shoes & Jewelry,Contemporary Designer Jewelry],[Clothing, Shoes & Jewelry,Women,Jewelry,Fashion,Bracelets,Bangle],[Clothing, Shoes & Jewelry,Novelty, Costumes & More,Novelty]]"
871,55788,STR-0010 Stainless Steel Two Tone Black IP with Grooved Rose Band Ring; Comes With Free Gift Box,"[[Clothing, Shoes & Jewelry,Women],[Clothing, Shoes & Jewelry,Novelty, Costumes & More,Novelty,Jewelry,Rings]]"
872,55911,Silly Yogi Multi knit handwarmer,"[[Clothing, Shoes & Jewelry,Women,Accessories,Gloves & Mittens,Arm Warmers]]"
873,55912,Sakkas Ombre Tie Dye Gauzy Crepe Sleeveless Relaxed Fit Top / Blouse,"[[Clothing, Shoes & Jewelry,Women,Clothing,Tops & Tees,Blouses & Button-Down Shirts]]"
874,55977,Pair Dichroic Pyrex Glass Spiral 2g 2 gauge 6mm,"[[Clothing, Shoes & Jewelry,Women],[Clothing, Shoes & Jewelry,Novelty, Costumes & More,Novelty,Jewelry],[Clothing, Shoes & Jewelry,Novelty, Costumes & More,Body Jewelry,Piercing Jewelry,Plugs]]"
875,56168,Sterling Silver Scandinavian Norse Viking Thor's Hammer Earrings,"[[Clothing, Shoes & Jewelry,Women,Jewelry,Fine,Earrings,Drop & Dangle],[Clothing, Shoes & Jewelry,Novelty, Costumes & More,Novelty]]"
876,56223,Bandolino Women's Capture Leather Platform Pump,"[[Clothing, Shoes & Jewelry,Shoes & Accessories: International Shipping Available],[Clothing, Shoes & Jewelry,B,Bandolino],[Clothing, Shoes & Jewelry,Women,Shoes,Pumps]]"
877,56240,Women Lady Winter Warm Knitted Acrylic Crochet Slouch Baggy Beret Beanie Hat Cap,"[[Clothing, Shoes & Jewelry,Women,Accessories,Hats & Caps,Skullies & Beanies]]"
878,56280,Generic Jewelry Retro Pendant Globe Telescope Style Chain Charm Ornate Coat Sweater Vintage Necklace,"[[Clothing, Shoes & Jewelry,Women],[Clothing, Shoes & Jewelry,Novelty, Costumes & More,Novelty,Jewelry,Necklaces & Pendants]]"
879,56420,Nike Youth Hypervenom Phelon Turf [Flash Lime] (13C),"[[Clothing, Shoes & Jewelry,Boys,Shoes,Athletic,Soccer]]"
880,56426,Amour Women's Cut Open Slit Hole Opening Faux Leather Ankle Legging,"[[Clothing, Shoes & Jewelry,Women],[Clothing, Shoes & Jewelry,Novelty, Costumes & More,Novelty,Clothing,Women,Leggings]]"
881,56540,Danskin Girls 2-6x Short Sleeve Leotard,"[[Sports & Outdoors,Other Sports,Dance,Clothing,Girls,Leotards],[Clothing, Shoes & Jewelry,Girls,Clothing,Active,Active Shirts & Tees]]"
882,56564,Barely There Women's Customflex Fit Everyday Push-up Wirefree Bra,"[[Clothing, Shoes & Jewelry,Women,Clothing,Lingerie, Sleep & Lounge,Intimates,Bras,Everyday Bras]]"
883,56609,Young Hearts Girls 2-6X 3 Piece Paws Sweater and Pant Set,"[[Clothing, Shoes & Jewelry,Girls,Clothing,Clothing Sets,Pant Sets]]"
884,56690,Evan Picone Women's Drop-Waist Trim-Detail Dress,"[[Clothing, Shoes & Jewelry,Women,Clothing,Dresses,Wear to Work]]"
885,56793,Skyrim Character Black T-Shirt,"[[Clothing, Shoes & Jewelry,Men],[Clothing, Shoes & Jewelry,Novelty, Costumes & More,Novelty,Clothing,Men,Shirts,T-Shirts]]"
886,56857,"G2 Chic Sheer Solid Ruffled Lace Tank(TOP-CAS,BLK-L)","[[Clothing, Shoes & Jewelry,Women,Clothing,Tops & Tees,Tanks & Camis]]"
887,56924,Twisted Women's Daisy Faux Suede Strappy Gladiator Flip-flop Sandals,"[[Clothing, Shoes & Jewelry,Women,Shoes,Sandals]]"
888,57027,"Little Lass Girls 2-6X 2 Piece Eyelet Capri Set With Puff Print And Bow, Coral, 4","[[Clothing, Shoes & Jewelry,Girls,Clothing,Clothing Sets,Pant Sets]]"
889,57183,CTM&reg; Womens Leather 1 1/8 Inch Basic Dress Belt,"[[Clothing, Shoes & Jewelry,Women,Accessories,Belts]]"
890,57250,2LUV Women's Polka Dot High Low Chiffon Skirt,"[[Clothing, Shoes & Jewelry,Women,Clothing,Skirts,Casual]]"
891,57290,Hematite Black Pearl Bracelet - Style 12269,"[[Clothing, Shoes & Jewelry,Novelty, Costumes & More,Novelty]]"
892,57313,Women Punk Effect Denim Fake Jeans Legging Tregging Tight,"[[Clothing, Shoes & Jewelry,Women],[Clothing, Shoes & Jewelry,Novelty, Costumes & More,Novelty,Clothing,Women,Leggings]]"
893,57410,Women Fit Trench Coat Long Wool Blend Jacket Parka Fashion Girl Slim Outwear,"[[Clothing, Shoes & Jewelry,Women,Clothing,Coats & Jackets,Wool & Blends]]"
894,57419,Linea Donatella Aqua Chemise Nightgown Aqua Small,"[[Clothing, Shoes & Jewelry,Women,Clothing,Lingerie, Sleep & Lounge,Sleep & Lounge,Nightgowns & Sleepshirts]]"
895,57440,Birkenstock Amsterdam Soft Footbed Clog,"[[Clothing, Shoes & Jewelry,Shoes & Accessories: International Shipping Available],[Clothing, Shoes & Jewelry,B,Birkenstock],[Clothing, Shoes & Jewelry,Comfort Shoes],[Clothing, Shoes & Jewelry,Women,Shoes,Mules & Clogs]]"
896,57659,Accoutrements Horse Head Mask,"[[Clothing, Shoes & Jewelry,Novelty, Costumes & More,Costumes & Accessories]]"
897,57678,G2 Fashion Square Women's Colorblock Button Down Cardigan,"[[Clothing, Shoes & Jewelry,Women,Clothing,Sweaters,Cardigans]]"
898,57781,Sterling Silver White Pearl Seashell Bead Charm for European Story Charm 3mm Snake Chain Bracelets Birthstone June,"[[Clothing, Shoes & Jewelry,Women],[Clothing, Shoes & Jewelry,Novelty, Costumes & More,Novelty,Jewelry,Charms]]"
899,57846,I Love The 80's T-Shirt (Black),"[[Clothing, Shoes & Jewelry,Novelty, Costumes & More,Novelty],[Clothing, Shoes & Jewelry,Novelty, Costumes & More,Costumes & Accessories,Costumes,Women]]"
900,57905,Lot of 2 Nerd Glasses Buddy Holly Wayfarer Black and White Frame Clear Dark Lenses,"[[Clothing, Shoes & Jewelry,Women,Accessories,Sunglasses & Eyewear Accessories,Sunglasses]]"
901,57932,Harley-Davidson Womens Wicked Garden Swing Blue Nights Tank,"[[Clothing, Shoes & Jewelry,Women,Clothing,Tops & Tees,Blouses & Button-Down Shirts]]"
902,58124,Little Hand Girls Denim Grenadine Princess Coat Jacket,"[[Clothing, Shoes & Jewelry,Girls,Clothing,Jackets & Coats,Jackets]]"
903,58184,"Capezio Girls 7-16 Short Sleeve Leotard,Black,M (8-10)","[[Sports & Outdoors,Other Sports,Dance,Clothing,Girls,Leotards],[Clothing, Shoes & Jewelry,Girls,Clothing,Active]]"
904,58188,Green Crystals and Silver&quot;FROG&quot; Stud Earrings,"[[Clothing, Shoes & Jewelry,Women],[Clothing, Shoes & Jewelry,Novelty, Costumes & More,Novelty,Jewelry,Earrings]]"
905,58285,Silver Mirror Aviator Sunglasses,"[[Sports & Outdoors,Accessories,Sports Sunglasses],[Clothing, Shoes & Jewelry,Women,Accessories,Sunglasses & Eyewear Accessories,Sunglasses],[Clothing, Shoes & Jewelry,Men,Accessories,Sunglasses & Eyewear Accessories,Sunglasses]]"
906,58390,ACORN Women's Dara Slipper,"[[Clothing, Shoes & Jewelry,Shoes & Accessories: International Shipping Available],[Clothing, Shoes & Jewelry,ACORN],[Clothing, Shoes & Jewelry,Women,Shoes,Slippers]]"
907,58412,Vintage Repro Czech Crystal Rhinestone Rose Pink Butterfly Fashion Pin Brooch,"[[Clothing, Shoes & Jewelry,Women],[Clothing, Shoes & Jewelry,Novelty, Costumes & More,Novelty,Jewelry,Brooches & Pins]]"
908,58487,SCER307 Sterling Silver Green Crystal Dangle Earrings Made with Swarovski Elements,"[[Clothing, Shoes & Jewelry,Women,Jewelry,Fashion,Earrings,Drop & Dangle],[Clothing, Shoes & Jewelry,Novelty, Costumes & More,Novelty]]"
909,58588,Miz Mooz Women's Owen Boot,"[[Clothing, Shoes & Jewelry,Shoes & Accessories: International Shipping Available],[Clothing, Shoes & Jewelry,M,Miz Mooz],[Clothing, Shoes & Jewelry,Boot Shop,Women,Outdoor & Work,Snow & Cold Weather],[Clothing, Shoes & Jewelry,Women,Shoes,Boots]]"
910,58589,Vivid Linen Layering V-neck Tunic-4X-Navy,"[[Clothing, Shoes & Jewelry,Women,Clothing,Tops & Tees,Tunics]]"
911,58609,Birthstone Spacer Bead Charm,"[[Clothing, Shoes & Jewelry,Women],[Clothing, Shoes & Jewelry,Novelty, Costumes & More,Novelty,Jewelry,Charms]]"
912,58613,"Nautica Baby-Boys Infant 2 Piece Surf Swim Set, Sport Navy, 18 Months","[[Clothing, Shoes & Jewelry,N,Nautica],[Clothing, Shoes & Jewelry,Baby,Baby Boys,Clothing,Swim,Swimwear Sets]]"
913,58633,"Izod Boys 8-20 3 Logo Tee, Blue, Medium","[[Clothing, Shoes & Jewelry,I,IZOD],[Clothing, Shoes & Jewelry,Boys,Clothing,Tops & Tees,Tees]]"
914,58699,Dansko Gitte Patent Clog (Infant/Toddler/Little Kid/Big Kid),"[[Clothing, Shoes & Jewelry,Shoes & Accessories: International Shipping Available],[Clothing, Shoes & Jewelry,D,Dansko],[Clothing, Shoes & Jewelry,Girls],[Clothing, Shoes & Jewelry,Boys]]"
915,58713,Skechers Women's Go Walk Toasty Slip-On,"[[Clothing, Shoes & Jewelry,Shoes & Accessories: International Shipping Available],[Clothing, Shoes & Jewelry,S,Skechers],[Clothing, Shoes & Jewelry,Comfort Shoes],[Clothing, Shoes & Jewelry,Women,Shoes,Loafers & Slip-Ons],[Clothing, Shoes & Jewelry,Women,Shoes,Slippers]]"
916,58806,YouYouPifa&reg; Special Design 2 Dial Stainless Steel Case Rubber Strap Quartz Watch,"[[Clothing, Shoes & Jewelry,Men]]"
917,59015,Rockport Men's Thru The Week Gore Slip-On,"[[Clothing, Shoes & Jewelry,Shoes & Accessories: International Shipping Available],[Clothing, Shoes & Jewelry,R,Rockport],[Clothing, Shoes & Jewelry,Comfort Shoes],[Clothing, Shoes & Jewelry,Men,Shoes,Loafers & Slip-Ons]]"
918,59067,Reebok Men's Infrastructure Cross-Training Shoe,"[[Clothing, Shoes & Jewelry,Shoes & Accessories: International Shipping Available],[Clothing, Shoes & Jewelry,R,Reebok],[Clothing, Shoes & Jewelry,Men,Shoes,Athletic,Fitness & Cross-Training]]"
919,59128,Tommy Hilfiger Men's Micro Flag Printed Boxer,"[[Clothing, Shoes & Jewelry,T,Tommy Hilfiger],[Clothing, Shoes & Jewelry,Men,Clothing,Underwear,Boxers]]"
920,59145,ELLAZHU Women Baggy Harem Hippie Rope Plaid Pants Onesize GY206,"[[Clothing, Shoes & Jewelry,Women,Clothing,Pants,Casual],[Clothing, Shoes & Jewelry,Women,Petite,Pants & Capris,Casual]]"
921,59205,PattyBoutik Stunning Trimmed Boat Neck Long Sleeve Blouse Knit Top,"[[Clothing, Shoes & Jewelry,Women,Clothing,Tops & Tees],[Clothing, Shoes & Jewelry,Women,Petite,Tops & Tees]]"
922,59224,Dickies Men's Original 874 Washed Work Pant,"[[Clothing, Shoes & Jewelry,D,Dickies]]"
923,59263,DG Eyewear Designer Vintage Oversized Women's Sunglasses / Celebrity Shades -...,"[[Clothing, Shoes & Jewelry,Women,Accessories,Sunglasses & Eyewear Accessories,Sunglasses]]"
924,59271,"Faith, Hope and Love - Women's Christian Tee","[[Clothing, Shoes & Jewelry,Novelty, Costumes & More,Novelty,Clothing,Women,Tops & Tees,T-Shirts]]"
925,59304,"Komar Kids Boys 2-7 Justice League 4Piece Sleep Set, Black, 6","[[Clothing, Shoes & Jewelry,Boys,Clothing,Sleepwear & Robes,Pajama Sets]]"
926,59344,Everyday Card Holder,"[[Clothing, Shoes & Jewelry,Women,Accessories,Wallets, Card Cases & Money Organizers,Card & ID Cases,Card Cases]]"
927,59376,Elope - Pirates of the Caribbean - Jack Sparrow Adult Hat,"[[Clothing, Shoes & Jewelry,Novelty, Costumes & More,Costumes & Accessories,Hats & Caps]]"
928,59397,Zuri Zuri By Flora Women's Fashionable Casual Wear Long Sleeve Solid Color Blouse,"[[Clothing, Shoes & Jewelry,Women,Clothing,Tops & Tees,Blouses & Button-Down Shirts]]"
929,59428,Papi Men's Cotton Stretch 2 Pack Solid Brazilian Trunk Brief,"[[Clothing, Shoes & Jewelry,Men,Clothing,Underwear,Boxer Briefs],[Clothing, Shoes & Jewelry,Men,Big & Tall]]"
930,59550,Dickies Mens 38mm Leather Belt With Two Row Stitch,"[[Clothing, Shoes & Jewelry,Men,Accessories,Belts]]"
931,59633,Dreams And Company Women's Plus Size Wearable Towel,"[[Clothing, Shoes & Jewelry,D,Dreams],[Clothing, Shoes & Jewelry,Women,Clothing,Lingerie, Sleep & Lounge,Sleep & Lounge,Robes],[Clothing, Shoes & Jewelry,Women,Petite,Sleep & Lounge,Robes],[Clothing, Shoes & Jewelry,Women,Plus-Size,Sleep & Lounge,Robes]]"
932,59743,"Marc Ecko Cut &amp; Sew Men's City Limits Tee Shirt, Black, X-Large","[[Clothing, Shoes & Jewelry,Men,Clothing,Shirts,T-Shirts],[Clothing, Shoes & Jewelry,Men,Big & Tall]]"
933,59788,FM42 Gold Tone Diamond-cut Cubic Zirconia Solitaire Ring R54,"[[Clothing, Shoes & Jewelry,Women],[Clothing, Shoes & Jewelry,Novelty, Costumes & More,Novelty,Jewelry,Wedding & Engagement Rings,Engagement Rings]]"
934,59886,Andrew Christian CoolFlex Spectrum Brief w/Show-It Tech.,"[[Clothing, Shoes & Jewelry,Men,Clothing,Underwear,Briefs]]"
935,59960,Men's 4.5 oz Hanes NANO-T Long Sleeve T-Shirt Ash S Men's 4.5 oz Hanes NANO-T,"[[Sports & Outdoors,Clothing,Men,Shirts,T-Shirts],[Clothing, Shoes & Jewelry,Men,Clothing,Shirts,T-Shirts]]"
936,60028,Saucony Baby Jazz H&amp;L Sneaker (Toddler),"[[Clothing, Shoes & Jewelry,Shoes & Accessories: International Shipping Available],[Clothing, Shoes & Jewelry,S,Saucony],[Clothing, Shoes & Jewelry,Girls,Shoes,Sneakers],[Clothing, Shoes & Jewelry,Boys,Shoes,Sneakers]]"
937,60052,One Step Up Girls 2-6X Print Hoodie,"[[Clothing, Shoes & Jewelry,Girls,Clothing,Fashion Hoodies & Sweatshirts]]"
938,60061,Leveret Kids &quot;Robot Cleaning Crew&quot; 2 Piece Pajama Set 100% Cotton (Size 5-14 Years),"[[Clothing, Shoes & Jewelry,Boys,Clothing,Sleepwear & Robes,Pajama Sets]]"
939,60068,Skechers Women's Huarache Skimmer Huarache Sandal,"[[Clothing, Shoes & Jewelry,Shoes & Accessories: International Shipping Available],[Clothing, Shoes & Jewelry,S,Skechers],[Clothing, Shoes & Jewelry,Comfort Shoes],[Clothing, Shoes & Jewelry,Women,Shoes,Sandals]]"
940,60241,Volcom Men's Recliner Flip Flop,"[[Clothing, Shoes & Jewelry,Motorcycle & ATV Casual Footwear,Shoes],[Clothing, Shoes & Jewelry,Street, Surf & Skate],[Clothing, Shoes & Jewelry,Men,Shoes,Sandals],[Clothing, Shoes & Jewelry,Men,Surf, Skate & Street,Shoes,Sandals]]"
941,60257,"Levi's Boys 2-7 510 Skinny, Deep Red, 5","[[Clothing, Shoes & Jewelry,Boys,Clothing,Jeans]]"
942,60291,Genuine Sterling Silver Gaspeite Slide Pendant OS60095,"[[Clothing, Shoes & Jewelry,Men],[Clothing, Shoes & Jewelry,Novelty, Costumes & More,Novelty,Jewelry,Necklaces & Pendants]]"
943,60352,World Pride Bohemian Palace Vintage Style Cross Sideways Beads Leather Bracelet Adjustable Wirstaband,"[[Clothing, Shoes & Jewelry,Women],[Clothing, Shoes & Jewelry,Novelty, Costumes & More,Novelty,Jewelry,Bracelets]]"
944,60413,"2-6 Day Delivery- Multiple Colors Available, Including Metallic Colors Handmade Flower Stone Beaded Balinese Bracelet or Necklace Multi Strand Glass Beaded Jewelry with Semi-Precious Stones Trendy Unique Design Modern Indonesian Fashion Accessory from Bali (Bracelet, White Gold)","[[Clothing, Shoes & Jewelry,Novelty, Costumes & More,Novelty,Jewelry,Bracelets]]"
945,60424,Saucony Men's Grid Omni Walking Shoe,"[[Clothing, Shoes & Jewelry,Shoes & Accessories: International Shipping Available],[Clothing, Shoes & Jewelry,S,Saucony],[Clothing, Shoes & Jewelry,Men,Shoes,Fashion Sneakers],[Clothing, Shoes & Jewelry,Men,Shoes,Athletic]]"
946,60516,Volatile Kicks Women's Panera Fashion Sneaker,"[[Clothing, Shoes & Jewelry,Shoes & Accessories: International Shipping Available],[Clothing, Shoes & Jewelry,V,Volatile],[Clothing, Shoes & Jewelry,Women,Shoes,Boots]]"
947,60538,White Enamel &amp; Multi-color Swarovski Crystals Flower Stud Earrings and Pendant Necklace Jewelry Set S55,"[[Clothing, Shoes & Jewelry,Women],[Clothing, Shoes & Jewelry,Novelty, Costumes & More,Novelty,Jewelry]]"
948,60632,N'Ice Caps Boys Thinsulate Waterproof Snowboard Mitten Black 2T-4T,"[[Clothing, Shoes & Jewelry,Boys,Accessories,Cold Weather,Mittens]]"
949,60654,PUMA Men's Cell Gen Running Shoe,"[[Clothing, Shoes & Jewelry,Shoes & Accessories: International Shipping Available],[Clothing, Shoes & Jewelry,P,Puma],[Clothing, Shoes & Jewelry,Street, Surf & Skate],[Clothing, Shoes & Jewelry,Men,Shoes,Athletic,Running],[Clothing, Shoes & Jewelry,Men,Surf, Skate & Street,Shoes,Athletic,Running]]"
950,60655,"Danskin Girls 7-16 Footless Tight,Theatrical Pink,M/L (8-14)","[[Clothing, Shoes & Jewelry,Girls,Clothing,Socks & Tights,Tights]]"
951,60769,Dare To Wear Victorian Gothic Women's Plus Size Anastasia Corset Top,"[[Clothing, Shoes & Jewelry,Women,Clothing,Tops & Tees,Blouses & Button-Down Shirts]]"
952,60858,Love Ring in Script Sterling Silver 925,"[[Clothing, Shoes & Jewelry,Jewelry Outlet],[Clothing, Shoes & Jewelry,Women],[Clothing, Shoes & Jewelry,Novelty, Costumes & More,Novelty,Jewelry,Rings]]"
953,60968,Leveret &quot;Monkey&quot; 2 Piece Pajama 100% Cotton (5 Toddler),"[[Clothing, Shoes & Jewelry,Baby,Baby Girls,Clothing,Sleepwear & Robes,Pajama Sets],[Clothing, Shoes & Jewelry,Baby,Baby Boys,Clothing,Sleepwear & Robes,Pajama Sets]]"
954,60987,Haurex Italy Women's 2S391DBH Primula Stainless Steel Rectangular Blue Sunray Dial Swarovski Watch,"[[Clothing, Shoes & Jewelry,New Arrivals],[Clothing, Shoes & Jewelry,Fashion Watches],[Clothing, Shoes & Jewelry,Women,Watches,Wrist Watches],[Clothing, Shoes & Jewelry,Novelty, Costumes & More,Watch Accessories]]"
955,61163,HDE Women's Tie Dye Cosmic Galaxy Leggings Stretch Pants,"[[Clothing, Shoes & Jewelry,Women],[Clothing, Shoes & Jewelry,Novelty, Costumes & More,Novelty,Clothing,Women,Leggings]]"
956,61203,Lekani 18KRGP Plated Base Rose Gold Color Rhinestone Crystal Hoop Earring,"[[Clothing, Shoes & Jewelry,Women],[Clothing, Shoes & Jewelry,Novelty, Costumes & More,Novelty]]"
957,61217,Caterpillar Men's Antidote Steel-Toed Work Boot,"[[Clothing, Shoes & Jewelry,Shoes & Accessories: International Shipping Available],[Clothing, Shoes & Jewelry,C,Caterpillar],[Clothing, Shoes & Jewelry,Boot Shop,Men,Outdoor & Work,Work & Safety],[Clothing, Shoes & Jewelry,Men,Shoes],[Clothing, Shoes & Jewelry,Novelty, Costumes & More,Work Wear & Uniforms,Shoes,Men,Industrial & Construction]]"
958,61256,California Costumes Women's Tempting Tresses Wig,"[[Clothing, Shoes & Jewelry,Novelty, Costumes & More,Costumes & Accessories,Wigs]]"
959,61384,Classical 925 Sterling Silver 9.0mm White Pearl Women Pendant + Chain with Cubic Zirconia/CZ,"[[Clothing, Shoes & Jewelry,Pearl Jewelry],[Clothing, Shoes & Jewelry,Women,Jewelry,Fine,Necklaces,Pendants],[Clothing, Shoes & Jewelry,Novelty, Costumes & More,Novelty]]"
960,61615,BCBGeneration Women's Fierce Quilted Baseball Hat,"[[Clothing, Shoes & Jewelry,Women,Accessories,Hats & Caps,Baseball Caps]]"
961,61619,C Label Women's Mollini-19 Platform Pump,"[[Clothing, Shoes & Jewelry,Shoes & Accessories: International Shipping Available],[Clothing, Shoes & Jewelry,Women,Shoes,Pumps]]"
962,61648,"Sofie Women's Short Sleeve Crew Neck 100% Cashmere Sweater, Brown Sugar, Medium","[[Clothing, Shoes & Jewelry,Women,Clothing,Sweaters,Pullovers],[Clothing, Shoes & Jewelry,Women,Petite,Sweaters,Pullovers]]"
963,61665,Betsey Johnson Women's Slinky Knit Microfiber Thong Panty,"[[Clothing, Shoes & Jewelry,B,Betsey Johnson],[Clothing, Shoes & Jewelry,Women,Clothing,Lingerie, Sleep & Lounge,Intimates,Panties,G-Strings, Thongs & Tangas],[Clothing, Shoes & Jewelry,Women's Luxury Brands]]"
964,61713,Softwalk Women's Adora Slip-On,"[[Clothing, Shoes & Jewelry,Shoes & Accessories: International Shipping Available],[Clothing, Shoes & Jewelry,S,SoftWalk],[Clothing, Shoes & Jewelry,Women,Shoes,Flats],[Clothing, Shoes & Jewelry,Women,Shoes,Loafers & Slip-Ons]]"
965,61869,Bling Jewelry Glitter Teal Blue 925 Silver Murano Glass Bead Pandora Compatible,"[[Clothing, Shoes & Jewelry,Jewelry Outlet],[Clothing, Shoes & Jewelry,Girls],[Clothing, Shoes & Jewelry,Novelty, Costumes & More,Novelty]]"
966,61912,Disguise Costumes The Amazing Spider-man Movie Muscle Costume,"[[Clothing, Shoes & Jewelry,Boys],[Clothing, Shoes & Jewelry,Novelty, Costumes & More,Costumes & Accessories,More Accessories,Kids & Baby],[Clothing, Shoes & Jewelry,Novelty, Costumes & More,Costumes & Accessories,Costumes,Kids & Baby,Boys]]"
967,62061,Levi's Men's Leather Belt With Padded Center,"[[Clothing, Shoes & Jewelry,Men,Accessories,Belts]]"
968,62177,"Young Hearts Baby-girls Infant 2 Piece Scooter And Shirt, White, 24 Months","[[Clothing, Shoes & Jewelry,Baby,Baby Girls,Clothing,Clothing Sets,Skirt Sets]]"
969,62267,Calvin Klein Jeans Men's Plaited Stripe Sweater,"[[Clothing, Shoes & Jewelry,Men,Clothing,Sweaters,Pullovers],[Clothing, Shoes & Jewelry,Men,Big & Tall]]"
970,62296,"Danskin Girls 2-6X Pull-on Skirt, White, Toddler/Small","[[Sports & Outdoors,Other Sports,Dance,Clothing,Girls,Skirts],[Clothing, Shoes & Jewelry,Girls,Clothing,Active,Active Skirts],[Clothing, Shoes & Jewelry,Girls,Clothing,Skirts, Scooters & Skorts]]"
971,62360,Bandolino Women's Callanw Riding Boot,"[[Clothing, Shoes & Jewelry,Shoes & Accessories: International Shipping Available],[Clothing, Shoes & Jewelry,B,Bandolino],[Clothing, Shoes & Jewelry,Boot Shop],[Clothing, Shoes & Jewelry,Women,Shoes,Boots]]"
972,62449,Betsey Johnson Women's Classic Cable Leg Warmer,"[[Clothing, Shoes & Jewelry,Women,Clothing,Socks & Hosiery,Leg Warmers],[Clothing, Shoes & Jewelry,Women,Accessories],[Clothing, Shoes & Jewelry,Women,Petite,Socks & Hosiery,Leg Warmers]]"
973,62488,Tommy Hilfiger Men's Cambridge Passcase Wallet,"[[Clothing, Shoes & Jewelry,T,Tommy Hilfiger],[Clothing, Shoes & Jewelry,Men,Accessories,Wallets, Card Cases & Money Organizers,Wallets],[Clothing, Shoes & Jewelry,Novelty, Costumes & More,Band & Music Fan,Accessories]]"
974,62601,Lauren Ralph Lauren Women's Rossalyn II Boot,"[[Clothing, Shoes & Jewelry,Shoes & Accessories: International Shipping Available],[Clothing, Shoes & Jewelry,Women,Shoes,Boots]]"
975,62644,Nike Golf Men's UV Victory Longsleeve Polo,"[[Sports & Outdoors,Golf],[Clothing, Shoes & Jewelry,Men]]"
976,62672,Trotters Women's Tosha Slip-On Loafer,"[[Clothing, Shoes & Jewelry,Shoes & Accessories: International Shipping Available],[Clothing, Shoes & Jewelry,T,Trotters],[Clothing, Shoes & Jewelry,Women,Shoes,Loafers & Slip-Ons]]"
977,62686,"14k Yellow Gold Filled Engraved Heart Locket, 18&quot;","[[Clothing, Shoes & Jewelry,New Arrivals,New Jewelry],[Clothing, Shoes & Jewelry,Jewelry: International Shipping Available],[Clothing, Shoes & Jewelry,Amazon Curated Collection],[Clothing, Shoes & Jewelry,Women,Jewelry,Fine,Necklaces,Lockets],[Clothing, Shoes & Jewelry,Novelty, Costumes & More,Novelty]]"
978,62717,"Zoo York Men's Station Id Hoody-2, White, Medium","[[Clothing, Shoes & Jewelry,Z,ZOO YORK],[Clothing, Shoes & Jewelry,Men,Clothing,Fashion Hoodies & Sweatshirts],[Clothing, Shoes & Jewelry,Men,Surf, Skate & Street,Clothing,Fashion Hoodies & Sweatshirts]]"
979,62743,Libian Jr Plus Size Color Block Scuba Tube Dress,"[[Clothing, Shoes & Jewelry,Women,Clothing,Dresses,Night Out & Cocktail]]"
980,62781,Naturalizer Women's Malta Fisherman Sandal,"[[Clothing, Shoes & Jewelry,Shoes & Accessories: International Shipping Available],[Clothing, Shoes & Jewelry,N,Naturalizer],[Clothing, Shoes & Jewelry,Women,Shoes,Sandals]]"
981,63140,Ellie Shoes Women's 420-Cottontail Pump,"[[Clothing, Shoes & Jewelry,Shoes & Accessories: International Shipping Available],[Clothing, Shoes & Jewelry,Women,Shoes,Pumps]]"
982,63172,Angels Junior's One Button Basic Light Wash Skinny Jeans,"[[Clothing, Shoes & Jewelry,Women,Clothing,Jeans]]"
983,63241,Franco Sarto Uturn Travel Tote,"[[Clothing, Shoes & Jewelry,Shoes & Accessories: International Shipping Available],[Clothing, Shoes & Jewelry,F,Franco Sarto],[Clothing, Shoes & Jewelry,Women,Handbags & Wallets,Shoulder Bags]]"
984,63273,Element Juniors Libra Fashion Fleece,"[[Clothing, Shoes & Jewelry,E,Element],[Clothing, Shoes & Jewelry,Women,Clothing,Coats & Jackets],[Clothing, Shoes & Jewelry,Women,Juniors,Coats & Jackets]]"
985,63307,Glamorise Women's Active Comfort Wrap Sport Bra,"[[Clothing, Shoes & Jewelry,Women,Clothing,Lingerie, Sleep & Lounge,Intimates,Bras,Sports Bras],[Clothing, Shoes & Jewelry,Women,Plus-Size,Intimates,Bras,Everyday Bras],[Clothing, Shoes & Jewelry,Women,Plus-Size,Intimates,Bras,Sports Bras]]"
986,63357,G Star Men's Yard Bullion Denim Fashion Sneaker,"[[Clothing, Shoes & Jewelry,Shoes & Accessories: International Shipping Available],[Clothing, Shoes & Jewelry,Men,Shoes,Fashion Sneakers],[Clothing, Shoes & Jewelry,Women's Luxury Brands]]"
987,63449,"elope Spider-Man Movie Glasses, Red/Yellow, One Size","[[Clothing, Shoes & Jewelry,Novelty, Costumes & More,Costumes & Accessories,More Accessories]]"
988,63455,Invicta Men's 12843 Specialty Chronograph Silver Dial Watch,"[[Clothing, Shoes & Jewelry,New Arrivals],[Clothing, Shoes & Jewelry,Jewelry: International Shipping Available],[Clothing, Shoes & Jewelry,Fashion Watches],[Clothing, Shoes & Jewelry,Available for International Shipping],[Clothing, Shoes & Jewelry,Invicta],[Clothing, Shoes & Jewelry,Men,Watches,Wrist Watches],[Clothing, Shoes & Jewelry,Novelty, Costumes & More,Watch Accessories]]"
989,63495,COQUETA Brazilian Bikini Separates Teeny Micro Thong Mini Bikini G-String,"[[Clothing, Shoes & Jewelry,Women,Clothing,Swimsuits & Cover Ups,Bikinis]]"
990,63566,Johnston &amp; Murphy Men's Runnell Chukka Boot,"[[Clothing, Shoes & Jewelry,Shoes & Accessories: International Shipping Available],[Clothing, Shoes & Jewelry,J,Johnston & Murphy],[Clothing, Shoes & Jewelry,Comfort Shoes],[Clothing, Shoes & Jewelry,Boot Shop,Men,Fashion,Chukka],[Clothing, Shoes & Jewelry,Men,Shoes,Boots],[Clothing, Shoes & Jewelry,Men,Shoes,Athletic],[Clothing, Shoes & Jewelry,Luggage & Travel Gear]]"
991,63636,"Modern Culture Men's Slub Knit Cardigan, Black, Large/Regular","[[Clothing, Shoes & Jewelry,Men,Clothing,Sweaters,Cardigans],[Clothing, Shoes & Jewelry,Men,Surf, Skate & Street,Clothing,Sweaters,Cardigans]]"
992,63666,Leveret Fleece 2 &quot;Trucks&quot; (12 Years),"[[Clothing, Shoes & Jewelry,Boys,Clothing,Sleepwear & Robes,Pajama Sets]]"
993,63703,Humangear GoToob Travel Bottle,"[[Clothing, Shoes & Jewelry,Luggage & Travel Gear,Travel Accessories,Packing Organizers]]"
994,63735,Dreamgirl Women's Plus Size Starlet Satin Garter Slip,"[[Clothing, Shoes & Jewelry,Women,Petite],[Clothing, Shoes & Jewelry,Novelty, Costumes & More,Exotic Apparel,Women,Babydolls, Chemises & Negligees,Chemises]]"
995,63745,"Two Piece Swimsuit Strapless String Halter Ruffle Bandeau Hipster Bikini, GREEN WHITE POLKA 03 XLarge","[[Clothing, Shoes & Jewelry,Women,Clothing,Swimsuits & Cover Ups,Bikinis],[Clothing, Shoes & Jewelry,Women,Juniors,Swimsuits & Cover Ups,Bikinis],[Clothing, Shoes & Jewelry,Women,Petite,Swim,Bikinis,Sets]]"
996,63776,14k Gold Tahitian Cultured Pearl Earrings,"[[Clothing, Shoes & Jewelry,Pearl Jewelry],[Clothing, Shoes & Jewelry,Jewelry: International Shipping Available],[Clothing, Shoes & Jewelry,Amazon Curated Collection],[Clothing, Shoes & Jewelry,Women,Jewelry,Fine,Earrings,Ball],[Clothing, Shoes & Jewelry,Novelty, Costumes & More,Novelty]]"
997,64025,Deluxe Halloween Witch 41 Broomstick Costume Accessory,"[[Clothing, Shoes & Jewelry,Novelty, Costumes & More,Costumes & Accessories,More Accessories]]"
998,64085,N'ice Caps Girls Thinsulate and Waterproof Happy Face Ski Glove Pk,"[[Clothing, Shoes & Jewelry,Girls,Accessories,Cold Weather,Gloves]]"
999,64099,Puma Golf NA Men's 5 Pocket Tech Pant,"[[Clothing, Shoes & Jewelry,Men,Clothing,Active,Active Pants]]"
1000,64119,Sperry Top-Sider Women's Hikerfish Boot,"[[Clothing, Shoes & Jewelry,Shoes & Accessories: International Shipping Available],[Clothing, Shoes & Jewelry,S,Sperry Top-Sider],[Clothing, Shoes & Jewelry,Women,Shoes,Boots],[Clothing, Shoes & Jewelry,Women,Shoes,Fashion Sneakers]]"
1001,64149,MG Collection MATANA Trendy PU Patent Leather Doctor Style Tote Purse,"[[Clothing, Shoes & Jewelry,Women,Handbags & Wallets,Top-Handle Bags]]"
1002,64227,"Lucky Brand Women's Firework Flowers Top, Red/Multi, Small","[[Clothing, Shoes & Jewelry,L,Lucky Brand],[Clothing, Shoes & Jewelry,Women,Clothing,Tops & Tees,Knits & Tees]]"
1003,64309,GOLD TONE MULTI DROP EAR Dangling Gold Tone Skeleton Leaf Earrings,"[[Clothing, Shoes & Jewelry,Women],[Clothing, Shoes & Jewelry,Novelty, Costumes & More,Novelty,Jewelry,Earrings]]"
1004,64313,Hello Kitty Junior's 80S Pant Hot Pink Trim,"[[Clothing, Shoes & Jewelry,Women,Clothing,Lingerie, Sleep & Lounge,Sleep & Lounge,Bottoms],[Clothing, Shoes & Jewelry,Women,Juniors,Lingerie, Sleep & Lounge,Sleep & Lounge,Bottoms]]"
1005,64340,17306X3R-BW-3X PLUS SIZE Classic Designs Cowl Neck Long Length Sweater in Brown Combo Size: 3X,"[[Clothing, Shoes & Jewelry,Women,Clothing,Sweaters,Pullovers],[Clothing, Shoes & Jewelry,Women,Plus-Size]]"
1006,64344,Hatley Girls 2-6X Party Owls Rain Coat,"[[Clothing, Shoes & Jewelry,H,Hatley],[Clothing, Shoes & Jewelry,Girls,Clothing,Jackets & Coats,Rain Wear]]"
1007,64395,"Degrees by 180'S Mens Black Fleece Ear Warmers,","[[Clothing, Shoes & Jewelry,Men,Accessories,Earmuffs]]"
1008,64477,Pure Handknit Women's Meyers Cardigan,"[[Clothing, Shoes & Jewelry,Women,Clothing,Sweaters,Cardigans],[Clothing, Shoes & Jewelry,Women,Petite,Sweaters,Cardigans]]"
1009,64479,Silver 3.25&quot; Necklace Extender / Extension Chain,"[[Clothing, Shoes & Jewelry,Women],[Clothing, Shoes & Jewelry,Novelty, Costumes & More,Novelty,Jewelry,Necklaces & Pendants]]"
1010,64500,LANDISUN 61E CHECKED RED BLACK SET:TIE+HANKY+CUFFLINKS,"[[Clothing, Shoes & Jewelry,Men,Accessories,Neckties]]"
1011,64765,Steve Madden Women's Candence Boot,"[[Clothing, Shoes & Jewelry,Shoes & Accessories: International Shipping Available],[Clothing, Shoes & Jewelry,Winter Promo],[Clothing, Shoes & Jewelry,S,Steve Madden],[Clothing, Shoes & Jewelry,Boot Shop,Women,Fashion],[Clothing, Shoes & Jewelry,Women,Shoes,Boots]]"
1012,64827,Salt Water Sandals by Hoy Shoe Sweetheart Sandal (Toddler/Little Kid/Big Kid/Women's),"[[Clothing, Shoes & Jewelry,Shoes & Accessories: International Shipping Available],[Clothing, Shoes & Jewelry,Girls,Shoes,Sandals]]"
1013,64828,asoidchi Women's Batwing Round Neck Knitted Pullover,"[[Clothing, Shoes & Jewelry,Women,Clothing,Sweaters,Pullovers]]"
1014,64840,Mercury Dime Coin Cufflinks with Gift Box,"[[Clothing, Shoes & Jewelry,Men,Jewelry,Cuff Links],[Clothing, Shoes & Jewelry,Novelty, Costumes & More,Novelty]]"
1015,64878,Diplomat Ebony Wood Quad Watch Winder with Black Leather Interior and 4 Program Settings,"[[Clothing, Shoes & Jewelry,New Arrivals],[Clothing, Shoes & Jewelry,Jewelry: International Shipping Available],[Clothing, Shoes & Jewelry,Available for International Shipping],[Clothing, Shoes & Jewelry,Diplomat],[Clothing, Shoes & Jewelry,Novelty, Costumes & More,Watch Accessories,Watch Winders]]"
1016,64884,Bella + Canvas Womens Jersey Short-Sleeve Deep V-Neck T-Shirt,"[[Sports & Outdoors,Clothing,Women,Shirts,T-Shirts],[Clothing, Shoes & Jewelry,B,Bella],[Clothing, Shoes & Jewelry,Women,Clothing,Tops & Tees,Knits & Tees],[Clothing, Shoes & Jewelry,Novelty, Costumes & More,Band & Music Fan,T-Shirts]]"
1017,64953,Reef Women's Gypsylove Flip Flop,"[[Clothing, Shoes & Jewelry,Shoes & Accessories: International Shipping Available],[Clothing, Shoes & Jewelry,R,Reef],[Clothing, Shoes & Jewelry,Street, Surf & Skate],[Clothing, Shoes & Jewelry,Women,Shoes,Sandals]]"
1018,65023,Fiesta Women's Strapless Long Satin Bridesmaids Dress with Brooch,"[[Clothing, Shoes & Jewelry,Women,Clothing,Dresses,Special Occasion]]"
1019,65025,Diesel Men's DZ1206 Not So Basic Basic Brown Watch,"[[Clothing, Shoes & Jewelry,New Arrivals],[Clothing, Shoes & Jewelry,Jewelry: International Shipping Available],[Clothing, Shoes & Jewelry,Fashion Watches],[Clothing, Shoes & Jewelry,Available for International Shipping],[Clothing, Shoes & Jewelry,D,Diesel],[Clothing, Shoes & Jewelry,Diesel Watches],[Clothing, Shoes & Jewelry,Men,Watches,Wrist Watches],[Clothing, Shoes & Jewelry,Men,Surf, Skate & Street,Watches,Wrist Watches],[Clothing, Shoes & Jewelry,Women's Luxury Brands]]"
1020,65063,"NY Collection Women's Placement Print Long Sleeve Dress with Solid Panels, Benfal Tiger, Large","[[Clothing, Shoes & Jewelry,Women,Clothing,Dresses,Casual]]"
1021,65137,Work Tech Support T-shirt,"[[Clothing, Shoes & Jewelry,Novelty, Costumes & More,Novelty,Clothing,Women,Tops & Tees,T-Shirts],[Clothing, Shoes & Jewelry,Novelty, Costumes & More,Novelty,Clothing,Men,Shirts,T-Shirts]]"
1022,65364,U.S. Polo Assn. Men's Short Snorkel Coat with Small Pony,"[[Clothing, Shoes & Jewelry,Men,Clothing,Jackets & Coats,Down & Down Alternative],[Clothing, Shoes & Jewelry,Men,Big & Tall]]"
1023,65432,Levi's Men's 550 Short,"[[Clothing, Shoes & Jewelry,Men,Clothing,Shorts],[Clothing, Shoes & Jewelry,Men,Big & Tall]]"
1024,65438,niceEshop(TM) Vintage Seahorse Pendant Necklace Aquatic Organism Fashion Jewelry-Black,"[[Clothing, Shoes & Jewelry,Women],[Clothing, Shoes & Jewelry,Novelty, Costumes & More,Novelty,Jewelry,Necklaces & Pendants]]"
1025,65468,Minnetonka Women's Cally Faux Fur Slipper,"[[Clothing, Shoes & Jewelry,Shoes & Accessories: International Shipping Available],[Clothing, Shoes & Jewelry,Winter Promo],[Clothing, Shoes & Jewelry,M,Minnetonka],[Clothing, Shoes & Jewelry,Women,Shoes,Loafers & Slip-Ons]]"
1026,65602,The Mountain Bigfoot Adult T-shirt,"[[Clothing, Shoes & Jewelry,Men],[Clothing, Shoes & Jewelry,Novelty, Costumes & More,Novelty,Clothing,Men,Shirts,T-Shirts]]"
1027,65604,Luxury Divas Ivory Tan Braided Elastic Stretch Belt,"[[Clothing, Shoes & Jewelry,Men,Accessories,Belts]]"
1028,65634,My Little Pony Best Buddies Purple Glitter Tee,"[[Clothing, Shoes & Jewelry,Girls,Clothing,Tops & Tees,Tees]]"
1029,65652,Teva Mush Kids Sandal,"[[Clothing, Shoes & Jewelry,Shoes & Accessories: International Shipping Available],[Clothing, Shoes & Jewelry,T,Teva],[Clothing, Shoes & Jewelry,Girls,Shoes,Sandals],[Clothing, Shoes & Jewelry,Boys,Shoes,Sandals]]"
1030,65689,Full Tilt Girls Essential Thermal,"[[Clothing, Shoes & Jewelry,Girls,Clothing,Tops & Tees,Tees]]"
1031,65701,Oakley Tincan Polarized Sunglasses,"[[Sports & Outdoors,Accessories,Sports Sunglasses],[Sports & Outdoors,Clothing,Men,Accessories,Sunglasses],[Clothing, Shoes & Jewelry,O,Oakley],[Clothing, Shoes & Jewelry,Men,Accessories,Sunglasses & Eyewear Accessories,Sunglasses]]"
1032,65830,Playtex Women's Secrets Sensational Sleek Back Smoothing Underwire Bra,"[[Clothing, Shoes & Jewelry,Women,Clothing,Lingerie, Sleep & Lounge,Intimates,Bras,Everyday Bras]]"
1033,65956,"Little Lass Girls 2-6X 3 Piece Skirt Zebra Set, Pink, 5","[[Clothing, Shoes & Jewelry,Girls,Clothing,Clothing Sets,Pant Sets]]"
1034,65977,Gabby Skye Women's Sleeveless Colorblock Fit-and-Flare Dress,"[[Clothing, Shoes & Jewelry,Women,Clothing,Dresses,Night Out & Cocktail]]"
1035,66131,Harvard Sqaure Ladies' 100% Cotton Long Sleeve Peached Twill Shirt,"[[Clothing, Shoes & Jewelry,Women,Clothing,Tops & Tees,Blouses & Button-Down Shirts],[Clothing, Shoes & Jewelry,Girls]]"
1036,66184,Nautica Men's 35MM Saddle-Leather Reversible Belt,"[[Clothing, Shoes & Jewelry,Men,Accessories,Belts]]"
1037,66195,Ellie Shoes Women's 406-Doll Pump,"[[Clothing, Shoes & Jewelry,Shoes & Accessories: International Shipping Available],[Clothing, Shoes & Jewelry,Novelty, Costumes & More,Costumes & Accessories],[Clothing, Shoes & Jewelry,Novelty, Costumes & More,Exotic Apparel]]"
1038,66202,Tommy Hilfiger Men's 1790859 Stainless Steel Watch with Leather Band,"[[Clothing, Shoes & Jewelry,New Arrivals],[Clothing, Shoes & Jewelry,Jewelry: International Shipping Available],[Clothing, Shoes & Jewelry,Fashion Watches],[Clothing, Shoes & Jewelry,Available for International Shipping],[Clothing, Shoes & Jewelry,T,Tommy Hilfiger],[Clothing, Shoes & Jewelry,Men,Watches,Wrist Watches]]"
1039,66222,Mikarose Women's &quot;Cotton Stripe&quot; Modest Skirt,"[[Clothing, Shoes & Jewelry,Women,Clothing,Skirts,Casual]]"
1040,66288,New Ivory Faux Fur Wedding Bridal Shawl Wrap Stole,"[[Clothing, Shoes & Jewelry,Women,Accessories,Scarves & Wraps,Wraps & Pashminas]]"
1041,66290,J.TOMSON Womens Detailed Pencil Skirt,"[[Clothing, Shoes & Jewelry,Women,Clothing,Skirts,Wear to Work],[Clothing, Shoes & Jewelry,Women,Clothing,Skirts,Night Out & Special Occasion]]"
1042,66294,Crystal Spike Cuff Earrings (Gold),"[[Clothing, Shoes & Jewelry,Women],[Clothing, Shoes & Jewelry,Novelty, Costumes & More,Novelty,Jewelry,Earrings]]"
1043,66446,TOMSUIT Pink Waist Bow Three Layers Ruffles Sweet Lolita Skirt,"[[Clothing, Shoes & Jewelry,Women,Clothing,Skirts,Casual]]"
1044,66570,Wigwam Unisex Distance Running 2 Pack Running Socks,"[[Sports & Outdoors,Exercise & Fitness,Running,Clothing],[Sports & Outdoors,Clothing,Men,Socks],[Clothing, Shoes & Jewelry,Men,Clothing,Active,Athletic Socks]]"
1045,66575,Almost Famous Girls 2-6X Zebra Print Pant,"[[Clothing, Shoes & Jewelry,Girls,Clothing,Jeans]]"
1046,66822,Travelon Set Of 2 Tags,"[[Clothing, Shoes & Jewelry,Novelty, Costumes & More,Band & Music Fan,Accessories],[Clothing, Shoes & Jewelry,Luggage & Travel Gear,Travel Accessories,Luggage Tags]]"
1047,66827,juDanzy toddler footless tights 2T-4T in various styles,"[[Clothing, Shoes & Jewelry,Baby,Baby Girls,Accessories,Tights]]"
1048,67092,"Sterling Silver Black Diamond Windows Drusy and Cubic Zirconia Pendant Necklace , 18&quot;","[[Clothing, Shoes & Jewelry,Jewelry: International Shipping Available],[Clothing, Shoes & Jewelry,Amazon Curated Collection],[Clothing, Shoes & Jewelry,Women],[Clothing, Shoes & Jewelry,Novelty, Costumes & More,Novelty,Jewelry,Necklaces & Pendants]]"
1049,67155,Michael Kors MK8295 Men's Watch,"[[Clothing, Shoes & Jewelry,Fashion Watches],[Clothing, Shoes & Jewelry,Michael Kors Watches],[Clothing, Shoes & Jewelry,Men,Watches,Wrist Watches],[Clothing, Shoes & Jewelry,Women's Luxury Brands]]"
1050,67239,Calvin Klein Jeans Men's Intrepid Plaid Woven Shirt,"[[Clothing, Shoes & Jewelry,Men,Clothing,Shirts,Casual Button-Down Shirts],[Clothing, Shoes & Jewelry,Men,Big & Tall]]"
1051,67240,NYDJ Women's Janice Legging Jean,"[[Clothing, Shoes & Jewelry,Women,Clothing,Jeans],[Clothing, Shoes & Jewelry,Women,Petite,Jeans]]"
1052,67243,Crawford Boyfriend Watch-Chocolate,"[[Clothing, Shoes & Jewelry,Fashion Watches],[Clothing, Shoes & Jewelry,Women,Watches,Wrist Watches]]"
1053,67385,TrendzArt Azules Women's above the Knee Pencil Skirt - Made in USA,"[[Clothing, Shoes & Jewelry,Women,Clothing,Skirts,Casual],[Clothing, Shoes & Jewelry,Women,Clothing,Skirts,Night Out & Special Occasion]]"
1054,67475,JanSport Half Pint Classic Daypack,"[[Clothing, Shoes & Jewelry,Luggage & Travel Gear,Backpacks,Casual Daypacks]]"
1055,67520,MOD 20 Women's Hooded Zip Up Vest Jacket Orange S(IJ043),"[[Clothing, Shoes & Jewelry,Women,Clothing,Coats & Jackets,Vests]]"
1056,67616,Walking Cradles Women's Clipper Bootie,"[[Clothing, Shoes & Jewelry,Shoes & Accessories: International Shipping Available],[Clothing, Shoes & Jewelry,W,Walking Cradles],[Clothing, Shoes & Jewelry,Women,Shoes,Boots]]"
1057,67641,Men's Leather Wallet Euro Traveler Extra Capacity Bifold Center Flip ID Window,"[[Clothing, Shoes & Jewelry,Men,Accessories,Wallets, Card Cases & Money Organizers,Wallets],[Clothing, Shoes & Jewelry,Novelty, Costumes & More,Band & Music Fan,Accessories]]"
1058,67669,Zehui Womens Wedge Platform Polka Dots Flip Flops Slippers Beige,"[[Clothing, Shoes & Jewelry,Women,Shoes,Slippers]]"
1059,67743,Allegra K Women's Block Stripe Long Sleeves Shirt,"[[Clothing, Shoes & Jewelry,Women,Clothing,Tops & Tees,Blouses & Button-Down Shirts]]"
1060,67964,Ushoppingcart Bare-breasted Lingerie Pajamas Babydoll Sleepwear Nightwear,"[[Clothing, Shoes & Jewelry,Women],[Clothing, Shoes & Jewelry,Novelty, Costumes & More,Exotic Apparel,Women,Teddies & Bodysuits]]"
1061,68072,Leveret Footed &quot;Cars&quot; Pajama Sleeper 100% Cotton,"[[Clothing, Shoes & Jewelry,Baby,Baby Boys,Clothing,Sleepwear & Robes,Blanket Sleepers]]"
1062,68124,Little Lass Girls 2-6X 3 Piece Sweater Set With Capri And Crochet Flower,"[[Clothing, Shoes & Jewelry,Girls,Clothing,Clothing Sets,Pant Sets]]"
1063,68343,Allegra K Women's Peter Pan Collar Sash-Waist Single Breasted Blouse,"[[Clothing, Shoes & Jewelry,Women,Clothing,Tops & Tees,Blouses & Button-Down Shirts]]"
1064,68450,12 Pieces of Gold with Silver Iced Out Cross Metallic Shamballah Beaded Stretch Bracelet,"[[Clothing, Shoes & Jewelry,Women],[Clothing, Shoes & Jewelry,Novelty, Costumes & More,Novelty,Jewelry,Bracelets]]"
1065,68484,Womens Moccasin Slipper,"[[Clothing, Shoes & Jewelry,Women,Shoes]]"
1066,68517,TOOGOO(R) Mix Color Labret Balls Lip Tragus ring Ear Stud Bars Kit 10pcs P1317,"[[Clothing, Shoes & Jewelry,Novelty, Costumes & More,Novelty,Jewelry],[Clothing, Shoes & Jewelry,Novelty, Costumes & More,Body Jewelry,Piercing Jewelry,Barbells]]"
1067,68572,"Beautees Girls 7-16 Woven Tie Front Top with Cami, Light Aqua, Small","[[Clothing, Shoes & Jewelry,Girls,Clothing,Tops & Tees,Tanks & Camis]]"
1068,68594,18 Gauge Stainless Steel Nose Hoop - 5/16 Inches,"[[Clothing, Shoes & Jewelry,Women],[Clothing, Shoes & Jewelry,Novelty, Costumes & More,Novelty,Jewelry],[Clothing, Shoes & Jewelry,Novelty, Costumes & More,Body Jewelry,Piercing Jewelry,Rings]]"
1069,68608,Woman's Metallic Mermaid Costume,"[[Clothing, Shoes & Jewelry,Novelty, Costumes & More]]"
1070,68678,Slogger Rain Boots in Floral or Paisley Black Blue Red Yellow,"[[Clothing, Shoes & Jewelry,Boot Shop,Women,Outdoor & Work,Rain],[Clothing, Shoes & Jewelry,Women,Shoes,Boots],[Clothing, Shoes & Jewelry,Women,Shoes,Outdoor,Rain Footwear]]"
1071,68744,Heirloom Finds Trendy Chocolate Tone Crystal Bling Sideways Cross Stretch Bracelet,"[[Clothing, Shoes & Jewelry,Women,Jewelry],[Clothing, Shoes & Jewelry,Novelty, Costumes & More,Novelty]]"
1072,68751,Sakkas Embroidered 100% Cotton Semi-Sheer Short Sleeve Gauzy Top / Blouse,"[[Clothing, Shoes & Jewelry,Women,Clothing,Tops & Tees,Blouses & Button-Down Shirts]]"
1073,68756,niceEshop(TM) New Fashion Leopard Grain Peach Heart Bracelet-Black&amp;Golden,"[[Clothing, Shoes & Jewelry,Women],[Clothing, Shoes & Jewelry,Novelty, Costumes & More,Novelty,Jewelry,Bracelets]]"
1074,68847,Sterling Silver Ship Anchor and Rope Necklace Pendant with Box Chain,"[[Clothing, Shoes & Jewelry,Women,Jewelry,Fine,Necklaces,Pendants],[Clothing, Shoes & Jewelry,Novelty, Costumes & More,Novelty]]"
1075,68860,Clarks Women's Un.Quartz Sandal,"[[Clothing, Shoes & Jewelry,Shoes & Accessories: International Shipping Available],[Clothing, Shoes & Jewelry,C,Clarks],[Clothing, Shoes & Jewelry,Comfort Shoes],[Clothing, Shoes & Jewelry,Women,Shoes,Sandals]]"
1076,68981,"Modern Heritage Women's Giftable Knit Fair Isle Slipper Sock, Steel Grey, One Size","[[Clothing, Shoes & Jewelry,Women,Clothing,Socks & Hosiery,Slipper Socks],[Clothing, Shoes & Jewelry,Women,Petite,Socks & Hosiery,Slipper Socks],[Clothing, Shoes & Jewelry,Women's Luxury Brands]]"
1077,69208,Glamorise Women's Elegance All Over Lace Soft Cup Bra,"[[Clothing, Shoes & Jewelry,Women,Clothing,Lingerie, Sleep & Lounge,Intimates,Bras,Everyday Bras],[Clothing, Shoes & Jewelry,Women,Plus-Size,Intimates,Bras,Everyday Bras]]"
1078,69270,Carnival Women's Seamless Seven Way Convertible Bra,"[[Clothing, Shoes & Jewelry,Women,Clothing,Lingerie, Sleep & Lounge,Intimates,Bras,Everyday Bras],[Clothing, Shoes & Jewelry,Women,Plus-Size,Intimates,Bras,Everyday Bras]]"
1079,69300,KEEN Newport H2 Sandal (Toddler/Little Kid/Big Kid),"[[Clothing, Shoes & Jewelry,Shoes & Accessories: International Shipping Available],[Clothing, Shoes & Jewelry,K,Keen],[Clothing, Shoes & Jewelry,Girls,Shoes,Sandals],[Clothing, Shoes & Jewelry,Girls,Shoes,Athletic,Water Shoes],[Clothing, Shoes & Jewelry,Boys,Shoes,Sandals],[Clothing, Shoes & Jewelry,Boys,Shoes,Athletic,Water Shoes]]"
1080,69329,Ollio Women's Shoe Wedge Strap Platform High Heel Multi Color Sandal,"[[Clothing, Shoes & Jewelry,Women,Shoes,Sandals]]"
1081,69570,"Champion Men's No-Show Sock, Six-Pack","[[Sports & Outdoors,Clothing,Men,Socks],[Clothing, Shoes & Jewelry,Men,Clothing,Socks,Casual Socks]]"
1082,69775,Reebok Women's RealFlex Strength TR Training Shoe,"[[Clothing, Shoes & Jewelry,Shoes & Accessories: International Shipping Available],[Clothing, Shoes & Jewelry,R,Reebok],[Clothing, Shoes & Jewelry,Women,Shoes,Athletic,Fitness & Cross-Training]]"
1083,69792,Crocs Women's Malindi Flat Slingback,"[[Clothing, Shoes & Jewelry,Shoes & Accessories: International Shipping Available],[Clothing, Shoes & Jewelry,C,crocs],[Clothing, Shoes & Jewelry,Comfort Shoes],[Clothing, Shoes & Jewelry,Women,Shoes,Flats],[Clothing, Shoes & Jewelry,Women,Shoes,Sandals]]"
1084,69795,Perry Ellis Men's Microfiber Open Bottom With Bib Insert,"[[Clothing, Shoes & Jewelry,Men,Clothing,Jackets & Coats,Lightweight Jackets,Windbreakers],[Clothing, Shoes & Jewelry,Men,Big & Tall]]"
1085,69797,Chinese Laundry Womens Easy Does It Flat,"[[Clothing, Shoes & Jewelry,Shoes & Accessories: International Shipping Available],[Clothing, Shoes & Jewelry,C,Chinese Laundry],[Clothing, Shoes & Jewelry,Women,Shoes,Flats]]"
1086,69809,Qupid Dazzling-15X Glitter Peep Toe T-Strap Platform Heel Stiletto Sandal Pump - Champagne (Size: 6.5),"[[Clothing, Shoes & Jewelry,Women,Shoes,Pumps]]"
1087,69810,Dr. Martens Unisex WONDER BALSAM Casual Shoe Polish,"[[Clothing, Shoes & Jewelry,D,Dr. Martens],[Clothing, Shoes & Jewelry,Novelty, Costumes & More,Shoe Care & Accessories]]"
1088,69836,Dickies Men's Regular Fit 5-Pocket Rigid Jean,"[[Clothing, Shoes & Jewelry,D,Dickies],[Clothing, Shoes & Jewelry,Men,Clothing,Jeans],[Clothing, Shoes & Jewelry,Men,Big & Tall]]"
1089,70027,Dickies Scrubs Women's Xtreme Stretch V-Neck Shirt,"[[Clothing, Shoes & Jewelry,D,Dickies],[Clothing, Shoes & Jewelry,Novelty, Costumes & More,Work Wear & Uniforms,Clothing,Medical,Women,Scrub Tops]]"
1090,70082,Under Armour Men's HeatGear&reg; Sonic Compression Sleeveless,"[[Clothing, Shoes & Jewelry,Men,Clothing,Active,Active Shirts & Tees]]"
1091,70121,"Superman Child's Costume, Small","[[Clothing, Shoes & Jewelry,Novelty, Costumes & More,Costumes & Accessories,Costumes,Kids & Baby,Boys]]"
1092,70328,"ZiGiny Women's Thelma Pump,Black Suede,7 M US","[[Clothing, Shoes & Jewelry,Shoes & Accessories: International Shipping Available],[Clothing, Shoes & Jewelry,Z,ZiGiny],[Clothing, Shoes & Jewelry,Women,Shoes,Pumps]]"
1093,70407,Lucky Brand Pave Disk Earrings,"[[Clothing, Shoes & Jewelry,Jewelry: International Shipping Available],[Clothing, Shoes & Jewelry,Shop by Designer],[Clothing, Shoes & Jewelry,L,Lucky Brand],[Clothing, Shoes & Jewelry,Women,Jewelry,Fashion,Earrings,Drop & Dangle],[Clothing, Shoes & Jewelry,Novelty, Costumes & More,Novelty]]"
1094,70440,Champion Women's Jersey Capri,"[[Sports & Outdoors,Clothing,Women,Pants],[Clothing, Shoes & Jewelry,Women,Clothing,Active,Active Pants]]"
1095,70498,Genuine Leather Kenneth Cole New York Womens Credit Card Clutch Wallet In Two Colors (Black),"[[Clothing, Shoes & Jewelry,K,Kenneth Cole New York],[Clothing, Shoes & Jewelry,Women,Accessories,Wallets, Card Cases & Money Organizers,Wallets]]"
1096,70535,Sterling Silver Flower Red Glass Bead Charm 13mm For European Story Charm Bracelets Jewelry,"[[Clothing, Shoes & Jewelry,Women],[Clothing, Shoes & Jewelry,Novelty, Costumes & More,Novelty,Jewelry,Charms]]"
1097,70594,Tungsten Carbide 8MM Men's Ring in Comfort Fit and Matte Finish Sizes 8 to 13,"[[Clothing, Shoes & Jewelry,Men,Jewelry,Wedding Rings],[Clothing, Shoes & Jewelry,Novelty, Costumes & More,Novelty]]"
1098,70621,Pink Platinum Toddler Girls Daisy and Ladybug One Piece Swimsuit,"[[Clothing, Shoes & Jewelry,Girls,Clothing,Swim,One-Pieces]]"
1099,70716,Skechers Women's Go Walk Wavelength Flat,"[[Clothing, Shoes & Jewelry,Shoes & Accessories: International Shipping Available],[Clothing, Shoes & Jewelry,S,Skechers],[Clothing, Shoes & Jewelry,Comfort Shoes],[Clothing, Shoes & Jewelry,Women,Shoes]]"
1100,70725,Allegra K Women's Self Tie Bowknot Shoulder Flower Print V-Neck Dress,"[[Clothing, Shoes & Jewelry,Women,Clothing,Dresses,Casual]]"
1101,70727,Sakkas Soft Jersey Feel Solid Color Smocked Bodice String Halter Long Dress,"[[Clothing, Shoes & Jewelry,Women,Clothing,Dresses],[Clothing, Shoes & Jewelry,Women,Petite,Dresses]]"
1102,70825,"Gerber Baby-Boys Newborn 2 Pack Infant Blanket Sleepers, Fire Trucks, 6 Months","[[Clothing, Shoes & Jewelry,Baby,Baby Boys,Clothing,Sleepwear & Robes,Blanket Sleepers]]"
1103,70832,LeSportsac Madison Cross-Body Handbag,"[[Clothing, Shoes & Jewelry,L,LeSportsac],[Clothing, Shoes & Jewelry,Women,Handbags & Wallets,Cross-Body Bags],[Clothing, Shoes & Jewelry,Novelty, Costumes & More,Band & Music Fan,Accessories]]"
1104,70871,Foot Print on Cross Bead Charm,"[[Clothing, Shoes & Jewelry,Women],[Clothing, Shoes & Jewelry,Novelty, Costumes & More,Novelty,Jewelry,Charms]]"
1105,70942,"Kenneth Cole New York &quot;Modern Lucite&quot; Cube Necklace, 19&quot;","[[Clothing, Shoes & Jewelry,Jewelry: International Shipping Available],[Clothing, Shoes & Jewelry,Shop by Designer],[Clothing, Shoes & Jewelry,K,Kenneth Cole New York],[Clothing, Shoes & Jewelry,Contemporary Designer Jewelry],[Clothing, Shoes & Jewelry,Women,Jewelry,Fashion,Necklaces,Chains],[Clothing, Shoes & Jewelry,Novelty, Costumes & More,Novelty]]"
1106,70968,Mikarose Women's Short Sleeve Lace Shoulders Top,"[[Clothing, Shoes & Jewelry,Women,Clothing,Tops & Tees,Blouses & Button-Down Shirts]]"
1107,71058,Lizzy J's Handcrafted Designer Sterling Silver Plated 20 Gauge Shotgun Bullet Shell Stud Earrings,"[[Clothing, Shoes & Jewelry,Women],[Clothing, Shoes & Jewelry,Novelty, Costumes & More,Novelty]]"
1108,71088,"C Label Women's Jamie-3 Pump,Brown/Brown,8.5 M US","[[Clothing, Shoes & Jewelry,Shoes & Accessories: International Shipping Available],[Clothing, Shoes & Jewelry,Women,Shoes,Pumps]]"
1109,71131,Reneeze ANNA-03 Women High Heel Mid-Calf Boots- Black,"[[Clothing, Shoes & Jewelry,Women,Shoes,Boots]]"
1110,71320,Leg Avenue Women's Floral Invisible Bra 3 Pack-,"[[Clothing, Shoes & Jewelry,L,Leg Avenue]]"
1111,71323,Brooks Men's Adrenaline GTS 14 Running Shoes,"[[Clothing, Shoes & Jewelry,B,Brooks],[Clothing, Shoes & Jewelry,Men,Shoes,Athletic,Running]]"
1112,71353,Little Hand Womens Casual Sexy Summer Pleated Prom Chiffon Sundress Mini Short Dress,"[[Clothing, Shoes & Jewelry,Women,Clothing,Dresses,Casual]]"
1113,71382,New Winter fashion Women Beret Braided Baggy Beanie Crochet Knitted Hat Cap,"[[Sports & Outdoors,Snow Sports,Skiing,Clothing,Women,Hats],[Clothing, Shoes & Jewelry,Women,Accessories,Hats & Caps]]"
1114,71389,CL by Chinese Laundry Women's Brilliance Fabric Ballet Flat,"[[Clothing, Shoes & Jewelry,Shoes & Accessories: International Shipping Available],[Clothing, Shoes & Jewelry,C,CL by Chinese Laundry],[Clothing, Shoes & Jewelry,Women,Shoes,Flats]]"
1115,71417,Womens Lingerie Underwear Sexy Rose C-string One Size,"[[Clothing, Shoes & Jewelry,Novelty, Costumes & More,Exotic Apparel]]"
1116,71480,Nevados Women's Fissure Low V4172W Hiking Boot,"[[Clothing, Shoes & Jewelry,Shoes & Accessories: International Shipping Available],[Clothing, Shoes & Jewelry,N,Nevados],[Clothing, Shoes & Jewelry,Boot Shop,Women,Outdoor & Work,Hiking & Trekking],[Clothing, Shoes & Jewelry,Women,Shoes,Outdoor,Hiking & Trekking,Hiking Boots]]"
1117,71521,Silver Bow Tie &amp; I Do Hair Pendant with a 22 Inch Adjustable Link Necklace,"[[Clothing, Shoes & Jewelry,Women],[Clothing, Shoes & Jewelry,Novelty, Costumes & More,Novelty,Jewelry,Necklaces & Pendants]]"
1118,71531,Evil Eye Pendant Necklace Sterling Silver with Blue Murano Glass Lucky Eye for Protection,"[[Clothing, Shoes & Jewelry,Women],[Clothing, Shoes & Jewelry,Novelty, Costumes & More,Novelty,Jewelry,Necklaces & Pendants]]"
1119,71551,G Allure Women's Vintage Damask Babydoll Sleep Lingerie,"[[Clothing, Shoes & Jewelry,Women,Clothing,Lingerie, Sleep & Lounge,Intimates,Lingerie Sets]]"
1120,71717,Pink Queen Womens Optical Illusion Bodycon Cocktail Party Pencil Dress,"[[Clothing, Shoes & Jewelry,Women,Clothing,Dresses,Night Out & Cocktail]]"
1121,71731,"Fila Women's Simulite 2 Running Shoe,Dark Shadow/Metallic Silver/Neon Pink,9.5 M US","[[Clothing, Shoes & Jewelry,Shoes & Accessories: International Shipping Available],[Clothing, Shoes & Jewelry,F,Fila],[Clothing, Shoes & Jewelry,Women,Shoes,Athletic,Running]]"
1122,71773,Metallic Blue Graduated Crystal Necklace and Earrings Set,"[[Clothing, Shoes & Jewelry,Women],[Clothing, Shoes & Jewelry,Novelty, Costumes & More,Novelty,Jewelry]]"
1123,71786,TheLees Mens double breasted 2 way wool jacket,"[[Clothing, Shoes & Jewelry,Men,Clothing,Suits & Sport Coats,Sport Coats & Blazers]]"
1124,71971,Polo Ralph Lauren Men's Classic Cotton 3-Pack Socks 10-13,"[[Sports & Outdoors,Clothing,Men,Socks],[Clothing, Shoes & Jewelry,P,Polo Ralph Lauren],[Clothing, Shoes & Jewelry,Men,Clothing,Active,Athletic Socks]]"
1125,72015,Sexy Black Off Shoulder Short Sleeve Mini Dress,"[[Clothing, Shoes & Jewelry,Women],[Clothing, Shoes & Jewelry,Novelty, Costumes & More,Exotic Apparel,Women,Dresses]]"
1126,72050,Flower Bowler Hat,"[[Clothing, Shoes & Jewelry,Novelty, Costumes & More,Costumes & Accessories,Hats & Caps,Kids & Baby]]"
1127,72133,Kenneth Cole New York Stainless Steel Men's watch #KC9150,"[[Clothing, Shoes & Jewelry,K,Kenneth Cole New York],[Clothing, Shoes & Jewelry,Kenneth Cole],[Clothing, Shoes & Jewelry,Men,Watches,Wrist Watches]]"
1128,72151,"ecko Men's Printed Slub Crew Neck, Black, 3X-Large","[[Clothing, Shoes & Jewelry,Men,Clothing,Shirts,T-Shirts],[Clothing, Shoes & Jewelry,Men,Big & Tall,Shirts,T-Shirts]]"
1129,72279,Trevose Mid Sneaker Red 10,"[[Clothing, Shoes & Jewelry,P,Polo Ralph Lauren],[Clothing, Shoes & Jewelry,Men,Shoes,Fashion Sneakers]]"
1130,72438,Ten Assorted Clear Crystal Rhinestone Bead Charms,"[[Clothing, Shoes & Jewelry,Diamonds],[Clothing, Shoes & Jewelry,Women],[Clothing, Shoes & Jewelry,Novelty, Costumes & More,Novelty,Jewelry,Charms]]"
1131,72520,Reneeze Deep-2 Sandals,"[[Clothing, Shoes & Jewelry,Women,Shoes,Sandals]]"
1132,72562,PUMA Tune Cat B V Kids Sneaker (Toddler/Little Kid),"[[Clothing, Shoes & Jewelry,Shoes & Accessories: International Shipping Available],[Clothing, Shoes & Jewelry,P,Puma],[Clothing, Shoes & Jewelry,Girls,Shoes,Sneakers],[Clothing, Shoes & Jewelry,Boys,Shoes,Sneakers]]"
1133,72620,Under Armour Men's HeatGear&reg; Sonic Compression Short Sleeve,"[[Clothing, Shoes & Jewelry,Men,Clothing,Active,Active Shirts & Tees]]"
1134,72809,"Michael Kors Quartz, Black Dial with Black Goldtone Bracelet - Womens Watch MK5191","[[Clothing, Shoes & Jewelry,New Arrivals],[Clothing, Shoes & Jewelry,Fashion Watches],[Clothing, Shoes & Jewelry,Michael Kors Watches],[Clothing, Shoes & Jewelry,Women,Watches,Wrist Watches],[Clothing, Shoes & Jewelry,Men],[Clothing, Shoes & Jewelry,Women's Luxury Brands]]"
1135,72881,Vivian's Fashions Women's Extra Plus Size Cotton Capri Leggings,"[[Clothing, Shoes & Jewelry,Women,Clothing,Leggings],[Clothing, Shoes & Jewelry,Women,Petite,Leggings]]"
1136,72976,Nautica Baby-Boys Infant 2 Piece Solid Polo Plaid Short Set,"[[Clothing, Shoes & Jewelry,N,Nautica],[Clothing, Shoes & Jewelry,Baby,Baby Boys,Clothing,Clothing Sets,Short Sets]]"
1137,73049,Johnston &amp; Murphy Men's Dobson Cap Oxford,"[[Clothing, Shoes & Jewelry,Shoes & Accessories: International Shipping Available],[Clothing, Shoes & Jewelry,J,Johnston & Murphy],[Clothing, Shoes & Jewelry,Comfort Shoes],[Clothing, Shoes & Jewelry,Men,Shoes,Oxfords]]"
1138,73128,G-Shock XL Combi Watch,"[[Clothing, Shoes & Jewelry,Women]]"
1139,73153,"Stainless Steel Lip Ring Barbell - 16G (1.2 mm), 5/16&quot; (8 mm) - Sold Individually","[[Clothing, Shoes & Jewelry,Women],[Clothing, Shoes & Jewelry,Novelty, Costumes & More,Novelty,Jewelry],[Clothing, Shoes & Jewelry,Novelty, Costumes & More,Body Jewelry,Piercing Jewelry,Barbells]]"
1140,73281,Women's Floral Halter Swimwear Bikini Set Padded Bra Bikini Swimsuit S~L,"[[Clothing, Shoes & Jewelry,Women,Clothing,Swimsuits & Cover Ups,Bikinis]]"
1141,73297,Hot Individuality Jewelry Leopard Grain Heart and Wing With Diamond Bracelet Weave and Multilayer Bracelet (GD-1020),"[[Clothing, Shoes & Jewelry,Novelty, Costumes & More,Novelty,Jewelry,Bracelets]]"
1142,73318,Coming Back Soon - Christian Tee,"[[Clothing, Shoes & Jewelry,Novelty, Costumes & More,Novelty,Clothing,Women,Tops & Tees,T-Shirts],[Clothing, Shoes & Jewelry,Novelty, Costumes & More,Novelty,Clothing,Men,Shirts,T-Shirts]]"
1143,73328,Rainbow Organza Tutu One Size Fits Most Leg Avenue,"[[Clothing, Shoes & Jewelry,L,Leg Avenue],[Clothing, Shoes & Jewelry,Novelty, Costumes & More,Band & Music Fan,Accessories],[Clothing, Shoes & Jewelry,Novelty, Costumes & More,Costumes & Accessories],[Clothing, Shoes & Jewelry,Novelty, Costumes & More,Exotic Apparel,Women,Costumes]]"
1144,73362,Tommy Hilfiger Men's 1790861 Sport Bezel and Silicon Strap Watch,"[[Clothing, Shoes & Jewelry,New Arrivals],[Clothing, Shoes & Jewelry,Jewelry: International Shipping Available],[Clothing, Shoes & Jewelry,Fashion Watches],[Clothing, Shoes & Jewelry,Available for International Shipping],[Clothing, Shoes & Jewelry,T,Tommy Hilfiger],[Clothing, Shoes & Jewelry,Men,Watches,Wrist Watches]]"
1145,73411,Saucony Women's ProGrid Integrity ST2  Walking Shoe,"[[Clothing, Shoes & Jewelry,Shoes & Accessories: International Shipping Available],[Clothing, Shoes & Jewelry,S,Saucony],[Clothing, Shoes & Jewelry,Women,Shoes,Athletic,Walking]]"
1146,73514,niceEshop(TM) Vintage Unique Bronze classic Flower style long necklace +Free niceEshop Cable Tie,"[[Sports & Outdoors,Fan Shop,Jewelry & Watches],[Clothing, Shoes & Jewelry,Novelty, Costumes & More,Novelty,Jewelry]]"
1147,73515,Fashion Women's the Tree of Lift Birds Multi-layers Hand-knitted Bracelet Wrapable Bracelet,"[[Clothing, Shoes & Jewelry,Women],[Clothing, Shoes & Jewelry,Novelty, Costumes & More,Novelty,Jewelry,Bracelets]]"
1148,73541,Miss Me Jeans for Women - 60's Psychedelic Cross Boot Cut (Style#JP5697B),"[[Clothing, Shoes & Jewelry,M,Miss Me],[Clothing, Shoes & Jewelry,Women,Clothing,Jeans],[Clothing, Shoes & Jewelry,Women,Juniors,Jeans]]"
1149,73806,"Sterling Silver Swirl Design 2mm Wide Band Polish Finish Ring Size 5, 6, 7, 8, 9","[[Clothing, Shoes & Jewelry,Women,Jewelry,Fine,Rings,Bands],[Clothing, Shoes & Jewelry,Novelty, Costumes & More,Novelty]]"
1150,73878,Ellie Shoes Women's 305-VANITY 3&quot; Heel Mule,"[[Clothing, Shoes & Jewelry,Women,Shoes,Mules & Clogs]]"
1151,73884,Grenade Coin Pouch Key Holder,"[[Clothing, Shoes & Jewelry,Women,Accessories,Wallets, Card Cases & Money Organizers,Coin Purses & Pouches],[Clothing, Shoes & Jewelry,Novelty, Costumes & More,Band & Music Fan,Accessories]]"
1152,73901,Asoidchi Boho Bohemian Chiffon Stripes Summer Beach One-piece Sleeveless Maxi Dress,"[[Clothing, Shoes & Jewelry,Women,Clothing,Dresses,Casual]]"
1153,73950,OLIVE CLASSIC MESSENGER BAG Heavyweight Canvas School Laptop,"[[Clothing, Shoes & Jewelry,Luggage & Travel Gear]]"
1154,74071,KEEN Alamosa Mid WP Hiking Boot (Toddler/Little Kid/Big Kid),"[[Clothing, Shoes & Jewelry,Shoes & Accessories: International Shipping Available],[Clothing, Shoes & Jewelry,K,Keen],[Clothing, Shoes & Jewelry,Boot Shop,Girls,Outdoor & Work,Hiking & Trekking],[Clothing, Shoes & Jewelry,Boot Shop,Boys,Outdoor & Work,Hiking & Trekking],[Clothing, Shoes & Jewelry,Girls,Shoes,Outdoor,Hiking & Trekking,Hiking Boots],[Clothing, Shoes & Jewelry,Boys,Shoes,Outdoor,Hiking & Trekking,Hiking Boots]]"
1155,74091,Double Slit Maxi Skirt,"[[Clothing, Shoes & Jewelry,Women,Clothing,Skirts,Night Out & Special Occasion]]"
1156,74174,Luxury Divas Beige Braided Elastic Stretch Belt,"[[Clothing, Shoes & Jewelry,Men,Accessories,Belts]]"
1157,74234,Ladies Silver Fat Owl on Branch Pendant with a 28 Inch Adjustable Link Chain Necklace with Matching Stud Earrings Jewelry Set,"[[Clothing, Shoes & Jewelry,Women],[Clothing, Shoes & Jewelry,Novelty, Costumes & More,Novelty,Jewelry]]"
1158,74263,Doctor Who Daleks Knee High Socks,"[[Clothing, Shoes & Jewelry,Novelty, Costumes & More,Novelty,Clothing,Women],[Clothing, Shoes & Jewelry,Novelty, Costumes & More,Novelty,Clothing,Men,Socks]]"
1159,74298,Clearly Charming Medium Round Crystal Locket Necklace Base for Floating Charms with Bamboo Chain,"[[Clothing, Shoes & Jewelry,Women],[Clothing, Shoes & Jewelry,Novelty, Costumes & More,Novelty,Jewelry,Necklaces & Pendants]]"
1160,74307,Converse Chuck Taylor All Star Lo Top Dots Shadow Purple 112796F,"[[Clothing, Shoes & Jewelry,C,Converse],[Clothing, Shoes & Jewelry,Women,Shoes,Fashion Sneakers],[Clothing, Shoes & Jewelry,Men,Shoes,Fashion Sneakers]]"
1161,74337,Casio Men's EFA119BK-1AV &quot;Ana-Digi Edifice&quot; Stainless Steel Watch,"[[Clothing, Shoes & Jewelry,Gifts],[Clothing, Shoes & Jewelry,Watch Gifts],[Clothing, Shoes & Jewelry,Men,Watches,Wrist Watches]]"
1162,74505,Nautica Men's N14536 NST Stainless Steel and Black Resin Watch,"[[Sports & Outdoors,Accessories,Sport Watches],[Clothing, Shoes & Jewelry,Gifts],[Clothing, Shoes & Jewelry,New Arrivals],[Clothing, Shoes & Jewelry,Jewelry: International Shipping Available],[Clothing, Shoes & Jewelry,Fashion Watches],[Clothing, Shoes & Jewelry,Watch Gifts],[Clothing, Shoes & Jewelry,Available for International Shipping],[Clothing, Shoes & Jewelry,N,Nautica],[Clothing, Shoes & Jewelry,Sport Watches],[Clothing, Shoes & Jewelry,Men,Watches,Wrist Watches],[Clothing, Shoes & Jewelry,Men's Athletic Watches]]"
1163,74530,"Karen Kane Women's Maxi Tank Dress, Print, Large","[[Clothing, Shoes & Jewelry,Women,Clothing,Dresses,Casual]]"
1164,74603,Women Casual Comfort Batwing Sleeve Cocktail Party Short Mini Dress (Orange),"[[Clothing, Shoes & Jewelry,Women,Clothing,Dresses,Night Out & Cocktail]]"
1165,74640,Gino Giovanni Baby and Toddler Boy Summer Suit Natural/beige Vest Short Set,"[[Clothing, Shoes & Jewelry,Boys,Clothing,Suits & Sport Coats,Suits]]"
1166,74823,18k Yellow Gold Plated Sterling Silver Ruby and Diamond Accent Heart Earrings,"[[Clothing, Shoes & Jewelry,Gemstones],[Clothing, Shoes & Jewelry,Jewelry: International Shipping Available],[Clothing, Shoes & Jewelry,Amazon Curated Collection],[Clothing, Shoes & Jewelry,Women,Jewelry,Fine,Earrings,Drop & Dangle],[Clothing, Shoes & Jewelry,Novelty, Costumes & More,Novelty]]"
1167,74845,Jake and the Never Land Pirates Toddler Boys Cotton Pajama Set (5T),"[[Clothing, Shoes & Jewelry,Boys,Clothing,Sleepwear & Robes,Pajama Sets]]"
1168,74886,Invicta Women's 2959 Lady Abyss Silver-Tone Watch,"[[Sports & Outdoors,Accessories,Sport Watches],[Clothing, Shoes & Jewelry,Fashion Watches],[Clothing, Shoes & Jewelry,Sport Watches],[Clothing, Shoes & Jewelry,Invicta],[Clothing, Shoes & Jewelry,Women,Watches,Wrist Watches],[Clothing, Shoes & Jewelry,Women's Athletic Watches]]"
1169,74895,Bling Jewelry Geneva Rose Gold Plated Classic Round CZ Ladies Boyfriend Watch,"[[Clothing, Shoes & Jewelry,Women,Watches,Wrist Watches]]"
1170,75000,Ever Pretty Ornamental V-neck Exquisite Flirty Short Cocktail Dress 03280,"[[Clothing, Shoes & Jewelry,Women,Clothing,Dresses,Night Out & Cocktail],[Clothing, Shoes & Jewelry,Women,Petite,Dresses,Night Out & Cocktail]]"
1171,75103,XOXO Women's XO5218 Black Dial Two-Tone Half Cuff and Half Bracelet Watch,"[[Clothing, Shoes & Jewelry,New Arrivals],[Clothing, Shoes & Jewelry,Jewelry: International Shipping Available],[Clothing, Shoes & Jewelry,Fashion Watches],[Clothing, Shoes & Jewelry,Available for International Shipping],[Clothing, Shoes & Jewelry,X,XOXO],[Clothing, Shoes & Jewelry,XOXO Watches],[Clothing, Shoes & Jewelry,Women,Watches,Wrist Watches]]"
1172,75206,Vivid Linen Women's Double-Layer Cropped Pants with Sea Shell Button,"[[Clothing, Shoes & Jewelry,Women,Clothing,Pants,Casual]]"
1173,75246,Allegra K Woman V Neck Elastic Waist Self Tie Strap Two Tone Casual Dress,"[[Clothing, Shoes & Jewelry,Women,Clothing,Dresses]]"
1174,75382,Merrell Men's Thermo 6 Waterproof Cold Weather Boot,"[[Clothing, Shoes & Jewelry,M,Merrell],[Clothing, Shoes & Jewelry,Boot Shop,Men,Outdoor & Work,Hiking & Trekking],[Clothing, Shoes & Jewelry,Men,Shoes,Outdoor,Hiking & Trekking,Hiking Boots],[Clothing, Shoes & Jewelry,Men,Shoes,Outdoor,Snow Boots]]"
1175,75416,AK Anne Klein Women's Irisa Sandal,"[[Clothing, Shoes & Jewelry,Shoes & Accessories: International Shipping Available],[Clothing, Shoes & Jewelry,Women,Shoes,Sandals]]"
1176,75464,Madden Men's Randal Slip-On,"[[Clothing, Shoes & Jewelry,Shoes & Accessories: International Shipping Available],[Clothing, Shoes & Jewelry,Men,Shoes,Loafers & Slip-Ons],[Clothing, Shoes & Jewelry,Men,Surf, Skate & Street,Shoes,Loafers & Slip-Ons]]"
1177,75637,"Hurley Boys 2-7 Reach Short 2, Baby Cyan, 7","[[Clothing, Shoes & Jewelry,Boys,Clothing,Swim,Board Shorts]]"
1178,75849,US Military Home of the Free In Honor of Our Fallen Heroes Black S/S Men's T-shirt (MM141),"[[Clothing, Shoes & Jewelry,Novelty, Costumes & More,Novelty,Clothing,Men,Shirts,T-Shirts]]"
1179,75961,MG Collection Purple Butterfly Bow Rhinestone Brooch Evening Purse / Hand Bag,"[[Clothing, Shoes & Jewelry,Women,Handbags & Wallets,Evening Bags]]"
1180,75987,Scarab Cartouche Earrings - Collectible Dangle Jewelry Accessory,"[[Clothing, Shoes & Jewelry,Women],[Clothing, Shoes & Jewelry,Novelty, Costumes & More,Novelty,Jewelry,Earrings]]"
1181,75996,Kensie Women's Ponte Colorblock Dress,"[[Clothing, Shoes & Jewelry,Women,Clothing,Dresses,Wear to Work]]"
1182,76012,Glamorise Women's Magiclift Long Line Bra,"[[Clothing, Shoes & Jewelry,Women,Clothing,Lingerie, Sleep & Lounge,Intimates,Bras,Everyday Bras],[Clothing, Shoes & Jewelry,Women,Plus-Size,Intimates,Bras,Everyday Bras]]"
1183,76028,Rago Women's Hi Waist Thong Shaper,"[[Clothing, Shoes & Jewelry,Women,Clothing,Lingerie, Sleep & Lounge,Intimates,Shapewear],[Clothing, Shoes & Jewelry,Women,Petite,Intimates,Shapewear]]"
1184,76091,Ibeauty(TM) Lovely Ovely Unusal Cotton Girls Baby Flower Headband Hairband,"[[Clothing, Shoes & Jewelry,Girls],[Clothing, Shoes & Jewelry,Boys],[Clothing, Shoes & Jewelry,Novelty, Costumes & More,Costumes & Accessories]]"
1185,76151,Unisex Geneva Silicone Jelly Gel Quartz Analog Sports Wrist Watch,"[[Sports & Outdoors,Accessories,Sport Watches],[Clothing, Shoes & Jewelry,Sport Watches],[Clothing, Shoes & Jewelry,Women,Watches,Wrist Watches],[Clothing, Shoes & Jewelry,Men,Watches,Wrist Watches]]"
1186,76181,"Calvin Klein Baby-girls Infant Printed Tunic with Leggings, Gray, 12 Months","[[Clothing, Shoes & Jewelry,C,Calvin Klein],[Clothing, Shoes & Jewelry,Baby,Baby Girls,Clothing,Clothing Sets,Pant Sets]]"
1187,76336,Unisex Infant Cozie &amp; Stripe Hat and Baby Fleece Bootie Set by Zutano,"[[Clothing, Shoes & Jewelry,Baby,Baby Girls,Accessories,Hats & Caps]]"
1188,76339,O-stone Wishing Bead Necklace Series Golden Obsidian Pendant Grounding Stone Protection Amulet,"[[Clothing, Shoes & Jewelry,Women],[Clothing, Shoes & Jewelry,Novelty, Costumes & More,Novelty,Jewelry,Necklaces & Pendants]]"
1189,76387,SickFits Men's Marilyn Monroe Gangster Guns Tattoo Rocksmith T-Shirt,"[[Clothing, Shoes & Jewelry,Men],[Clothing, Shoes & Jewelry,Novelty, Costumes & More,Novelty,Clothing,Men,Shirts,T-Shirts],[Clothing, Shoes & Jewelry,Novelty, Costumes & More,Band & Music Fan,T-Shirts]]"
1190,76467,Solmate Women's Mismatched Cotton Socks,"[[Clothing, Shoes & Jewelry,Men]]"
1191,76481,"Southpole Juniors Hooded High Low Pullover Stripe Shirt, Lime Green, Medium","[[Clothing, Shoes & Jewelry,S,Southpole],[Clothing, Shoes & Jewelry,Men,Clothing,Fashion Hoodies & Sweatshirts],[Clothing, Shoes & Jewelry,Men,Big & Tall],[Clothing, Shoes & Jewelry,Men,Surf, Skate & Street,Clothing,Fashion Hoodies & Sweatshirts]]"
1192,76697,Nautica Sleepwear Women's Plush Chemise,"[[Clothing, Shoes & Jewelry,N,Nautica],[Clothing, Shoes & Jewelry,Women,Clothing,Lingerie, Sleep & Lounge,Sleep & Lounge,Nightgowns & Sleepshirts]]"
1193,76838,Baci Lingerie Women's Castle Of Love Low-Rise Booty Short,"[[Clothing, Shoes & Jewelry,Women,Clothing,Lingerie, Sleep & Lounge,Intimates,Panties,Boy Shorts],[Clothing, Shoes & Jewelry,Women,Petite,Intimates,Panties,Boy Shorts]]"
1194,76864,Lee Women's Relaxed Fit Straight-Leg Pant,"[[Clothing, Shoes & Jewelry,Women,Clothing],[Clothing, Shoes & Jewelry,Women,Petite]]"
1195,76921,umi Elain Mary Jane (Toddler),"[[Clothing, Shoes & Jewelry,Shoes & Accessories: International Shipping Available],[Clothing, Shoes & Jewelry,U,umi],[Clothing, Shoes & Jewelry,Baby,Baby Girls]]"
1196,77086,Columbia Women's Bugaboot Winter Boot,"[[Clothing, Shoes & Jewelry,Shoes & Accessories: International Shipping Available],[Clothing, Shoes & Jewelry,C,Columbia],[Clothing, Shoes & Jewelry,Boot Shop,Women,Outdoor & Work,Snow & Cold Weather],[Clothing, Shoes & Jewelry,Women,Shoes,Boots],[Clothing, Shoes & Jewelry,Women,Shoes,Outdoor,Snow Boots]]"
1197,77089,Roxy Girls 7-16 Hinako Pullover Cotton Hooded Jacket,"[[Clothing, Shoes & Jewelry,R,Roxy],[Clothing, Shoes & Jewelry,Girls,Clothing,Jackets & Coats,Rain Wear]]"
1198,77099,EMU Australia Women's Alba Boot Button,"[[Clothing, Shoes & Jewelry,Shoes & Accessories: International Shipping Available],[Clothing, Shoes & Jewelry,E,EMU Australia],[Clothing, Shoes & Jewelry,Boot Shop],[Clothing, Shoes & Jewelry,Women,Shoes,Boots]]"
1199,77102,Super King Jewelry Exquisite 2.00 Carat Cubic Zirconia Earrings. Set in 925 Sterling Silver Stud Earrings. 6.50mm Each Round Stone. 1.00 Carat Each,"[[Clothing, Shoes & Jewelry,Women],[Clothing, Shoes & Jewelry,Novelty, Costumes & More,Novelty,Jewelry,Earrings]]"
1200,77303,Single Flare Green Jade Stone Plugs - 6g - 4mm - Sold As a Pair,"[[Clothing, Shoes & Jewelry,Gemstones],[Clothing, Shoes & Jewelry,Women],[Clothing, Shoes & Jewelry,Novelty, Costumes & More,Novelty,Jewelry],[Clothing, Shoes & Jewelry,Novelty, Costumes & More,Body Jewelry,Piercing Jewelry,Plugs]]"
1201,77320,4-Pack Scratch Mittens,"[[Clothing, Shoes & Jewelry,Baby,Baby Boys,Accessories,Gloves & Mittens]]"
1202,77416,Stainless Steel Large Purple Gemstone Ring for Women Size 7 w/ Gift Box,"[[Clothing, Shoes & Jewelry,Women],[Clothing, Shoes & Jewelry,Novelty, Costumes & More,Novelty,Jewelry,Rings,Statement]]"
1203,77538,Steve Madden Bnot Fringe Crossbody Bag - Brown,"[[Clothing, Shoes & Jewelry,S,Steve Madden],[Clothing, Shoes & Jewelry,Women,Handbags & Wallets,Cross-Body Bags]]"
1204,77550,TOMS Women's Strappy Wedge Sandal,"[[Clothing, Shoes & Jewelry,Women,Shoes,Sandals]]"
1205,77648,Durango Men's 11&quot; Harness Boot,"[[Clothing, Shoes & Jewelry,Shoes & Accessories: International Shipping Available],[Clothing, Shoes & Jewelry,D,Durango],[Clothing, Shoes & Jewelry,Boot Shop,Men,Fashion,Motorcycle],[Clothing, Shoes & Jewelry,Men,Shoes,Boots]]"
1206,77817,Cudas Women's Shasta Water Shoe,"[[Clothing, Shoes & Jewelry,Shoes & Accessories: International Shipping Available],[Clothing, Shoes & Jewelry,C,Cudas],[Clothing, Shoes & Jewelry,Women,Shoes,Athletic,Water Shoes]]"
1207,77821,Ariya Santa Cruz Curvy Fit Flare Jeans 7/8 Santa cruz blue,"[[Clothing, Shoes & Jewelry,Women,Clothing,Jeans]]"
1208,78008,Deluxe Chimp Mask,"[[Clothing, Shoes & Jewelry,Novelty, Costumes & More,Costumes & Accessories,Masks]]"
1209,78235,"adidas Akwah Backstrap Sandal (Toddler/Little Kid/Big Kid),Intense Pink/Clear Light Pink/Running White,10 M US Toddler","[[Clothing, Shoes & Jewelry,adidas],[Clothing, Shoes & Jewelry,Girls],[Clothing, Shoes & Jewelry,Boys],[Clothing, Shoes & Jewelry,Baby,Baby Girls]]"
1210,78276,"Superman Boys 2-7 2 Piece Pajama Set, Assorted, 6","[[Clothing, Shoes & Jewelry,Boys,Clothing,Sleepwear & Robes,Pajama Sets]]"
1211,78400,6731 Next Level Ladies? Tri-Blend Long-Sleeve Scoop Tee - Vintage White - S,"[[Clothing, Shoes & Jewelry,Women]]"
1212,78461,"Teal Cove Men's 10.5 Inch Cargo Swim Trunk, Black/Grey, Medium","[[Clothing, Shoes & Jewelry,Men,Clothing,Swim,Board Shorts]]"
1213,78466,K Mega Jewelry Golden Crystal Stainless Steel Studs Hoop Mens Earrings [Jewelry],"[[Clothing, Shoes & Jewelry,Men,Jewelry,Earrings],[Clothing, Shoes & Jewelry,Novelty, Costumes & More,Novelty]]"
1214,78509,Children's Organic Wool Underwear Shirt with Long Sleeves,"[[Clothing, Shoes & Jewelry,Boys,Clothing,Underwear,Thermal Underwear,Sets]]"
1215,78678,"Blue Juice Women's Powder Room Dress, Ivory/Blush, X-Small","[[Clothing, Shoes & Jewelry,Women,Clothing,Dresses,Night Out & Cocktail]]"
1216,78680,Steampunk Brown Lace Gloves,"[[Clothing, Shoes & Jewelry,Novelty, Costumes & More,Costumes & Accessories,More Accessories,Women]]"
1217,78687,Carhartt Men's Steel Toe Cotton Crew Work Socks,"[[Clothing, Shoes & Jewelry,C,Carhartt],[Clothing, Shoes & Jewelry,Men,Clothing,Socks,Casual Socks],[Clothing, Shoes & Jewelry,Men,Big & Tall,Socks,Casual Socks]]"
1218,78698,Prada PR27NS Sunglasses,"[[Clothing, Shoes & Jewelry,P,Prada],[Clothing, Shoes & Jewelry,Women,Accessories,Sunglasses & Eyewear Accessories,Sunglasses],[Clothing, Shoes & Jewelry,Designer Shoes & Handbags]]"
1219,78761,Jezebel Women's French Doll Bra,"[[Clothing, Shoes & Jewelry,Women,Clothing,Lingerie, Sleep & Lounge,Intimates,Bras,Everyday Bras],[Clothing, Shoes & Jewelry,Women's Luxury Brands]]"
1220,78848,"prAna Women's Amaya Dress, Black, Medium","[[Clothing, Shoes & Jewelry,Women,Petite,Dresses,Night Out & Cocktail]]"
1221,78914,Pro Jewelry Dangling &quot;Green Stone Dragon Fly&quot; Charm Bead for Snake Chain Charm Bracelets,"[[Clothing, Shoes & Jewelry,Novelty, Costumes & More,Novelty,Jewelry,Charms]]"
1222,78916,Sanita Women's Professional Lisbeth Closed Oil Leather Clog,"[[Clothing, Shoes & Jewelry,Shoes & Accessories: International Shipping Available],[Clothing, Shoes & Jewelry,Comfort Shoes],[Clothing, Shoes & Jewelry,Women,Shoes,Mules & Clogs]]"
1223,79116,Rocket Dog Women Dallon Boots,"[[Clothing, Shoes & Jewelry,R,Rocket Dog],[Clothing, Shoes & Jewelry,Boot Shop],[Clothing, Shoes & Jewelry,Women,Shoes,Boots]]"
1224,79253,FULL TILT Lace Back Floral Womens Top,"[[Clothing, Shoes & Jewelry,Women,Clothing,Tops & Tees,Knits & Tees],[Clothing, Shoes & Jewelry,Women,Juniors,Tops & Tees,Knits & Tees]]"
1225,79254,Fruit Of The Loom Men's No Show-5 Pack Socks,"[[Clothing, Shoes & Jewelry,Men,Clothing,Socks,Casual Socks],[Clothing, Shoes & Jewelry,Men,Big & Tall]]"
1226,79298,Allegra K Women Off Shoulder Self Tie Bowknot Colorblock Casual Tunic Shirt,"[[Clothing, Shoes & Jewelry,Women,Clothing,Tops & Tees,Tunics]]"
1227,79465,Aravon Women's Faith,"[[Clothing, Shoes & Jewelry,Shoes & Accessories: International Shipping Available],[Clothing, Shoes & Jewelry,Women,Shoes,Flats],[Clothing, Shoes & Jewelry,Women,Shoes,Loafers & Slip-Ons]]"
1228,79569,"Dockers Men's 3-Pack Performance Dress Flat Knit Socks Socks, Black, 6-12","[[Clothing, Shoes & Jewelry,D,Dockers],[Clothing, Shoes & Jewelry,Men,Clothing,Socks,Dress & Trouser Socks]]"
1229,79573,Cloris Murphy Women's Brazilian Bikini Halter Top &amp; Scrunchie Butt Bathing Suit,"[[Clothing, Shoes & Jewelry,Women,Clothing,Swimsuits & Cover Ups,Bikinis]]"
1230,79650,Navy Blue Retro Pin up Rockabilly Sailor Nautical Swimsuit Swimwear,"[[Clothing, Shoes & Jewelry,Women,Clothing,Swimsuits & Cover Ups,One-Pieces]]"
1231,79670,FM42 18k Yellow Gold Plated Purple Crystal &amp; White Enamel Flower Cocktail Ring Size 5-9,"[[Clothing, Shoes & Jewelry,Gemstones],[Clothing, Shoes & Jewelry,Jewelry Outlet],[Clothing, Shoes & Jewelry,Women],[Clothing, Shoes & Jewelry,Novelty, Costumes & More,Novelty,Jewelry,Rings,Statement]]"
1232,79691,12 Pairs of Ladies Light Gold Circle Shape Bamboo Style 3.25 Inch Hoop Earrings,"[[Clothing, Shoes & Jewelry,Women],[Clothing, Shoes & Jewelry,Novelty, Costumes & More,Novelty,Jewelry,Earrings]]"
1233,79775,PalmBeach Jewelry 4.00 TCW Round Cubic Zirconia 14k Yellow Gold-Plated Lever-Back Drop Earrings,"[[Clothing, Shoes & Jewelry,Women],[Clothing, Shoes & Jewelry,Novelty, Costumes & More,Novelty,Jewelry,Earrings]]"
1234,79927,"Women's Stainless Steel Gold Colored 10-Strand Cable Wire Chain Necklace, 16&quot;","[[Clothing, Shoes & Jewelry,New Arrivals,New Jewelry],[Clothing, Shoes & Jewelry,Jewelry: International Shipping Available],[Clothing, Shoes & Jewelry,Amazon Curated Collection],[Clothing, Shoes & Jewelry,Women],[Clothing, Shoes & Jewelry,Novelty, Costumes & More,Novelty,Jewelry,Necklaces & Pendants]]"
1235,79997,Sexy Opaque Black Lace Open Crotch Bodystocking - One Size,"[[Clothing, Shoes & Jewelry,Women],[Clothing, Shoes & Jewelry,Novelty, Costumes & More,Exotic Apparel,Women,Bodystockings]]"
1236,80058,Fashion Plaza Rose Gold Pearl Use Cubic Zirconia Dance Love Princess Necklace N6,"[[Clothing, Shoes & Jewelry,Women],[Clothing, Shoes & Jewelry,Novelty, Costumes & More,Novelty,Jewelry,Necklaces & Pendants]]"
1237,80083,Russell Athletic Tall Womens Workout Pants,"[[Sports & Outdoors,Clothing],[Clothing, Shoes & Jewelry,Women,Clothing,Active,Active Pants]]"
1238,80144,Simplified Style Tote Elegant Shoulder Bag Gold Chain Metal Tassel Handbag Canvas Purse,"[[Clothing, Shoes & Jewelry,Women,Handbags & Wallets,Shoulder Bags]]"
1239,80188,Finejo Womens One Piece Halter Neck Padded Backless Monokini Bikini Swimwear,"[[Clothing, Shoes & Jewelry,Women,Clothing,Tops & Tees,Knits & Tees]]"
1240,80243,Ladies Scoop Neck Stretchy Long Sleeve Knitted Tunic Top,"[[Clothing, Shoes & Jewelry,Women,Clothing,Sweaters,Pullovers]]"
1241,80249,Galaxy Space Cosmic Tie Dye Graphic Stretchy Tights Leggings Pants,"[[Clothing, Shoes & Jewelry,Women],[Clothing, Shoes & Jewelry,Novelty, Costumes & More,Novelty,Clothing,Women,Leggings]]"
1242,80299,Timberland Men's Earthkeepers Alpine Hiker Boot,"[[Clothing, Shoes & Jewelry,Shoes & Accessories: International Shipping Available],[Clothing, Shoes & Jewelry,T,Timberland],[Clothing, Shoes & Jewelry,Boot Shop,Men,Fashion,Combat],[Clothing, Shoes & Jewelry,Men,Shoes,Boots]]"
1243,80337,MG Collection Antique Beaded Rose Evening Purse Clutch Handbag w/Removable Chain,"[[Clothing, Shoes & Jewelry,Women,Handbags & Wallets,Evening Bags]]"
1244,80376,Calvin Klein Women's Crochet Sweater,"[[Clothing, Shoes & Jewelry,C,Calvin Klein],[Clothing, Shoes & Jewelry,Women,Clothing,Sweaters,Pullovers]]"
1245,80392,Pro Jewelry Top Quality Exquisite Murano Glass Green / Lavender with .925 Sterling Silver Beads Fits Pandora Troll Chamilia Carlo Biagi Zable,"[[Clothing, Shoes & Jewelry,Women],[Clothing, Shoes & Jewelry,Novelty, Costumes & More,Novelty,Jewelry,Charms]]"
1246,80527,Ninimour- Digital Print Skull Leggings for Women Mechanical Bones,"[[Clothing, Shoes & Jewelry,Women],[Clothing, Shoes & Jewelry,Novelty, Costumes & More,Novelty,Clothing,Women,Leggings]]"
1247,80649,Casio Unisex MRW200HB-3BV Japanese Quartz Resin Strap Black Watch,"[[Clothing, Shoes & Jewelry,New Arrivals],[Clothing, Shoes & Jewelry,Women,Watches,Wrist Watches],[Clothing, Shoes & Jewelry,Men,Watches,Wrist Watches]]"
1248,80707,Bling Jewelry 925 Sterling Silver Ball Bead Chain Necklace 150 Gauge Italy,"[[Clothing, Shoes & Jewelry,Men,Jewelry,Necklaces],[Clothing, Shoes & Jewelry,Novelty, Costumes & More,Novelty]]"
1249,80778,U.S. Polo Assn. Sport Men's US9061 Watch with Black Rubber Strap Watch,"[[Clothing, Shoes & Jewelry,New Arrivals],[Clothing, Shoes & Jewelry,Jewelry: International Shipping Available],[Clothing, Shoes & Jewelry,Available for International Shipping],[Clothing, Shoes & Jewelry,Sport Watches],[Clothing, Shoes & Jewelry,Men,Watches,Wrist Watches],[Clothing, Shoes & Jewelry,Men's Athletic Watches]]"
1250,80849,Lot 20 Captive Bead Rings ear belly lip eyebrow 14g or 16g gauges GLOW GLITTER MIX 3/8 5/8,"[[Clothing, Shoes & Jewelry,Women],[Clothing, Shoes & Jewelry,Novelty, Costumes & More,Novelty,Jewelry],[Clothing, Shoes & Jewelry,Novelty, Costumes & More,Body Jewelry,Piercing Jewelry,Plugs]]"
1251,80939,Kiwi Co. Women's Kate High Low Dress,"[[Clothing, Shoes & Jewelry,Women,Clothing,Dresses,Casual]]"
1252,80956,BCBGeneration Women's Parade Pump,"[[Clothing, Shoes & Jewelry,Shoes & Accessories: International Shipping Available],[Clothing, Shoes & Jewelry,B,BCBGeneration],[Clothing, Shoes & Jewelry,Women,Shoes,Pumps]]"
1253,81015,Kelly's Cork Renew,"[[Clothing, Shoes & Jewelry,Novelty, Costumes & More,Shoe Care & Accessories]]"
1254,81057,Dale of Norway Men's Telemark Knitshell Jacket,"[[Clothing, Shoes & Jewelry,Men,Clothing,Active]]"
1255,81075,Ray-Ban RB3025 Aviator Sunglasses,"[[Sports & Outdoors,Clothing],[Clothing, Shoes & Jewelry,R,Ray-Ban]]"
1256,81148,Tok Tok Designs&reg; B131 Men's Bow Ties (Bright Yellow),"[[Clothing, Shoes & Jewelry,Men,Accessories,Bow Ties & Cummerbunds,Bow Ties]]"
1257,81168,Quiksilver Boys 8-20 El Pat Short Sleeve Shirt,"[[Clothing, Shoes & Jewelry,Q,Quiksilver],[Clothing, Shoes & Jewelry,Boys,Clothing,Button-Down & Dress Shirts,Button-Down Shirts]]"
1258,81321,Allegra K Women's Scoop Neck Long Sleeve Bar Striped Hem Tunic Shirt,"[[Clothing, Shoes & Jewelry,Women,Clothing,Tops & Tees,Tunics]]"
1259,81456,Dickies Men's Slimfold With Chain Wallet,"[[Clothing, Shoes & Jewelry,D,Dickies],[Clothing, Shoes & Jewelry,Men],[Clothing, Shoes & Jewelry,Novelty, Costumes & More,Novelty,Clothing,Men,Accessories,Wallets],[Clothing, Shoes & Jewelry,Novelty, Costumes & More,Band & Music Fan,Accessories]]"
1260,81578,Easy Spirit Women's Traveltime Fashion Sneaker,"[[Clothing, Shoes & Jewelry,Shoes & Accessories: International Shipping Available],[Clothing, Shoes & Jewelry,E,Easy Spirit],[Clothing, Shoes & Jewelry,Women,Shoes,Fashion Sneakers]]"
1261,81718,"Vintage, Retro Colorful Crystal Owl Pendant and Long Chain Necklace with Antiqued Bronze/Brass Finish","[[Clothing, Shoes & Jewelry,Women],[Clothing, Shoes & Jewelry,Girls],[Clothing, Shoes & Jewelry,Novelty, Costumes & More,Novelty]]"
1262,81731,I Hate Tacos Said No Juan Funny College Party Humor Cool - Mens T-Shirt,"[[Clothing, Shoes & Jewelry,Men,Clothing,Shirts,T-Shirts]]"
1263,81966,Women's Element of Stealth (Ni-Nj-A) T-Shirt Funny Ninja Science Shirt,"[[Clothing, Shoes & Jewelry,Women,Clothing,Tops & Tees,Knits & Tees],[Clothing, Shoes & Jewelry,Women,Petite,Tops & Tees,Knits & Tees]]"
1264,81970,Barely There Women's Flex To Fit Boyshort Panty,"[[Clothing, Shoes & Jewelry,Women]]"
1265,82095,Amazing 1mm 925 Sterling Silver Rolo Chain Made in Italy. 20 Inch Silver Necklace with Clasp,"[[Clothing, Shoes & Jewelry,Women],[Clothing, Shoes & Jewelry,Novelty, Costumes & More,Novelty,Jewelry,Necklaces & Pendants]]"
1266,82255,Devon &amp; Jones Ladies' Three-Quarter-Sleeve Stretch Poplin Blouse - WHITE - S,"[[Sports & Outdoors,Clothing,Women,Shirts],[Clothing, Shoes & Jewelry,Women,Clothing,Tops & Tees,Blouses & Button-Down Shirts],[Clothing, Shoes & Jewelry,Women,Petite,Tops & Tees,Blouses & Button-Down Shirts]]"
1267,82279,Titanium Crystal Agate Druzy Quartz Geode Stone Necklace 22 Inch,"[[Clothing, Shoes & Jewelry,Women],[Clothing, Shoes & Jewelry,Novelty, Costumes & More,Novelty,Jewelry,Necklaces & Pendants]]"
1268,82285,Koh Koh Women's Long Sleeve Kimono Vneck Wrap Maxi Dress,"[[Clothing, Shoes & Jewelry,Women,Clothing,Dresses,Special Occasion]]"
1269,82351,Amour Women's Lace Sheer Mesh Inset Stripes Ankle Length Footless Legging,"[[Clothing, Shoes & Jewelry,Women,Plus-Size],[Clothing, Shoes & Jewelry,Novelty, Costumes & More,Novelty,Clothing,Women,Leggings]]"
1270,82600,Evan Picone Women's Matte Jersey Twist Bodice Dress,"[[Clothing, Shoes & Jewelry,Women,Clothing,Dresses,Wear to Work]]"
1271,82662,00 Gauge Clear Acrylic Pink Floating Rose Saddle Plug,"[[Clothing, Shoes & Jewelry,Women],[Clothing, Shoes & Jewelry,Novelty, Costumes & More,Novelty,Jewelry],[Clothing, Shoes & Jewelry,Novelty, Costumes & More,Body Jewelry,Piercing Jewelry,Plugs]]"
1272,82936,Junior Cowboy Hat With Bandanna,"[[Clothing, Shoes & Jewelry,Boys,Accessories,Hats & Caps]]"
1273,82960,Hump Day Guess What Day It Is Commercial Camel Tee Shirt,"[[Clothing, Shoes & Jewelry,Women],[Clothing, Shoes & Jewelry,Novelty, Costumes & More,Novelty,Clothing,Women,Tops & Tees,T-Shirts]]"
1274,83136,Soft Style Women's DANETTE Fashion Heels - Pumps,"[[Clothing, Shoes & Jewelry,Women,Shoes,Pumps]]"
1275,83249,Koh Koh Women's Designer Grecian Inspired Batwing Slimming Playsuit Jumpsuit,"[[Clothing, Shoes & Jewelry,Women,Clothing,Jumpsuits, Rompers & Overalls]]"
1276,83362,Calvin Klein Men's Two-Pack Microfiber Stretch Hip Brief,"[[Clothing, Shoes & Jewelry,C,Calvin Klein],[Clothing, Shoes & Jewelry,Men,Clothing,Underwear,Briefs]]"
1277,83407,Rialto 'Vera' Women's Sandal,"[[Clothing, Shoes & Jewelry,Women,Shoes,Sandals]]"
1278,83480,Osiris Women's NYC83 Mid Skate,"[[Clothing, Shoes & Jewelry,Shoes & Accessories: International Shipping Available],[Clothing, Shoes & Jewelry,O,Osiris],[Clothing, Shoes & Jewelry,Street, Surf & Skate],[Clothing, Shoes & Jewelry,Women,Shoes,Fashion Sneakers],[Clothing, Shoes & Jewelry,Women,Shoes,Athletic,Skateboarding]]"
1279,83489,"Famous Stars and Straps Boys 8-20 Rally Fam Youth Tee, Black/Yellow/Grey, X-Large","[[Clothing, Shoes & Jewelry,Boys,Clothing,Tops & Tees,Tees]]"
1280,83519,Pink Silicone Plugs - 7/8 Inch - 22mm - Sold As a Pair,"[[Clothing, Shoes & Jewelry,Women],[Clothing, Shoes & Jewelry,Novelty, Costumes & More,Novelty,Jewelry],[Clothing, Shoes & Jewelry,Novelty, Costumes & More,Body Jewelry,Piercing Jewelry,Plugs]]"
1281,83569,Minnie Mouse Girls 2-6X 2 Piece Fleece Pajama Set,"[[Clothing, Shoes & Jewelry,Girls,Clothing,Sleepwear & Robes,Pajama Sets]]"
1282,83576,Naturalizer Women's Jagg Flat,"[[Clothing, Shoes & Jewelry,Shoes & Accessories: International Shipping Available],[Clothing, Shoes & Jewelry,N,Naturalizer],[Clothing, Shoes & Jewelry,Women,Shoes,Oxfords],[Clothing, Shoes & Jewelry,Women,Shoes,Sandals]]"
1283,83589,Diplomat 31-478 Black Wood Finish Eight Watch Winder with Black Carbon Fiber Interior and Japanese Mabuchi Motor  Watch Winder,"[[Clothing, Shoes & Jewelry,New Arrivals],[Clothing, Shoes & Jewelry,Diplomat],[Clothing, Shoes & Jewelry,Novelty, Costumes & More,Watch Accessories,Watch Winders]]"
1284,83647,Oulm 1139 Watches,"[[Clothing, Shoes & Jewelry,Fashion Watches]]"
1285,83667,"Delicate Silver Tone Leaf Trio Lightweight Dangle Earrings, 3 Inches","[[Clothing, Shoes & Jewelry,Women],[Clothing, Shoes & Jewelry,Novelty, Costumes & More,Novelty,Jewelry,Earrings]]"
1286,83712,Fruit of the Loom Women's  5-Pack Microfiber Bikini Panty,"[[Clothing, Shoes & Jewelry,Women,Clothing,Lingerie, Sleep & Lounge,Intimates,Panties,Bikinis]]"
1287,83735,Family Silver Heart Floating Locket Charm,"[[Clothing, Shoes & Jewelry,Women],[Clothing, Shoes & Jewelry,Novelty, Costumes & More,Novelty,Jewelry,Charms]]"
1288,83745,Lilyette Women's Comfort Minimizer Keyhole Embellished,"[[Clothing, Shoes & Jewelry,Women,Clothing,Lingerie, Sleep & Lounge,Intimates,Bras,Minimizers]]"
1289,83828,Levi's Girls 7-16 Skinny Jean,"[[Clothing, Shoes & Jewelry,Girls,Clothing,Jeans]]"
1290,83845,"Vince Camuto Women's Halter Dress With Pleated Neckline, Blazing Yellow, 2","[[Clothing, Shoes & Jewelry,V,Vince Camuto],[Clothing, Shoes & Jewelry,Women,Clothing,Dresses,Casual],[Clothing, Shoes & Jewelry,Women,Clothing,Dresses,Night Out & Cocktail]]"
1291,83893,Sakkas Sunshine Batik Peasant Dress,"[[Clothing, Shoes & Jewelry,Women,Clothing,Dresses,Casual]]"
1292,83921,Saints Bracelet - Black Wood - Small Squares - Made in Brazil,"[[Clothing, Shoes & Jewelry,Women,Jewelry],[Clothing, Shoes & Jewelry,Novelty, Costumes & More,Novelty]]"
1293,83986,2 Pairs of Gold 10mm Smooth Ball Stud Earrings,"[[Clothing, Shoes & Jewelry,Women],[Clothing, Shoes & Jewelry,Novelty, Costumes & More,Novelty,Jewelry,Earrings]]"
1294,84193,Irregular Choice Women's Squiggly Diggly Platform Pump,"[[Clothing, Shoes & Jewelry,Shoes & Accessories: International Shipping Available],[Clothing, Shoes & Jewelry,I,Irregular Choice],[Clothing, Shoes & Jewelry,Women,Shoes,Pumps]]"
1295,84204,Champion Men's Crossover Short,"[[Sports & Outdoors,Clothing],[Clothing, Shoes & Jewelry,Men,Clothing,Active,Active Shorts]]"
1296,84468,Bloom's Outlet Lingerie Metallic Halter Top &amp; Mini Skirt Clubwear CMJ329GD M Gold,"[[Clothing, Shoes & Jewelry,Women],[Clothing, Shoes & Jewelry,Novelty, Costumes & More,Exotic Apparel,Women,Lingerie Sets]]"
1297,84512,Minnetonka Women's Kilty Moccasin,"[[Clothing, Shoes & Jewelry,Shoes & Accessories: International Shipping Available],[Clothing, Shoes & Jewelry,M,Minnetonka],[Clothing, Shoes & Jewelry,Women,Shoes,Loafers & Slip-Ons]]"
1298,84523,Backless Sexy Miniskirt Suit Club Wear Dress with G-string,"[[Clothing, Shoes & Jewelry,Women],[Clothing, Shoes & Jewelry,Novelty, Costumes & More,Exotic Apparel,Women,Dresses]]"
1299,84540,Silver Peach Heart Charm Bangle Bracelet,"[[Clothing, Shoes & Jewelry,Women],[Clothing, Shoes & Jewelry,Novelty, Costumes & More,Novelty,Jewelry,Bracelets]]"
1300,84610,Breaking Bad Men's Vamanos Pest T-Shirt,"[[Clothing, Shoes & Jewelry,Men,Clothing],[Clothing, Shoes & Jewelry,Novelty, Costumes & More,Novelty,Clothing,Men,Shirts,T-Shirts]]"
1301,84617,Scala Collezione Women's Boiled 100% Wool Cloche Hat,"[[Clothing, Shoes & Jewelry,Women,Accessories,Hats & Caps,Bucket Hats]]"
1302,84640,UGG Women's Antora Exotic (Cheetah 10.0 M),"[[Clothing, Shoes & Jewelry,U,UGG],[Clothing, Shoes & Jewelry,Women,Shoes,Slippers]]"
1303,84671,NuAngel Bra Extenders - 3 Hook Assorted,"[[Clothing, Shoes & Jewelry,Women,Clothing,Lingerie, Sleep & Lounge,Intimates,Accessories,Bra Extenders]]"
1304,84701,New Pink Cowboy Cowgirl Costume 19&quot; Bandana Head Scarf,"[[Clothing, Shoes & Jewelry,Boys],[Clothing, Shoes & Jewelry,Novelty, Costumes & More,Work Wear & Uniforms],[Clothing, Shoes & Jewelry,Novelty, Costumes & More,Costumes & Accessories,Hats & Caps]]"
1305,84718,Comfortview Wide Barb Flat Freedom Collection,"[[Clothing, Shoes & Jewelry,Women,Shoes,Flats]]"
1306,84771,Dinosaur and Rescue Team Boy Children Socks-6 Pairs,"[[Clothing, Shoes & Jewelry,Boys,Clothing,Socks,Dress Socks]]"
1307,84892,Two Crystal Clear Captive Bead Rings Body Jewelry-Stainless Steel Jeweled Captive Ball Tragus Earring-CBR Cartilage Earring-Nose Ring-Lip Ring Hoop-Nipple Ring-20g-18g-16g-14g-Available in Various Sizes for Custom Fit,"[[Clothing, Shoes & Jewelry,Women],[Clothing, Shoes & Jewelry,Novelty, Costumes & More,Novelty,Jewelry],[Clothing, Shoes & Jewelry,Novelty, Costumes & More,Body Jewelry,Piercing Jewelry,Rings]]"
1308,84946,ExOfficio Men's GiveNGo Brief - 1241-0008,"[[Clothing, Shoes & Jewelry,Men,Clothing,Active,Active Underwear]]"
1309,85108,"Volcom Boys 2-7 Solid Speckle Lined Little Youth Sweater, Bordeaux, Small","[[Clothing, Shoes & Jewelry,Boys,Clothing,Fashion Hoodies & Sweatshirts]]"
1310,85199,Avenged Sevenfold - T-shirts - Band,"[[Clothing, Shoes & Jewelry,Men],[Clothing, Shoes & Jewelry,Novelty, Costumes & More,Band & Music Fan,T-Shirts]]"
1311,85351,Haggar Men's Cool 18 Hidden Expandable-Waist Plain-Front Pant,"[[Clothing, Shoes & Jewelry,Men,Clothing,Pants,Dress],[Clothing, Shoes & Jewelry,Men,Big & Tall]]"
1312,85596,Nautica Men's N11606G Sport Ring Box Set Classic Multi-Function Sport Watch,"[[Sports & Outdoors,Accessories,Sport Watches],[Clothing, Shoes & Jewelry,New Arrivals],[Clothing, Shoes & Jewelry,Jewelry: International Shipping Available],[Clothing, Shoes & Jewelry,Fashion Watches],[Clothing, Shoes & Jewelry,Available for International Shipping],[Clothing, Shoes & Jewelry,N,Nautica],[Clothing, Shoes & Jewelry,Sport Watches],[Clothing, Shoes & Jewelry,Men,Watches,Wrist Watches],[Clothing, Shoes & Jewelry,Men's Athletic Watches]]"
1313,85713,"Jolt Juniors High Low Top, Heather Oatmeal, Medium","[[Clothing, Shoes & Jewelry,Women,Clothing,Tops & Tees],[Clothing, Shoes & Jewelry,Women,Juniors,Tops & Tees],[Clothing, Shoes & Jewelry,Women,Petite,Tops & Tees]]"
1314,85822,Tissot Watches Tissot T Classic Le Locle Automatic Case Back Transparent Men's Watch,"[[Clothing, Shoes & Jewelry,Fashion Watches],[Clothing, Shoes & Jewelry,Men,Watches,Wrist Watches]]"
1315,85842,Leveret Kids &quot;Horses In The Wilderness&quot; 2 Piece Pajama set 100% Cotton (5-14 Years),"[[Clothing, Shoes & Jewelry,Girls,Clothing,Sleepwear & Robes,Pajama Sets]]"
1316,85892,Heirloom Finds Orange Crystal Basketball Dangle Earrings with Black Enamel,"[[Clothing, Shoes & Jewelry,Women],[Clothing, Shoes & Jewelry,Novelty, Costumes & More,Novelty,Jewelry,Earrings]]"
1317,86063,Nine West 9s Jacquard Shopper Satchel Handbag,"[[Clothing, Shoes & Jewelry,N,Nine West],[Clothing, Shoes & Jewelry,Women,Handbags & Wallets,Top-Handle Bags],[Clothing, Shoes & Jewelry,Women,Handbags & Wallets,Shoulder Bags]]"
1318,86252,"cork north south tote,yellow,one size","[[Clothing, Shoes & Jewelry,Women,Handbags & Wallets,Shoulder Bags]]"
1319,86278,iLoveSIA Mens T-Shirts Casual Long Sleeves Base Shirt Slim V-Neck Undershirt,"[[Clothing, Shoes & Jewelry,Men,Clothing,Shirts]]"
1320,86286,Mundi Suburban Rio Checkbook Wallet W Frame,"[[Clothing, Shoes & Jewelry,Shoes & Accessories: International Shipping Available],[Clothing, Shoes & Jewelry,Men,Clothing],[Clothing, Shoes & Jewelry,Men,Accessories,Wallets, Card Cases & Money Organizers,Wallets],[Clothing, Shoes & Jewelry,Novelty, Costumes & More,Band & Music Fan,Accessories]]"
1321,86324,6640 Next Level The Ladies? CVC Deep V - White - M,"[[Sports & Outdoors,Clothing,Women,Shirts,T-Shirts],[Clothing, Shoes & Jewelry,Novelty, Costumes & More,Novelty,Clothing,Women,Tops & Tees,T-Shirts]]"
1322,86356,"HD Vision Sunglasses, Ultra","[[Clothing, Shoes & Jewelry,Men,Accessories,Sunglasses & Eyewear Accessories,Sunglasses]]"
1323,86366,"Cocobelle Women's Braided Ankle-Wrap Sandal,Dark Brown,39 EU/8.5 M US","[[Clothing, Shoes & Jewelry,Shoes & Accessories: International Shipping Available],[Clothing, Shoes & Jewelry,C,Cocobelle],[Clothing, Shoes & Jewelry,Women,Shoes,Sandals]]"
1324,86370,Spectacular Shell Cut 21.00 carat Created Color Change Sapphire Necklace Sterling Silver Rhodium Nickel Finish,"[[Clothing, Shoes & Jewelry,Gemstones],[Clothing, Shoes & Jewelry,Women],[Clothing, Shoes & Jewelry,Novelty, Costumes & More,Novelty,Jewelry,Necklaces & Pendants]]"
1325,86395,"22 Inch 1 Mm Sterling Silver Rolo Chain, Nickel Free,tarnish Free,rhodium Finish,super Flexible and Made in Italy","[[Clothing, Shoes & Jewelry,Women],[Clothing, Shoes & Jewelry,Novelty, Costumes & More,Novelty,Jewelry,Necklaces & Pendants]]"
1326,86411,Swiss Legend Men's 40030-01-RDAS Sportiva Black Textured Dial Red Silicone Watch,"[[Clothing, Shoes & Jewelry,New Arrivals],[Clothing, Shoes & Jewelry,Jewelry: International Shipping Available],[Clothing, Shoes & Jewelry,Fashion Watches],[Clothing, Shoes & Jewelry,Available for International Shipping],[Clothing, Shoes & Jewelry,Men,Watches,Wrist Watches],[Clothing, Shoes & Jewelry,Novelty, Costumes & More,Watch Accessories]]"
1327,86420,Leading Lady Women's Plus Size Cotton Sports Bra,"[[Clothing, Shoes & Jewelry,Women,Clothing,Lingerie, Sleep & Lounge,Intimates,Bras,Sports Bras],[Clothing, Shoes & Jewelry,Women,Petite,Intimates,Bras,Sports Bras],[Clothing, Shoes & Jewelry,Women,Plus-Size,Intimates,Bras,Everyday Bras],[Clothing, Shoes & Jewelry,Women,Plus-Size,Intimates,Bras,Sports Bras]]"
1328,86476,Skidders Women's Gripper Socks -Brown Leopard,"[[Clothing, Shoes & Jewelry,Women,Clothing,Socks & Hosiery,Slipper Socks],[Clothing, Shoes & Jewelry,Women,Petite,Socks & Hosiery,Slipper Socks],[Clothing, Shoes & Jewelry,Girls]]"
1329,86604,Libbysue Women's Wildflower Floral Print Scarf,"[[Clothing, Shoes & Jewelry,Women,Accessories,Scarves & Wraps,Wraps & Pashminas]]"
1330,86640,Yoursclothing Womens Plus Size Multi Contrast Floral Printed Short Sleeve Tunic Size 20-22 Grey,"[[Sports & Outdoors,Clothing,Women,Shirts,T-Shirts],[Clothing, Shoes & Jewelry,Women,Clothing,Active,Active Shirts & Tees],[Clothing, Shoes & Jewelry,Women,Plus-Size,Active,Active Shirts & Tees]]"
1331,86671,ASICS Men's Gel-Rocket 6 Volley Ball Shoe,"[[Clothing, Shoes & Jewelry,ASICS],[Clothing, Shoes & Jewelry,Men,Shoes,Athletic,Volleyball]]"
1332,86719,Geneva Men's or Women's Unisex Chronograph Style Watch in Rose Gold Tone,"[[Clothing, Shoes & Jewelry,Fashion Watches],[Clothing, Shoes & Jewelry,Women,Watches,Wrist Watches],[Clothing, Shoes & Jewelry,Men,Watches,Wrist Watches]]"
1333,87107,Stitch's Women's 5-Pocket Bootcut Flare Corduroy Jeans 6,"[[Clothing, Shoes & Jewelry,Women,Clothing],[Clothing, Shoes & Jewelry,Women's Luxury Brands]]"
1334,87109,Jovivi Magic Hidden Touch Screen Red LED Digital Watch Men Women Sport Cuff Wrist Watch Orange,"[[Clothing, Shoes & Jewelry,Women,Watches,Wrist Watches],[Clothing, Shoes & Jewelry,Men,Watches,Wrist Watches]]"
1335,87137,Nike Air Max+ 2009 (Kids),"[[Clothing, Shoes & Jewelry,N,Nike],[Clothing, Shoes & Jewelry,Boys,Shoes,Sneakers],[Clothing, Shoes & Jewelry,Boys,Shoes,Athletic,Running]]"
1336,87291,Allegra K Women's Scoop Neck Short Puff Sleeve Tunic Shirt,"[[Clothing, Shoes & Jewelry,Women,Clothing,Tops & Tees]]"
1337,87314,FEA Led Zeppelin Evening of Led Zep 1975 T-Shirt Red,"[[Sports & Outdoors,Fan Shop,Clothing,T-Shirts],[Clothing, Shoes & Jewelry,Novelty, Costumes & More,Novelty]]"
1338,87354,Carter's Baby-boys &quot;Little Hero&quot; 3-Piece Outfit,"[[Clothing, Shoes & Jewelry,Baby,Baby Boys,Clothing]]"
1339,87377,BellyLady Belly Dance Arm Cuffs,"[[Clothing, Shoes & Jewelry,Women],[Clothing, Shoes & Jewelry,Novelty, Costumes & More,World Apparel]]"
1340,87509,Soft Style Women's Destiny Dress Sandal,"[[Clothing, Shoes & Jewelry,Shoes & Accessories: International Shipping Available],[Clothing, Shoes & Jewelry,Women,Shoes,Sandals]]"
1341,87650,21 Century Clothing Women's I can't keep calm I'm a Directioner T-Shirt,"[[Clothing, Shoes & Jewelry,Women,Clothing,Tops & Tees,Knits & Tees]]"
1342,87656,"Bali Women's Concealers Back Smoothing Underwire Bra,White,36B","[[Clothing, Shoes & Jewelry,Women,Clothing,Lingerie, Sleep & Lounge,Intimates,Bras,Everyday Bras],[Clothing, Shoes & Jewelry,Women,Petite,Intimates,Bras,Everyday Bras],[Clothing, Shoes & Jewelry,Women,Plus-Size]]"
1343,87664,Sakkas 603CWT Lace Ruched Cami Tank Top - Asst 3 Pack - Black/White/Brown - One Size,"[[Clothing, Shoes & Jewelry,Women,Clothing,Tops & Tees,Tanks & Camis]]"
1344,87704,Calvin Klein Women's Metallic Chrome Micro Bikini Panty,"[[Clothing, Shoes & Jewelry,C,Calvin Klein],[Clothing, Shoes & Jewelry,Women,Clothing,Lingerie, Sleep & Lounge,Intimates,Panties,Bikinis]]"
1345,87826,8 Pairs of Ladies Metallic Gold Dangling Interconnected Loops Style 4 Inch Clip-On Earrings,"[[Clothing, Shoes & Jewelry,Women],[Clothing, Shoes & Jewelry,Novelty, Costumes & More,Novelty,Jewelry,Earrings]]"
1346,87876,"American Pride Old School Motorcycle Enthusiast Mens T-shirt, Timeless Tradition Since 1903 Mens Tee Shirt","[[Clothing, Shoes & Jewelry,Men],[Clothing, Shoes & Jewelry,Novelty, Costumes & More,Novelty,Clothing,Men,Shirts,T-Shirts],[Clothing, Shoes & Jewelry,Novelty, Costumes & More,Band & Music Fan,T-Shirts]]"
1347,87958,Magnificent Baby Baby-Boys Infant Smart Hat,"[[Clothing, Shoes & Jewelry,Baby,Baby Boys,Accessories,Hats & Caps]]"
1348,88181,Breda Women's 2359-gold Ana Monochromatic Casual Metal Watch,"[[Clothing, Shoes & Jewelry,New Arrivals],[Clothing, Shoes & Jewelry,Jewelry: International Shipping Available],[Clothing, Shoes & Jewelry,Fashion Watches],[Clothing, Shoes & Jewelry,Available for International Shipping],[Clothing, Shoes & Jewelry,Breda],[Clothing, Shoes & Jewelry,Women,Watches,Wrist Watches]]"
1349,88246,Adidas Mens Black Rugby Training Jersey Short Sleeve Top Size M,"[[Sports & Outdoors,Team Sports,Rugby,Clothing],[Sports & Outdoors,Clothing,Men,Shirts],[Clothing, Shoes & Jewelry,adidas],[Clothing, Shoes & Jewelry,Men,Clothing,Active,Active Shirts & Tees]]"
1350,88272,BombayFashions Women's Ankle Length Floral Print Bohemian Gypsy India Skirt,"[[Clothing, Shoes & Jewelry,Novelty, Costumes & More,World Apparel]]"
1351,88333,Cherokee HQ Assorted Contrast Trim V-Neck Print Medical Scrub Tops,"[[Clothing, Shoes & Jewelry,Novelty, Costumes & More,Work Wear & Uniforms,Clothing,Medical]]"
1352,88364,"be free Women's Sleep Tank and Short Pajama Set, Pink, Small/10","[[Clothing, Shoes & Jewelry,Women,Clothing,Lingerie, Sleep & Lounge,Sleep & Lounge,Sets]]"
1353,88559,"Pro Jewelry Ten (10) Pack of Colors Glass Lampwork, Murano Glass Beads for European Style Bracelets. Fits Pandora, Biagi, Troll, Chamilla and Many Others (Faceted Murano)","[[Clothing, Shoes & Jewelry,Women],[Clothing, Shoes & Jewelry,Novelty, Costumes & More,Novelty,Jewelry,Charms]]"
1354,88570,Little Tiny Black &amp; Gold Tone Hoot Barn Owl Owls Post Back Earrings Gift Boxed!,"[[Clothing, Shoes & Jewelry,Novelty, Costumes & More,Novelty,Jewelry,Earrings]]"
1355,88572,Escante Women's Purple Fairy Babydoll Lingerie,"[[Clothing, Shoes & Jewelry,Novelty, Costumes & More,Exotic Apparel,Women,Babydolls, Chemises & Negligees,Babydolls]]"
1356,88585,Dockers Men's Extra Capacity Leather Wallet,"[[Clothing, Shoes & Jewelry,D,Dockers],[Clothing, Shoes & Jewelry,Men,Accessories,Wallets, Card Cases & Money Organizers,Wallets],[Clothing, Shoes & Jewelry,Novelty, Costumes & More,Band & Music Fan,Accessories]]"
1357,88642,Girls Dress Brown Butterfly Double Bow Tie Party Sundress Size 4-12,"[[Clothing, Shoes & Jewelry,Girls,Clothing,Dresses,Special Occasion]]"
1358,88820,Sakkas Footless Ultra Slim Fit Matte Liquid Wet Look Leggings,"[[Clothing, Shoes & Jewelry,Women,Clothing,Leggings],[Clothing, Shoes & Jewelry,Women,Petite,Leggings]]"
1359,88844,Loving Family&reg; Sterling Silver Heart Pendant Necklace - Parents and 1 Child,"[[Clothing, Shoes & Jewelry,Heart-Shaped Jewelry],[Clothing, Shoes & Jewelry,Women,Jewelry,Fine,Necklaces,Pendants],[Clothing, Shoes & Jewelry,Novelty, Costumes & More,Novelty]]"
1360,89017,Ninimour- New Sexy Mini Dress Night Out Dress Clubwear,"[[Clothing, Shoes & Jewelry,Women,Plus-Size],[Clothing, Shoes & Jewelry,Novelty, Costumes & More,Exotic Apparel,Women,Dresses]]"
1361,89093,Allegra K Lady Boat Neck Batwing Sleeve Buttons Decor Ribbed Trim Leisure Blouse,"[[Clothing, Shoes & Jewelry,Women,Clothing,Tops & Tees,Blouses & Button-Down Shirts]]"
1362,89100,Allegra K Women's Dots Print Deep V Neck Belted Mini Dress,"[[Clothing, Shoes & Jewelry,Women,Clothing,Dresses,Casual]]"
1363,89175,Superman Boys Long Sleeve V-Neck Jersey,"[[Clothing, Shoes & Jewelry,Boys],[Clothing, Shoes & Jewelry,Novelty, Costumes & More,Novelty,Clothing,Boys,Tops & Tees,T-Shirts]]"
1364,89234,Disney Minnie Mouse Bow-tique Toddler Girls' 7 Panty Pack (2T/3T),"[[Clothing, Shoes & Jewelry,Girls,Clothing,Underwear,Panties]]"
1365,89432,crocs 14632 CB Hello Kitty FR LD Clog (Toddler/Little Kid),"[[Clothing, Shoes & Jewelry,Shoes & Accessories: International Shipping Available],[Clothing, Shoes & Jewelry,C,crocs],[Clothing, Shoes & Jewelry,Girls,Shoes,Clogs & Mules],[Clothing, Shoes & Jewelry,Boys,Shoes,Clogs & Mules]]"
1366,89504,"Jacques Moret Women's Fun Print Fuzzy Babba Slipper Socks, Gray/Rainbow, Small/Medium","[[Clothing, Shoes & Jewelry,Women,Clothing,Socks & Hosiery,Slipper Socks]]"
1367,89542,Hee Grand Luxury Romantic Stand-up Collar Dress,"[[Clothing, Shoes & Jewelry,Women,Clothing,Dresses,Casual]]"
1368,89666,"Sterling Silver Ribbon Heart &quot;A True Friend Reaches For Your Hand and Touches Your Heart&quot; Pendant Necklace, 18&quot;","[[Clothing, Shoes & Jewelry,Jewelry: International Shipping Available],[Clothing, Shoes & Jewelry,Amazon Curated Collection],[Clothing, Shoes & Jewelry,Women,Jewelry,Fine,Necklaces,Pendants],[Clothing, Shoes & Jewelry,Novelty, Costumes & More,Novelty]]"
1369,89766,niceEshop(TM) Fashion Leather Woven Bracelet with Charms-Pink,"[[Clothing, Shoes & Jewelry,Women],[Clothing, Shoes & Jewelry,Novelty, Costumes & More,Novelty,Jewelry]]"
1370,89819,Hetalia Axis Powers Seatbelt Belt,"[[Clothing, Shoes & Jewelry,Men],[Clothing, Shoes & Jewelry,Novelty, Costumes & More,Novelty,Clothing,Men,Accessories,Belts],[Clothing, Shoes & Jewelry,Novelty, Costumes & More,Band & Music Fan,Accessories]]"
1371,89873,Gentle Souls Women's Step Ahead Platform Sandal,"[[Clothing, Shoes & Jewelry,Shoes & Accessories: International Shipping Available],[Clothing, Shoes & Jewelry,G,Gentle Souls],[Clothing, Shoes & Jewelry,Comfort Shoes],[Clothing, Shoes & Jewelry,Women,Shoes,Sandals]]"
1372,89878,4411 Rabbit Skins Infant Baby Rib Long-Sleeve Creeper - White - 12M,"[[Clothing, Shoes & Jewelry,Baby,Baby Girls,Clothing],[Clothing, Shoes & Jewelry,Novelty, Costumes & More,Band & Music Fan,T-Shirts]]"
1373,89932,Ariat Women's York Boot,"[[Clothing, Shoes & Jewelry,Shoes & Accessories: International Shipping Available],[Clothing, Shoes & Jewelry,Winter Promo],[Clothing, Shoes & Jewelry,Ariat],[Clothing, Shoes & Jewelry,Women,Shoes,Boots]]"
1374,89949,Honeydew Intimates Women's Claudia Rayon Hipster Panty,"[[Clothing, Shoes & Jewelry,Women,Clothing,Lingerie, Sleep & Lounge,Intimates,Panties,Hipsters],[Clothing, Shoes & Jewelry,Women,Petite,Intimates,Panties,Hipsters]]"
1375,90003,Fruit of the Loom Men's 7 Pack Boxer Brief,"[[Clothing, Shoes & Jewelry,Men,Clothing,Underwear,Boxer Briefs]]"
1376,90129,Quiksilver Men's Foundation Cush 2 Sandal,"[[Clothing, Shoes & Jewelry,Shoes & Accessories: International Shipping Available],[Clothing, Shoes & Jewelry,Q,Quiksilver],[Clothing, Shoes & Jewelry,Street, Surf & Skate],[Clothing, Shoes & Jewelry,Men,Shoes,Sandals],[Clothing, Shoes & Jewelry,Men,Surf, Skate & Street,Shoes,Sandals]]"
1377,90227,DC Comics Superman Baby Bunting Costume,"[[Clothing, Shoes & Jewelry,Novelty, Costumes & More,Costumes & Accessories,Costumes,Kids & Baby,Infants & Toddlers,Baby Boys]]"
1378,90260,Ultimate Henley Pocket Tee With Sweetheart Neck,"[[Clothing, Shoes & Jewelry,Women,Clothing],[Clothing, Shoes & Jewelry,Women,Petite],[Clothing, Shoes & Jewelry,Women,Plus-Size,Sweaters,Cardigans]]"
1379,90286,ECCO Men's Helsinki Slip-On,"[[Clothing, Shoes & Jewelry,Shoes & Accessories: International Shipping Available],[Clothing, Shoes & Jewelry,E,ECCO],[Clothing, Shoes & Jewelry,Comfort Shoes],[Clothing, Shoes & Jewelry,Men,Shoes,Loafers & Slip-Ons]]"
1380,90326,Western Chief Thomas the Tank Engine Rain Boot (Toddler/Little Kid/Big Kid),"[[Clothing, Shoes & Jewelry,Shoes & Accessories: International Shipping Available],[Clothing, Shoes & Jewelry,Winter Promo],[Clothing, Shoes & Jewelry,W,Western Chief],[Clothing, Shoes & Jewelry,Boot Shop,Boys,Outdoor & Work,Rain],[Clothing, Shoes & Jewelry,Boys,Shoes,Boots],[Clothing, Shoes & Jewelry,Boys,Shoes,Outdoor,Rain Boots]]"
1381,90349,Ninimour- Women's Spring Knitted Sweater Loose Pullover Outwear,"[[Clothing, Shoes & Jewelry,Women,Clothing,Sweaters,Pullovers]]"
1382,90365,"Medline Ladies Lab Coat W/ Back-Belt - White, large - Model MDT13WHT3E","[[Clothing, Shoes & Jewelry,Novelty, Costumes & More,Work Wear & Uniforms,Clothing,Medical,Women,Lab Coats]]"
1383,90514,Dance Class J100 Leather Jazz (Toddler/Little Kid),"[[Clothing, Shoes & Jewelry,Shoes & Accessories: International Shipping Available],[Clothing, Shoes & Jewelry,D,Dance Class],[Clothing, Shoes & Jewelry,Girls,Shoes,Athletic,Dance]]"
1384,90518,Steel Single Flare Tunnels - 7/8&quot; - 22mm - Sold as a Pair,"[[Clothing, Shoes & Jewelry,Women],[Clothing, Shoes & Jewelry,Novelty, Costumes & More,Novelty,Jewelry],[Clothing, Shoes & Jewelry,Novelty, Costumes & More,Body Jewelry,Piercing Jewelry,Plugs]]"
1385,90553,T-Line Men's Expressions Grumpy Cat T-Shirt,"[[Clothing, Shoes & Jewelry,Men,Clothing],[Clothing, Shoes & Jewelry,Novelty, Costumes & More,Novelty,Clothing,Men,Shirts,T-Shirts]]"
1386,90560,CLEAR LENS 80's Style Vintage Wayfarer Style Sunglasses. Many Colors For Frame,"[[Sports & Outdoors,Accessories,Sports Sunglasses],[Clothing, Shoes & Jewelry,Men],[Clothing, Shoes & Jewelry,Novelty, Costumes & More,Novelty,Clothing,Men,Accessories,Sunglasses & Eyewear]]"
1387,90635,Cubavera Men's Short Sleeve Essential One Pocket Shirt,"[[Clothing, Shoes & Jewelry,Men,Clothing,Shirts,Casual Button-Down Shirts]]"
1388,90717,Women's Sexy Lace Teddy Sleepwear Fashion Lingerie (Black),"[[Clothing, Shoes & Jewelry,Women],[Clothing, Shoes & Jewelry,Novelty, Costumes & More,Exotic Apparel,Women,Lingerie Sets]]"
1389,90753,Timex Women's T2H331 Easy Reader Black Leather Strap Watch,"[[Clothing, Shoes & Jewelry,New Arrivals],[Clothing, Shoes & Jewelry,Jewelry: International Shipping Available],[Clothing, Shoes & Jewelry,Available for International Shipping],[Clothing, Shoes & Jewelry,Timex],[Clothing, Shoes & Jewelry,Timex test],[Clothing, Shoes & Jewelry,Women,Watches,Wrist Watches]]"
1390,90843,Glamorise Women's MagicLift Active Support Bra #1005,"[[Clothing, Shoes & Jewelry,Women,Clothing,Lingerie, Sleep & Lounge,Intimates],[Clothing, Shoes & Jewelry,Women,Plus-Size,Intimates,Bras,Everyday Bras]]"
1391,90954,Luvable Friends Novelty Print Mary Jane,"[[Clothing, Shoes & Jewelry,Baby,Baby Girls,Shoes,Flats,Mary Jane]]"
1392,90973,Azules Women's Rayon Span Stripe Maxi Stripe Skirt,"[[Clothing, Shoes & Jewelry,Women,Clothing,Skirts,Casual]]"
1393,91045,#3158 NY Deal Women's Animal Print High Low Dress -Various Colors,"[[Clothing, Shoes & Jewelry,Women,Clothing,Dresses,Casual]]"
1394,91052,KEEN Women's Targhee II Waterproof Hiking Boot,"[[Clothing, Shoes & Jewelry,K,Keen],[Clothing, Shoes & Jewelry,Comfort Shoes],[Clothing, Shoes & Jewelry,Boot Shop,Women,Outdoor & Work,Hiking & Trekking],[Clothing, Shoes & Jewelry,Women,Shoes,Outdoor,Hiking & Trekking,Hiking Boots]]"
1395,91247,Skagen Men's SK809XLTBB Titanium Black Dial Watch,"[[Clothing, Shoes & Jewelry,New Arrivals],[Clothing, Shoes & Jewelry,Jewelry: International Shipping Available],[Clothing, Shoes & Jewelry,Fashion Watches],[Clothing, Shoes & Jewelry,Available for International Shipping],[Clothing, Shoes & Jewelry,Skagen Watches],[Clothing, Shoes & Jewelry,Men,Watches,Wrist Watches]]"
1396,91319,ASICS Women's GEL-Lyte33 2 Running Shoe,"[[Clothing, Shoes & Jewelry,ASICS],[Clothing, Shoes & Jewelry,Women,Shoes,Athletic,Running]]"
1397,91534,"Calvin Klein Women's Metallic Chrome Cheeky Panty Hipster Panty, Plum Secret, Small","[[Clothing, Shoes & Jewelry,C,Calvin Klein],[Clothing, Shoes & Jewelry,Women,Clothing,Lingerie, Sleep & Lounge,Intimates,Panties,Boy Shorts]]"
1398,91600,Accoutrements Horse Hooves,"[[Clothing, Shoes & Jewelry,Novelty, Costumes & More,Costumes & Accessories,More Accessories,Kids & Baby]]"
1399,91607,U.S. Polo Assn. Boys 2-7 2 Piece Set Of Short Sleeve T-Shirt and Plaid Shorts,"[[Clothing, Shoes & Jewelry,Boys,Clothing,Clothing Sets,Short Sets]]"
1400,91613,Ellie Shoes Women's Hazel Adult Shoes,"[[Clothing, Shoes & Jewelry,Women,Shoes,Pumps]]"
1401,91632,ELYA Stainless Steel Polished 'MOM' Letter Heart Charm Bracelet - 7.5 Inches,"[[Clothing, Shoes & Jewelry,Women],[Clothing, Shoes & Jewelry,Novelty, Costumes & More,Novelty,Jewelry,Bracelets]]"
1402,91698,Ever Pretty Padded Ruffles Rhinestones Prom Gown Evening Dress 09503,"[[Clothing, Shoes & Jewelry,Women,Clothing,Dresses,Special Occasion]]"
1403,91764,Fila Skele-Toes Bay Runner 3 Sandal (Toddler/Little Kid/Big Kid),"[[Clothing, Shoes & Jewelry,Shoes & Accessories: International Shipping Available],[Clothing, Shoes & Jewelry,F,Fila],[Clothing, Shoes & Jewelry,Girls,Shoes,Sandals],[Clothing, Shoes & Jewelry,Boys,Shoes,Sandals]]"
1404,91868,Accessorize Womens Mother and Baby Owl Sock Size One Size Multi,"[[Clothing, Shoes & Jewelry,Women,Clothing,Socks & Hosiery,Tights]]"
1405,91910,Naturalizer Women's Breslin Platform Sandal,"[[Clothing, Shoes & Jewelry,Shoes & Accessories: International Shipping Available],[Clothing, Shoes & Jewelry,N,Naturalizer],[Clothing, Shoes & Jewelry,Comfort Shoes],[Clothing, Shoes & Jewelry,Women,Shoes,Pumps],[Clothing, Shoes & Jewelry,Women,Shoes,Sandals]]"
1406,91944,UGG Women's Classic Short Boot,"[[Clothing, Shoes & Jewelry,U,UGG],[Clothing, Shoes & Jewelry,Boot Shop,Women,Outdoor & Work,Hiking & Trekking],[Clothing, Shoes & Jewelry,Women,Shoes,Outdoor,Hiking & Trekking,Hiking Boots]]"
1407,91967,Shoes 18 Womens Canvas Slip on Shoes Flats 2 Tone 10 Colors,"[[Clothing, Shoes & Jewelry,Women,Shoes,Fashion Sneakers]]"
1408,91981,Biohazard Goggles,"[[Clothing, Shoes & Jewelry,Novelty, Costumes & More,Costumes & Accessories,More Accessories]]"
1409,92123,DELICACY DELICACY-06 Women's Hot Fashion Close Back High Heel Platform Sandals,"[[Clothing, Shoes & Jewelry,Women,Shoes,Sandals]]"
1410,92290,Teva Tirra Kids Sandal,"[[Clothing, Shoes & Jewelry,Shoes & Accessories: International Shipping Available],[Clothing, Shoes & Jewelry,T,Teva],[Clothing, Shoes & Jewelry,Girls,Shoes,Sandals],[Clothing, Shoes & Jewelry,Boys,Shoes,Sandals]]"
1411,92349,French Connection Women's Notch Collar Trench Coat with Faux Leather Trim,"[[Clothing, Shoes & Jewelry,F,French Connection],[Clothing, Shoes & Jewelry,Women,Clothing,Coats & Jackets,Trench & Rain]]"
1412,92491,"Kenneth Cole Reaction Men's Bonded Blazer, Black, Large","[[Clothing, Shoes & Jewelry,K,Kenneth Cole REACTION],[Clothing, Shoes & Jewelry,Men,Clothing,Jackets & Coats,Trench & Rain]]"
1413,92574,Relios Sterling Silver Pastel Gemstone Inlay Swirl Ring,"[[Clothing, Shoes & Jewelry,Women,Jewelry,Fine,Rings],[Clothing, Shoes & Jewelry,Novelty, Costumes & More,Novelty]]"
1414,92580,"Unisex Two-sided Tibetan Three Metal Mantra Mandala Om Symbol Pendant, Om Necklace, Om Charm Necklace","[[Clothing, Shoes & Jewelry,Men],[Clothing, Shoes & Jewelry,Novelty, Costumes & More,Novelty]]"
1415,92610,Radikal-G By GBX Mens Deed Strap Ankle Motorcycle Boot Shoe,"[[Clothing, Shoes & Jewelry,G,GBX],[Clothing, Shoes & Jewelry,Men,Shoes,Boots]]"
1416,92654,Beautiful 1-3/4&quot; Crystal Embellished Single Angel Wing Silver Tone Necklace Fashion Jewelry,"[[Clothing, Shoes & Jewelry,Girls,Jewelry,Necklaces & Pendants,Pendants],[Clothing, Shoes & Jewelry,Girls,Jewelry,Religious,Necklaces & Pendants,Pendants],[Clothing, Shoes & Jewelry,Novelty, Costumes & More,Novelty]]"
1417,92754,Young Hearts Baby-Girls Infant Lace Tunic With Purple Knit Capri Pant Set,"[[Clothing, Shoes & Jewelry,Baby,Baby Girls,Clothing,Clothing Sets]]"
1418,92945,KAMALIKULTURE Women's Cap Sleeve Side Draped Dress,"[[Clothing, Shoes & Jewelry,Women,Clothing,Dresses,Night Out & Cocktail]]"
1419,93030,Kid's Retro Style Colorful Sunglasses - 9047 - Blue,"[[Clothing, Shoes & Jewelry,Boys,Clothing],[Clothing, Shoes & Jewelry,Boys,Accessories,Sunglasses]]"
1420,93126,"French Connection Men's Shirting Jacket, Blue/White Stripe, Large","[[Clothing, Shoes & Jewelry,F,French Connection],[Clothing, Shoes & Jewelry,Men,Clothing,Suits & Sport Coats,Sport Coats & Blazers],[Clothing, Shoes & Jewelry,Men,Big & Tall]]"
1421,93177,"Sterling Silver Celtic Knot Trinity Ring with Natural Amethyst 5/16 inch wide, sizes 6 - 10","[[Clothing, Shoes & Jewelry,Gemstones],[Clothing, Shoes & Jewelry,Women,Jewelry,Fine,Rings,Bands],[Clothing, Shoes & Jewelry,Women,Jewelry,Religious,Rings],[Clothing, Shoes & Jewelry,Novelty, Costumes & More,Novelty]]"
1422,93247,"Disney Girls 2-6x Cross Back Top, Rocker Red, 5","[[Clothing, Shoes & Jewelry,Girls,Clothing,Tops & Tees,Tees]]"
1423,93285,"Fruit Of The Loom Unisex-Adult 5.6 Oz., 50/50 BestTM Pocket T-Shirt","[[Sports & Outdoors,Clothing,Men,Shirts,T-Shirts],[Clothing, Shoes & Jewelry,Men,Clothing],[Clothing, Shoes & Jewelry,Men,Big & Tall]]"
1424,93315,Timex Unisex T2N651 &quot;Weekender&quot; Watch with  Olive Nylon Band,"[[Clothing, Shoes & Jewelry,New Arrivals],[Clothing, Shoes & Jewelry,Jewelry: International Shipping Available],[Clothing, Shoes & Jewelry,Available for International Shipping],[Clothing, Shoes & Jewelry,Timex],[Clothing, Shoes & Jewelry,Timex test],[Clothing, Shoes & Jewelry,Men,Watches,Wrist Watches]]"
1425,93339,Cream 8mm Simulated Pearl and Pave Fireball Drop Earrings,"[[Clothing, Shoes & Jewelry,Jewelry: International Shipping Available],[Clothing, Shoes & Jewelry,Amazon Curated Collection],[Clothing, Shoes & Jewelry,Women,Jewelry,Fashion,Earrings,Drop & Dangle],[Clothing, Shoes & Jewelry,Novelty, Costumes & More,Novelty],[Clothing, Shoes & Jewelry,Test Women AAQ]]"
1426,93354,"Original Penguin Men's Bernardo Sr. Long Sleeve Crew Neck Shirt, Caviar, Large","[[Clothing, Shoes & Jewelry,O,Original Penguin],[Clothing, Shoes & Jewelry,Men,Clothing,Shirts,T-Shirts],[Clothing, Shoes & Jewelry,Men,Surf, Skate & Street,Clothing,Shirts,T-Shirts]]"
1427,93546,The Abbey Cap in Sapphire Gold Print,"[[Clothing, Shoes & Jewelry,Women,Accessories,Hats & Caps,Skullies & Beanies]]"
1428,93584,The Abbey Cap in Ruffle White with Silver Sequins,"[[Clothing, Shoes & Jewelry,Women,Accessories,Hats & Caps]]"
1429,93607,Alternative Men's 3/4 Sleeve Raglan Henley,"[[Clothing, Shoes & Jewelry,Men,Clothing,Shirts,Henleys]]"
1430,93627,juDanzy Satin Diaper Covers bloomers in a Variety of colors and sizes,"[[Clothing, Shoes & Jewelry,Baby,Baby Girls,Clothing,Bloomers, Diaper Covers & Underwear,Bloomers]]"
1431,93731,The Abbey Cap in Plush Black,"[[Clothing, Shoes & Jewelry,Women,Accessories,Hats & Caps]]"
1432,93756,2 Pieces of Gold with Clear Iced Out Cross Black Leather Spotted Metal Buckle Wrap Around Bracelet,"[[Clothing, Shoes & Jewelry,Women],[Clothing, Shoes & Jewelry,Novelty, Costumes & More,Novelty,Jewelry,Bracelets]]"
1433,93797,Calvin Klein Men's X Micro Hip Brief,"[[Clothing, Shoes & Jewelry,C,Calvin Klein],[Clothing, Shoes & Jewelry,Men,Clothing,Underwear,Briefs],[Clothing, Shoes & Jewelry,Men,Big & Tall]]"
1434,93801,Hi-Tec Women's Premilla Strap Sandal,"[[Clothing, Shoes & Jewelry,Shoes & Accessories: International Shipping Available],[Clothing, Shoes & Jewelry,H,Hi-Tec],[Clothing, Shoes & Jewelry,Women,Shoes,Sandals],[Clothing, Shoes & Jewelry,Women,Shoes,Athletic,Sport Sandals]]"
1435,93827,FOREVER VERA-85 Women's Hot New T-Strap Flat Comfort Gladiator Sandal Shoes,"[[Clothing, Shoes & Jewelry,Women,Shoes,Sandals]]"
1436,93832,Elvis Scarves,"[[Clothing, Shoes & Jewelry,Novelty, Costumes & More,Costumes & Accessories,More Accessories,Men]]"
1437,93847,"10k White Gold Round Peridot Gemstone Pendant Necklace (8mm 2.25 ct), 18&quot;","[[Clothing, Shoes & Jewelry,Gemstones],[Clothing, Shoes & Jewelry,Jewelry: International Shipping Available],[Clothing, Shoes & Jewelry,Amazon Curated Collection],[Clothing, Shoes & Jewelry,Women,Jewelry,Fine,Necklaces,Pendants],[Clothing, Shoes & Jewelry,Novelty, Costumes & More,Novelty]]"
1438,93864,Bass Women's Ely-2 Oxford,"[[Clothing, Shoes & Jewelry,Shoes & Accessories: International Shipping Available],[Clothing, Shoes & Jewelry,B,Bass],[Clothing, Shoes & Jewelry,Comfort Shoes],[Clothing, Shoes & Jewelry,Women,Shoes,Oxfords]]"
1439,93942,MOD 20 Women's Mini Floral Lace Tunic Orange M(T5104F4),"[[Clothing, Shoes & Jewelry,Women,Clothing,Tops & Tees,Knits & Tees]]"
1440,94056,Skechers Cali Women's Works-Kiss And Run Thong Sandal,"[[Clothing, Shoes & Jewelry,Shoes & Accessories: International Shipping Available],[Clothing, Shoes & Jewelry,Summer Promo],[Clothing, Shoes & Jewelry,S,Skechers],[Clothing, Shoes & Jewelry,Comfort Shoes],[Clothing, Shoes & Jewelry,Women,Shoes,Sandals]]"
1441,94089,Pokemon Ash Ketchum hat free size,"[[Clothing, Shoes & Jewelry,Novelty, Costumes & More,Costumes & Accessories]]"
1442,94149,Carhartt Men's Extremes Hood,"[[Clothing, Shoes & Jewelry,C,Carhartt],[Clothing, Shoes & Jewelry,Men,Big & Tall],[Clothing, Shoes & Jewelry,Novelty, Costumes & More,Work Wear & Uniforms,Clothing,Work Utility & Safety,Men,Outerwear]]"
1443,94224,High Waist Leather Skinny Leggings Pants Tights Full Treggings,"[[Clothing, Shoes & Jewelry,Women,Clothing,Leggings]]"
1444,94295,"Izod Boys 2-7 Slim Straight Jean, Storm, 05","[[Clothing, Shoes & Jewelry,I,IZOD],[Clothing, Shoes & Jewelry,Boys,Clothing,Jeans]]"
1445,94468,Casio Men's AW80-1AV Forester Ana-Digi Databank 10-Year Battery Watch,"[[Clothing, Shoes & Jewelry,Gifts],[Clothing, Shoes & Jewelry,Fifty Watches Under $50],[Clothing, Shoes & Jewelry,Watch Gifts],[Clothing, Shoes & Jewelry,Women],[Clothing, Shoes & Jewelry,Men,Watches,Wrist Watches]]"
1446,94782,Samsonite Colombian Leather Flapover Case,"[[Clothing, Shoes & Jewelry,Luggage & Travel Gear,Messenger Bags],[Clothing, Shoes & Jewelry,Luggage & Travel Gear,Briefcases]]"
1447,94857,"G2 Chic Women's Pleated Wrap Cocktail Dress(DRS-EVP,BLU-M)","[[Clothing, Shoes & Jewelry,Women,Clothing,Dresses,Night Out & Cocktail],[Clothing, Shoes & Jewelry,Women,Clothing,Dresses,Special Occasion]]"
1448,94879,"Turtle Fur - Double-Layer Neck Warmer, Chelonia 150 Fleece","[[Clothing, Shoes & Jewelry,Men,Accessories,Scarves,Neck Gaiters]]"
1449,94880,".925 Sterling Silver Claddagh Ring with Blue Sapphire Cz Heart Stone Size 3,4,5,6,7,8,9,10; Comes with Free Gift Box","[[Clothing, Shoes & Jewelry,Women],[Clothing, Shoes & Jewelry,Novelty, Costumes & More,Novelty,Jewelry,Rings]]"
1450,94992,Andrew Christian Men's Almost Naked Tagless Boxer,"[[Clothing, Shoes & Jewelry,Men,Clothing,Underwear,Boxer Briefs]]"
1451,95018,T&amp;LOL Women Bikini 3 Pieces Set Blue White Striped Cover Up Dress (M),"[[Clothing, Shoes & Jewelry,Women,Clothing,Swimsuits & Cover Ups,Bikinis]]"
1452,95030,Allegra K Women Elegant Lace Splice Round Neck Long Sleeve Leisure Shift Dress,"[[Clothing, Shoes & Jewelry,Women,Clothing,Dresses,Casual],[Clothing, Shoes & Jewelry,Women,Petite,Dresses,Casual]]"
1453,95094,Dreamgirl Women's Plus Size Fish Net Garter Dress,"[[Clothing, Shoes & Jewelry,Women,Plus-Size],[Clothing, Shoes & Jewelry,Novelty, Costumes & More,Exotic Apparel,Women,Bodystockings]]"
1454,95103,Bali Women's Passion For Comfort Minimizer With Comfort Back Bra,"[[Clothing, Shoes & Jewelry,Women,Clothing,Lingerie, Sleep & Lounge,Intimates,Bras,Minimizers],[Clothing, Shoes & Jewelry,Women,Petite,Intimates,Bras,Minimizers],[Clothing, Shoes & Jewelry,Women,Plus-Size,Intimates,Bras,Everyday Bras],[Clothing, Shoes & Jewelry,Women,Plus-Size,Intimates,Bras,Minimizers]]"
1455,95211,Nike Men's NIKE AIR MAX LIMITLESS 2 RUNNING SHOES 9.5 (BLK/MTLLC SLVR/CL GRY/ANTHRCT),"[[Clothing, Shoes & Jewelry,N,Nike],[Clothing, Shoes & Jewelry,Men,Shoes,Athletic,Running]]"
1456,95342,925 Sterling Silver Pltd Multi Wire Cuff Bracelet Bangle,"[[Clothing, Shoes & Jewelry,Women],[Clothing, Shoes & Jewelry,Novelty, Costumes & More,Novelty,Jewelry,Bracelets]]"
1457,95417,ANDI ROSE Handbag Transparent Clear Evening Tote Shoulder Prom Bag for Women Party,"[[Clothing, Shoes & Jewelry,Women,Handbags & Wallets,Top-Handle Bags],[Clothing, Shoes & Jewelry,Women,Handbags & Wallets,Shoulder Bags]]"
1458,95419,Men's 2 pc Set 12mm 20&quot; Necklace &amp; 8&quot; Bracelet Chain 925 Sterling Silver Plated New,"[[Clothing, Shoes & Jewelry,Men],[Clothing, Shoes & Jewelry,Novelty, Costumes & More,Novelty,Jewelry,Necklaces & Pendants]]"
1459,95430,1.00 Carat Authentic Gemstone Simulated Princess Cut Sapphire Pendant Set in 925 Sterling Silver,"[[Clothing, Shoes & Jewelry,Women],[Clothing, Shoes & Jewelry,Novelty, Costumes & More,Novelty,Jewelry,Necklaces & Pendants]]"
1460,95505,Brooks Women's Ravenna 4 Running Shoes,"[[Clothing, Shoes & Jewelry,B,Brooks],[Clothing, Shoes & Jewelry,Women,Shoes,Athletic,Running]]"
1461,95595,Disney's Cinderella Cinderella Deluxe - Size: Child M(7 - 8),"[[Clothing, Shoes & Jewelry,Novelty, Costumes & More,Costumes & Accessories,Costumes,Kids & Baby,Girls]]"
1462,95624,Patty Women's One Shoulder Ruched Batwing Dolman 3/4 Sleeve Semi-Fit Knit Top,"[[Clothing, Shoes & Jewelry,Women,Clothing,Tops & Tees,Knits & Tees]]"
1463,95656,Ariya Maui Curvy Fit Slim Bootcut Jeans 11/12 Blue,"[[Clothing, Shoes & Jewelry,Women,Clothing,Jeans]]"
1464,95658,Pandella Women's Yellow Print Silk Chiffon High Neck Maxi Dress (One Size),"[[Clothing, Shoes & Jewelry,Women,Clothing,Dresses,Casual],[Clothing, Shoes & Jewelry,Women,Clothing,Dresses,Special Occasion]]"
1465,95660,Shoes 18 Womens Micro Suede Studded Almond Toe &amp; Heel Cap W/Metal Heat Seals Ballerina Ballet Flats Shoes,"[[Clothing, Shoes & Jewelry,Women,Shoes,Flats]]"
1466,95677,Black Bi Fold Men's Leather Wallet with Tab by 1642,"[[Clothing, Shoes & Jewelry,Men,Accessories,Wallets, Card Cases & Money Organizers,Wallets]]"
1467,95678,"Levi's Girls 7-16 Slims 1613 Skinny Jean, Mysterious, 10","[[Clothing, Shoes & Jewelry,Girls,Clothing,Jeans]]"
1468,95727,"Miusol Celebrity Midi Contrast Bodycon Pencil Evening Dress,Orange,Large/US Size 10","[[Clothing, Shoes & Jewelry,Women,Clothing,Dresses,Casual],[Clothing, Shoes & Jewelry,Women,Clothing,Dresses,Night Out & Cocktail]]"
1469,95792,Sanuk Women's Scribble Sidewalk Surfer,"[[Clothing, Shoes & Jewelry,Shoes & Accessories: International Shipping Available],[Clothing, Shoes & Jewelry,S,Sanuk],[Clothing, Shoes & Jewelry,Comfort Shoes],[Clothing, Shoes & Jewelry,Street, Surf & Skate],[Clothing, Shoes & Jewelry,Women,Shoes,Flats],[Clothing, Shoes & Jewelry,Women,Shoes,Loafers & Slip-Ons]]"
1470,95884,Sterling Silver Flute Charm,"[[Clothing, Shoes & Jewelry,Women],[Clothing, Shoes & Jewelry,Novelty, Costumes & More,Novelty,Jewelry,Charms]]"
1471,96085,Southpole Men's Big-Tall B and T Color Denim with Crinkle,"[[Clothing, Shoes & Jewelry,S,Southpole],[Clothing, Shoes & Jewelry,Men,Clothing,Jeans],[Clothing, Shoes & Jewelry,Men,Big & Tall,Jeans],[Clothing, Shoes & Jewelry,Men,Surf, Skate & Street,Clothing,Jeans]]"
1472,96111,Dickies Men's All Season 4-Pack Thermal Crew Socks,"[[Clothing, Shoes & Jewelry,D,Dickies],[Clothing, Shoes & Jewelry,Men,Clothing,Socks,Casual Socks]]"
1473,96161,Allegra K Women Deep V Neck Button Up Autumn Thin Cropped Cardigan,"[[Clothing, Shoes & Jewelry,Women,Clothing,Sweaters,Cardigans]]"
1474,96302,"Levi's Women's Mid Rise Capri, Sundown Red,10","[[Clothing, Shoes & Jewelry,Women,Clothing,Jeans]]"
1475,96341,Haflinger Women's Chloe Mule,"[[Clothing, Shoes & Jewelry,Shoes & Accessories: International Shipping Available],[Clothing, Shoes & Jewelry,H,Haflinger],[Clothing, Shoes & Jewelry,Comfort Shoes],[Clothing, Shoes & Jewelry,Women,Shoes,Mules & Clogs]]"
1476,96477,Ever Pretty Elegant One Shoulder Slitted Ruched Evening Dress 09905,"[[Clothing, Shoes & Jewelry,Women,Clothing,Dresses,Special Occasion]]"
1477,96613,Osiris NYC 83 SLM Skate Shoe (Little Kid/Big Kid),"[[Clothing, Shoes & Jewelry,Shoes & Accessories: International Shipping Available],[Clothing, Shoes & Jewelry,O,Osiris],[Clothing, Shoes & Jewelry,Girls,Shoes,Sneakers],[Clothing, Shoes & Jewelry,Boys,Shoes,Sneakers]]"
1478,96617,Leg Avenue Shimmer Organza Knee Length Petticoat Skirt,"[[Clothing, Shoes & Jewelry,L,Leg Avenue],[Clothing, Shoes & Jewelry,Novelty, Costumes & More]]"
1479,96629,Allegra K Women Fashion Long Sleeve Single Breasted Uneven Hem Loose Blouse,"[[Clothing, Shoes & Jewelry,Women,Clothing,Tops & Tees,Blouses & Button-Down Shirts]]"
1480,96651,Brown Caribbean Pirate Wig,"[[Clothing, Shoes & Jewelry,Novelty, Costumes & More]]"
1481,96674,Ray-Ban RB3016 Classic Clubmaster Sunglasses,"[[Sports & Outdoors,Accessories,Sports Sunglasses],[Clothing, Shoes & Jewelry,R,Ray-Ban],[Clothing, Shoes & Jewelry,Men,Accessories,Sunglasses & Eyewear Accessories,Sunglasses]]"
1482,96711,Christian Audigier Cross Body Handbag Farrah CFMFAR0054_EMERALD,"[[Clothing, Shoes & Jewelry,Women,Handbags & Wallets,Cross-Body Bags]]"
1483,96724,Mizuno Women's Wave Rider 17 Running Shoe,"[[Clothing, Shoes & Jewelry,Shoes & Accessories: International Shipping Available],[Clothing, Shoes & Jewelry,M,Mizuno],[Clothing, Shoes & Jewelry,Women,Shoes,Athletic,Running]]"
1484,96736,Pick Your Color for A Brand New Cotton Racerback Sports Bra Yoga Exercise Walk,"[[Clothing, Shoes & Jewelry,Women,Clothing,Lingerie, Sleep & Lounge,Intimates,Bras,Sports Bras]]"
1485,96764,Timex T7b966 Weekender 20mm Yellow and Blue Nylon Slip-thru Watch Strap,"[[Clothing, Shoes & Jewelry,Women,Watches,Watch Bands],[Clothing, Shoes & Jewelry,Men,Watches,Watch Bands]]"
1486,96885,.925 Sterling Silver Stopper Safety Chain Bead Charm For European Charm Bracelets,"[[Clothing, Shoes & Jewelry,Wedding Party Gifts,Gifts for the Bride],[Clothing, Shoes & Jewelry,Women],[Clothing, Shoes & Jewelry,Novelty, Costumes & More,Novelty,Jewelry,Charms]]"
1487,96904,New Balance Women's The Airy Racer Sports Bra,"[[Clothing, Shoes & Jewelry,Women,Clothing,Lingerie, Sleep & Lounge,Intimates,Bras,Sports Bras]]"
1488,96916,925 Sterling Silver Pltd Twisted Knot Mesh Cuff Bracelet Bangle,"[[Clothing, Shoes & Jewelry,Women],[Clothing, Shoes & Jewelry,Novelty, Costumes & More,Novelty,Jewelry,Bracelets]]"
1489,97103,Trotters Women's Cameron Sandal,"[[Clothing, Shoes & Jewelry,Shoes & Accessories: International Shipping Available],[Clothing, Shoes & Jewelry,T,Trotters],[Clothing, Shoes & Jewelry,Women,Shoes,Sandals]]"
1490,97145,Luvable Friends Baby-girls Little Shoe Socks 3-Piece Gift Set,"[[Clothing, Shoes & Jewelry,Baby,Baby Girls],[Clothing, Shoes & Jewelry,Baby,Baby Boys]]"
1491,97185,Persol - Mens Square Optical Frames,"[[Clothing, Shoes & Jewelry,Men,Accessories,Sunglasses & Eyewear Accessories,Prescription Eyewear Frames]]"
1492,97190,Jefferies Socks Girls 2-6X Microfiber Footless Tight,"[[Clothing, Shoes & Jewelry,Girls,Clothing,Socks & Tights,Tights]]"
1493,97261,Leveret Fleece 2 Piece 'Striped Red Navy&quot; Pajama (Size 2-12 Years),"[[Clothing, Shoes & Jewelry,Boys,Clothing,Sleepwear & Robes,Pajama Sets]]"
1494,97311,Men's Compression Gym and Exercise Athletic T-Shirt,"[[Sports & Outdoors,Clothing,Men,Shirts],[Clothing, Shoes & Jewelry,Men,Clothing,Active,Active Shirts & Tees]]"
1495,97320,Black Heart Vampire Necklace Anatomical Zombie Horror Bloody Gothic Halloween,"[[Clothing, Shoes & Jewelry,Women],[Clothing, Shoes & Jewelry,Novelty, Costumes & More,Novelty,Jewelry,Necklaces & Pendants]]"
1496,97411,Black Acefast INC Men's Sexy Stretch Open Bodysuit Mankini Thong Underwear Lingerie,"[[Clothing, Shoes & Jewelry,Men],[Clothing, Shoes & Jewelry,Novelty, Costumes & More,Exotic Apparel,Men]]"
1497,97532,Casio Men's AWGM100B-1ACR &quot;G-Shock&quot; Solar Watch,"[[Clothing, Shoes & Jewelry,New Arrivals],[Clothing, Shoes & Jewelry,Men,Watches,Wrist Watches]]"
1498,97582,Cushe Women's Quilty Conscience Snow Boot,"[[Clothing, Shoes & Jewelry,Shoes & Accessories: International Shipping Available],[Clothing, Shoes & Jewelry,Comfort Shoes],[Clothing, Shoes & Jewelry,Boot Shop,Women,Outdoor & Work,Snow & Cold Weather],[Clothing, Shoes & Jewelry,Street, Surf & Skate],[Clothing, Shoes & Jewelry,Women,Shoes,Boots],[Clothing, Shoes & Jewelry,Women,Shoes,Outdoor,Snow Boots]]"
1499,97633,Alternative Apparel Men's Heather Crew Neck Tee,"[[Clothing, Shoes & Jewelry,Men,Clothing,Shirts,T-Shirts]]"
1500,97784,Brinley Co Womens Sueded T-strap Pumps,"[[Clothing, Shoes & Jewelry,Women,Shoes,Pumps]]"
1501,97803,&quot;All Chicks Do Is Complain&quot; -- Peanuts -- Junk Food Mens T-Shirt,"[[Clothing, Shoes & Jewelry,Men],[Clothing, Shoes & Jewelry,Novelty, Costumes & More,Novelty],[Clothing, Shoes & Jewelry,Novelty, Costumes & More,Movie & TV Fan,Tops & Tees,T-Shirts]]"
1502,97824,"New Balance No Show Mesh Lifestyle Socks (6-Pack), White-Black/White-Magenta/White-Grey/White-Yellow/White-Green/White-Blue, Medium","[[Sports & Outdoors,Clothing,Women,Socks],[Clothing, Shoes & Jewelry,N,New Balance],[Clothing, Shoes & Jewelry,Women,Clothing,Active,Athletic Socks]]"
1503,97949,Smart &amp; Sexy Women's Lace Convertible Strapless Bra SA158-38C-Black Lace,"[[Clothing, Shoes & Jewelry,Women,Clothing,Lingerie, Sleep & Lounge,Intimates,Bras,Everyday Bras]]"
1504,97986,Champion Eco Fleece Crew,"[[Sports & Outdoors,Clothing,Men,Sweatshirts],[Clothing, Shoes & Jewelry,Men,Clothing,Jackets & Coats,Fleece],[Clothing, Shoes & Jewelry,Men,Clothing,Active,Active Sweatshirts]]"
1505,98120,Silver Tone Anklet Bracelet Fashion Jewelry - ** Various Designs **,"[[Clothing, Shoes & Jewelry,Women,Clothing,Socks & Hosiery,Casual Socks],[Clothing, Shoes & Jewelry,Women,Petite,Socks & Hosiery,Casual Socks]]"
1506,98121,U.S. Polo Assn. Juniors Classic Hooded Solid Vest,"[[Clothing, Shoes & Jewelry,Women,Clothing,Coats & Jackets,Vests],[Clothing, Shoes & Jewelry,Women,Juniors,Coats & Jackets,Vests]]"
1507,98132,Little Bitty Baby-Girls Infant Jumper With Logo,"[[Clothing, Shoes & Jewelry,Baby,Baby Girls,Clothing,Dresses,Playwear]]"
1508,98153,Bravado! Designs Women's Body Silk Seamless Nursing Bra,"[[Clothing, Shoes & Jewelry,Women,Maternity],[Clothing, Shoes & Jewelry,Women,Petite]]"
1509,98158,Ahnu Women's Montara Boot,"[[Clothing, Shoes & Jewelry,Shoes & Accessories: International Shipping Available],[Clothing, Shoes & Jewelry,Boot Shop,Women,Outdoor & Work,Hiking & Trekking],[Clothing, Shoes & Jewelry,Women,Shoes,Outdoor,Hiking & Trekking,Hiking Boots]]"
1510,98181,New Korea Retro Vintage Palace Yellow Rose Flower Pendant Long Chain Necklace,"[[Clothing, Shoes & Jewelry,Women],[Clothing, Shoes & Jewelry,Novelty, Costumes & More,Novelty,Jewelry,Necklaces & Pendants]]"
1511,98196,Sprout Women's ST5030TNWT  Diamond Accented Dial and White Corn Resin Bracelet Watch,"[[Clothing, Shoes & Jewelry,New Arrivals],[Clothing, Shoes & Jewelry,Jewelry: International Shipping Available],[Clothing, Shoes & Jewelry,Fashion Watches],[Clothing, Shoes & Jewelry,Available for International Shipping],[Clothing, Shoes & Jewelry,Women,Watches,Wrist Watches]]"
1512,98204,Roamans Women's Plus Size Thermal Henley Tunic,"[[Clothing, Shoes & Jewelry,Women,Clothing,Lingerie, Sleep & Lounge,Thermal Underwear,Tops],[Clothing, Shoes & Jewelry,Women,Plus-Size]]"
1513,98205,Thomas the Train 2 Pack Toddler Boys 2T-4T Blanket Sleeper Pajamas (4T),"[[Clothing, Shoes & Jewelry,Baby,Baby Boys,Clothing,Sleepwear & Robes,Blanket Sleepers]]"
1514,98226,4 Pairs of Ladies Metallic Silver Dangling Interconnected Loops Style 4 Inch Clip-on Earrings,"[[Clothing, Shoes & Jewelry,Women],[Clothing, Shoes & Jewelry,Novelty, Costumes & More,Novelty,Jewelry,Earrings]]"
1515,98254,TheLees Men's Slim Fit Hood Cotton Jacket,"[[Clothing, Shoes & Jewelry,Men,Clothing,Jackets & Coats,Lightweight Jackets,Cotton]]"
1516,98454,"Hamsa Hand Evil Eye Necklace Pendant with Cubic Zirconia, Turquoise","[[Clothing, Shoes & Jewelry,Women,Jewelry,Religious,Necklaces & Pendants,Pendants],[Clothing, Shoes & Jewelry,Novelty, Costumes & More,Novelty]]"
1517,98462,Allegra K Ladies V Neck Buttons Decor Long Batwing Sleeve Loose Tunic Blouse,"[[Clothing, Shoes & Jewelry,Women,Clothing,Tops & Tees,Tunics]]"
1518,98528,Easy Street Women's Cici Pump,"[[Clothing, Shoes & Jewelry,Shoes & Accessories: International Shipping Available],[Clothing, Shoes & Jewelry,E,Easy Street],[Clothing, Shoes & Jewelry,Women,Shoes,Pumps]]"
1519,98570,Surgical Stainless Steel Ring with Pentagram and Tribal Designs,"[[Clothing, Shoes & Jewelry,Women],[Clothing, Shoes & Jewelry,Novelty, Costumes & More,Novelty]]"
1520,98769,Leveret &quot;Turtle&quot; 2 Piece Pajama 100% Cotton (Size 6M-5T),"[[Clothing, Shoes & Jewelry,Baby,Baby Boys,Clothing,Sleepwear & Robes,Pajama Sets]]"
1521,98788,Dockers Men's Proposal Moc Run Off Toe Slip On,"[[Clothing, Shoes & Jewelry,Shoes & Accessories: International Shipping Available],[Clothing, Shoes & Jewelry,D,Dockers],[Clothing, Shoes & Jewelry,Comfort Shoes],[Clothing, Shoes & Jewelry,Men,Shoes,Loafers & Slip-Ons]]"
1522,98877,Diplomat Black Wood Quad Watch Winder with Black Leather Interior and 4 Program Settings,"[[Clothing, Shoes & Jewelry,New Arrivals],[Clothing, Shoes & Jewelry,Jewelry: International Shipping Available],[Clothing, Shoes & Jewelry,Available for International Shipping],[Clothing, Shoes & Jewelry,Diplomat],[Clothing, Shoes & Jewelry,Novelty, Costumes & More,Watch Accessories,Watch Winders]]"
1523,98891,Bling Jewelry Turquoise Swirl 925 Sterling Silver Murano Glass Bead Troll Pandora Compatible,"[[Clothing, Shoes & Jewelry,Girls],[Clothing, Shoes & Jewelry,Novelty, Costumes & More,Novelty]]"
1524,98902,Hatley Girls 2-6X Pajama Set-Candy Cane Stripes,"[[Clothing, Shoes & Jewelry,H,Hatley],[Clothing, Shoes & Jewelry,Girls,Clothing,Sleepwear & Robes,Pajama Sets]]"
1525,99175,Rubie's Costume Co - The Wizard of Oz Badge Of Courage,"[[Clothing, Shoes & Jewelry,Novelty, Costumes & More,Costumes & Accessories,More Accessories]]"
1526,99215,Vivid Linen Women's Long Sleeve Top,"[[Clothing, Shoes & Jewelry,Women,Clothing,Tops & Tees,Blouses & Button-Down Shirts]]"
1527,99287,Teeki - Designer Activewear - Unicorn Wrangler Hot Pant,"[[Sports & Outdoors,Exercise & Fitness,Yoga,Clothing,Women,Pants],[Clothing, Shoes & Jewelry,Women,Clothing,Active,Active Pants]]"
1528,99415,Modern Heritage Women's Giftable Knit Snowflake Slipper Sock,"[[Clothing, Shoes & Jewelry,Women,Clothing,Socks & Hosiery,Slipper Socks],[Clothing, Shoes & Jewelry,Women's Luxury Brands]]"
1529,99429,Allegra K Women Boat Neck Long Batwing Sleeve Stripes Patchwork Loose Fit Top,"[[Clothing, Shoes & Jewelry,Women,Clothing,Tops & Tees,Blouses & Button-Down Shirts]]"
1530,99560,Leg Avenue Women's Plus-Size Lace Ruffle Tanga Short,"[[Clothing, Shoes & Jewelry,L,Leg Avenue],[Clothing, Shoes & Jewelry,Women,Plus-Size],[Clothing, Shoes & Jewelry,Novelty, Costumes & More,Band & Music Fan,Accessories],[Clothing, Shoes & Jewelry,Novelty, Costumes & More,Exotic Apparel,Women,Costumes]]"
1531,99569,Disguise Marvel's Avengers Movie Black Widow Avengers Theatrical Adult Costume,"[[Clothing, Shoes & Jewelry,Novelty, Costumes & More,Costumes & Accessories,Costumes,Women]]"
1532,99605,Gucci YFA50025 U-Play Medium Kit Gold Leather Watch Bracelet and Matching Bezel,"[[Clothing, Shoes & Jewelry,New Arrivals],[Clothing, Shoes & Jewelry,G,Gucci],[Clothing, Shoes & Jewelry,Gucci Watches],[Clothing, Shoes & Jewelry,Novelty, Costumes & More,Watch Accessories,Repair Tools & Kits]]"
1533,99647,FUNFASH PLUS SIZE DRESS POLKA DOTS ROCKABILLY PEASANT PLUS SIZE COCKTAIL DRESS,"[[Clothing, Shoes & Jewelry,Women,Clothing,Dresses]]"
1534,100042,Swatch Unisex YCB4019AG Aluminum Black Dial Watch,"[[Clothing, Shoes & Jewelry,New Arrivals],[Clothing, Shoes & Jewelry,Jewelry: International Shipping Available],[Clothing, Shoes & Jewelry,Fashion Watches],[Clothing, Shoes & Jewelry,Available for International Shipping],[Clothing, Shoes & Jewelry,Swatch Watches],[Clothing, Shoes & Jewelry,Women,Watches,Wrist Watches],[Clothing, Shoes & Jewelry,Men,Watches,Wrist Watches]]"
1535,100109,Hello Kitty &amp; Tokidoki Faux Leather Passport Card Holder Bi-fold Wallet Purse Black,"[[Clothing, Shoes & Jewelry,Men,Accessories,Wallets, Card Cases & Money Organizers,Wallets]]"
1536,100139,Heirloom Finds Elegant Simulated Blue Druzy Gold Tone Pendant Necklace,"[[Clothing, Shoes & Jewelry,Women],[Clothing, Shoes & Jewelry,Novelty, Costumes & More,Novelty,Jewelry,Necklaces & Pendants]]"
1537,100220,Lego Boys 4-10 4 Piece Pajama Set,"[[Clothing, Shoes & Jewelry,L,LEGO],[Clothing, Shoes & Jewelry,Boys,Clothing,Sleepwear & Robes,Pajama Sets]]"
1538,100249,"Disney Baby-Girls Newborn Minnie Dress, Pink, 3 Months","[[Clothing, Shoes & Jewelry,Baby,Baby Girls,Clothing,Dresses,Playwear]]"
1539,100303,Black Green Amber Sterling Silver Antique Style Celtic Pendant,"[[Clothing, Shoes & Jewelry,Women],[Clothing, Shoes & Jewelry,Novelty, Costumes & More,Novelty]]"
1540,100383,Port Authority Women's Value Poplin Shirt,"[[Sports & Outdoors,Clothing,Women,Shirts,Button-Down Shirts],[Clothing, Shoes & Jewelry,Women],[Clothing, Shoes & Jewelry,Novelty, Costumes & More,Novelty,Clothing,Women,Tops & Tees,Blouses & Button-Down Shirts]]"
1541,100507,"Skechers Women's Go Ride Recovery Fashion Sneaker,Black,9.5 M US","[[Clothing, Shoes & Jewelry,Shoes & Accessories: International Shipping Available],[Clothing, Shoes & Jewelry,S,Skechers],[Clothing, Shoes & Jewelry,Women,Shoes,Fashion Sneakers]]"
1542,100524,Allegra K Women's Long Necklace Print Scoop Neck Long Sleeve Top Shirt,"[[Clothing, Shoes & Jewelry,Women,Clothing,Tops & Tees,Blouses & Button-Down Shirts]]"
1543,100702,Sofra Women's 247 Frenzy Solid Microfiber Plain Bra with Ply Over Cup Design (6 Pack),"[[Clothing, Shoes & Jewelry,Women,Clothing,Lingerie, Sleep & Lounge,Intimates,Bras,Everyday Bras]]"
1544,100776,crocs Women's 12333 Crocband II.5 Flat,"[[Clothing, Shoes & Jewelry,Shoes & Accessories: International Shipping Available],[Clothing, Shoes & Jewelry,C,crocs],[Clothing, Shoes & Jewelry,Comfort Shoes],[Clothing, Shoes & Jewelry,Women,Shoes,Flats]]"
1545,100954,Sterling Silver Round Snuggable Huggie Hoop Earrings (20mm),"[[Clothing, Shoes & Jewelry,Women],[Clothing, Shoes & Jewelry,Novelty, Costumes & More,Novelty,Jewelry,Earrings]]"
1546,100991,MSK Women's Sleeveless Maxi Dress,"[[Clothing, Shoes & Jewelry,Women,Clothing,Dresses,Casual]]"
1547,100999,Women'S Ponte Roma Stripe Maxi Skirt - Stripe small A63-Black &amp; Fuchsia,"[[Clothing, Shoes & Jewelry,Women,Clothing,Skirts,Casual]]"
1548,101000,Black Tungsten 6mm Comfort-Fit Beveled Wedding Band Ring,"[[Clothing, Shoes & Jewelry,Wedding Party Gifts,Gifts for the Groomsmen],[Clothing, Shoes & Jewelry,Men,Jewelry],[Clothing, Shoes & Jewelry,Novelty, Costumes & More,Novelty]]"
1549,101044,Dreams and Company Women's Plus Size Petite Cotton knit gown with lace edged,"[[Clothing, Shoes & Jewelry,D,Dreams],[Clothing, Shoes & Jewelry,Women,Clothing,Lingerie, Sleep & Lounge,Sleep & Lounge,Nightgowns & Sleepshirts]]"
1550,101242,Sterling Silver 3mm CZ Nose Stud. Nose Studs are sold in pairs.,"[[Clothing, Shoes & Jewelry,Women],[Clothing, Shoes & Jewelry,Novelty, Costumes & More,Novelty,Jewelry],[Clothing, Shoes & Jewelry,Novelty, Costumes & More,Body Jewelry,Piercing Jewelry,Rings]]"
1551,101266,Boys Black Suit with Tie for Youth Young man,"[[Clothing, Shoes & Jewelry,Boys,Clothing,Suits & Sport Coats,Suits]]"
1552,101390,ASICS Women's GEL-Noosa Tri 8 Running Shoe,"[[Clothing, Shoes & Jewelry,ASICS],[Clothing, Shoes & Jewelry,Women,Shoes,Athletic,Running]]"
1553,101452,Berkshire Women's Berkshire Kicks Silky Sheer Stocking - Sandalfoot 201 Nude,"[[Clothing, Shoes & Jewelry,Women,Clothing,Socks & Hosiery,Hosiery]]"
1554,101488,I Love You This Much Funny T-rex Adult T-shirt,"[[Clothing, Shoes & Jewelry,Novelty, Costumes & More,Novelty,Clothing,Women,Tops & Tees,T-Shirts],[Clothing, Shoes & Jewelry,Novelty, Costumes & More,Novelty,Clothing,Men,Shirts,T-Shirts]]"
1555,101515,"Sterling Silver Open Teardrop Pendant with Cubic Zirconia Necklace, 18&quot;","[[Clothing, Shoes & Jewelry,Jewelry: International Shipping Available],[Clothing, Shoes & Jewelry,Amazon Curated Collection],[Clothing, Shoes & Jewelry,Women,Jewelry,Fine,Necklaces,Pendants],[Clothing, Shoes & Jewelry,Women,Jewelry,Fashion,Necklaces,Pendants],[Clothing, Shoes & Jewelry,Novelty, Costumes & More,Novelty]]"
1556,101559,Kenneth Cole Reaction Play It Dare Thong Sandal (Little Kid/Big Kid),"[[Clothing, Shoes & Jewelry,Shoes & Accessories: International Shipping Available],[Clothing, Shoes & Jewelry,K,Kenneth Cole REACTION],[Clothing, Shoes & Jewelry,Girls,Shoes,Sandals],[Clothing, Shoes & Jewelry,Boys,Shoes,Sandals]]"
1557,101618,Mens Cotton Blend Ribbed Dress Socks Value 6-Pack - Black,"[[Clothing, Shoes & Jewelry,Men,Clothing,Socks,Dress & Trouser Socks]]"
1558,101622,"Jax Women's Tucked Jersey Dress, Ice/Black, 6","[[Clothing, Shoes & Jewelry,Women,Clothing,Dresses,Night Out & Cocktail]]"
1559,101667,DC Men's Court Graffik Se Action Sports Shoe,"[[Clothing, Shoes & Jewelry,Shoes & Accessories: International Shipping Available],[Clothing, Shoes & Jewelry,D,DC],[Clothing, Shoes & Jewelry,Motorcycle & ATV Casual Footwear,Shoes],[Clothing, Shoes & Jewelry,Street, Surf & Skate],[Clothing, Shoes & Jewelry,Men,Shoes,Fashion Sneakers],[Clothing, Shoes & Jewelry,Men,Shoes,Athletic,Skateboarding],[Clothing, Shoes & Jewelry,Men,Surf, Skate & Street,Shoes,Athletic,Skateboarding],[Clothing, Shoes & Jewelry,Men,Surf, Skate & Street,Shoes,Fashion Sneakers]]"
1560,101718,Levi's Men's 505 Regular-Fit Jean,"[[Clothing, Shoes & Jewelry,Men,Clothing,Jeans],[Clothing, Shoes & Jewelry,Men,Big & Tall,Jeans]]"
1561,101732,Poetic Licence Women's Wild Safari Platform Pump,"[[Clothing, Shoes & Jewelry,Shoes & Accessories: International Shipping Available],[Clothing, Shoes & Jewelry,P,Poetic Licence],[Clothing, Shoes & Jewelry,Women,Shoes,Pumps]]"
1562,101750,"Caribbean Joe Women's Plus-Size Button Front Roll Sleeve Shirt, Totally Pink, 2X","[[Clothing, Shoes & Jewelry,Women,Clothing,Tops & Tees,Blouses & Button-Down Shirts],[Clothing, Shoes & Jewelry,Women,Plus-Size,Tops & Tees,Blouses & Button-Down Shirts]]"
1563,101809,"Betsey Johnson Women's Florely Platform Pump,Black Satin,8 M US","[[Clothing, Shoes & Jewelry,Shoes & Accessories: International Shipping Available],[Clothing, Shoes & Jewelry,B,Betsey Johnson],[Clothing, Shoes & Jewelry,Women,Shoes,Pumps],[Clothing, Shoes & Jewelry,Women's Luxury Brands]]"
1564,101882,Allegra K Women Stretchy Mesh Splice Long Batwing Sleeve Leisure Shirt,"[[Clothing, Shoes & Jewelry,Women,Clothing,Tops & Tees,Blouses & Button-Down Shirts],[Clothing, Shoes & Jewelry,Women,Petite,Tops & Tees,Blouses & Button-Down Shirts,Blouses]]"
1565,101902,Carhartt Men's Full Cushion Steel-toe Synthetic Work Boot Sock,"[[Clothing, Shoes & Jewelry,C,Carhartt],[Clothing, Shoes & Jewelry,Men,Clothing,Socks,Casual Socks]]"
1566,101910,Citizen Men's AT8020-54L &quot;Blue Angels&quot; Stainless Steel Eco-Drive Dress Watch,"[[Clothing, Shoes & Jewelry,New Arrivals],[Clothing, Shoes & Jewelry,Jewelry: International Shipping Available],[Clothing, Shoes & Jewelry,Available for International Shipping],[Clothing, Shoes & Jewelry,Citizen],[Clothing, Shoes & Jewelry,Men,Watches,Wrist Watches]]"
1567,101990,Knocker Mens Plain Dress Socks Black 12 Pairs (Many Colors Available),"[[Clothing, Shoes & Jewelry,Men,Clothing,Socks,Dress & Trouser Socks]]"
1568,102085,Extra Warm Metro Fleece Ear Warmers,"[[Clothing, Shoes & Jewelry,Men,Accessories,Earmuffs]]"
1569,102108,Qs 12 Pieces Baby's Headbands Girl's Chiffon Headband Hair Flower (12 Pack),"[[Clothing, Shoes & Jewelry,Novelty, Costumes & More,Costumes & Accessories,Hats & Caps,Kids & Baby]]"
1570,102140,Vionic by Orthaheel Womens Tide II Sandal,"[[Clothing, Shoes & Jewelry,Women,Shoes,Sandals]]"
1571,102304,Bling Jewelry Vintage Silver Crown Set CZ Pave Teardrop Chandelier Earrings,"[[Clothing, Shoes & Jewelry,Women,Jewelry,Fashion,Earrings,Drop & Dangle],[Clothing, Shoes & Jewelry,Novelty, Costumes & More,Novelty]]"
1572,102321,Michael Antonio Women's Melenny Boot,"[[Clothing, Shoes & Jewelry,Shoes & Accessories: International Shipping Available],[Clothing, Shoes & Jewelry,M,Michael Antonio],[Clothing, Shoes & Jewelry,Women,Shoes,Boots]]"
1573,102338,Samsonite Luggage Silhouette Sphere Expandable 21 Inch Spinner,"[[Clothing, Shoes & Jewelry,Luggage & Travel Gear,Luggage,Carry-Ons]]"
1574,102401,KMystic Stretch Seamless Solid Basic Mini Skirt,"[[Clothing, Shoes & Jewelry,Women,Clothing,Skirts,Night Out & Special Occasion]]"
1575,102458,Fossil Women's Sally Leather Pump,"[[Clothing, Shoes & Jewelry,Shoes & Accessories: International Shipping Available],[Clothing, Shoes & Jewelry,F,FOSSIL],[Clothing, Shoes & Jewelry,Women,Shoes,Sandals],[Clothing, Shoes & Jewelry,Men]]"
1576,102468,Allegra K Women Round Neck Short Sleeve Tiger Prints Fashion Tee Shirt,"[[Clothing, Shoes & Jewelry,Women,Clothing,Tops & Tees]]"
1577,102553,Sterling Silver 925 Ear Cuff for Earrings Triple Bar Design Nickel Free &amp; Tarnish Free,"[[Clothing, Shoes & Jewelry,Women],[Clothing, Shoes & Jewelry,Novelty, Costumes & More,Novelty,Jewelry,Earrings]]"
1578,102581,Carhartt Men's Long-Sleeve Graphic T-Shirt,"[[Sports & Outdoors,Clothing,Men,Shirts],[Clothing, Shoes & Jewelry,C,Carhartt],[Clothing, Shoes & Jewelry,Men,Clothing,Active,Active Shirts & Tees],[Clothing, Shoes & Jewelry,Novelty, Costumes & More,Work Wear & Uniforms,Clothing,Work Utility & Safety,Men,Tops],[Clothing, Shoes & Jewelry,Novelty, Costumes & More,Band & Music Fan,T-Shirts]]"
1579,102583,Zehui&reg;  Women's Chiffon Tops Blouse Long Sleeve Stand Collar Button Down Shirt,"[[Clothing, Shoes & Jewelry,Women,Clothing,Tops & Tees,Blouses & Button-Down Shirts]]"
1580,102670,Fitflop Women's Sling Sandal,"[[Clothing, Shoes & Jewelry,F,FitFlop],[Clothing, Shoes & Jewelry,Comfort Shoes],[Clothing, Shoes & Jewelry,Women,Shoes,Sandals]]"
1581,102901,Notorious BIG Crown White T-Shirt,"[[Clothing, Shoes & Jewelry,Novelty, Costumes & More,Novelty,Clothing,Women,Tops & Tees,T-Shirts],[Clothing, Shoes & Jewelry,Novelty, Costumes & More,Novelty,Clothing,Men,Shirts,T-Shirts]]"
1582,102950,Music Clef Note Microphone Headphones Summoning Brand Charm Bracelet,"[[Clothing, Shoes & Jewelry,Women],[Clothing, Shoes & Jewelry,Novelty, Costumes & More,Novelty,Jewelry,Bracelets]]"
1583,102958,World Pride Silver Tone Plated Bangle Cuff Bracelet with Large Crystal Kitty Face Pink Bow Tie,"[[Clothing, Shoes & Jewelry,Women],[Clothing, Shoes & Jewelry,Novelty, Costumes & More,Novelty,Jewelry,Bracelets]]"
1584,103033,Bridal Wedding Jewelry Beautiful Dazzle Crystal Dangle Fashion 3D Earring Silver,"[[Clothing, Shoes & Jewelry,Women],[Clothing, Shoes & Jewelry,Novelty, Costumes & More,Novelty,Jewelry,Earrings]]"
1585,103057,ASICS Women's GEL-Intensity 2 Cross-training Shoe,"[[Clothing, Shoes & Jewelry,Shoes & Accessories: International Shipping Available],[Clothing, Shoes & Jewelry,ASICS],[Clothing, Shoes & Jewelry,Women,Shoes,Athletic,Running]]"
1586,103135,"Men's Water Resistant Polar-Fleece Jacket - Sizes: 1X-4X, Color Navy, Size 1X","[[Clothing, Shoes & Jewelry,Men,Clothing,Jackets & Coats,Fleece]]"
1587,103204,eVogues Plus Size Open Back Sheer High Low Top Animal Print,"[[Clothing, Shoes & Jewelry,Women,Clothing,Tops & Tees,Blouses & Button-Down Shirts],[Clothing, Shoes & Jewelry,Women,Petite,Tops & Tees,Blouses & Button-Down Shirts,Blouses]]"
1588,103253,Skechers Women's Premium Sneaker,"[[Clothing, Shoes & Jewelry,Shoes & Accessories: International Shipping Available],[Clothing, Shoes & Jewelry,S,Skechers],[Clothing, Shoes & Jewelry,Women,Shoes,Fashion Sneakers]]"
1589,103261,"1.50 Carat Round Brilliant Cubic Zirconia &quot; Past, Present, Future&quot; Sterling Silver 925 Wedding Engagement Ring Sizes 4 to 11","[[Clothing, Shoes & Jewelry,Women,Jewelry,Fashion],[Clothing, Shoes & Jewelry,Novelty, Costumes & More,Novelty,Jewelry,Wedding & Engagement Rings,Engagement Rings]]"
1590,103414,Converse Boys' Chuck Taylor Star Player EV3 Canvas Sneaker,"[[Clothing, Shoes & Jewelry,C,Converse],[Clothing, Shoes & Jewelry,Boys,Shoes,Sneakers],[Clothing, Shoes & Jewelry,Boys,Shoes,Athletic,Running]]"
1591,103490,"Disney Girls 2-6X Minnie Long Sleeve Printed Shrug Top, Black, 6","[[Clothing, Shoes & Jewelry,Girls,Clothing,Tops & Tees,Tees]]"
1592,103500,totes ISOTONER Womens Microterry Center Crossover Slide Slipper,"[[Clothing, Shoes & Jewelry,Women,Shoes,Slippers]]"
1593,103534,"Organic Wool Snap-Bottom Shirt with Long Sleeves, for Baby &amp; Toddler","[[Clothing, Shoes & Jewelry,Baby,Baby Girls,Clothing,Bodysuits],[Clothing, Shoes & Jewelry,Baby,Baby Boys,Clothing,Bodysuits]]"
1594,103603,Clothes Effect Girls Navy Blue V-neck Vest and White Collared Shirt Set,"[[Clothing, Shoes & Jewelry,Girls,Clothing],[Clothing, Shoes & Jewelry,Girls,School Uniforms,Clothing,Sweaters]]"
1595,103607,"UT 381-Brazilian style butt lift, Levanta cola,Stretch cotton fashion skinny leg","[[Clothing, Shoes & Jewelry,Women,Clothing,Jeans],[Clothing, Shoes & Jewelry,Women,Petite,Jeans]]"
1596,103735,925 Sterling Silver Solitaire 1.50 Carat Pink Cubic Zirconia Pendant.,"[[Clothing, Shoes & Jewelry,Women],[Clothing, Shoes & Jewelry,Novelty, Costumes & More,Novelty,Jewelry,Necklaces & Pendants]]"
1597,103804,Calvin Klein Men's Three-Pack Classic Brief,"[[Clothing, Shoes & Jewelry,C,Calvin Klein],[Clothing, Shoes & Jewelry,Men,Clothing,Underwear,Briefs]]"
1598,103828,"Rothschild Girls 7-16 Big Long Coat with Ruffle Front, Black, Medium/10/12","[[Clothing, Shoes & Jewelry,Girls,Clothing,Jackets & Coats,Down & Down Alternative]]"
1599,103939,Nautica Girls 2-6X Anchor Short Set,"[[Clothing, Shoes & Jewelry,N,Nautica],[Clothing, Shoes & Jewelry,Girls,Clothing,Clothing Sets,Short Sets]]"
1600,104147,Stride Rite Cooper H&amp;L Uniform Sneaker (Toddler/Little Kid/Big Kid),"[[Clothing, Shoes & Jewelry,Shoes & Accessories: International Shipping Available],[Clothing, Shoes & Jewelry,S,Stride Rite],[Clothing, Shoes & Jewelry,Girls,Shoes,Sneakers],[Clothing, Shoes & Jewelry,Boys,Shoes,Sneakers]]"
1601,104155,Lovely Ovely Unusal Cotton Girls Baby Two Red Roses Diamond Hairband Headband,"[[Clothing, Shoes & Jewelry,Novelty, Costumes & More,Costumes & Accessories,Hats & Caps,Kids & Baby]]"
1602,104255,"JC118 Owl Gold Color Earrings with Black Gemstone, Fashion Earring Jewellery","[[Clothing, Shoes & Jewelry,Women],[Clothing, Shoes & Jewelry,Novelty, Costumes & More,Novelty,Jewelry,Earrings]]"
1603,104278,Lewis N. Clark 2-Pack Neon Leather Luggage Tag,"[[Clothing, Shoes & Jewelry,Luggage & Travel Gear,Travel Accessories,Luggage Tags]]"
1604,104297,WonderWink Women's Scrubs Bravo 5 Pocket V-Neck Top,"[[Clothing, Shoes & Jewelry,Women,Plus-Size],[Clothing, Shoes & Jewelry,Novelty, Costumes & More,Work Wear & Uniforms,Clothing,Medical,Women,Scrub Tops]]"
1605,104310,Change Silver &amp; Gold Love Crystal Teardrop Pendant Necklace (Silver),"[[Clothing, Shoes & Jewelry,Novelty, Costumes & More,Novelty,Jewelry,Necklaces & Pendants]]"
1606,104328,Reef Men's Surform Thong Sandal,"[[Clothing, Shoes & Jewelry,Shoes & Accessories: International Shipping Available],[Clothing, Shoes & Jewelry,R,Reef],[Clothing, Shoes & Jewelry,Street, Surf & Skate],[Clothing, Shoes & Jewelry,Men,Shoes,Sandals],[Clothing, Shoes & Jewelry,Men,Surf, Skate & Street,Shoes,Sandals]]"
1607,104337,Fruit of the Loom Men's 10 Pair Value Pack Crew,"[[Clothing, Shoes & Jewelry,Men,Clothing,Socks]]"
1608,104430,Soft Style Women's Easy To Pleats Pump,"[[Clothing, Shoes & Jewelry,Shoes & Accessories: International Shipping Available],[Clothing, Shoes & Jewelry,Women,Shoes,Flats]]"
1609,104468,crocs Men's 12038 Cros Mesh Summer Oxford,"[[Clothing, Shoes & Jewelry,Shoes & Accessories: International Shipping Available],[Clothing, Shoes & Jewelry,C,crocs],[Clothing, Shoes & Jewelry,Comfort Shoes],[Clothing, Shoes & Jewelry,Men,Shoes,Oxfords]]"
1610,104554,Zcargel Vintage Warm Knitted Scraves Laides Scarf Wrap Shawl,"[[Clothing, Shoes & Jewelry,Women,Accessories,Scarves & Wraps,Fashion Scarves]]"
1611,104611,WonderWink Women's Scrubs Fashion Cargo Pant,"[[Clothing, Shoes & Jewelry,Women],[Clothing, Shoes & Jewelry,Novelty, Costumes & More,Work Wear & Uniforms,Clothing]]"
1612,104680,New Balance Men's MT810 Trail Running Shoe,"[[Clothing, Shoes & Jewelry,Shoes & Accessories: International Shipping Available],[Clothing, Shoes & Jewelry,N,New Balance],[Clothing, Shoes & Jewelry,Men,Shoes,Athletic,Running],[Clothing, Shoes & Jewelry,Men,Shoes,Athletic,Trail Running]]"
1613,104751,MICHAEL Michael Kors Mk Logo Zip Around Continental,"[[Clothing, Shoes & Jewelry,Shoes & Accessories: International Shipping Available],[Clothing, Shoes & Jewelry,M,MICHAEL Michael Kors],[Clothing, Shoes & Jewelry,Novelty, Costumes & More,Band & Music Fan,Accessories]]"
1614,104763,Stuhrling Original Men's 333N.33152 &quot;Classic Winchester Plaza&quot; Stainless Steel Automatic Watch with Leather Band,"[[Clothing, Shoes & Jewelry,New Arrivals],[Clothing, Shoes & Jewelry,Jewelry: International Shipping Available],[Clothing, Shoes & Jewelry,Available for International Shipping],[Clothing, Shoes & Jewelry,Men,Watches,Wrist Watches]]"
1615,104886,Pacificplex Women's Plus Size Satin Halter Prom Dress,"[[Clothing, Shoes & Jewelry,Women,Clothing,Dresses,Special Occasion],[Clothing, Shoes & Jewelry,Women,Clothing,Dresses,Wedding,Bridesmaid Dresses],[Clothing, Shoes & Jewelry,Women,Juniors,Dresses,Special Occasion],[Clothing, Shoes & Jewelry,Women,Petite,Dresses,Special Occasion],[Clothing, Shoes & Jewelry,Women,Petite,Dresses,Wedding,Bridesmaid Dresses],[Clothing, Shoes & Jewelry,Women,Plus-Size]]"
1616,104935,Elastic Fabric Woven Stretch Belt with Leather Inlay,"[[Clothing, Shoes & Jewelry,Men,Accessories,Belts]]"
1617,104979,2 Pieces of Rose Gold Iced Out Bow Tie Shamballah Box Chain Adjustable Bracelet,"[[Clothing, Shoes & Jewelry,Women],[Clothing, Shoes & Jewelry,Novelty, Costumes & More,Novelty]]"
1618,104994,Patty Women's Polo Collar V-Neck Long Sleeve Stretch Pullover Blouse,"[[Clothing, Shoes & Jewelry,Women,Clothing,Tops & Tees,Polos]]"
1619,105203,Hanes Toddler Girls Cotton Briefs Assorted 2T/3T Hanes Toddler Girls Cotton,"[[Clothing, Shoes & Jewelry,Women],[Clothing, Shoes & Jewelry,Girls]]"
1620,105209,"(73795R-Green-1X) Classic Designs Strapless Maxi Dress / Coverup with Empire Waist in Silky 'ITY' Stripe Print Fabric in PLUS SIZE, Green Size: 1X","[[Clothing, Shoes & Jewelry,Women,Clothing,Dresses,Casual],[Clothing, Shoes & Jewelry,Women,Plus-Size]]"
1621,105215,FM42 18k Yellow/White Gold Plated Cubic Zirconia Accent Simulated White Pearl Clip-on Earrings,"[[Clothing, Shoes & Jewelry,Women],[Clothing, Shoes & Jewelry,Novelty, Costumes & More,Novelty,Jewelry,Earrings]]"
1622,105237,20 Inch Multi-Color Freshwater Pearl and Semi-Precious Double Strand Necklace,"[[Clothing, Shoes & Jewelry,Pearl Jewelry],[Clothing, Shoes & Jewelry,Women,Jewelry,Fine,Necklaces,Pearl Strands],[Clothing, Shoes & Jewelry,Novelty, Costumes & More,Novelty]]"
1623,105253,Fruit of the Loom 6 Pack Heather Briefs,"[[Clothing, Shoes & Jewelry,Women,Clothing,Lingerie, Sleep & Lounge,Intimates,Panties,Briefs],[Clothing, Shoes & Jewelry,Women,Petite,Intimates,Panties,Briefs]]"
1624,105284,Niceeshop Thin Soft Long Scarf Wrap Shawl Silk Scarves,"[[Clothing, Shoes & Jewelry,Women,Accessories,Scarves & Wraps,Fashion Scarves]]"
1625,105300,Hailey Jeans Co. Women Lace-up High Top Sneakers,"[[Clothing, Shoes & Jewelry,Women,Shoes,Fashion Sneakers]]"
1626,105305,LibbySue-Impressionist Watercolor Crinkle Scarf,"[[Clothing, Shoes & Jewelry,Women,Accessories,Scarves & Wraps,Fashion Scarves]]"
1627,105329,Cloris Murphy Sexy Fringed Bikini Halter Top &amp; Bottom Swimwear BN912,"[[Clothing, Shoes & Jewelry,Women,Clothing,Swimsuits & Cover Ups,Bikinis]]"
1628,105434,"Childrens 14k Yellow Gold Heart Cross Necklace, 16&quot;","[[Clothing, Shoes & Jewelry,Women,Jewelry,Religious,Necklaces & Pendants,Pendants],[Clothing, Shoes & Jewelry,Men,Jewelry,Necklaces],[Clothing, Shoes & Jewelry,Men,Jewelry,Religious,Necklaces & Pendants],[Clothing, Shoes & Jewelry,Novelty, Costumes & More,Novelty]]"
1629,105459,Calvin Klein Jeans Women's Bleached Out Blue Ultimate Skinny Jean,"[[Clothing, Shoes & Jewelry,Women,Clothing,Jeans]]"
1630,105480,Penny Loves Kenny Women's Harper Fashion Sneaker,"[[Clothing, Shoes & Jewelry,Shoes & Accessories: International Shipping Available],[Clothing, Shoes & Jewelry,P,Penny Loves Kenny],[Clothing, Shoes & Jewelry,Women,Shoes,Fashion Sneakers]]"
1631,105498,FitFlop Women's Fleur Thong Sandal,"[[Clothing, Shoes & Jewelry,F,FitFlop],[Clothing, Shoes & Jewelry,Comfort Shoes],[Clothing, Shoes & Jewelry,Women,Shoes,Sandals]]"
1632,105509,Womens Lovely Plus Size Wide Woven Fashion Belt Black 1X,"[[Clothing, Shoes & Jewelry,Women,Accessories,Belts]]"
1633,105534,Breckelles Metro-01W Womens Round Toe Lace Up Wedge Sneakers,"[[Clothing, Shoes & Jewelry,Women,Shoes,Fashion Sneakers]]"
1634,105654,Ros Hommerson Women's Cathy Pump,"[[Clothing, Shoes & Jewelry,Shoes & Accessories: International Shipping Available],[Clothing, Shoes & Jewelry,R,Ros Hommerson],[Clothing, Shoes & Jewelry,Women,Shoes,Pumps]]"
1635,105769,Allegra K Ladies Round Neck Long Sleeve Skull Pattern Design Tunic Tops,"[[Clothing, Shoes & Jewelry,Women,Clothing,Tops & Tees,Tunics]]"
1636,105887,Blue Butterfly Wings Drop Crystal Pendant Necklace 16&quot;,"[[Clothing, Shoes & Jewelry,Gemstones],[Clothing, Shoes & Jewelry,Women],[Clothing, Shoes & Jewelry,Novelty, Costumes & More,Novelty]]"
1637,105905,"Michael Kors Jet Set Saffiano Leather Tote, Burnt Orange","[[Clothing, Shoes & Jewelry,Women,Handbags & Wallets,Top-Handle Bags],[Clothing, Shoes & Jewelry,Women's Luxury Brands]]"
1638,105936,LEGO 9005190 Friends Stephanie Kids' Accessories Link Watch,"[[Clothing, Shoes & Jewelry,New Arrivals],[Clothing, Shoes & Jewelry,Jewelry: International Shipping Available],[Clothing, Shoes & Jewelry,Fashion Watches],[Clothing, Shoes & Jewelry,Available for International Shipping],[Clothing, Shoes & Jewelry,L,LEGO],[Clothing, Shoes & Jewelry,Lego],[Clothing, Shoes & Jewelry,Girls,Watches,Wrist Watches],[Clothing, Shoes & Jewelry,Boys,Watches,Wrist Watches]]"
1639,105964,FRYE Women's Harness 8R Boot,"[[Clothing, Shoes & Jewelry,Shoes & Accessories: International Shipping Available],[Clothing, Shoes & Jewelry,F,FRYE],[Clothing, Shoes & Jewelry,Boot Shop,Women,Fashion,Motorcycle],[Clothing, Shoes & Jewelry,Women,Shoes,Boots]]"
1640,106094,"Hobo  Poppy VI-32041DOVE Mini,Dove,One Size","[[Clothing, Shoes & Jewelry,H,Hobo],[Clothing, Shoes & Jewelry,Women,Handbags & Wallets,Shoulder Bags]]"
1641,106222,Luichiny Women's Kissy Kiss Platform Sandal,"[[Clothing, Shoes & Jewelry,Shoes & Accessories: International Shipping Available],[Clothing, Shoes & Jewelry,L,Luichiny],[Clothing, Shoes & Jewelry,Women,Shoes,Sandals]]"
1642,106354,Jet Ski Surf Kitesurf Rafting Sunglasses and They Float,"[[Clothing, Shoes & Jewelry,Women,Accessories,Sunglasses & Eyewear Accessories,Sunglasses],[Clothing, Shoes & Jewelry,Men,Accessories,Sunglasses & Eyewear Accessories,Sunglasses]]"
1643,106407,Girls Dress Rainbow Smocked Halter Children Clothing Sz 2-10,"[[Clothing, Shoes & Jewelry,Girls,Clothing,Dresses,Playwear]]"
1644,106418,DIALOGUE Black Leather Ruffled Skirt Size 12,"[[Clothing, Shoes & Jewelry,Women,Clothing,Skirts,Night Out & Special Occasion]]"
1645,106464,Blooms Lolita Punk Purple Lace Skirts With Leg Warmer 61084P,"[[Clothing, Shoes & Jewelry,Novelty, Costumes & More,Costumes & Accessories,Costumes,Women]]"
1646,106682,Pure Style Girlfriends  Pick Me Up Breast Lift Tape Waterproof Sweatproof,"[[Clothing, Shoes & Jewelry,Women,Clothing,Lingerie, Sleep & Lounge],[Clothing, Shoes & Jewelry,Women,Petite],[Clothing, Shoes & Jewelry,Novelty, Costumes & More,Band & Music Fan,Accessories]]"
1647,106745,Different Thickness (Regular &amp; Fleece Lined) Leggings Seamless Stretchy,"[[Clothing, Shoes & Jewelry,Women,Clothing,Leggings]]"
1648,106818,D618 Dg Eyewear Metal Aviator Womens Fashion Sunglasses,"[[Clothing, Shoes & Jewelry,Women,Accessories,Sunglasses & Eyewear Accessories,Sunglasses],[Clothing, Shoes & Jewelry,Men,Accessories,Sunglasses & Eyewear Accessories,Sunglasses]]"
1649,106849,"point6 Women's Tulip Print Light Cushion 3/4 Crew Socks (Sky, Large)","[[Clothing, Shoes & Jewelry,Women,Petite,Active,Athletic Socks]]"
1650,107008,Citizen Quartz Two Tone Stainless Steel Bracelet Women's Watch - EU1974-57A,"[[Clothing, Shoes & Jewelry,Citizen],[Clothing, Shoes & Jewelry,Women,Watches,Wrist Watches]]"
1651,107074,Beautiful Pink Sleep Shirt Lingerie Set - Extra Large,"[[Clothing, Shoes & Jewelry,Women],[Clothing, Shoes & Jewelry,Novelty, Costumes & More,Exotic Apparel,Women,Lingerie Sets]]"
1652,107118,Women's Platform High Heel Ankle Strap Patent Leather Multi-Color Mary Jane Pumps Fashion Shoes,"[[Clothing, Shoes & Jewelry,Women,Shoes,Pumps]]"
1653,107128,Wink 'The Romeo' Scrub Bottoms,"[[Clothing, Shoes & Jewelry,Women,Clothing],[Clothing, Shoes & Jewelry,Novelty, Costumes & More,Work Wear & Uniforms,Clothing,Medical,Women,Scrub Bottoms]]"
1654,107148,Women Black Contrast Leather Quilted Sleeve Zipper Coat,"[[Clothing, Shoes & Jewelry,Women,Clothing,Coats & Jackets,Wool & Blends]]"
1655,107150,"7mm Stainless Steel Chain Necklaces Cuban Link Curb Chain ( Available Length 20&quot;, 22&quot;, 24&quot;, 30&quot;)","[[Clothing, Shoes & Jewelry,Women,Jewelry,Fashion,Necklaces],[Clothing, Shoes & Jewelry,Novelty, Costumes & More,Novelty]]"
1656,107206,Seraphine Women's Multiway Maternity Bathing Suit,"[[Clothing, Shoes & Jewelry,Women,Clothing],[Clothing, Shoes & Jewelry,Women,Maternity,Swim,One-Pieces],[Clothing, Shoes & Jewelry,Women,Petite]]"
1657,107257,s4a Black Plus Size Convertible Dress Plus Size Swimsuit,"[[Clothing, Shoes & Jewelry,Women,Clothing,Swimsuits & Cover Ups,Cover-Ups],[Clothing, Shoes & Jewelry,Women,Plus-Size,Swim,Cover-Ups]]"
1658,107379,Lilyette Women's Magnificent Beauty Minimizer,"[[Clothing, Shoes & Jewelry,Women,Clothing,Lingerie, Sleep & Lounge,Intimates,Bras,Minimizers]]"
1659,107471,"wild stripes tight(BLACK/PURPLE,ONE SIZE)","[[Clothing, Shoes & Jewelry,Women],[Clothing, Shoes & Jewelry,Novelty, Costumes & More,Exotic Apparel,Women,Hosiery]]"
1660,107564,HK by Heidi Klum Women's Georgia Platform Pump,"[[Clothing, Shoes & Jewelry,Shoes & Accessories: International Shipping Available],[Clothing, Shoes & Jewelry,Women,Shoes,Pumps]]"
1661,107673,Ailisha Bronze Lady Wrap Bracelet Bangle Coffee Leather Quartz Wrist Watch WAA384,"[[Clothing, Shoes & Jewelry,Women,Watches,Wrist Watches]]"
1662,107780,Comfy Moda Women's Alpes Winter Snow Boots,"[[Clothing, Shoes & Jewelry,Women,Shoes,Boots]]"
1663,107783,55DSL by Diesel Juniors Treo Shirt,"[[Clothing, Shoes & Jewelry,Women,Clothing,Tops & Tees,Knits & Tees],[Clothing, Shoes & Jewelry,Women,Juniors,Tops & Tees,Knits & Tees]]"
1664,108080,U.S. Polo Assn. Classic Men's US5211 Black Analog Watch,"[[Clothing, Shoes & Jewelry,New Arrivals],[Clothing, Shoes & Jewelry,Jewelry: International Shipping Available],[Clothing, Shoes & Jewelry,Fashion Watches],[Clothing, Shoes & Jewelry,Available for International Shipping],[Clothing, Shoes & Jewelry,Men,Watches,Wrist Watches]]"
1665,108104,"Breast Cancer Awareness Pink Ribbon Logo Hat - Hope, Believe","[[Clothing, Shoes & Jewelry,Novelty, Costumes & More,Novelty,Clothing,Women,Accessories,Hats & Caps,Baseball Caps],[Clothing, Shoes & Jewelry,Novelty, Costumes & More,Novelty,Clothing,Men,Accessories,Hats & Caps,Baseball Caps],[Clothing, Shoes & Jewelry,Novelty, Costumes & More,Costumes & Accessories,Hats & Caps,Women],[Clothing, Shoes & Jewelry,Novelty, Costumes & More,Costumes & Accessories,Hats & Caps,Men]]"
1666,108281,"Jessica Simpson Women's Cap Sleeve Dress, Heart Poinciana, 6","[[Clothing, Shoes & Jewelry,J,Jessica Simpson],[Clothing, Shoes & Jewelry,Women,Clothing,Dresses,Casual]]"
1667,108285,"Promithi Sexy Womens Gather Super Boost Magic Enhancer Push Up Bra Gel Padded/Massage (38B, red)","[[Clothing, Shoes & Jewelry,Women,Clothing,Lingerie, Sleep & Lounge,Intimates,Bras,Everyday Bras]]"
1668,108290,Vedette Women's Sophie Open Bust Mid Thigh Body Shaper,"[[Clothing, Shoes & Jewelry,Women,Clothing,Lingerie, Sleep & Lounge,Intimates,Shapewear,Bodysuits]]"
1669,108426,Volcom Men's Grimm Skate Shoe,"[[Clothing, Shoes & Jewelry,Shoes & Accessories: International Shipping Available],[Clothing, Shoes & Jewelry,Motorcycle & ATV Casual Footwear,Shoes],[Clothing, Shoes & Jewelry,Street, Surf & Skate],[Clothing, Shoes & Jewelry,Men,Shoes,Fashion Sneakers],[Clothing, Shoes & Jewelry,Men,Shoes,Athletic,Skateboarding],[Clothing, Shoes & Jewelry,Men,Surf, Skate & Street,Shoes,Athletic,Skateboarding],[Clothing, Shoes & Jewelry,Men,Surf, Skate & Street,Shoes,Fashion Sneakers]]"
1670,108522,Russell Athletic Men's Short Sleeve Dri-Power Tee,"[[Sports & Outdoors,Clothing],[Clothing, Shoes & Jewelry,Men,Clothing,Active,Active Shirts & Tees]]"
1671,108548,Southpole Juniors BASIC Uniform Flat Front Bermuda Short,"[[Clothing, Shoes & Jewelry,S,Southpole],[Clothing, Shoes & Jewelry,Women,Clothing,Shorts],[Clothing, Shoes & Jewelry,Women,Juniors,Shorts],[Clothing, Shoes & Jewelry,Novelty, Costumes & More,Work Wear & Uniforms,Clothing,School Uniforms]]"
1672,108622,Koh Koh Women's Designer Crossover Wrap Chest Sleeveless Maxi Dress,"[[Clothing, Shoes & Jewelry,Women,Clothing,Dresses,Casual]]"
1673,108663,Super Long Cable Knit Leg Warmers in Your Choice of Colors,"[[Clothing, Shoes & Jewelry,Women,Petite,Socks & Hosiery,Leg Warmers],[Clothing, Shoes & Jewelry,Novelty, Costumes & More,Novelty,Clothing,Women,Socks & Hosiery,Leg Warmers],[Clothing, Shoes & Jewelry,Novelty, Costumes & More,Novelty,Clothing,Women,Accessories]]"
1674,108706,Timex Men's T49905 Expedition Rugged Field Chronograph Black Dial Brown Leather Strap Watch,"[[Clothing, Shoes & Jewelry,New Arrivals],[Clothing, Shoes & Jewelry,Jewelry: International Shipping Available],[Clothing, Shoes & Jewelry,Available for International Shipping],[Clothing, Shoes & Jewelry,Sport Watches],[Clothing, Shoes & Jewelry,Timex],[Clothing, Shoes & Jewelry,Men,Watches,Wrist Watches]]"
1675,108812,Sterling Silver Pressed Flower Teardrop Earrings,"[[Clothing, Shoes & Jewelry,New Arrivals,New Jewelry],[Clothing, Shoes & Jewelry,Jewelry: International Shipping Available],[Clothing, Shoes & Jewelry,Amazon Curated Collection],[Clothing, Shoes & Jewelry,Women,Jewelry,Fine,Earrings,Drop & Dangle],[Clothing, Shoes & Jewelry,Women,Jewelry,Fashion,Earrings,Drop & Dangle],[Clothing, Shoes & Jewelry,Novelty, Costumes & More,Novelty]]"
1676,108847,Olga Women's Signature Support Minimizer Bra,"[[Clothing, Shoes & Jewelry,Women,Clothing,Lingerie, Sleep & Lounge,Intimates,Bras,Minimizers],[Clothing, Shoes & Jewelry,Women,Plus-Size,Intimates,Bras,Everyday Bras],[Clothing, Shoes & Jewelry,Women,Plus-Size,Intimates,Bras,Minimizers]]"
1677,108856,Jessica Simpson Women's Adeni Pump,"[[Clothing, Shoes & Jewelry,Shoes & Accessories: International Shipping Available],[Clothing, Shoes & Jewelry,J,Jessica Simpson],[Clothing, Shoes & Jewelry,Women,Shoes,Pumps]]"
1678,109098,ASICS Men's GEL-Noosa Tri 8 Running Shoe,"[[Clothing, Shoes & Jewelry,ASICS],[Clothing, Shoes & Jewelry,Men,Shoes,Athletic,Running]]"
1679,109144,Deargirl Women's Creations Tassel Rhinestone G-String,"[[Clothing, Shoes & Jewelry,Women],[Clothing, Shoes & Jewelry,Novelty, Costumes & More,Exotic Apparel,Women,Panties]]"
1680,109287,Sakkas Women's Batik Peace Caftan Tank Dress,"[[Clothing, Shoes & Jewelry,Women,Clothing,Swimsuits & Cover Ups,Cover-Ups]]"
1681,109384,Women's Strappy Open Toe Platform Wedge,"[[Clothing, Shoes & Jewelry,Women,Shoes,Sandals]]"
1682,109476,Qupid RELAX-39 Basic Casual Knee High Stacked Heel Buckle Riding Boot,"[[Clothing, Shoes & Jewelry,Boot Shop,Women,Fashion,Riding],[Clothing, Shoes & Jewelry,Boot Shop,Women,Fashion,Motorcycle],[Clothing, Shoes & Jewelry,Women,Shoes,Boots]]"
1683,109479,Allegra K Ladies Long Sleeve Fake Pocket Button Decor Loose Casual Tunic Shirt,"[[Clothing, Shoes & Jewelry,Women,Clothing],[Clothing, Shoes & Jewelry,Women,Petite]]"
1684,109497,"Trust Me I'm A Jedi T-shirt, Funny T-shirts","[[Clothing, Shoes & Jewelry,Novelty, Costumes & More,Novelty,Clothing,Women,Tops & Tees,T-Shirts],[Clothing, Shoes & Jewelry,Novelty, Costumes & More,Novelty,Clothing,Men,Shirts,T-Shirts],[Clothing, Shoes & Jewelry,Novelty, Costumes & More,Band & Music Fan,T-Shirts]]"
1685,109545,"Levi's Mens 514 Slim Straight Blue Collar Jean, Blue Collar, 36X29","[[Clothing, Shoes & Jewelry,Men,Clothing,Jeans],[Clothing, Shoes & Jewelry,Men,Big & Tall]]"
1686,109566,Naturino 3336 Ballet Flat (Little Kid/Big Kid),"[[Clothing, Shoes & Jewelry,Shoes & Accessories: International Shipping Available],[Clothing, Shoes & Jewelry,N,Naturino],[Clothing, Shoes & Jewelry,Girls,Shoes,Flats],[Clothing, Shoes & Jewelry,Boys]]"
1687,109640,U.S. Polo Assn. Men's Twill Cargo Short,"[[Clothing, Shoes & Jewelry,Men,Clothing,Shorts,Cargo]]"
1688,109693,"Ladies Wide Leg Yoga Pants Fold Over Stretch Waist Band, Multiple Colors Avail","[[Sports & Outdoors,Exercise & Fitness,Yoga,Clothing,Women,Pants],[Clothing, Shoes & Jewelry,Women,Clothing,Active,Active Pants]]"
1689,109695,Ever Pretty Padded One Shoulder Flower Rhinestones Evening Dress 09870,"[[Clothing, Shoes & Jewelry,Women,Clothing,Dresses,Special Occasion]]"
1690,109708,PattyBoutik Stunning 2-in-1 Hoodie Casual Blouse Top,"[[Clothing, Shoes & Jewelry,Women,Clothing,Tops & Tees,Blouses & Button-Down Shirts],[Clothing, Shoes & Jewelry,Women,Petite,Tops & Tees,Blouses & Button-Down Shirts,Blouses]]"
1691,109885,Marvel Bioworld Superhero Jacquard Beanie Hats,"[[Sports & Outdoors,Snow Sports,Skiing,Clothing,Men,Hats],[Clothing, Shoes & Jewelry,Men,Accessories,Hats & Caps]]"
1692,109934,Men's Chaco PedShed Gunnison WP Slip-On Sneakers,"[[Clothing, Shoes & Jewelry,C,Chaco],[Clothing, Shoes & Jewelry,Men,Shoes,Loafers & Slip-Ons]]"
1693,110050,"Camo &amp; Lace Cami Top, Mossy Oak or Naked North Snow JRS Lingerie in Organza Bag","[[Clothing, Shoes & Jewelry,Women,Clothing,Lingerie, Sleep & Lounge,Intimates,Camisoles & Tanks]]"
1694,110085,Satin Pinup 50s Sailor Nautical Highwaisted Women's Shorts Rockabilly Hotpants,"[[Clothing, Shoes & Jewelry,Women,Clothing,Shorts,Casual]]"
1695,110155,Sanuk Women's Yoga Sling 2 Flip Flop,"[[Clothing, Shoes & Jewelry,Shoes & Accessories: International Shipping Available],[Clothing, Shoes & Jewelry,S,Sanuk],[Clothing, Shoes & Jewelry,Comfort Shoes],[Clothing, Shoes & Jewelry,Street, Surf & Skate],[Clothing, Shoes & Jewelry,Women,Shoes,Sandals]]"
1696,110165,i play. Ultimate Swim Diaper,"[[Baby Products,Diapering],[Clothing, Shoes & Jewelry,Baby,Baby Girls,Clothing,Swim,Swim Diapers],[Clothing, Shoes & Jewelry,Baby,Baby Boys,Clothing,Swim,Swim Diapers]]"
1697,110171,Blondo Women's Jaimie Boot,"[[Clothing, Shoes & Jewelry,Shoes & Accessories: International Shipping Available],[Clothing, Shoes & Jewelry,B,Blondo],[Clothing, Shoes & Jewelry,Women,Shoes,Boots]]"
1698,110222,Chuvora 925 Sterling Silver CZ Flip Flop Charm,"[[Clothing, Shoes & Jewelry,Jewelry Outlet],[Clothing, Shoes & Jewelry,Girls],[Clothing, Shoes & Jewelry,Novelty, Costumes & More,Novelty]]"
1699,110276,"Young Hearts Girls 2-6X 2 Piece Woven Top And Short, White, 3T","[[Clothing, Shoes & Jewelry,Girls,Clothing,Clothing Sets,Short Sets]]"
1700,110448,Skechers Kids 80573L Lite Dreamz - Brite Sport Athletic Sneaker (Little Kid),"[[Clothing, Shoes & Jewelry,Shoes & Accessories: International Shipping Available],[Clothing, Shoes & Jewelry,Girls,Shoes,Sneakers],[Clothing, Shoes & Jewelry,Boys,Shoes,Sneakers]]"
1701,110450,Two's Company Coral Tree Jewelry Holder,"[[Clothing, Shoes & Jewelry,Novelty, Costumes & More,Jewelry Accessories,Jewelry Boxes & Organizers,Jewelry Towers]]"
1702,110535,Carter's Hosiery Baby-girls Newborn F12 Two Pack Rumba Tight,"[[Clothing, Shoes & Jewelry,Baby,Baby Girls,Accessories,Tights]]"
1703,110550,Nine West Women's Zacharia Sandal,"[[Clothing, Shoes & Jewelry,Shoes & Accessories: International Shipping Available],[Clothing, Shoes & Jewelry,N,Nine West],[Clothing, Shoes & Jewelry,Women,Shoes,Sandals]]"
1704,110628,Saucony Women's Cohesion 6 Running Shoe,"[[Clothing, Shoes & Jewelry,Shoes & Accessories: International Shipping Available],[Clothing, Shoes & Jewelry,S,Saucony],[Clothing, Shoes & Jewelry,Women,Shoes,Athletic,Running]]"
1705,110870,Melissa &amp; Doug Chef Role Play Set,"[[Clothing, Shoes & Jewelry,Girls],[Clothing, Shoes & Jewelry,Novelty, Costumes & More,Work Wear & Uniforms],[Clothing, Shoes & Jewelry,Novelty, Costumes & More,Costumes & Accessories,Costumes,Kids & Baby,Boys]]"
1706,110894,"Leveret Footed Red, Navy &amp; Blue Pajama Sleeper 100% Cotton (Size 6M-5T)","[[Clothing, Shoes & Jewelry,Baby,Baby Boys,Clothing,Sleepwear & Robes,Blanket Sleepers]]"
1707,110952,FUNFASH PLUS SIZE PINK ROSE SLIMMING EMPIRE WAIST COCKTAIL DRESS PLUS SIZE DRESS,"[[Clothing, Shoes & Jewelry,Women,Clothing,Dresses,Casual]]"
1708,111033,20 Gauge Stainless Steel Nose Hoop - 3/8&quot;,"[[Clothing, Shoes & Jewelry,Women],[Clothing, Shoes & Jewelry,Novelty, Costumes & More,Novelty,Jewelry],[Clothing, Shoes & Jewelry,Novelty, Costumes & More,Body Jewelry,Piercing Jewelry,Screws]]"
1709,111118,"AME Boy's Avengers 3 Piece Sleepwear Set, Multi, 6","[[Clothing, Shoes & Jewelry,Boys,Clothing,Sleepwear & Robes,Pajama Sets]]"
1710,111198,Allegra K Ladies Flower Pattern Long Princess Sleeve Stretchy Soft Peplum Top,"[[Clothing, Shoes & Jewelry,Women,Clothing,Tops & Tees,Blouses & Button-Down Shirts]]"
1711,111237,MG Collection FARAH 2 in 1 Ostrich Weekender Tote Handbag + Crossbody Bag,"[[Clothing, Shoes & Jewelry,Women,Handbags & Wallets,Top-Handle Bags]]"
1712,111341,Womens Chic Corduroy Style Double Grommet Fashion Belt,"[[Clothing, Shoes & Jewelry,Women,Accessories,Belts]]"
1713,111447,Doublju Mens Check Dress Shirts,"[[Clothing, Shoes & Jewelry,Men,Clothing,Shirts,Dress Shirts]]"
1714,111470,Geneva Women's Platnium Large Round Face fashion Watch,"[[Clothing, Shoes & Jewelry,Women,Watches,Wrist Watches]]"
1715,111489,"Surgical Steel 4mm Domed Wedding Band Thumb Ring Comfort-Fit High Polish, sizes 5 - 12","[[Clothing, Shoes & Jewelry,Women],[Clothing, Shoes & Jewelry,Novelty, Costumes & More,Novelty]]"
1716,111557,"18k Yellow Gold-Plated Sterling Silver, Citrine, and Peridot Pendant Necklace with Diamond Accents (0.01 cttw, IJ Color, I2-I3 Clarity), 18&quot;","[[Clothing, Shoes & Jewelry,Gemstones],[Clothing, Shoes & Jewelry,Jewelry: International Shipping Available],[Clothing, Shoes & Jewelry,Amazon Curated Collection],[Clothing, Shoes & Jewelry,Women,Jewelry,Fine,Necklaces,Pendants],[Clothing, Shoes & Jewelry,Novelty, Costumes & More,Novelty]]"
1717,111622,DC Men's Central Graffik Flip Flop,"[[Clothing, Shoes & Jewelry,Shoes & Accessories: International Shipping Available],[Clothing, Shoes & Jewelry,D,DC],[Clothing, Shoes & Jewelry,Motorcycle & ATV Casual Footwear,Shoes],[Clothing, Shoes & Jewelry,Street, Surf & Skate],[Clothing, Shoes & Jewelry,Men,Shoes,Sandals],[Clothing, Shoes & Jewelry,Men,Surf, Skate & Street,Shoes,Sandals]]"
1718,111636,Zamberlan Men's 760 Steep Gt Hiking Boot,"[[Clothing, Shoes & Jewelry,Shoes & Accessories: International Shipping Available],[Clothing, Shoes & Jewelry,Winter Promo],[Clothing, Shoes & Jewelry,Z,Zamberlan],[Clothing, Shoes & Jewelry,Boot Shop,Men,Outdoor & Work,Hiking & Trekking],[Clothing, Shoes & Jewelry,Men,Shoes,Outdoor,Hiking & Trekking,Hiking Boots]]"
1719,111746,DG Eyewear Women's Aviator Sunglasses,"[[Clothing, Shoes & Jewelry,Women,Accessories,Sunglasses & Eyewear Accessories,Sunglasses]]"
1720,111762,Doctor Who Her Universe Fish Fingers And Custard Girls T-Shirt Size : Medium,"[[Clothing, Shoes & Jewelry,Women]]"
1721,111766,Carhartt Men's Big-Tall Midweight Crew Neck Sweatshirt,"[[Clothing, Shoes & Jewelry,C,Carhartt],[Clothing, Shoes & Jewelry,Novelty, Costumes & More,Work Wear & Uniforms,Clothing,Work Utility & Safety,Men,Tops]]"
1722,111815,Stainless Steel Womens Braided Hoop Earrings,"[[Clothing, Shoes & Jewelry,Women],[Clothing, Shoes & Jewelry,Novelty, Costumes & More,Novelty,Jewelry,Earrings]]"
1723,111830,Capelli New York Solid Spun Fleece Ladies Basic Tall Rainboot Liner Jet Black Large,"[[Clothing, Shoes & Jewelry,Women,Clothing,Socks & Hosiery,Tights],[Clothing, Shoes & Jewelry,Women,Petite,Socks & Hosiery,Tights]]"
1724,111909,MG Collection Weave Pattern Belt Accent Soft Hobo Shoulder Bag,"[[Clothing, Shoes & Jewelry,Women,Handbags & Wallets,Top-Handle Bags],[Clothing, Shoes & Jewelry,Women,Handbags & Wallets,Shoulder Bags]]"
1725,112068,4-rth Eco-Track Short,"[[Sports & Outdoors,Exercise & Fitness,Yoga,Clothing,Men,Shorts],[Clothing, Shoes & Jewelry,Men,Clothing,Active,Active Shorts]]"
1726,112123,Skechers Girls 7-16 Watersports Jessica Monokini One Piece Chevron Swimsuit,"[[Clothing, Shoes & Jewelry,S,Skechers],[Clothing, Shoes & Jewelry,Girls,Clothing,Swim,One-Pieces]]"
1727,112149,Princess Cut Lab Created White Opal &amp; Cz Fashion .925 Sterling Silver Ring Sizes 5-10,"[[Clothing, Shoes & Jewelry,Women],[Clothing, Shoes & Jewelry,Novelty, Costumes & More,Novelty,Jewelry,Rings]]"
1728,112189,Green Toys Race Car -Red,"[[Clothing, Shoes & Jewelry,Baby,Baby Boys,Accessories]]"
1729,112227,"Design History Women's 100% Cashmere Colorblock Cowl Neck Sweater, Blackberry Onionpeel, X-Small","[[Clothing, Shoes & Jewelry,Women,Clothing,Sweaters,Pullovers],[Clothing, Shoes & Jewelry,Women's Luxury Brands]]"
1730,112305,Terramar Thermasilk Over The Calf Sock Liner,"[[Clothing, Shoes & Jewelry,Men,Clothing]]"
1731,112418,"Victorinox  Travel Sentry Approved Loop Lock,Black,One Size","[[Clothing, Shoes & Jewelry,Luggage & Travel Gear,Travel Accessories,Luggage Locks]]"
1732,112449,Doublju Mens Sweater Cardigan with Pocket Detail,"[[Clothing, Shoes & Jewelry,Men,Clothing,Sweaters,Cardigans],[Clothing, Shoes & Jewelry,Men,Big & Tall]]"
1733,112473,Wholesale 12 Assorted Geneva Platinum Women's watch 6886,"[[Clothing, Shoes & Jewelry,Fashion Watches],[Clothing, Shoes & Jewelry,Women,Watches,Wrist Watches]]"
1734,112646,Pro Jewelry .925 Sterling Silver Exquisite Limited Edition Glass &quot;Turtle on Blue W/metallic Sparkles 3D&quot; Charm Bead for Snake Chain Charm Bracelets 1951,"[[Clothing, Shoes & Jewelry,Women],[Clothing, Shoes & Jewelry,Novelty, Costumes & More,Novelty,Jewelry,Charms]]"
1735,112880,Cherokee Women's Workwear Scrubs Core Stretch Zip Front Warm Up Jacket,"[[Clothing, Shoes & Jewelry,Novelty, Costumes & More,Work Wear & Uniforms,Clothing,Medical]]"
1736,112896,PUMA Men's Sierra Trekker Trail Running Shoe,"[[Clothing, Shoes & Jewelry,Shoes & Accessories: International Shipping Available],[Clothing, Shoes & Jewelry,P,Puma],[Clothing, Shoes & Jewelry,Street, Surf & Skate],[Clothing, Shoes & Jewelry,Men,Shoes,Athletic,Running],[Clothing, Shoes & Jewelry,Men,Shoes,Athletic,Trail Running],[Clothing, Shoes & Jewelry,Men,Surf, Skate & Street,Shoes,Athletic,Running],[Clothing, Shoes & Jewelry,Men,Surf, Skate & Street,Shoes,Athletic,Trail Running]]"
1737,112925,adidas Men's Drive 2 Jacket,"[[Clothing, Shoes & Jewelry,Men,Clothing,Active,Track & Active Jackets]]"
1738,112973,Calvin Klein Men's Wilson Boot,"[[Clothing, Shoes & Jewelry,Shoes & Accessories: International Shipping Available],[Clothing, Shoes & Jewelry,C,Calvin Klein],[Clothing, Shoes & Jewelry,Boot Shop,Men,Fashion,Chukka],[Clothing, Shoes & Jewelry,Men,Shoes,Boots],[Clothing, Shoes & Jewelry,Calvin Klein Test Store,Shoes]]"
1739,113117,Bali Womens Comfort Revolution Seamless Brief Panty,"[[Clothing, Shoes & Jewelry,Women,Clothing,Lingerie, Sleep & Lounge,Intimates,Panties,Briefs]]"
1740,113207,1veMoon Women's V-Neck Slim 3/4 Sleeve Party Lace Mini Dress,"[[Clothing, Shoes & Jewelry,Women,Clothing,Dresses,Night Out & Cocktail]]"
1741,113310,Bella Materna Women's Maternity Plunge Wire Free T-Shirt Nursing Bra,"[[Clothing, Shoes & Jewelry,Women,Maternity,Intimates,Nursing & Maternity Bras],[Clothing, Shoes & Jewelry,Women,Plus-Size,Maternity,Intimates,Nursing & Maternity Bras]]"
1742,113355,John Henry Men's V-Neck Sweater,"[[Clothing, Shoes & Jewelry,Men,Clothing,Sweaters,Pullovers]]"
1743,113460,Gerber Unisex-Baby Newborn 3 Pack Longsleeve Mitten Cuff Onesies Brand,"[[Clothing, Shoes & Jewelry,Baby,Baby Girls,Clothing,Bodysuits],[Clothing, Shoes & Jewelry,Baby,Baby Boys,Clothing,Bodysuits]]"
1744,113536,Derek Heart Juniors Solid Feathered Poplin Foam Cup Dress,"[[Clothing, Shoes & Jewelry,Women,Clothing,Dresses,Casual],[Clothing, Shoes & Jewelry,Women,Juniors,Dresses,Casual]]"
1745,113552,Columbia Men's 32mm Oil Tan Guatemalan Belt,"[[Sports & Outdoors,Clothing,Men,Accessories,Belts],[Clothing, Shoes & Jewelry,Men,Accessories,Belts]]"
1746,113654,ROCKET DOG Women's Sierra,"[[Clothing, Shoes & Jewelry,R,Rocket Dog],[Clothing, Shoes & Jewelry,Women,Shoes]]"
1747,113666,Cushe Women's Allpine Cone Boot,"[[Clothing, Shoes & Jewelry,Shoes & Accessories: International Shipping Available],[Clothing, Shoes & Jewelry,Comfort Shoes],[Clothing, Shoes & Jewelry,Boot Shop,Women,Outdoor & Work,Snow & Cold Weather],[Clothing, Shoes & Jewelry,Street, Surf & Skate],[Clothing, Shoes & Jewelry,Women,Shoes,Boots]]"
1748,113721,eVogues Plus size Deep V-neck Asymmetric Slimming Top,"[[Clothing, Shoes & Jewelry,Women,Clothing,Tops & Tees,Blouses & Button-Down Shirts],[Clothing, Shoes & Jewelry,Women,Petite,Tops & Tees,Blouses & Button-Down Shirts,Blouses]]"
1749,113785,FAHRENHEIT CAROLINE-02 Women's square close toe platform Dress pump on stiletto high heels with FAUX LEATHER upper and cupped heel and adjustable thin ankle strap,"[[Clothing, Shoes & Jewelry,F,Fahrenheit],[Clothing, Shoes & Jewelry,Women,Shoes,Pumps]]"
1750,113841,Rasta Imposta Lightweight Hot Dog Costume,"[[Clothing, Shoes & Jewelry,Novelty, Costumes & More,Costumes & Accessories,Costumes,Men]]"
1751,113853,Green Trade Women's Boned Bustier Corset Dress,"[[Clothing, Shoes & Jewelry,Women,Clothing,Lingerie, Sleep & Lounge,Intimates,Lingerie,Baby Dolls]]"
1752,113879,Fruit of the Loom Women's 6-Pack Crew Socks,"[[Sports & Outdoors,Clothing,Women,Socks],[Clothing, Shoes & Jewelry,Women,Clothing,Active,Athletic Socks],[Clothing, Shoes & Jewelry,Women,Petite,Active,Athletic Socks]]"
1753,113926,Five Finger Death Punch - War T-Shirt,"[[Clothing, Shoes & Jewelry,Novelty, Costumes & More,Novelty,Clothing,Women,Tops & Tees,T-Shirts],[Clothing, Shoes & Jewelry,Novelty, Costumes & More,Novelty,Clothing,Men,Shirts,T-Shirts]]"
1754,114027,ExOfficio Men's Give-N-Go Boxer,"[[Clothing, Shoes & Jewelry,Men,Clothing,Active,Active Underwear]]"
1755,114047,"ASICS Women's Lady GEL-Ace Golf Shoe,White/Hot Pink,10 M","[[Clothing, Shoes & Jewelry,ASICS],[Clothing, Shoes & Jewelry,Women,Shoes,Athletic,Golf]]"
1756,114087,SACAS Short Wrist Sexy Lace Gloves with 27 colors,"[[Clothing, Shoes & Jewelry,Women],[Clothing, Shoes & Jewelry,Novelty, Costumes & More,Band & Music Fan,Accessories],[Clothing, Shoes & Jewelry,Novelty, Costumes & More,Exotic Apparel,Women,Accessories]]"
1757,114131,Easy Street Women's Cruise Sandal,"[[Clothing, Shoes & Jewelry,Shoes & Accessories: International Shipping Available],[Clothing, Shoes & Jewelry,E,Easy Street],[Clothing, Shoes & Jewelry,Women,Shoes,Sandals]]"
1758,114135,Del Rossa Women's Patricia 100% Cotton Long Victorian Sleeveless Nightgown,"[[Clothing, Shoes & Jewelry,Women,Clothing,Lingerie, Sleep & Lounge,Sleep & Lounge,Nightgowns & Sleepshirts],[Clothing, Shoes & Jewelry,Women,Petite,Sleep & Lounge,Nightgowns & Sleepshirts]]"
1759,114138,"Baby Phat - Kids-Girls Infant Colorblock Tee, Blue, 18","[[Clothing, Shoes & Jewelry,B,Baby Phat],[Clothing, Shoes & Jewelry,Baby,Baby Girls,Clothing,Tops,Tees]]"
1760,114147,Camouflage Rhinestone Western Buckle Purse/Wallet Set,"[[Clothing, Shoes & Jewelry,Women,Handbags & Wallets,Shoulder Bags]]"
1761,114241,Hanes Lightly Lined Seamless Soft Cup Bra Light,"[[Clothing, Shoes & Jewelry,Women,Clothing,Lingerie, Sleep & Lounge,Intimates,Bras,Everyday Bras]]"
1762,114255,AK Anne Klein Sport Women's Buttons Fabric Ballet Flat,"[[Clothing, Shoes & Jewelry,Shoes & Accessories: International Shipping Available],[Clothing, Shoes & Jewelry,Women,Shoes,Flats]]"
1763,114292,"California Costumes Women's Incantasia, The Glamour Witch Costume","[[Clothing, Shoes & Jewelry,Novelty, Costumes & More,Costumes & Accessories,Costumes,Women]]"
1764,114377,Disney Winnie the Pooh &amp; Eeyore T-shirt Top Just Sweet Grey Plus Size,"[[Clothing, Shoes & Jewelry,Women],[Clothing, Shoes & Jewelry,Novelty, Costumes & More,Movie & TV Fan,Tops & Tees,T-Shirts]]"
1765,114419,Tipi Toe Women's No Show Socks (6 or 12 Pack),"[[Clothing, Shoes & Jewelry,Women,Clothing,Socks & Hosiery,Casual Socks]]"
1766,114468,Adult Alice in Wonderland Wig,"[[Clothing, Shoes & Jewelry,Novelty, Costumes & More,Costumes & Accessories,Wigs]]"
1767,114606,Black White Notch Stand Collar Long Sleeve Oversize Houndstooth Coat Mantle,"[[Clothing, Shoes & Jewelry,Women,Clothing,Coats & Jackets,Wool & Blends]]"
1768,114615,Earth Origins Women's Boulder Leather Sandals,"[[Clothing, Shoes & Jewelry,Women,Shoes,Sandals]]"
1769,114711,U.S. Polo Assn. Juniors Solid Polo With Big Pony,"[[Clothing, Shoes & Jewelry,Women,Clothing,Tops & Tees,Polos],[Clothing, Shoes & Jewelry,Women,Juniors,Tops & Tees,Polos]]"
1770,114756,82 Days Women's Ponte Roma From Office Wear To Below Knee Pencil Skirt,"[[Clothing, Shoes & Jewelry,Women,Clothing,Skirts,Casual],[Clothing, Shoes & Jewelry,Women,Clothing,Skirts,Wear to Work]]"
1771,114837,West Blvd Women's Casual Ballet Flat,"[[Clothing, Shoes & Jewelry,Women,Shoes,Flats]]"
1772,115028,Morphsuits Morphsuit Slenderman Premium Suit,"[[Clothing, Shoes & Jewelry,Novelty, Costumes & More,Costumes & Accessories,Costumes,Men]]"
1773,115099,Angelina 3-Pair-Pack Seemless Double Layer Racerback Sports Bra #806_Basic,"[[Clothing, Shoes & Jewelry,Women,Clothing,Lingerie, Sleep & Lounge,Intimates,Bras,Sports Bras]]"
1774,115228,Salt Water Sandals by Hoy Shoe Surfer Sandal (Toddler/Little Kid/Big Kid/Women's),"[[Clothing, Shoes & Jewelry,Shoes & Accessories: International Shipping Available],[Clothing, Shoes & Jewelry,Girls,Shoes,Sandals]]"
1775,115321,Vobaga women's Dancing Tutu Layered Organza Lace up Rainbow Skirt Clubwear,"[[Clothing, Shoes & Jewelry,Novelty, Costumes & More,Costumes & Accessories,More Accessories,Women]]"
1776,115386,PUMA Women's Wylie Infinity 2.5 Mesh Running Shoe,"[[Clothing, Shoes & Jewelry,Shoes & Accessories: International Shipping Available],[Clothing, Shoes & Jewelry,P,Puma],[Clothing, Shoes & Jewelry,Street, Surf & Skate],[Clothing, Shoes & Jewelry,Women,Shoes,Athletic,Running]]"
1777,115447,Men's Rose Ion Plating and Cubic-Zirconia in Stainless Steel Link Bracelet,"[[Clothing, Shoes & Jewelry,Jewelry: International Shipping Available],[Clothing, Shoes & Jewelry,Amazon Curated Collection],[Clothing, Shoes & Jewelry,Men,Jewelry,Bracelets,Link],[Clothing, Shoes & Jewelry,Novelty, Costumes & More,Novelty]]"
1778,115557,Silver Iced Out Cat with Heart Pendant with a 16 Inch Adjustable Snake Franco Chain Necklace,"[[Clothing, Shoes & Jewelry,Women],[Clothing, Shoes & Jewelry,Novelty, Costumes & More,Novelty,Jewelry,Necklaces & Pendants]]"
1779,115598,Pro Jewelry Faceted Glass Charm Bead for Snake Chain Charm Bracelets,"[[Clothing, Shoes & Jewelry,Women],[Clothing, Shoes & Jewelry,Novelty, Costumes & More,Novelty,Jewelry,Charms]]"
1780,115600,Youyoupifa Trendy Design Long Lasting Shockproof Army Style LED Watch with Alloy Bracelet and 28 Blue LED Lights for Time &amp; Date Display,"[[Clothing, Shoes & Jewelry,Women]]"
1781,115643,Qupid Women's Neutral-330 Platform High Heel Stiletto,"[[Clothing, Shoes & Jewelry,Women,Shoes,Pumps]]"
1782,115654,Doctor Who Doctor Outfits with TARDIS Men's Silver T-shirt,"[[Clothing, Shoes & Jewelry,Men],[Clothing, Shoes & Jewelry,Novelty, Costumes & More,Novelty],[Clothing, Shoes & Jewelry,Novelty, Costumes & More,Movie & TV Fan,Tops & Tees,T-Shirts]]"
1783,115811,"Puma Remix Checkbook PMAM1021 Wallet,Black,One Size","[[Clothing, Shoes & Jewelry,Shoes & Accessories: International Shipping Available],[Clothing, Shoes & Jewelry,P,Puma],[Clothing, Shoes & Jewelry,Women,Accessories,Wallets, Card Cases & Money Organizers,Wallets]]"
1784,115889,All Over Embroidered Kurti,"[[Clothing, Shoes & Jewelry,Women],[Clothing, Shoes & Jewelry,Novelty, Costumes & More,World Apparel]]"
1785,115893,Jessica Simpson Girls Double Breasted Peplum Peacoat,"[[Clothing, Shoes & Jewelry,J,Jessica Simpson],[Clothing, Shoes & Jewelry,Girls,Clothing,Jackets & Coats,Jackets]]"
1786,115900,Zenana Contrast Waist Fold Over Yoga Shorts,"[[Sports & Outdoors,Exercise & Fitness,Yoga,Clothing,Women,Shorts],[Clothing, Shoes & Jewelry,Women,Clothing,Active,Active Shorts]]"
1787,116037,Kattee Sexy Ladies Mini Bandage Skirt Party Club Prom Dresses,"[[Clothing, Shoes & Jewelry,Women,Clothing]]"
1788,116047,Sons of Anarchy Charging Reaper T-shirt,"[[Clothing, Shoes & Jewelry,Men],[Clothing, Shoes & Jewelry,Novelty, Costumes & More,Novelty,Clothing]]"
1789,116097,New Balance Men's MX608 Water Resistant Cross-Training Shoe,"[[Clothing, Shoes & Jewelry,Shoes & Accessories: International Shipping Available],[Clothing, Shoes & Jewelry,N,New Balance],[Clothing, Shoes & Jewelry,Men,Shoes,Athletic,Fitness & Cross-Training]]"
1790,116112,"Spunderwear Girls 7-16 3 Pack Cami Bra Solid and Stripes, Assorted, Small","[[Clothing, Shoes & Jewelry,Girls,Clothing,Underwear,Panties]]"
1791,116115,Luxury Divas Black &amp; Beige Braided Elastic Stretch Leather Tipped Belt,"[[Clothing, Shoes & Jewelry,Men,Accessories,Belts]]"
1792,116164,"Marvel Boys 2-7 Two Piece Knit Pullover and Short, Black, 2T","[[Clothing, Shoes & Jewelry,Boys,Clothing,Clothing Sets,Short Sets],[Clothing, Shoes & Jewelry,Novelty, Costumes & More,Novelty,Clothing,Boys,Clothing Sets]]"
1793,116174,Impact Men's AC/DC Back In Black Short Sleeve T-Shirt,"[[Clothing, Shoes & Jewelry,Men,Clothing,Shirts,T-Shirts],[Clothing, Shoes & Jewelry,Novelty, Costumes & More,Novelty],[Clothing, Shoes & Jewelry,Novelty, Costumes & More,Band & Music Fan,T-Shirts]]"
1794,116283,ZZ Top Black Photo T-shirt,"[[Clothing, Shoes & Jewelry,Novelty, Costumes & More,Novelty,Clothing,Women,Tops & Tees,T-Shirts],[Clothing, Shoes & Jewelry,Novelty, Costumes & More,Novelty,Clothing,Men,Shirts,T-Shirts]]"
1795,116298,SCER544 Sterling Silver Vitral medium Crystal Earrings Made with Swarovski Elements,"[[Clothing, Shoes & Jewelry,Women,Jewelry,Fashion,Earrings,Drop & Dangle],[Clothing, Shoes & Jewelry,Novelty, Costumes & More,Novelty]]"
1796,116351,"Sterling Silver Freshwater Cultured Pearl White, Peacock, Pink, Gray, Chocolate Earring Set","[[Clothing, Shoes & Jewelry,Pearl Jewelry],[Clothing, Shoes & Jewelry,Women],[Clothing, Shoes & Jewelry,Novelty, Costumes & More,Novelty,Jewelry,Earrings]]"
1797,116375,Bali Women's Concealers Underwire Bra   #3411,"[[Clothing, Shoes & Jewelry,Women,Clothing,Lingerie, Sleep & Lounge,Intimates,Bras,Everyday Bras],[Clothing, Shoes & Jewelry,Women,Plus-Size,Intimates,Bras,Everyday Bras]]"
1798,116417,FUNFASH WOMENS PLUS SIZE ROCKABILLY DENIM JEANS BLUE SLIMMING PLUS SIZE DRESS,"[[Clothing, Shoes & Jewelry,Women,Clothing,Dresses,Casual]]"
1799,116426,Hanes ComfortBlend EcoSmart Crewneck Men's T-Shirt,"[[Clothing, Shoes & Jewelry,Men],[Clothing, Shoes & Jewelry,Girls],[Clothing, Shoes & Jewelry,Novelty, Costumes & More,Novelty,Clothing]]"
1800,116468,Fruit of the Loom 5.4 oz.Cotton T-Shirt,"[[Sports & Outdoors,Clothing],[Clothing, Shoes & Jewelry,Men,Clothing,Shirts,T-Shirts]]"
1801,116518,14k Yellow Gold Ball 5mm Stud Earrings with Silicone covered Gold Pushbacks,"[[Clothing, Shoes & Jewelry,Women,Jewelry,Fine,Earrings,Ball],[Clothing, Shoes & Jewelry,Novelty, Costumes & More,Novelty],[Clothing, Shoes & Jewelry,Test Women AAQ]]"
1802,116630,niceEshop(TM) Unique Vintage New Retro Camera Photographer Necklace-Red,"[[Clothing, Shoes & Jewelry,Women],[Clothing, Shoes & Jewelry,Novelty, Costumes & More,Novelty,Jewelry,Necklaces & Pendants]]"
1803,116725,PILATES Apparel - Black Workout Top By Marjolein Brugman,"[[Clothing, Shoes & Jewelry,Women,Clothing,Lingerie, Sleep & Lounge,Intimates,Bras,Sports Bras]]"
1804,117092,My Swim Baby Sun Hat,"[[Clothing, Shoes & Jewelry,Baby,Baby Girls,Accessories,Hats & Caps]]"
1805,117119,Clarks Women's Perri Coast Wedge Sandal,"[[Clothing, Shoes & Jewelry,Shoes & Accessories: International Shipping Available],[Clothing, Shoes & Jewelry,C,Clarks],[Clothing, Shoes & Jewelry,Comfort Shoes],[Clothing, Shoes & Jewelry,Women,Shoes,Sandals]]"
1806,117141,"allen allen Women's Burnout Cardigan, White, Small","[[Clothing, Shoes & Jewelry,Women,Clothing,Sweaters,Cardigans]]"
1807,117365,Jessica London Women's Plus Size Faux Shearling Long Coat,"[[Clothing, Shoes & Jewelry,Women,Clothing,Coats & Jackets,Leather & Faux Leather],[Clothing, Shoes & Jewelry,Women,Petite,Outerwear & Coats],[Clothing, Shoes & Jewelry,Women,Plus-Size,Jackets & Coats,Leather & Faux Leather]]"
1808,117366,KS Luxury Tourbillion Moon Phase Automatic Mechanical White Dial Mens Wrist Watch KS069,"[[Clothing, Shoes & Jewelry,Men,Watches,Wrist Watches]]"
1809,117469,Maui Jim Maui Jim Unisex Mavericks,"[[Sports & Outdoors,Accessories,Sports Sunglasses],[Clothing, Shoes & Jewelry,M,Maui Jim],[Clothing, Shoes & Jewelry,Women,Accessories,Sunglasses & Eyewear Accessories,Sunglasses],[Clothing, Shoes & Jewelry,Men,Accessories,Sunglasses & Eyewear Accessories,Sunglasses]]"
1810,117546,Aventura Women's Molly Cardigan,"[[Clothing, Shoes & Jewelry,Women,Clothing,Sweaters,Cardigans]]"
1811,117634,Teez-Her The Skinny Capri,"[[Clothing, Shoes & Jewelry,Women,Clothing,Pants,Casual],[Clothing, Shoes & Jewelry,Women,Petite,Pants & Capris,Casual]]"
1812,117737,Aqua Design Women's Relaxed Fit UPF50+ Sun Protection Surf Swim Rash Guard Shirt,"[[Clothing, Shoes & Jewelry,Women,Clothing,Swimsuits & Cover Ups,Rash Guards]]"
1813,117778,Med Couture Women's Riviera Poly/Spandex V-Neck Scrub Top,"[[Clothing, Shoes & Jewelry,Novelty, Costumes & More,Work Wear & Uniforms,Clothing,Medical,Women,Scrub Tops]]"
1814,117863,"Little Rebels Baby-boys Infant 2 Piece Chequered Shortall Set, Goldfish, 12 Months","[[Clothing, Shoes & Jewelry,Baby,Baby Boys,Clothing,Clothing Sets,Short Sets]]"
1815,117934,Denim 24/7 Women's Plus Size Open Work Tee,"[[Clothing, Shoes & Jewelry,Women,Clothing,Tops & Tees,Knits & Tees],[Clothing, Shoes & Jewelry,Women,Petite,Tops & Tees,Knits & Tees],[Clothing, Shoes & Jewelry,Women,Plus-Size,Tops & Tees,Knits & Tees]]"
1816,117957,Peanut Buttons Boy's 2-7 Moose 3 Pack Pant 4-7 Set,"[[Clothing, Shoes & Jewelry,Boys,Clothing,Clothing Sets,Pant Sets]]"
1817,118001,eBags Medium Packing Cubes - 3pc Set,"[[Clothing, Shoes & Jewelry,Novelty, Costumes & More,Band & Music Fan,Accessories],[Clothing, Shoes & Jewelry,Luggage & Travel Gear,Travel Accessories,Packing Organizers]]"
1818,118126,neff Men's Daily Heather Beanie,"[[Sports & Outdoors,Clothing,Men,Accessories,Hats & Caps,Skull Caps],[Clothing, Shoes & Jewelry,Men,Accessories,Hats & Caps,Skullies & Beanies]]"
1819,118224,Black Spider Web Lace Gothic Elbow Gloves,"[[Clothing, Shoes & Jewelry,Novelty, Costumes & More,Band & Music Fan,Accessories],[Clothing, Shoes & Jewelry,Novelty, Costumes & More,Costumes & Accessories,More Accessories,Women]]"
1820,118241,Disguise Disney Princess The Little Mermaid Ariel Child Wig,"[[Clothing, Shoes & Jewelry,Novelty, Costumes & More,Costumes & Accessories,Wigs]]"
1821,118243,Smart &amp; Sexy Women's Tummy Control Thong # SA154,"[[Clothing, Shoes & Jewelry,Women,Clothing,Lingerie, Sleep & Lounge,Intimates,Panties,G-Strings, Thongs & Tangas]]"
1822,118361,Samsonite Luggage Fiero HS Spinner 20,"[[Clothing, Shoes & Jewelry,Luggage & Travel Gear,Luggage,Carry-Ons]]"
1823,118583,"Kanu Surf Boys 8-20 Nexus Swim Trunk, Black, X-Large(18/20)","[[Clothing, Shoes & Jewelry,Boys,Clothing,Swim,Trunks]]"
1824,118621,Allegra K Women's Self Tie Knot Stand Collar Striped Autumn Shirt,"[[Clothing, Shoes & Jewelry,Women,Clothing,Tops & Tees,Blouses & Button-Down Shirts]]"
1825,118787,Minnetonka Genuine Sheepskin Pug Bootie (Infant/Toddler),"[[Clothing, Shoes & Jewelry,Shoes & Accessories: International Shipping Available],[Clothing, Shoes & Jewelry,M,Minnetonka],[Clothing, Shoes & Jewelry,Boot Shop,Girls,Fashion,Shearling],[Clothing, Shoes & Jewelry,Boot Shop,Girls,Outdoor & Work,Snow & Cold Weather],[Clothing, Shoes & Jewelry,Boot Shop,Boys,Fashion,Shearling],[Clothing, Shoes & Jewelry,Boot Shop,Boys,Outdoor & Work,Snow & Cold Weather],[Clothing, Shoes & Jewelry,Girls],[Clothing, Shoes & Jewelry,Boys]]"
1826,118789,Vintage Women Lace Sleeveless Slim Floral Party Evening Tunic Mini Dress,"[[Clothing, Shoes & Jewelry,Women,Clothing,Dresses,Night Out & Cocktail]]"
1827,118882,3WISHES 'Toon Wife Costume' Sexy Hollywood Starlet Costumes,"[[Clothing, Shoes & Jewelry,Novelty, Costumes & More,Costumes & Accessories],[Clothing, Shoes & Jewelry,Novelty, Costumes & More,Exotic Apparel,Women,Costumes]]"
1828,118883,U.S. Polo Assn. Women's Basic Sports Bra,"[[Clothing, Shoes & Jewelry,Women,Clothing,Lingerie, Sleep & Lounge,Intimates,Bras,Sports Bras],[Clothing, Shoes & Jewelry,Women,Juniors,Lingerie, Sleep & Lounge,Intimates,Bras,Sports Bras],[Clothing, Shoes & Jewelry,Women,Petite,Intimates,Bras,Sports Bras]]"
1829,118953,Indera 286DR Men's Icetex Performance Thermal pant,"[[Clothing, Shoes & Jewelry,Men,Clothing],[Clothing, Shoes & Jewelry,Men,Big & Tall]]"
1830,118998,Aerosoles Women's Wip Away Sandal,"[[Clothing, Shoes & Jewelry,Shoes & Accessories: International Shipping Available],[Clothing, Shoes & Jewelry,Aerosoles],[Clothing, Shoes & Jewelry,Comfort Shoes],[Clothing, Shoes & Jewelry,Women,Shoes,Sandals]]"
1831,119016,Ecko Boys 8-20 Pop Stripe Short Sleeve Tee,"[[Clothing, Shoes & Jewelry,Boys,Clothing,Tops & Tees,Tees]]"
1832,119018,YogaColors Crystal Flowy Raglan Dolman Scoop Neck Tee Top,"[[Clothing, Shoes & Jewelry,Women,Clothing,Tops & Tees,Knits & Tees],[Clothing, Shoes & Jewelry,Women,Petite,Tops & Tees,Knits & Tees]]"
1833,119152,"ASICS Boys 2-7 Motion Pref Set, True Red, 7","[[Sports & Outdoors,Clothing,Boys,Shirts],[Clothing, Shoes & Jewelry,ASICS],[Clothing, Shoes & Jewelry,Boys,Clothing,Active,Active Shirts & Tees]]"
1834,119185,Winter Slouchy Ribbed Knit Beanie Button Ski Hat Brown,"[[Sports & Outdoors,Snow Sports,Skiing,Clothing,Women,Hats],[Clothing, Shoes & Jewelry,Women,Accessories,Hats & Caps]]"
1835,119393,Rubies ABBA 70s Girl Disco Queen Outfit Halloween Costume,"[[Clothing, Shoes & Jewelry,Novelty, Costumes & More,Costumes & Accessories,Costumes,Women]]"
1836,119401,Sidekicks,"[[Clothing, Shoes & Jewelry,Women,Shoes,Flats]]"
1837,119455,"Rare Editions Baby Girls Infant Stripe Legging Set, Pink/Black, 12 Months","[[Clothing, Shoes & Jewelry,Baby,Baby Girls,Clothing,Clothing Sets,Pant Sets]]"
1838,119467,Casio Women's LTP1165A-4C Classic Analog Quartz Watch,"[[Clothing, Shoes & Jewelry,New Arrivals],[Clothing, Shoes & Jewelry,Jewelry: International Shipping Available],[Clothing, Shoes & Jewelry,Available for International Shipping],[Clothing, Shoes & Jewelry,Women,Watches,Wrist Watches]]"
1839,119504,Kamik Women's Heidi Rain Boot,"[[Clothing, Shoes & Jewelry,Shoes & Accessories: International Shipping Available],[Clothing, Shoes & Jewelry,K,Kamik],[Clothing, Shoes & Jewelry,Boot Shop,Women,Outdoor & Work,Rain],[Clothing, Shoes & Jewelry,Women,Shoes,Boots],[Clothing, Shoes & Jewelry,Women,Shoes,Outdoor,Rain Footwear]]"
1840,119545,Life is good Women's Crusher Fresh Dragonfly T-Shirt,"[[Clothing, Shoes & Jewelry,Women,Clothing,Active,Active Shirts & Tees]]"
1841,119555,Ultra Force Pink Camouflage BDU Pants,"[[Sports & Outdoors,Clothing,Men,Pants,Sweatpants],[Clothing, Shoes & Jewelry,Men],[Clothing, Shoes & Jewelry,Novelty, Costumes & More,Work Wear & Uniforms,Clothing,Military]]"
1842,119609,DirtyRagz Men's Super Jesus Christ Homeboy Superstar T Shirt,"[[Clothing, Shoes & Jewelry,Men],[Clothing, Shoes & Jewelry,Novelty, Costumes & More,Novelty,Clothing,Men,Shirts,T-Shirts]]"
1843,119615,Vionic with Orthaheel Technology Women's Olivia Ballet Flat,"[[Clothing, Shoes & Jewelry,Women,Shoes,Flats]]"
1844,119737,Moving Comfort Women's Maia Bra,"[[Clothing, Shoes & Jewelry,Women,Clothing,Lingerie, Sleep & Lounge,Intimates,Bras,Sports Bras],[Clothing, Shoes & Jewelry,Women,Petite,Intimates,Bras,Sports Bras]]"
1845,119758,Kenneth Cole New York Women's Mixed Media Flared Dress,"[[Clothing, Shoes & Jewelry,K,Kenneth Cole New York],[Clothing, Shoes & Jewelry,Women,Clothing,Dresses,Wear to Work]]"
1846,119800,KS Tourbillon Automatic Mechanical Date White Dial Mens Sport Wrist Watch KS004,"[[Clothing, Shoes & Jewelry,Men,Watches,Wrist Watches]]"
1847,119830,"(73851R) Classic Designs Cap Sleeve Heather Stripe Stretch Jersey Maxi Dress / Cover Up in Coral, Small","[[Clothing, Shoes & Jewelry,Women,Clothing,Dresses,Casual]]"
1848,119868,BCBGeneration Women's Izzie2 Pump,"[[Clothing, Shoes & Jewelry,Shoes & Accessories: International Shipping Available],[Clothing, Shoes & Jewelry,B,BCBGeneration],[Clothing, Shoes & Jewelry,Women,Shoes,Flats]]"
1849,119875,Penny Loves Kenny Women's Farley Flat,"[[Clothing, Shoes & Jewelry,Shoes & Accessories: International Shipping Available],[Clothing, Shoes & Jewelry,P,Penny Loves Kenny],[Clothing, Shoes & Jewelry,Women,Shoes,Flats]]"
1850,119900,Skechers Women's Go 2 Running Shoe,"[[Clothing, Shoes & Jewelry,Shoes & Accessories: International Shipping Available],[Clothing, Shoes & Jewelry,S,Skechers],[Clothing, Shoes & Jewelry,Comfort Shoes],[Clothing, Shoes & Jewelry,Women,Shoes,Athletic,Running]]"
1851,119990,8 Pairs of Silver with Black Multifaceted Oval Shaped Stone Clip On Earrings,"[[Clothing, Shoes & Jewelry,Women],[Clothing, Shoes & Jewelry,Novelty, Costumes & More,Novelty,Jewelry,Earrings]]"
1852,120018,"KONOV Jewelry Black Leather Men's Bracelet Stainless Steel Clasp, Black Silver - 8&quot;, 8.5&quot;, 9&quot;","[[Clothing, Shoes & Jewelry,Men,Jewelry,Bracelets,Link],[Clothing, Shoes & Jewelry,Novelty, Costumes & More,Novelty,Jewelry,Bracelets]]"
1853,120048,Forever Women's Chunky Cable Knitted Cricket Jumper,"[[Clothing, Shoes & Jewelry,Women,Clothing,Sweaters,Pullovers],[Clothing, Shoes & Jewelry,Women,Petite,Sweaters,Pullovers]]"
1854,120072,Jockey Women's Shirred Knee Judo Legging,"[[Sports & Outdoors,Clothing,Women,Tights & Leggings],[Clothing, Shoes & Jewelry,Women,Clothing,Active,Active Leggings]]"
1855,120107,Florsheim Men's Dorado Sporty Slip-On,"[[Clothing, Shoes & Jewelry,Shoes & Accessories: International Shipping Available],[Clothing, Shoes & Jewelry,F,Florsheim],[Clothing, Shoes & Jewelry,Men,Shoes,Loafers & Slip-Ons]]"
1856,120294,Man Irregular Hem Houndstooth Peaked Lapel Long Sleeve Black White S,"[[Clothing, Shoes & Jewelry,Men,Clothing,Suits & Sport Coats,Sport Coats & Blazers],[Clothing, Shoes & Jewelry,Men,Big & Tall]]"
1857,120295,Body Accentz&trade; Belly Button Ring Navel Double Gem Flower Rose Body Jewelry 14 Gauge HO606PU,"[[Clothing, Shoes & Jewelry,Women],[Clothing, Shoes & Jewelry,Novelty, Costumes & More,Novelty,Jewelry],[Clothing, Shoes & Jewelry,Novelty, Costumes & More,Body Jewelry,Piercing Jewelry,Barbells]]"
1858,120329,Backwards Watch,"[[Clothing, Shoes & Jewelry,Women,Watches,Wrist Watches]]"
1859,120433,Patty Women's Ribbed Long Sleeve Curve Hem Bell Cuff Knit Jumper,"[[Clothing, Shoes & Jewelry,Women,Clothing,Sweaters,Cardigans]]"
1860,120465,Incredible Hulk - Smash Costume T-Shirt,"[[Clothing, Shoes & Jewelry,Men],[Clothing, Shoes & Jewelry,Novelty, Costumes & More,Novelty,Clothing,Men,Shirts,T-Shirts]]"
1861,120530,"KONOV Jewelry Red Stone Vintage Stainless Steel Dragon Clow Men's Ring, Color Red Black","[[Clothing, Shoes & Jewelry,Men,Jewelry,Rings],[Clothing, Shoes & Jewelry,Novelty, Costumes & More,Novelty,Jewelry,Rings]]"
1862,120575,Large 18mm Sapphire Color Dark Blue Crystal Choker Necklace with 2.5&quot; Adjustable Length.,"[[Clothing, Shoes & Jewelry,Women],[Clothing, Shoes & Jewelry,Novelty, Costumes & More,Novelty,Jewelry,Necklaces & Pendants]]"
1863,120600,"Diamond Butterfly Heart Pendant with Yellow and Rose Gold Overlay, 18 Inches","[[Clothing, Shoes & Jewelry,Diamonds],[Clothing, Shoes & Jewelry,Women],[Clothing, Shoes & Jewelry,Novelty, Costumes & More,Novelty,Jewelry,Necklaces & Pendants]]"
1864,120615,Top Holiday Deals - Christmas Gifts - Swarovski Austrian Crystal Elements Snowflake Pendant Necklace - 18 Inch Chain 18k Platinum Electroplate - White Diamond,"[[Clothing, Shoes & Jewelry,Novelty, Costumes & More,Novelty,Jewelry,Necklaces & Pendants]]"
1865,120706,Fashion Plaza &amp; Multi-color Crystal Flower Ring (Available in Sizes 5 6 7 8 9) R79,"[[Clothing, Shoes & Jewelry,Three, Five & Seven Stone Jewelry,Five-Stone Jewelry],[Clothing, Shoes & Jewelry,Women],[Clothing, Shoes & Jewelry,Novelty, Costumes & More,Novelty,Jewelry,Rings]]"
1866,120803,I By Invicta Men's 41704-002 Stainless Steel Blue Dial Watch,"[[Clothing, Shoes & Jewelry,New Arrivals],[Clothing, Shoes & Jewelry,Jewelry: International Shipping Available],[Clothing, Shoes & Jewelry,Fashion Watches],[Clothing, Shoes & Jewelry,Available for International Shipping],[Clothing, Shoes & Jewelry,Invicta],[Clothing, Shoes & Jewelry,Men,Watches,Wrist Watches],[Clothing, Shoes & Jewelry,Novelty, Costumes & More,Watch Accessories]]"
1867,120977,OshKosh B'gosh Baby Boys Henley Thermal Bodysuit (6M-24M),"[[Clothing, Shoes & Jewelry,Baby,Baby Boys,Clothing,Bodysuits]]"
1868,121028,Disney Tinkerbell T-Shirt White Glitter Flowers Plus Size Tee,"[[Clothing, Shoes & Jewelry,Women,Clothing,Tops & Tees,Knits & Tees],[Clothing, Shoes & Jewelry,Women,Juniors,Tops & Tees,Knits & Tees]]"
1869,121050,Red Polka Dot Retro White Trim Pin up Women's Swimsuit Swimwear Bikini - X-Large,"[[Clothing, Shoes & Jewelry,Women,Clothing,Swimsuits & Cover Ups,Bikinis]]"
1870,121147,Nautica Men's Vegetable Tanned Trifold Wallet,"[[Clothing, Shoes & Jewelry,N,Nautica],[Clothing, Shoes & Jewelry,Men,Accessories,Wallets, Card Cases & Money Organizers,Wallets],[Clothing, Shoes & Jewelry,Novelty, Costumes & More,Band & Music Fan,Accessories]]"
1871,121148,Michael Kors Women's MK5216 Chronograph Tortoise Watch,"[[Clothing, Shoes & Jewelry,New Arrivals],[Clothing, Shoes & Jewelry,Fashion Watches],[Clothing, Shoes & Jewelry,Michael Kors Watches],[Clothing, Shoes & Jewelry,Women,Watches,Wrist Watches],[Clothing, Shoes & Jewelry,Women's Luxury Brands]]"
1872,121185,U.S. Polo Assn. Men's Solid Polo Shirt with Small Pony,"[[Clothing, Shoes & Jewelry,Men,Clothing,Shirts,Polos],[Clothing, Shoes & Jewelry,Men,Big & Tall]]"
1873,121240,Platinum Plated Sterling Silver Swarovski Zirconia 2 cttw Princess Earrings,"[[Clothing, Shoes & Jewelry,Jewelry: International Shipping Available],[Clothing, Shoes & Jewelry,Amazon Curated Collection],[Clothing, Shoes & Jewelry,Women,Jewelry,Fine,Earrings,Drop & Dangle],[Clothing, Shoes & Jewelry,Women,Jewelry,Fashion,Earrings,Drop & Dangle],[Clothing, Shoes & Jewelry,Novelty, Costumes & More,Novelty]]"
1874,121266,Shrek Gingerbread Man Costume,"[[Clothing, Shoes & Jewelry,Novelty, Costumes & More,Costumes & Accessories,Costumes,Men]]"
1875,121305,Forum Knight Of The Round Table Costume,"[[Clothing, Shoes & Jewelry,Novelty, Costumes & More,Costumes & Accessories,Costumes,Men]]"
1876,121329,crocs 14803 CC Ariel Clog (Toddler/Little Kid),"[[Clothing, Shoes & Jewelry,Shoes & Accessories: International Shipping Available],[Clothing, Shoes & Jewelry,C,crocs],[Clothing, Shoes & Jewelry,Girls,Shoes,Clogs & Mules],[Clothing, Shoes & Jewelry,Girls,Shoes,Sandals],[Clothing, Shoes & Jewelry,Boys,Shoes,Clogs & Mules]]"
1877,121338,"Vivid Fuse Brief w/Almost Naked, Yellow, X-Small","[[Clothing, Shoes & Jewelry,Men,Clothing,Underwear,Briefs]]"
1878,121378,California Costumes Women's Adult Deluxe Marilyn Costume,"[[Clothing, Shoes & Jewelry,Novelty, Costumes & More,Costumes & Accessories,Costumes,Women]]"
1879,121443,Bali Women's 3-Pack Solid Microfiber Full Brief Panty,"[[Clothing, Shoes & Jewelry,Women,Clothing,Lingerie, Sleep & Lounge,Intimates,Panties,Briefs],[Clothing, Shoes & Jewelry,Women,Plus-Size]]"
1880,121558,STR-0004 New 316L Stainless Steel 3 Connected Piece Ring IP Rose Gold Center; Comes With FREE Gift Box,"[[Clothing, Shoes & Jewelry,Women],[Clothing, Shoes & Jewelry,Novelty, Costumes & More,Novelty,Jewelry,Rings]]"
1881,121650,Colored Simulated Pearl Cluster Drop Earrings,"[[Clothing, Shoes & Jewelry,Jewelry: International Shipping Available],[Clothing, Shoes & Jewelry,Amazon Curated Collection],[Clothing, Shoes & Jewelry,Women,Jewelry,Fashion,Earrings,Drop & Dangle],[Clothing, Shoes & Jewelry,Novelty, Costumes & More,Novelty],[Clothing, Shoes & Jewelry,Test Women AAQ]]"
1882,121654,EatSmart Precision Voyager Digital Luggage Scale w/ 110 lb. Capacity &amp; SmartGrip,"[[Clothing, Shoes & Jewelry,Luggage & Travel Gear,Travel Accessories,Luggage Scales]]"
1883,121674,eBags Padded Pouches - 3 pc Set,"[[Clothing, Shoes & Jewelry,Luggage & Travel Gear,Travel Accessories,Packing Organizers]]"
1884,121695,J.TOMSON Mens 3/4 Sleeve Raglan T-Shirt,"[[Clothing, Shoes & Jewelry,Men,Clothing,Shirts,Henleys]]"
1885,121736,Pink Soft Foam Velour Princess Cone Hat,"[[Clothing, Shoes & Jewelry,Novelty, Costumes & More,Costumes & Accessories,Hats & Caps,Kids & Baby]]"
1886,121790,Hanes Women's Cotton Sporty String Bikinis,"[[Clothing, Shoes & Jewelry,Women,Clothing,Lingerie, Sleep & Lounge,Intimates,Panties,Bikinis]]"
1887,121848,"Lobe Lube - Premium, All Natural Ear Gauging Lubricant Balm for ear gauges. Works with all Tapers, Tunnels and Plugs","[[Clothing, Shoes & Jewelry,Novelty, Costumes & More,Body Jewelry,Piercing Jewelry,Tapers]]"
1888,122075,Nautica Ladies Heybrook Round Laced Cozy House Slipper,"[[Clothing, Shoes & Jewelry,N,Nautica],[Clothing, Shoes & Jewelry,Women,Shoes,Slippers]]"
1889,122197,Qupid Women's POTION62 Pointy Toe High Heel Stiletto Pump Shoes,"[[Clothing, Shoes & Jewelry,Women,Shoes,Pumps]]"
1890,122459,Dockers Women's Jean Fix Skinny Jean,"[[Clothing, Shoes & Jewelry,D,Dockers],[Clothing, Shoes & Jewelry,Women,Clothing,Jeans],[Clothing, Shoes & Jewelry,Women,Petite,Jeans]]"
1891,122499,Myia Passiello &quot;Timeless&quot; Swarovski Zirconia Round Halo Ring,"[[Clothing, Shoes & Jewelry,Jewelry: International Shipping Available],[Clothing, Shoes & Jewelry,Shop by Designer],[Clothing, Shoes & Jewelry,Boutique Designer Jewelry],[Clothing, Shoes & Jewelry,Women,Jewelry,Fashion],[Clothing, Shoes & Jewelry,Novelty, Costumes & More,Novelty]]"
1892,122590,Stride Rite SRT Darling Dora Sneaker (Toddler),"[[Clothing, Shoes & Jewelry,Shoes & Accessories: International Shipping Available],[Clothing, Shoes & Jewelry,S,Stride Rite],[Clothing, Shoes & Jewelry,Girls,Shoes,Sneakers],[Clothing, Shoes & Jewelry,Boys,Shoes,Sneakers]]"
1893,122683,Volcom Men's Lo-Fi Sneaker,"[[Clothing, Shoes & Jewelry,Shoes & Accessories: International Shipping Available],[Clothing, Shoes & Jewelry,Motorcycle & ATV Casual Footwear,Shoes],[Clothing, Shoes & Jewelry,Street, Surf & Skate],[Clothing, Shoes & Jewelry,Men,Shoes,Fashion Sneakers],[Clothing, Shoes & Jewelry,Men,Surf, Skate & Street,Shoes,Fashion Sneakers]]"
1894,122749,G2 Chic Women's Wool Varsity Jacket,"[[Clothing, Shoes & Jewelry,Women,Clothing,Coats & Jackets,Wool & Blends]]"
1895,122789,Carter's Baby Girls' Screenprint Tee (Baby),"[[Clothing, Shoes & Jewelry,Baby,Baby Girls,Clothing,Tops,Tees]]"
1896,122793,Mission Belt Men's Leather Ratchet Belt,"[[Clothing, Shoes & Jewelry,Men,Accessories,Belts]]"
1897,123029,WallFlower Juniors Basic Sassy Skinny Jeans in Mia Size: 17,"[[Clothing, Shoes & Jewelry,Women,Clothing,Jeans],[Clothing, Shoes & Jewelry,Women,Juniors,Jeans]]"
1898,123041,Pro Jewelry .925 Sterling Silver Glass &quot;Multicolor Swirls&quot; Charm Bead for Snake Chain Charm Bracelets 5329,"[[Clothing, Shoes & Jewelry,Women],[Clothing, Shoes & Jewelry,Novelty, Costumes & More,Novelty,Jewelry,Charms]]"
1899,123100,Sanuk Women's Yoga Serenity Flip Flop,"[[Clothing, Shoes & Jewelry,Shoes & Accessories: International Shipping Available],[Clothing, Shoes & Jewelry,S,Sanuk],[Clothing, Shoes & Jewelry,Comfort Shoes],[Clothing, Shoes & Jewelry,Street, Surf & Skate],[Clothing, Shoes & Jewelry,Women,Shoes,Sandals]]"
1900,123415,Miusol Women's Keyhole with Metal Buckle Open-Chest Bodycon Pencil Party Dress,"[[Clothing, Shoes & Jewelry,Women,Clothing,Dresses,Night Out & Cocktail]]"
1901,123433,Dickies Men's 11 Inch Denim Carpenter Short,"[[Clothing, Shoes & Jewelry,D,Dickies],[Clothing, Shoes & Jewelry,Novelty, Costumes & More,Work Wear & Uniforms,Clothing,Work Utility & Safety,Men,Shorts]]"
1902,123511,Crocs Beach Clog,"[[Clothing, Shoes & Jewelry,Shoes & Accessories: International Shipping Available],[Clothing, Shoes & Jewelry,C,crocs],[Clothing, Shoes & Jewelry,Comfort Shoes],[Clothing, Shoes & Jewelry,Women,Shoes,Sandals],[Clothing, Shoes & Jewelry,Men,Shoes]]"
1903,123572,"Avenue Women's Plaid Button Front Tunic Shirt, 22/24 Fuchsia","[[Clothing, Shoes & Jewelry,Women,Clothing,Tops & Tees,Tunics],[Clothing, Shoes & Jewelry,Women,Plus-Size,Tops & Tees,Tunics]]"
1904,123678,Lee Boys 8-20 Husky Premium Select Straight Leg Jean,"[[Clothing, Shoes & Jewelry,Boys,Clothing,Jeans]]"
1905,123819,HDE Women's Knit Chunky Winter Cowl Infinity Circle Scarf,"[[Clothing, Shoes & Jewelry,Women,Accessories,Scarves & Wraps,Fashion Scarves]]"
1906,123839,Dickies Men's Sanded Duck Detachable Hooded Jacket,"[[Clothing, Shoes & Jewelry,D,Dickies],[Clothing, Shoes & Jewelry,Men,Clothing,Jackets & Coats]]"
1907,124007,KONOV Jewelry Men's Stainless Steel Necklace Chain - Black Silver - Length 22 inch,"[[Clothing, Shoes & Jewelry,Men,Jewelry,Necklaces],[Clothing, Shoes & Jewelry,Novelty, Costumes & More,Novelty,Jewelry,Necklaces & Pendants]]"
1908,124106,Stainless Steel Rolex-Style CZ Bracelet for Father's Day,"[[Clothing, Shoes & Jewelry,Men],[Clothing, Shoes & Jewelry,Novelty, Costumes & More,Novelty]]"
1909,124135,Ray-Ban Aviator Non-Polarized Sunglasses,"[[Clothing, Shoes & Jewelry,Shoes & Accessories: International Shipping Available],[Clothing, Shoes & Jewelry,R,Ray-Ban],[Clothing, Shoes & Jewelry,Men,Accessories,Sunglasses & Eyewear Accessories,Sunglasses]]"
1910,124154,Firefly Serenity Keep Calm &amp; Bring Grenades Brown Juniors T-Shirt,"[[Clothing, Shoes & Jewelry,Girls],[Clothing, Shoes & Jewelry,Novelty, Costumes & More,Novelty,Clothing,Girls,Tops & Tees,T-Shirts]]"
1911,124166,Birkenstock Amsterdam Clog,"[[Clothing, Shoes & Jewelry,Shoes & Accessories: International Shipping Available],[Clothing, Shoes & Jewelry,B,Birkenstock],[Clothing, Shoes & Jewelry,Comfort Shoes],[Clothing, Shoes & Jewelry,Women],[Clothing, Shoes & Jewelry,Men]]"
1912,124218,DOOBALLO Women's gladiator sandal Medusa,"[[Clothing, Shoes & Jewelry,Women,Shoes,Sandals]]"
1913,124288,Fedora with Pleated Satin Band - Red W18S44D,"[[Clothing, Shoes & Jewelry,Men,Accessories,Hats & Caps,Fedoras]]"
1914,124441,Leveret Boys &quot;Turkey&quot; Pajama Cotton (2 Piece),"[[Clothing, Shoes & Jewelry,Boys,Clothing,Sleepwear & Robes,Pajama Sets]]"
1915,124456,New Amore La Vita Sterling Silver CZ Fleur de Lis Charm with Lobster Clasp,"[[Clothing, Shoes & Jewelry,Women,Jewelry,Fine,Charms & Charm Bracelets,Charms,Clasp],[Clothing, Shoes & Jewelry,Novelty, Costumes & More,Novelty]]"
1916,124556,Champion Women's Absolute Workout Short,"[[Sports & Outdoors,Clothing,Women,Shorts,Workout Shorts],[Clothing, Shoes & Jewelry,Women,Clothing,Active,Active Shorts]]"
1917,124620,Latico Harlow Cross-Body,"[[Clothing, Shoes & Jewelry,Shoes & Accessories: International Shipping Available],[Clothing, Shoes & Jewelry,L,Latico],[Clothing, Shoes & Jewelry,Women,Handbags & Wallets,Cross-Body Bags]]"
1918,124716,HDE Women's Digital Print Pattern Sexy Stretch Leggings,"[[Clothing, Shoes & Jewelry,Women],[Clothing, Shoes & Jewelry,Novelty, Costumes & More,Novelty,Clothing,Women,Leggings]]"
1919,124818,Star Trek - TNG I'm Number One Men's T-Shirt,"[[Clothing, Shoes & Jewelry,Men,Clothing,Shirts,T-Shirts],[Clothing, Shoes & Jewelry,Novelty, Costumes & More,Band & Music Fan,T-Shirts]]"
1920,124824,Ladies' Ploy Urethane Leather Shoulder Bag/ Envelope Case (Model: B010280),"[[Clothing, Shoes & Jewelry,Luggage & Travel Gear,Messenger Bags]]"
1921,124831,"Speedo Women's Active Halter Swimsuit Top, Teal, 8","[[Clothing, Shoes & Jewelry,S,Speedo],[Clothing, Shoes & Jewelry,Women,Clothing,Swimsuits & Cover Ups,Bikinis]]"
1922,124845,Carhartt Men's Detroit Belt,"[[Clothing, Shoes & Jewelry,Men,Accessories,Belts]]"
1923,124958,Ed Hardy Flip Flop for Men - Black,"[[Clothing, Shoes & Jewelry,E,Ed Hardy],[Clothing, Shoes & Jewelry,Street, Surf & Skate],[Clothing, Shoes & Jewelry,Men,Shoes,Sandals]]"
1924,124966,Alexander Del Rossa Women's Romeo and Juliet Bell Sleeve Victorian Nightgown,"[[Clothing, Shoes & Jewelry,Women,Clothing,Lingerie, Sleep & Lounge,Sleep & Lounge,Nightgowns & Sleepshirts],[Clothing, Shoes & Jewelry,Women,Petite,Sleep & Lounge,Nightgowns & Sleepshirts]]"
1925,125149,Capelli New York Eyelets And Laces Ladies Short Fisherman Body Rubber Rain Boot Elite Navy 7,"[[Clothing, Shoes & Jewelry,Boot Shop,Women,Outdoor & Work,Rain],[Clothing, Shoes & Jewelry,Women,Shoes,Boots],[Clothing, Shoes & Jewelry,Women,Shoes,Outdoor,Rain Footwear]]"
1926,125214,Columbia Girls 7-16 Youth Double Trouble Beanie,"[[Sports & Outdoors,Clothing,Girls,Accessories,Hats & Caps,Cold Weather Hats],[Sports & Outdoors,Clothing,Boys,Accessories,Hats & Caps,Cold Weather Hats],[Clothing, Shoes & Jewelry,Girls,Accessories,Cold Weather,Hats & Caps],[Clothing, Shoes & Jewelry,Girls,Accessories,Hats & Caps]]"
1927,125319,6mm Gold IP Titanium Plain Mirror Glassy Comfort Fit Wedding Band Ring; Comes With Free Gift Box,"[[Clothing, Shoes & Jewelry,Women],[Clothing, Shoes & Jewelry,Novelty, Costumes & More,Novelty,Jewelry,Wedding & Engagement Rings,Wedding Rings]]"
1928,125338,Dickies Women's Plus-Size Relaxed Straight Stretch Twill Pant,"[[Clothing, Shoes & Jewelry,D,Dickies],[Clothing, Shoes & Jewelry,Women,Clothing,Pants,Casual],[Clothing, Shoes & Jewelry,Women,Plus-Size,Pants & Capris,Casual]]"
1929,125353,Nike Air Max 90 Essential,"[[Clothing, Shoes & Jewelry,N,Nike],[Clothing, Shoes & Jewelry,Men,Shoes,Athletic,Running]]"
1930,125380,High Polished Stainless Steel Heart Charm Cable Chain Bracelet with Toggle Clasp (Length: 7.5) - Crazy2Shop,"[[Clothing, Shoes & Jewelry,Women],[Clothing, Shoes & Jewelry,Novelty, Costumes & More,Novelty,Jewelry]]"
1931,125397,Moon &amp; Sun Vintage Diagram Black Belt Buckle,"[[Clothing, Shoes & Jewelry,Novelty, Costumes & More,Novelty,Clothing,Women,Accessories,Belt Buckles],[Clothing, Shoes & Jewelry,Novelty, Costumes & More,Novelty,Clothing,Men,Accessories,Belt Buckles]]"
1932,125430,Allegra K Women's Long Sleeve Skull Printed Stretch Pullover Shirt,"[[Clothing, Shoes & Jewelry,Women,Clothing,Tops & Tees,Blouses & Button-Down Shirts],[Clothing, Shoes & Jewelry,Women,Petite,Tops & Tees,Blouses & Button-Down Shirts,Blouses]]"
1933,125471,Timberland Pro Men's Gladstone ESD Oxford Shoe,"[[Clothing, Shoes & Jewelry,Shoes & Accessories: International Shipping Available],[Clothing, Shoes & Jewelry,T,Timberland PRO],[Clothing, Shoes & Jewelry,Men,Shoes],[Clothing, Shoes & Jewelry,Novelty, Costumes & More,Work Wear & Uniforms,Shoes,Men,Industrial & Construction]]"
1934,125475,Mens Trifold Wallet Extra Capacity 10 Inside Slots 2 ID Windows By Alpine Swiss,"[[Clothing, Shoes & Jewelry,Men,Accessories,Wallets, Card Cases & Money Organizers,Wallets],[Clothing, Shoes & Jewelry,Novelty, Costumes & More,Band & Music Fan,Accessories]]"
1935,125557,G by GUESS Women's Monica Faux-Leather Moto Jacket,"[[Clothing, Shoes & Jewelry,G,G by GUESS],[Clothing, Shoes & Jewelry,Women,Clothing,Coats & Jackets,Leather & Faux Leather]]"
1936,125607,ACORN Men's Digby Slipper,"[[Clothing, Shoes & Jewelry,Shoes & Accessories: International Shipping Available],[Clothing, Shoes & Jewelry,ACORN],[Clothing, Shoes & Jewelry,Men,Shoes,Slippers]]"
1937,125662,Kids K20 Sunglasses UV400 Rated Ages 3-10,"[[Sports & Outdoors,Accessories,Sports Sunglasses],[Clothing, Shoes & Jewelry,Women,Accessories,Sunglasses & Eyewear Accessories,Sunglasses],[Clothing, Shoes & Jewelry,Girls,Accessories,Sunglasses],[Clothing, Shoes & Jewelry,Boys,Accessories,Sunglasses]]"
1938,125702,Capezio Toddler/Little Kid Jr.Tyette N625C Tap Shoe,"[[Clothing, Shoes & Jewelry,Shoes & Accessories: International Shipping Available],[Clothing, Shoes & Jewelry,C,Capezio],[Clothing, Shoes & Jewelry,Girls,Shoes,Athletic,Dance],[Clothing, Shoes & Jewelry,Boys,Shoes,Athletic,Dance]]"
1939,125816,.925 Sterling Silver Rose Charm,"[[Clothing, Shoes & Jewelry,Women],[Clothing, Shoes & Jewelry,Novelty, Costumes & More,Novelty,Jewelry,Charms]]"
1940,125833,Frederick's of Hollywood Sequin Tube Top Womens - XS BLACK/SILVER,"[[Clothing, Shoes & Jewelry,Women,Clothing,Tops & Tees,Blouses & Button-Down Shirts]]"
1941,125862,Polo Ralph Lauren Men's 6-pairs Quarter Socks 10-13 (White),"[[Sports & Outdoors,Clothing,Men,Socks],[Clothing, Shoes & Jewelry,P,Polo Ralph Lauren],[Clothing, Shoes & Jewelry,Men,Clothing,Active,Athletic Socks]]"
1942,125930,Dora the Explorer &quot;Beach Explorer&quot; Pink/Purple Ballet Flats Kids Jellies,"[[Clothing, Shoes & Jewelry,Girls,Shoes,Flats]]"
1943,125979,Raya Sun Women's Diagonal Tie Dye Swing Dress,"[[Clothing, Shoes & Jewelry,Women,Clothing,Dresses,Casual],[Clothing, Shoes & Jewelry,Women,Petite,Dresses,Casual]]"
1944,126013,Suncloud Patrol Polarized Sunglasses,"[[Sports & Outdoors,Accessories,Sports Sunglasses],[Sports & Outdoors,Clothing,Men,Accessories,Sunglasses],[Clothing, Shoes & Jewelry,Men,Accessories,Sunglasses & Eyewear Accessories,Sunglasses]]"
1945,126140,Western Rhinestone Buckle Plain Leather Belt,"[[Clothing, Shoes & Jewelry,Women,Accessories,Belts]]"
1946,126203,LIC Leather Neck Pouch,"[[Clothing, Shoes & Jewelry,Luggage & Travel Gear,Travel Accessories,Travel Wallets]]"
1947,126283,Yazilind Tibetan Silver Rimous Green Turquoise Inlay Butterfly Bead Bangle Bracelet,"[[Clothing, Shoes & Jewelry,Women],[Clothing, Shoes & Jewelry,Novelty, Costumes & More,Novelty,Jewelry,Bracelets]]"
1948,126313,Your Gallery Backless One Piece Monokini Halter Pad Bikini Swimsuits Swimwear,"[[Sports & Outdoors,Boating & Water Sports,Swimming,Swimwear,Women,Two-Piece Suits],[Clothing, Shoes & Jewelry,Women]]"
1949,126369,.925 Sterling Silver Round Blue Cubic Zirconia Stud Earrings,"[[Clothing, Shoes & Jewelry,Women],[Clothing, Shoes & Jewelry,Novelty, Costumes & More,Novelty,Jewelry,Earrings]]"
1950,126391,Lily of France Women's Dynamic Duo Seamless Bralette and Hipster Set,"[[Clothing, Shoes & Jewelry,Women,Clothing,Lingerie, Sleep & Lounge,Intimates,Lingerie Sets]]"
1951,126417,20pcs Colorful Rhinestone Steel Screw Nose Rings Studs Bar Pin Piercing Jewelry,"[[Clothing, Shoes & Jewelry,Jewelry Outlet],[Clothing, Shoes & Jewelry,Women],[Clothing, Shoes & Jewelry,Novelty, Costumes & More,Novelty,Jewelry],[Clothing, Shoes & Jewelry,Novelty, Costumes & More,Body Jewelry,Piercing Jewelry,Screws]]"
1952,126421,Skechers Men's Energy Afterburn Lace Up,"[[Clothing, Shoes & Jewelry,Shoes & Accessories: International Shipping Available],[Clothing, Shoes & Jewelry,S,Skechers],[Clothing, Shoes & Jewelry,Comfort Shoes],[Clothing, Shoes & Jewelry,Men,Shoes,Athletic,Running],[Clothing, Shoes & Jewelry,Novelty, Costumes & More,Work Wear & Uniforms]]"
1953,126443,MBOX Vintage blue eyes owl charm long necklace cute pendant retro jewelry With Gift Box,"[[Clothing, Shoes & Jewelry,Women],[Clothing, Shoes & Jewelry,Novelty, Costumes & More,Novelty,Jewelry,Necklaces & Pendants]]"
1954,126507,The 1 for U 100% Cotton Vintage Design Long Sleeve Nightgown - Frances - White,"[[Clothing, Shoes & Jewelry,Women,Clothing,Lingerie, Sleep & Lounge,Sleep & Lounge,Nightgowns & Sleepshirts]]"
1955,126526,Rubie's Silver Metallic Cream Makeup,"[[Clothing, Shoes & Jewelry,Novelty, Costumes & More,Costumes & Accessories,More Accessories,Men]]"
1956,126574,Youyoupifa Unique Retro Design Bronze Dragonfly Openwork Cover Pocket Quartz Watch NBW0PA7102-CO3,"[[Clothing, Shoes & Jewelry,Women],[Clothing, Shoes & Jewelry,Men]]"
1957,126603,AK Anne Klein Women's Restup Pump,"[[Clothing, Shoes & Jewelry,Shoes & Accessories: International Shipping Available],[Clothing, Shoes & Jewelry,Women,Shoes,Pumps]]"
1958,126612,"NY Collection Women's Sleeveless Scoop Neck Maxi Dress, Aqua Pheasant, Medium","[[Clothing, Shoes & Jewelry,Women,Clothing,Dresses,Casual]]"
1959,126634,AMC Men's Sleeve Varsity Drawstring Hoodie with Pockets,"[[Sports & Outdoors,Clothing,Men,Track Jackets],[Clothing, Shoes & Jewelry,Men,Clothing,Active,Track & Active Jackets]]"
1960,126699,NY Collection Women's Animal-Print Sleeveless Maxi Dress with Knot Detail,"[[Clothing, Shoes & Jewelry,Women,Clothing,Dresses,Casual]]"
1961,126750,Sexy Beach Swimwear Sheer Crochet Cover Up Dress,"[[Clothing, Shoes & Jewelry,Women],[Clothing, Shoes & Jewelry,Novelty, Costumes & More,Exotic Apparel,Women,Swim]]"
1962,126881,Feetures Men's Light Cushion Quarter Socks,"[[Clothing, Shoes & Jewelry,Men,Clothing]]"
1963,126932,Large Professional Boot/shoe Shine/buff Brush - 8&quot; Long -Grey,"[[Clothing, Shoes & Jewelry,Novelty, Costumes & More,Shoe Care & Accessories,Shoe Brushes]]"
1964,126986,Girls Dress Blue Sundress Party Halloween,"[[Clothing, Shoes & Jewelry,Girls,Clothing,Dresses,Special Occasion]]"
1965,127032,"Sterling Silver and Round-Cut Amethyst, Swiss Blue Topaz, Peridot, Garnet, and Citrine&quot;J&quot; Hoop Earrings (2.50 cttw,)","[[Clothing, Shoes & Jewelry,Gemstones],[Clothing, Shoes & Jewelry,Jewelry: International Shipping Available],[Clothing, Shoes & Jewelry,Amazon Curated Collection],[Clothing, Shoes & Jewelry,Women,Jewelry,Fine,Earrings,Hoop],[Clothing, Shoes & Jewelry,Novelty, Costumes & More,Novelty]]"
1966,127044,Chunky Gold Chain Necklace,"[[Clothing, Shoes & Jewelry,Novelty, Costumes & More,Novelty,Jewelry,Necklaces & Pendants],[Clothing, Shoes & Jewelry,Novelty, Costumes & More,Costumes & Accessories,More Accessories]]"
1967,127072,Roamans Women's Plus Size English Floral Bigshirt,"[[Clothing, Shoes & Jewelry,Women,Clothing,Tops & Tees,Tunics],[Clothing, Shoes & Jewelry,Women,Plus-Size,Tops & Tees,Blouses & Button-Down Shirts],[Clothing, Shoes & Jewelry,Women,Plus-Size,Tops & Tees,Tunics]]"
1968,127107,Kamik Women's Jennifer Rain Boot,"[[Clothing, Shoes & Jewelry,Shoes & Accessories: International Shipping Available],[Clothing, Shoes & Jewelry,Winter Promo],[Clothing, Shoes & Jewelry,K,Kamik],[Clothing, Shoes & Jewelry,Boot Shop,Women,Outdoor & Work,Rain],[Clothing, Shoes & Jewelry,Women,Shoes,Boots],[Clothing, Shoes & Jewelry,Women,Shoes,Outdoor,Rain Footwear]]"
1969,127221,Scarecrow SMALL Realistic Deluxe Custom Fangs Box,"[[Beauty,Makeup,Eyes,Eye Shadow],[Clothing, Shoes & Jewelry,Novelty, Costumes & More,Band & Music Fan,Accessories],[Clothing, Shoes & Jewelry,Novelty, Costumes & More,Exotic Apparel]]"
1970,127317,"Tiana B Women's Abby Lace Dress with Scallop Edged Bodice, Black, 6","[[Clothing, Shoes & Jewelry,Women,Clothing,Dresses,Wear to Work],[Clothing, Shoes & Jewelry,Women,Clothing,Dresses,Night Out & Cocktail]]"
1971,127338,"Premium Quality Sterling Silver Plated 8.35&quot; Inch Charm Bracelet with Bead/box/barrel Clasp Fit Pandora, Chamilia and Other Major Brands Beads/charms.","[[Clothing, Shoes & Jewelry,Women],[Clothing, Shoes & Jewelry,Novelty, Costumes & More,Novelty,Jewelry]]"
1972,127385,Russell Athletic Men's Dri Power Crewneck Sweatshirt,"[[Sports & Outdoors,Clothing,Men,Sweaters],[Clothing, Shoes & Jewelry,Men,Clothing,Active],[Clothing, Shoes & Jewelry,Men,Big & Tall]]"
1973,127394,"Sterling Silver Etched Pendant Necklace, 18&quot;","[[Clothing, Shoes & Jewelry,Jewelry: International Shipping Available],[Clothing, Shoes & Jewelry,Amazon Curated Collection],[Clothing, Shoes & Jewelry,Women,Jewelry,Fine,Necklaces,Pendants],[Clothing, Shoes & Jewelry,Novelty, Costumes & More,Novelty]]"
1974,127427,Lucky Brand Women's Aztec Ruffle Top,"[[Clothing, Shoes & Jewelry,L,Lucky Brand],[Clothing, Shoes & Jewelry,Women,Clothing,Tops & Tees,Knits & Tees]]"
1975,127565,Reef Women's Ginger Flip Flop,"[[Clothing, Shoes & Jewelry,Shoes & Accessories: International Shipping Available],[Clothing, Shoes & Jewelry,Summer Event],[Clothing, Shoes & Jewelry,R,Reef],[Clothing, Shoes & Jewelry,Street, Surf & Skate],[Clothing, Shoes & Jewelry,Women,Shoes,Sandals]]"
1976,127603,Warm Ribbed Knitted Leg Warmers w/ Wooden Buttons LW23,"[[Clothing, Shoes & Jewelry,Women,Clothing,Socks & Hosiery,Leg Warmers],[Clothing, Shoes & Jewelry,Women,Accessories],[Clothing, Shoes & Jewelry,Women,Petite,Socks & Hosiery,Leg Warmers]]"
1977,127661,TheLees Men's Slim Stretchy China Collar Knitted Cardigan,"[[Clothing, Shoes & Jewelry,Men,Clothing,Sweaters,Cardigans]]"
1978,127785,VH Apparel - Mixed Up - Ladies &quot;Live Love Laugh&quot; 6-Pair Pack Of Anklet Socks,"[[Clothing, Shoes & Jewelry,Women,Clothing,Socks & Hosiery,Casual Socks],[Clothing, Shoes & Jewelry,Women,Petite,Socks & Hosiery,Casual Socks]]"
1979,127811,DG26 Style 5 DG Eyewear Designer Vintage Oversized Women's Sunglasses-pink,"[[Clothing, Shoes & Jewelry,Women,Accessories,Sunglasses & Eyewear Accessories,Sunglasses]]"
1980,127868,"Calvin Klein Jeans Women's Tie Waist Henley, Biro Blue, Large","[[Clothing, Shoes & Jewelry,Women,Clothing,Tops & Tees,Henleys]]"
1981,127915,Heart Two Tone Scarf Jewelry,"[[Clothing, Shoes & Jewelry,Women],[Clothing, Shoes & Jewelry,Novelty, Costumes & More,Novelty,Jewelry]]"
1982,127962,Allegra K Ladies Pullover Batwing Sleeve Zigzag Pattern Oversize Shirt,"[[Clothing, Shoes & Jewelry,Women,Clothing,Tops & Tees,Blouses & Button-Down Shirts]]"
1983,127969,Oakley Half Jacket 2.0&nbsp;Sunglasses,"[[Sports & Outdoors,Accessories,Sports Sunglasses],[Sports & Outdoors,Clothing,Men,Accessories,Sunglasses],[Clothing, Shoes & Jewelry,O,Oakley],[Clothing, Shoes & Jewelry,Men,Accessories,Sunglasses & Eyewear Accessories,Sunglasses],[Clothing, Shoes & Jewelry,Men,Accessories,Wallets, Card Cases & Money Organizers,Wallets]]"
1984,128032,"Sterling Silver Pressed Flower Teardrop Pendant Necklace, 16&quot;","[[Clothing, Shoes & Jewelry,Jewelry: International Shipping Available],[Clothing, Shoes & Jewelry,Amazon Curated Collection],[Clothing, Shoes & Jewelry,Women,Jewelry,Fine,Necklaces,Pendants],[Clothing, Shoes & Jewelry,Women,Jewelry,Fashion,Necklaces,Pendants],[Clothing, Shoes & Jewelry,Novelty, Costumes & More,Novelty]]"
1985,128111,Biopierce Push-in Top Labrets Retainers - 14g 5/16&quot; Length - Sold As Pairs,"[[Clothing, Shoes & Jewelry,Women],[Clothing, Shoes & Jewelry,Novelty, Costumes & More,Novelty,Jewelry],[Clothing, Shoes & Jewelry,Novelty, Costumes & More,Body Jewelry,Piercing Jewelry,Barbells]]"
1986,128161,TeeShirtPalace Exercise Eggs Are Sides For Bacon T-Shirt,"[[Clothing, Shoes & Jewelry,Novelty, Costumes & More,Novelty,Clothing,Men,Shirts,T-Shirts]]"
1987,128437,Champion Women's Powertrain Knee Pant,"[[Sports & Outdoors,Clothing,Women,Pants],[Clothing, Shoes & Jewelry,Women,Clothing,Active,Active Pants]]"
1988,128564,BONAMART &reg; l Flower Toddlers Infant Baby Girl Princess Headband&nbsp;Hair Band Headwear accessories Crochet Pink Size S,"[[Clothing, Shoes & Jewelry,Baby,Baby Girls,Accessories,Hair Accessories]]"
1989,129014,OshKosh B'Gosh Cosmos-13 Sneaker (Toddler/Little Kid),"[[Clothing, Shoes & Jewelry,Shoes & Accessories: International Shipping Available],[Clothing, Shoes & Jewelry,Girls,Shoes,Sneakers],[Clothing, Shoes & Jewelry,Boys,Shoes,Sneakers]]"
1990,129034,8MM Mens Tungsten Ring with Infinity Laser Etched Cross Design size 11,"[[Clothing, Shoes & Jewelry,Men,Jewelry,Rings],[Clothing, Shoes & Jewelry,Novelty, Costumes & More,Novelty]]"
1991,129133,PattyBoutik Boat Neck O Ring Cut Out Shoulder 3/4 Sleeve Blouse Top,"[[Clothing, Shoes & Jewelry,Women,Clothing,Tops & Tees,Blouses & Button-Down Shirts]]"
1992,129162,Bodyart 316L Surgical Stainless Steel 14g 7/16 Inch Anchor Crystal Rhinestone Gem Bar Navel Belly Ring Body Jewelry,"[[Clothing, Shoes & Jewelry,Women],[Clothing, Shoes & Jewelry,Novelty, Costumes & More,Novelty,Jewelry],[Clothing, Shoes & Jewelry,Novelty, Costumes & More,Body Jewelry,Piercing Jewelry,Rings]]"
1993,129180,Tifosi Women's Lust Wrap Sunglasses,"[[Sports & Outdoors,Accessories,Sports Sunglasses],[Clothing, Shoes & Jewelry,T,Tifosi],[Clothing, Shoes & Jewelry,Women,Accessories,Sunglasses & Eyewear Accessories,Sunglasses]]"
1994,129200,Interlock 8-shaped Faux Leather Buckle Elastic Belt Yellow for Lady,"[[Clothing, Shoes & Jewelry,Women,Accessories,Belts]]"
1995,129262,Two In Love! Soon To Be Mr. &amp; Mrs. (Bride &amp; Groom) Natural Canvas Tote Bag,"[[Clothing, Shoes & Jewelry,Luggage & Travel Gear]]"
1996,129309,Mavi Men's Jake Ripped Ny Vintage,"[[Clothing, Shoes & Jewelry,Men,Clothing,Jeans],[Clothing, Shoes & Jewelry,Men,Surf, Skate & Street,Clothing,Jeans]]"
1997,129434,Steve Madden Women's Shakkerr Boot,"[[Clothing, Shoes & Jewelry,Shoes & Accessories: International Shipping Available],[Clothing, Shoes & Jewelry,S,Steve Madden],[Clothing, Shoes & Jewelry,Boot Shop],[Clothing, Shoes & Jewelry,Women,Shoes,Boots]]"
1998,129508,"316L Surgical Stainless Steel Twists with Balls - 16G (1.2mm), Length 3/8'' (10mm), Ball Size 3mm, Sold as a Pair","[[Clothing, Shoes & Jewelry,Women],[Clothing, Shoes & Jewelry,Novelty, Costumes & More,Novelty,Jewelry],[Clothing, Shoes & Jewelry,Novelty, Costumes & More,Body Jewelry,Piercing Jewelry,Barbells]]"
1999,129551,WOD shorts WOD warrior 4.0,"[[Clothing, Shoes & Jewelry,Women,Clothing,Active,Active Shorts]]"
2000,129589,Lupo Second Skin Womens Zebra Long Sleeve Turtleneck Sheer Top,"[[Clothing, Shoes & Jewelry,Women,Clothing,Tops & Tees,Knits & Tees]]"
2001,129696,Nine West Women's Cassedi Peep-Toe Pump,"[[Clothing, Shoes & Jewelry,Shoes & Accessories: International Shipping Available],[Clothing, Shoes & Jewelry,N,Nine West],[Clothing, Shoes & Jewelry,Women,Shoes,Pumps]]"
2002,129700,7mm Titanium Channel Setting Cubic Zirconia Men's Eternity Band,"[[Clothing, Shoes & Jewelry,Men,Jewelry],[Clothing, Shoes & Jewelry,Novelty, Costumes & More,Novelty,Jewelry,Wedding & Engagement Rings,Wedding Rings,Eternity Rings]]"
2003,129744,Allegra K Ruffled Collar Flouncing Embellished Self Tie Bowknot Blouse for Lady,"[[Clothing, Shoes & Jewelry,Women,Clothing,Tops & Tees,Blouses & Button-Down Shirts]]"
2004,129779,"Sterling Silver, Marcasite, and Blue Epoxy Tree of Life Pendant Necklace, 18&quot;","[[Clothing, Shoes & Jewelry,Gemstones],[Clothing, Shoes & Jewelry,New Arrivals,New Jewelry],[Clothing, Shoes & Jewelry,Jewelry: International Shipping Available],[Clothing, Shoes & Jewelry,Amazon Curated Collection],[Clothing, Shoes & Jewelry,Women,Jewelry,Fashion,Necklaces,Pendants],[Clothing, Shoes & Jewelry,Women,Jewelry,Religious,Necklaces & Pendants,Pendants],[Clothing, Shoes & Jewelry,Novelty, Costumes & More,Novelty],[Clothing, Shoes & Jewelry,Test Women AAQ]]"
2005,129836,"Dollie &amp; Me Girls Short Sleeve High Low Print w/Glitter Top &amp; Printed Legging &amp; Matching Doll Garment, Turquoise Multi, 8","[[Clothing, Shoes & Jewelry,Girls,Clothing,Clothing Sets,Pant Sets]]"
2006,129965,Danskin Girls 7-16 Ultrasoft Convertible Backseam Tight,"[[Sports & Outdoors,Clothing,Girls,Tights & Leggings],[Clothing, Shoes & Jewelry,Girls,Clothing,Socks & Tights,Tights]]"
2007,130010,Reef Women's Miss J-Bay Sandal,"[[Clothing, Shoes & Jewelry,Shoes & Accessories: International Shipping Available],[Clothing, Shoes & Jewelry,R,Reef],[Clothing, Shoes & Jewelry,Street, Surf & Skate],[Clothing, Shoes & Jewelry,Women,Shoes,Sandals]]"
2008,130095,THREE (Red-Green-Black) Christmas Watch w / Crystal Rhinestones Bezel Ceramic Look,"[[Clothing, Shoes & Jewelry,Women]]"
2009,130104,Crocs Women's Adrina Flat,"[[Clothing, Shoes & Jewelry,Shoes & Accessories: International Shipping Available],[Clothing, Shoes & Jewelry,C,crocs],[Clothing, Shoes & Jewelry,Women,Shoes,Flats]]"
2010,130122,Baby BanZ UV Reversible Bucket Hat,"[[Clothing, Shoes & Jewelry,Baby,Baby Girls],[Clothing, Shoes & Jewelry,Baby,Baby Boys],[Clothing, Shoes & Jewelry,Novelty, Costumes & More,Novelty,Clothing]]"
2011,130158,Socksmith Womens Black Skeleton Knee High Socks,"[[Clothing, Shoes & Jewelry,Women],[Clothing, Shoes & Jewelry,Novelty, Costumes & More,Novelty,Clothing,Women,Socks & Hosiery,Socks]]"
2012,130168,"G2 Chic Women's British Flag Graphic Dolman Cotton Sweater Top(TOP-SWT,GRY-S)","[[Clothing, Shoes & Jewelry,Women,Clothing,Sweaters,Pullovers]]"
2013,130184,Komar Kids Boys Toddler Superman Batman 4 Piece Pajama Set,"[[Clothing, Shoes & Jewelry,Boys,Clothing,Sleepwear & Robes,Pajama Sets]]"
2014,130414,Clarks Women's Lucena Sandal,"[[Clothing, Shoes & Jewelry,Shoes & Accessories: International Shipping Available],[Clothing, Shoes & Jewelry,C,Clarks],[Clothing, Shoes & Jewelry,Comfort Shoes],[Clothing, Shoes & Jewelry,Women,Shoes,Sandals]]"
2015,130504,Lee Uniforms Juniors Original Skinny Leg Pant,"[[Clothing, Shoes & Jewelry,Women,Clothing,Pants,Casual]]"
2016,130567,Allegra K Women Plaids Single Breasted Flap Bust Pocket Drawstring Hooded Shirt,"[[Clothing, Shoes & Jewelry,Women,Clothing,Tops & Tees,Blouses & Button-Down Shirts],[Clothing, Shoes & Jewelry,Women,Petite,Tops & Tees,Blouses & Button-Down Shirts,Blouses]]"
2017,130623,Le Donne Leather Top Zip Front Slip Shoulder Bag,"[[Clothing, Shoes & Jewelry,Women,Handbags & Wallets,Shoulder Bags]]"
2018,130662,Dreamgirl Women's Plus-Size After Dark Retro Style Halter Illusion Dress,"[[Clothing, Shoes & Jewelry,Women,Plus-Size],[Clothing, Shoes & Jewelry,Novelty, Costumes & More,Exotic Apparel,Women,Dresses]]"
2019,130668,"Bohn Swimwear Ladies 3/4 Length Swim Leggings (US 10, Black)","[[Clothing, Shoes & Jewelry,Women,Clothing,Leggings]]"
2020,130738,Hanes Men's 6-Pack Over-The-Calf Tube Socks,"[[Clothing, Shoes & Jewelry,Men,Clothing,Socks,Casual Socks],[Clothing, Shoes & Jewelry,Men,Big & Tall]]"
2021,131054,H2H Men's Wrinkle Free Slim Fit Dress Shirts,"[[Clothing, Shoes & Jewelry,Men,Clothing,Shirts,Dress Shirts]]"
2022,131111,Ivanka Trump Women's Itherly Sandal,"[[Clothing, Shoes & Jewelry,Shoes & Accessories: International Shipping Available],[Clothing, Shoes & Jewelry,I,Ivanka Trump],[Clothing, Shoes & Jewelry,Women,Shoes,Pumps],[Clothing, Shoes & Jewelry,Women's Luxury Brands]]"
2023,131112,Lucky Top Baby's Jewel and Bow Tie Decorated Winter Boots Data61inf White or Fuchsia,"[[Clothing, Shoes & Jewelry,Baby,Baby Girls,Shoes,Boots]]"
2024,131191,"Stand Back, I'm Going to Try Science T-Shirt Funny Tee For Scientists","[[Clothing, Shoes & Jewelry,Men],[Clothing, Shoes & Jewelry,Novelty, Costumes & More,Novelty,Clothing,Men,Shirts,T-Shirts]]"
2025,131384,"Woman Within Women's Plus Size Top, Perfect Cotton Polo Tunic Long Sleeves","[[Clothing, Shoes & Jewelry,Women,Clothing,Tops & Tees,Polos],[Clothing, Shoes & Jewelry,Women,Petite,Tops & Tees,Polos],[Clothing, Shoes & Jewelry,Women,Plus-Size,Tops & Tees,Polos]]"
2026,131398,Opaque BodyStocking Bodysuit Spaghetti Straps Nude White or Black,"[[Clothing, Shoes & Jewelry,Women],[Clothing, Shoes & Jewelry,Novelty, Costumes & More,Exotic Apparel,Women,Bodystockings]]"
2027,131461,Classic Cotton Black Fedora Hat,"[[Clothing, Shoes & Jewelry,Women,Accessories,Hats & Caps,Fedoras]]"
2028,131558,made2envy Bodycon Midi or Mini Peplum Dress with Square Neckline,"[[Clothing, Shoes & Jewelry,Women,Clothing,Dresses,Night Out & Cocktail],[Clothing, Shoes & Jewelry,Women,Clothing,Dresses,Special Occasion]]"
2029,131570,Naturalizer Women's Julianne Flat,"[[Clothing, Shoes & Jewelry,Shoes & Accessories: International Shipping Available],[Clothing, Shoes & Jewelry,N,Naturalizer],[Clothing, Shoes & Jewelry,Women,Shoes,Fashion Sneakers]]"
2030,131659,Michael Kors Midsized Chronograph Gold Tone Womens Watch MK5055,"[[Clothing, Shoes & Jewelry,New Arrivals],[Clothing, Shoes & Jewelry,Fashion Watches],[Clothing, Shoes & Jewelry,Michael Kors Watches],[Clothing, Shoes & Jewelry,Women,Watches,Wrist Watches],[Clothing, Shoes & Jewelry,Men],[Clothing, Shoes & Jewelry,Women's Luxury Brands]]"
2031,131704,GURAIO Women's Block Striped Bodycon Pencil Dress,"[[Clothing, Shoes & Jewelry,Women,Clothing,Dresses,Night Out & Cocktail]]"
2032,131794,Retro Peacock Crystal Necklace Pendant Jewelry Vintage Style,"[[Clothing, Shoes & Jewelry,Women],[Clothing, Shoes & Jewelry,Novelty, Costumes & More,Novelty,Jewelry,Necklaces & Pendants]]"
2033,131953,Dickies Scrubs Women's Classic V-neck Top,"[[Clothing, Shoes & Jewelry,D,Dickies],[Clothing, Shoes & Jewelry,Novelty, Costumes & More,Work Wear & Uniforms,Clothing,Medical]]"
2034,132279,Baggallini Expandable Tote Bag,"[[Clothing, Shoes & Jewelry,Women,Handbags & Wallets,Shoulder Bags]]"
2035,132355,Lovely Austrian Crystal Guardian Angel Heart Wings Silver Tone Necklace for Women Teens Girls,"[[Clothing, Shoes & Jewelry,Heart-Shaped Jewelry],[Clothing, Shoes & Jewelry,Women],[Clothing, Shoes & Jewelry,Novelty, Costumes & More,Novelty,Jewelry,Necklaces & Pendants]]"
2036,132380,Clarks Women's Clarks Mimmey Anne Thong Sandal,"[[Clothing, Shoes & Jewelry,Shoes & Accessories: International Shipping Available],[Clothing, Shoes & Jewelry,C,Clarks],[Clothing, Shoes & Jewelry,Women,Shoes,Sandals]]"
2037,132446,Libian Jr Plus Size Spaghetti Strap Long Stripe Dress with Belt and Tassle,"[[Clothing, Shoes & Jewelry,Women,Clothing,Dresses,Casual],[Clothing, Shoes & Jewelry,Women,Petite,Dresses,Casual],[Clothing, Shoes & Jewelry,Women,Plus-Size,Dresses,Casual]]"
2038,132450,Doublju Mens Dress Shirt with Chest Flap,"[[Clothing, Shoes & Jewelry,Men,Clothing,Shirts,Casual Button-Down Shirts]]"
2039,132471,Ginkgo Store Brand New Korean Lady Hobo Tote PU leather handbag shoulder bag For Woman Red,"[[Clothing, Shoes & Jewelry,Women,Handbags & Wallets,Shoulder Bags]]"
2040,132505,"Girls Spaghetti Strap Sport Bra 5 Pack (34, White/Pink/White/Blue/White)","[[Clothing, Shoes & Jewelry,Girls,Clothing]]"
2041,132593,Florsheim Men's Gaffney Chukka Boot,"[[Clothing, Shoes & Jewelry,Shoes & Accessories: International Shipping Available],[Clothing, Shoes & Jewelry,F,Florsheim],[Clothing, Shoes & Jewelry,Boot Shop,Men,Fashion,Chukka],[Clothing, Shoes & Jewelry,Boot Shop,Men,Fashion,Dress],[Clothing, Shoes & Jewelry,Men,Shoes,Boots]]"
2042,132630,Florsheim Men's Roadster Penny Driving Shoe,"[[Clothing, Shoes & Jewelry,Shoes & Accessories: International Shipping Available],[Clothing, Shoes & Jewelry,F,Florsheim],[Clothing, Shoes & Jewelry,Men,Shoes,Loafers & Slip-Ons]]"
2043,132664,Landisun 3 Pairs Women Bamboo Light Purple Thick Quarter Socks BS5066,"[[Clothing, Shoes & Jewelry,Women,Clothing,Socks & Hosiery,Casual Socks]]"
2044,132699,Gold Finish Lavender Enamel Kids Girls Flower Leverback Earrings,"[[Clothing, Shoes & Jewelry,Girls,Jewelry,Earrings,Drop & Dangle],[Clothing, Shoes & Jewelry,Novelty, Costumes & More,Novelty]]"
2045,132826,"c.A.K.e by Ali Khan Jewelry Set, Montana Blue Glass Crystal Bead Cluster Necklace and Drop Earrings Set","[[Clothing, Shoes & Jewelry,Women],[Clothing, Shoes & Jewelry,Novelty, Costumes & More,Novelty,Jewelry]]"
2046,132868,Fruit of the Loom Men's 3PK Tall Man V- Neck,"[[Clothing, Shoes & Jewelry,Men,Clothing,Underwear,Undershirts],[Clothing, Shoes & Jewelry,Men,Big & Tall,Underwear,Undershirts]]"
2047,133023,Allegra K Women's Tie-bow Neck Puff Sleeve Buttoned Cuff Chiffon Blouse,"[[Clothing, Shoes & Jewelry,Women,Clothing,Tops & Tees,Blouses & Button-Down Shirts]]"
2048,133067,(Two) 2 Beautiful Silver Plated Snake Chain Classic Bead Barrel Clasp Bracelet for Beads Charms. Available All Size Used Drop Down Menu!,"[[Clothing, Shoes & Jewelry,Women],[Clothing, Shoes & Jewelry,Novelty, Costumes & More,Novelty,Jewelry]]"
2049,133180,Only Necessities Women's Plus Size Long Lounger with Bib &amp; Border Print,"[[Clothing, Shoes & Jewelry,Women,Clothing,Lingerie, Sleep & Lounge,Sleep & Lounge,Nightgowns & Sleepshirts],[Clothing, Shoes & Jewelry,Women,Petite,Sleep & Lounge,Nightgowns & Sleepshirts],[Clothing, Shoes & Jewelry,Women,Plus-Size,Sleep & Lounge,Nightgowns & Sleepshirts]]"
2050,133220,ASICS Men's Gel-Phoenix 4 Running Shoe,"[[Clothing, Shoes & Jewelry,ASICS],[Clothing, Shoes & Jewelry,Men,Shoes,Athletic,Running]]"
2051,133232,Platinum Plated Sterling Silver Swarovski Zirconia 3 cttw Princess Earrings,"[[Clothing, Shoes & Jewelry,Jewelry: International Shipping Available],[Clothing, Shoes & Jewelry,Amazon Curated Collection],[Clothing, Shoes & Jewelry,Women,Jewelry,Fine,Earrings,Drop & Dangle],[Clothing, Shoes & Jewelry,Women,Jewelry,Fashion,Earrings,Drop & Dangle],[Clothing, Shoes & Jewelry,Novelty, Costumes & More,Novelty]]"
2052,133261,Kids Dream Rose Sequin Double Mesh Flower Girl Dress Little Girl 2T-14,"[[Clothing, Shoes & Jewelry,Girls,Clothing,Dresses,Special Occasion]]"
2053,133331,Nautica Girls 2-6X Anchor Tank with Short Set,"[[Clothing, Shoes & Jewelry,N,Nautica],[Clothing, Shoes & Jewelry,Girls,Clothing,Clothing Sets,Short Sets]]"
2054,133640,Sakkas Paisley V-Neck Cap Sleeve Empire Waist Long / Maxi Dress,"[[Clothing, Shoes & Jewelry,Women,Clothing,Dresses,Casual]]"
2055,133904,Scala Women's Visor Hat With Big Brim,"[[Clothing, Shoes & Jewelry,Women,Accessories,Hats & Caps,Visors]]"
2056,134077,Pawz by Bearpaw Laguna 12 Inch EVA Boot,"[[Clothing, Shoes & Jewelry,B,Bearpaw],[Clothing, Shoes & Jewelry,Boot Shop,Women,Outdoor & Work,Snow & Cold Weather],[Clothing, Shoes & Jewelry,Women,Shoes,Boots]]"
2057,134129,asoidchi Women's Long Sleeve T-shirt,"[[Clothing, Shoes & Jewelry,Women,Clothing,Tops & Tees,Tunics]]"
2058,134161,Sakkas Big Flower Graphic Print V-neck Cap Sleeve Empire Waist Long Dress,"[[Clothing, Shoes & Jewelry,Women,Clothing,Dresses,Casual],[Clothing, Shoes & Jewelry,Women,Petite,Dresses,Casual]]"
2059,134173,Bella Vita Women's Paula II Wedge Sandal,"[[Clothing, Shoes & Jewelry,Shoes & Accessories: International Shipping Available],[Clothing, Shoes & Jewelry,B,Bella Vita],[Clothing, Shoes & Jewelry,Women,Shoes,Sandals]]"
2060,134322,HUF Men's Plant Life Socks One Size Black,"[[Clothing, Shoes & Jewelry,Men,Clothing,Socks,Casual Socks],[Clothing, Shoes & Jewelry,Men,Surf, Skate & Street,Clothing,Socks,Casual Socks]]"
2061,134423,Plus Size Sexy Sheer Black/Red Babydoll Lingerie Set,"[[Clothing, Shoes & Jewelry,Women],[Clothing, Shoes & Jewelry,Novelty, Costumes & More,Exotic Apparel,Women,Lingerie Sets]]"
2062,134503,Jockey Women's Slim Capri Flare,"[[Sports & Outdoors,Clothing,Women,Pants],[Clothing, Shoes & Jewelry,Women,Clothing,Active,Active Pants]]"
2063,134504,"ABSORBA Baby-Boys Infant Monsters Blanket Sleeper, Blue, 12 Months","[[Clothing, Shoes & Jewelry,Baby,Baby Boys,Clothing,Sleepwear & Robes,Blanket Sleepers]]"
2064,134509,"8 oz., 50/50 NuBlend&reg; Open-Bottom Sweatpants","[[Sports & Outdoors,Clothing,Men,Pants,Sweatpants],[Clothing, Shoes & Jewelry,Men,Clothing,Active,Active Pants],[Clothing, Shoes & Jewelry,Men,Big & Tall]]"
2065,134530,WonderWink Women's Scrubs Four Way Stretch Sporty Cargo Pant,"[[Clothing, Shoes & Jewelry,Women,Plus-Size],[Clothing, Shoes & Jewelry,Novelty, Costumes & More,Work Wear & Uniforms,Clothing,Medical,Women,Scrub Bottoms]]"
2066,134578,"Honeydew Intimates Women's Emma Modal and Lace Hipster, Emerald, Small","[[Clothing, Shoes & Jewelry,Women,Clothing,Lingerie, Sleep & Lounge,Intimates,Panties,Hipsters]]"
2067,134579,Allegra K Women's Crochet Peter Pan Collar Sleeveless Semi Sheer Tank Top,"[[Clothing, Shoes & Jewelry,Women,Clothing,Tops & Tees,Tanks & Camis]]"
2068,134585,Malco Modes Ruffled Lace Sissy-Length Pettipants Bloomers Dance Pant (Style N20),"[[Clothing, Shoes & Jewelry,Women],[Clothing, Shoes & Jewelry,Novelty, Costumes & More,Novelty,Clothing,Women,Underwear,Panties]]"
2069,134594,Mud Pie Tangerine Ikat Essential Tote,"[[Clothing, Shoes & Jewelry,Luggage & Travel Gear,Luggage,Travel Totes]]"
2070,134624,Retro Cateyes Vintage Style Polka Dot Cat Eye Sunglasses (White),"[[Clothing, Shoes & Jewelry,Women,Accessories,Sunglasses & Eyewear Accessories,Sunglasses]]"
2071,134652,Faceted Edge 6mm Mens and Womens Black Ceramic Wedding Band Ring Available in Sizes 5 to 13,"[[Clothing, Shoes & Jewelry,Men],[Clothing, Shoes & Jewelry,Novelty, Costumes & More,Novelty]]"
2072,134688,.925 Sterling Silver Hoops Endless Hoop Hoops Earrings Sleeper 2x14mm,"[[Clothing, Shoes & Jewelry,Women],[Clothing, Shoes & Jewelry,Novelty, Costumes & More,Novelty,Jewelry,Earrings]]"
2073,134793,"Caribbean Joe Women's Plus-Size 3/4 Sleeve Side Rouch Shirt, Big Swell, 2X","[[Clothing, Shoes & Jewelry,Women,Clothing,Tops & Tees,Knits & Tees],[Clothing, Shoes & Jewelry,Women,Plus-Size,Tops & Tees,Knits & Tees]]"
2074,134797,Atta Apparel Women's Embroidered Aum Triblend Racerback Tank Top,"[[Clothing, Shoes & Jewelry,Women],[Clothing, Shoes & Jewelry,Novelty, Costumes & More,Novelty,Clothing,Women,Tops & Tees,Tanks & Camis]]"
2075,134800,Anywear POINT Women's Injected High Lobe Clog,"[[Clothing, Shoes & Jewelry,Women,Shoes,Mules & Clogs],[Clothing, Shoes & Jewelry,Novelty, Costumes & More,Work Wear & Uniforms]]"
2076,134993,Rockport Men's DresSports 3.0 Davinton Apron Toe Oxford,"[[Clothing, Shoes & Jewelry,Shoes & Accessories: International Shipping Available],[Clothing, Shoes & Jewelry,R,Rockport],[Clothing, Shoes & Jewelry,Comfort Shoes],[Clothing, Shoes & Jewelry,Men,Shoes,Oxfords]]"
2077,135094,14G 1/2&quot; Surgical Stainless Steel Captive Bead Ring,"[[Clothing, Shoes & Jewelry,Women],[Clothing, Shoes & Jewelry,Novelty, Costumes & More,Novelty,Jewelry],[Clothing, Shoes & Jewelry,Novelty, Costumes & More,Body Jewelry,Piercing Jewelry,Rings]]"
2078,135103,.925 Sterling Silver Family Tree Of Love Pink Rose Yellow Green Bead Charm For European Charm Bracelets,"[[Clothing, Shoes & Jewelry,Women],[Clothing, Shoes & Jewelry,Novelty, Costumes & More,Novelty,Jewelry,Charms]]"
2079,135207,Dickies Scrubs Women's Gen Flex Junior Fit Contrast Warm Up,"[[Sports & Outdoors,Clothing,Women,Track Jackets],[Clothing, Shoes & Jewelry,D,Dickies],[Clothing, Shoes & Jewelry,Novelty, Costumes & More,Work Wear & Uniforms,Clothing]]"
2080,135372,"Mickey Mouse Boys Toddler Cotton Pajama Set, Multi, 4T","[[Clothing, Shoes & Jewelry,Boys],[Clothing, Shoes & Jewelry,Novelty, Costumes & More,Novelty,Clothing,Boys,Sleepwear & Robes,Pajama Sets]]"
2081,135461,Isotoner Embroidered Pearl Satin Ballerina,"[[Clothing, Shoes & Jewelry,Women,Shoes,Slippers]]"
2082,135544,"Queenberry Sterling Silver Snake Chain Bracelet W/ Two Way Flower Clasp For European Bead Charms (Available Lengths: 7.5&quot;, 8&quot;, 8.5&quot;)","[[Clothing, Shoes & Jewelry,Wedding Party Gifts,Gifts for the Bride],[Clothing, Shoes & Jewelry,Women,Jewelry,Fine,Charms & Charm Bracelets,Charm Bracelets,Snake],[Clothing, Shoes & Jewelry,Novelty, Costumes & More,Novelty]]"
2083,135592,Zehui&reg; Men's Soft Running Sports Loose Shorts Underwear Pants,"[[Sports & Outdoors,Exercise & Fitness,Running,Clothing],[Sports & Outdoors,Clothing,Men,Shorts],[Clothing, Shoes & Jewelry,Men,Clothing,Active,Active Shorts]]"
2084,135640,"Mavi Men's Matt, Dark Cooper, 30x32","[[Clothing, Shoes & Jewelry,Men,Clothing,Jeans],[Clothing, Shoes & Jewelry,Men,Big & Tall],[Clothing, Shoes & Jewelry,Men,Surf, Skate & Street,Clothing,Jeans]]"
2085,135653,Timberland Men's Earthkeepers City Chukka Boot,"[[Clothing, Shoes & Jewelry,Shoes & Accessories: International Shipping Available],[Clothing, Shoes & Jewelry,T,Timberland],[Clothing, Shoes & Jewelry,Boot Shop,Men,Fashion,Chukka],[Clothing, Shoes & Jewelry,Men,Shoes,Boots]]"
2086,135673,Unlisted Women's Pop Art,"[[Clothing, Shoes & Jewelry,Shoes & Accessories: International Shipping Available],[Clothing, Shoes & Jewelry,U,Unlisted],[Clothing, Shoes & Jewelry,Women,Shoes,Sandals]]"
2087,135708,Mens Mesh Sexy Torrid Mesh Thong Underwear by Gregg Homme,"[[Clothing, Shoes & Jewelry,Men],[Clothing, Shoes & Jewelry,Novelty, Costumes & More,Exotic Apparel,Men,G-Strings & Thongs]]"
2088,135750,Kenneth Cole Reaction Women's Checkbook Cover Clutch in Gift Box new!,"[[Clothing, Shoes & Jewelry,K,Kenneth Cole REACTION],[Clothing, Shoes & Jewelry,Women,Accessories,Wallets, Card Cases & Money Organizers,Wallets]]"
2089,135888,Hello Kitty SrippedToddler Rolling Backpack,"[[Clothing, Shoes & Jewelry,Girls],[Clothing, Shoes & Jewelry,Boys],[Clothing, Shoes & Jewelry,Luggage & Travel Gear,Backpacks,Kids' Backpacks]]"
2090,135950,The Mountain Dolphin Sky Child T-shirt,"[[Clothing, Shoes & Jewelry,Men],[Clothing, Shoes & Jewelry,Novelty, Costumes & More,Novelty,Clothing,Men,Shirts,T-Shirts]]"
2091,135980,"Dearfoams Women's DF486 Boot,Leopard,Small (Women's 5-6 M US)","[[Clothing, Shoes & Jewelry,Shoes & Accessories: International Shipping Available],[Clothing, Shoes & Jewelry,D,Dearfoams],[Clothing, Shoes & Jewelry,Women,Shoes,Slippers]]"
2092,136024,JBlue Jewelry Women's 925 Sterling Silver Ring CZ Silver Anchor Biker Polished (with Gift Bag),"[[Clothing, Shoes & Jewelry,Women],[Clothing, Shoes & Jewelry,Novelty, Costumes & More,Novelty,Jewelry,Rings]]"
2093,136224,"Set of 36 1/8&quot; Crystal Stud Earrings, 18 pairs, on nylon posts","[[Clothing, Shoes & Jewelry,Women],[Clothing, Shoes & Jewelry,Novelty, Costumes & More,Novelty,Jewelry,Earrings]]"
2094,136242,PUMA S Vulc V Kids Sneaker (Toddler/Little Kid/Big Kid),"[[Clothing, Shoes & Jewelry,Shoes & Accessories: International Shipping Available],[Clothing, Shoes & Jewelry,P,Puma],[Clothing, Shoes & Jewelry,Girls,Shoes,Sneakers],[Clothing, Shoes & Jewelry,Girls,Shoes,Athletic,Skateboarding],[Clothing, Shoes & Jewelry,Boys,Shoes,Sneakers],[Clothing, Shoes & Jewelry,Boys,Shoes,Athletic,Skateboarding]]"
2095,136314,Bali Women's Live It Up Seamless Underwire Bra #3353,"[[Clothing, Shoes & Jewelry,Women,Clothing,Lingerie, Sleep & Lounge,Intimates,Bras,Everyday Bras],[Clothing, Shoes & Jewelry,Women,Plus-Size]]"
2096,136369,Malco Modes Ribbed Cotton Stretch Belt; many colors available (Style CB2),"[[Clothing, Shoes & Jewelry,Women,Accessories,Belts]]"
2097,136489,OutofGas Clothing Women's Sleeveless Spring Coil Jersey Stretch Maxi Dress,"[[Clothing, Shoes & Jewelry,Women,Clothing,Dresses,Casual]]"
2098,136653,Van Heusen Men's Long Sleeve Oxford Dress Shirt,"[[Sports & Outdoors,Clothing,Men,Shirts,Button-Down Shirts],[Clothing, Shoes & Jewelry,Men,Clothing,Shirts,Casual Button-Down Shirts],[Clothing, Shoes & Jewelry,Men,Big & Tall]]"
2099,136665,2 Pairs of Gold Lion Stud Earrings,"[[Clothing, Shoes & Jewelry,Women],[Clothing, Shoes & Jewelry,Novelty, Costumes & More,Novelty,Jewelry,Earrings]]"
2100,136674,QT Women's Drop Cup Molded Cotton Nursing Bra,"[[Clothing, Shoes & Jewelry,Women,Maternity,Intimates,Nursing & Maternity Bras]]"
2101,136704,Ladies 2.4&quot; Width Black Textured Band Elastic Cinch Waist Belt,"[[Clothing, Shoes & Jewelry,Women],[Clothing, Shoes & Jewelry,Novelty, Costumes & More,Novelty,Clothing,Women,Accessories,Belts],[Clothing, Shoes & Jewelry,Novelty, Costumes & More,Band & Music Fan,Accessories]]"
2102,136710,Pullover Nursing Sleep Bra,"[[Clothing, Shoes & Jewelry,Women,Maternity,Intimates,Nursing & Maternity Bras],[Clothing, Shoes & Jewelry,Women,Petite]]"
2103,136819,"Amy Byer Girls 7-16 Two Tier With Shrug, Pink, 10","[[Clothing, Shoes & Jewelry,Girls,Clothing,Dresses,Special Occasion]]"
2104,136854,New Balance Men's ML574 Sneaker,"[[Clothing, Shoes & Jewelry,Shoes & Accessories: International Shipping Available],[Clothing, Shoes & Jewelry,N,New Balance],[Clothing, Shoes & Jewelry,Men,Shoes,Fashion Sneakers]]"
2105,136862,niceEshop(TM) Leaf Pendant Pandora Beads Leather Bracelet Adjustable Wirstband-Brown,"[[Clothing, Shoes & Jewelry,Women],[Clothing, Shoes & Jewelry,Novelty, Costumes & More,Novelty,Jewelry,Bracelets]]"
2106,136919,14k Yellow Gold Boston C-Link Chain Necklace,"[[Clothing, Shoes & Jewelry,Jewelry: International Shipping Available],[Clothing, Shoes & Jewelry,Plain Gold Jewelry],[Clothing, Shoes & Jewelry,Amazon Curated Collection],[Clothing, Shoes & Jewelry,Women,Jewelry,Fine,Necklaces,Chains],[Clothing, Shoes & Jewelry,Novelty, Costumes & More,Novelty]]"
2107,136966,Ros Hommerson Women's Meri Bootie,"[[Clothing, Shoes & Jewelry,Shoes & Accessories: International Shipping Available],[Clothing, Shoes & Jewelry,R,Ros Hommerson],[Clothing, Shoes & Jewelry,Women,Shoes,Boots]]"
2108,137032,Frederick's of Hollywood Rhinestone T-Strap Sandal Womens - 5.5 SILVER,"[[Clothing, Shoes & Jewelry,Women,Shoes,Sandals]]"
2109,137061,D&amp;K Women's Seamless Capri Leggings,"[[Clothing, Shoes & Jewelry,Women,Clothing,Leggings]]"
2110,137072,FIBO STEEL 316L Stainless Steel Sparkle Finish Beveled Wedding Bands 4mm Size 6,"[[Clothing, Shoes & Jewelry,Women,Handbags & Wallets,Wristlets]]"
2111,137073,Leveret Boys &quot; Pocket&quot; Pajama Set (2 Piece),"[[Clothing, Shoes & Jewelry,Boys,Clothing,Sleepwear & Robes,Pajama Sets]]"
2112,137094,Vintage Half Frame Semi-Rimless Wayfer Style Classic Optical RX Sunglasses,"[[Clothing, Shoes & Jewelry,Men,Accessories,Sunglasses & Eyewear Accessories,Sunglasses]]"
2113,137251,Nine West Women's Get Set Go Bootie,"[[Clothing, Shoes & Jewelry,Shoes & Accessories: International Shipping Available],[Clothing, Shoes & Jewelry,N,Nine West],[Clothing, Shoes & Jewelry,Women,Shoes,Boots]]"
2114,137290,niceEshop(TM) 1 Set (4pcs) Unique Vintage Antiqued Rhinestone Clover Cross Ring Set Gift For Girls-Multi Color,"[[Clothing, Shoes & Jewelry,Girls],[Clothing, Shoes & Jewelry,Novelty, Costumes & More,Novelty]]"
2115,137314,"Mickey Mouse Little Boys' Toddler &quot;Established 1928&quot; 2-Piece Outfit - royal blue, 2t","[[Clothing, Shoes & Jewelry,Boys,Clothing,Clothing Sets,Short Sets]]"
2116,137360,Handcrafted Sapphire Blue Austrian Crystal Inspire Clip On Earrings MADE WITH SWAROVSKI ELEMENTS,"[[Clothing, Shoes & Jewelry,Women],[Clothing, Shoes & Jewelry,Novelty, Costumes & More,Novelty,Jewelry,Earrings]]"
2117,137461,Cole Haan Women's Tennley Buckle Knee-High Boot,"[[Clothing, Shoes & Jewelry,Shoes & Accessories: International Shipping Available],[Clothing, Shoes & Jewelry,C,Cole Haan],[Clothing, Shoes & Jewelry,Women,Shoes,Boots]]"
2118,137701,Hot Topic Men's Trivium Black Angel Slim-Fit T-Shirt,"[[Clothing, Shoes & Jewelry,Men,Clothing,Shirts,T-Shirts]]"
2119,137727,Serenada No-Wire T-Shirt Bra 296510-38C-Black,"[[Clothing, Shoes & Jewelry,Women,Clothing,Lingerie, Sleep & Lounge,Intimates,Bras,Everyday Bras],[Clothing, Shoes & Jewelry,Women,Petite,Intimates,Bras,Everyday Bras]]"
2120,137803,Hush Puppies Women's Havana Sling Slingback Sandal,"[[Clothing, Shoes & Jewelry,Shoes & Accessories: International Shipping Available],[Clothing, Shoes & Jewelry,H,Hush Puppies],[Clothing, Shoes & Jewelry,Women,Shoes,Sandals]]"
2121,137824,"Baby Freshwater Cultured Pearl Necklace with 14k Yellow Gold (4.5mm), 13&quot;","[[Clothing, Shoes & Jewelry,Pearl Jewelry],[Clothing, Shoes & Jewelry,Jewelry: International Shipping Available],[Clothing, Shoes & Jewelry,Amazon Curated Collection],[Clothing, Shoes & Jewelry,Women,Jewelry,Fine,Necklaces,Pearl Strands],[Clothing, Shoes & Jewelry,Novelty, Costumes & More,Novelty]]"
2122,137826,Esther Williams' Girl Howdy Polka Dot Vintage White Halter One-Piece Swimsuit,"[[Clothing, Shoes & Jewelry,Women,Clothing,Swimsuits & Cover Ups,One-Pieces]]"
2123,137858,Stainless Steel Eternity Multi-Color Cz Wedding Band Ring 3mm (Size 4-10) ; Comes with Free Gift Box,"[[Clothing, Shoes & Jewelry,Women],[Clothing, Shoes & Jewelry,Novelty, Costumes & More,Novelty,Jewelry,Wedding & Engagement Rings,Wedding Rings,Eternity Rings]]"
2124,137958,"Prince Men's 8P334166-Renegade Tennis Shoe,White/Black/Red,8 M US","[[Clothing, Shoes & Jewelry,Shoes & Accessories: International Shipping Available],[Clothing, Shoes & Jewelry,P,Prince],[Clothing, Shoes & Jewelry,Men,Shoes,Athletic,Racquet Sports,Tennis]]"
2125,137987,Terramar Men's Helix Mountain Short Sleeve Tee,"[[Clothing, Shoes & Jewelry,Men,Clothing,Shirts,T-Shirts]]"
2126,137991,"Y-Shape Sterling Silver Chain and Freshwater Cultured Pearl Necklace with Swarovski Elements Sea Blue Starfish Pendant Necklace, 18&quot;","[[Clothing, Shoes & Jewelry,Pearl Jewelry],[Clothing, Shoes & Jewelry,Jewelry: International Shipping Available],[Clothing, Shoes & Jewelry,Amazon Curated Collection],[Clothing, Shoes & Jewelry,Women,Jewelry,Fine,Necklaces,Y-Necklaces],[Clothing, Shoes & Jewelry,Novelty, Costumes & More,Novelty]]"
2127,138037,"Novacas Women's Jordan Pump,Black,40 EU/10 M US","[[Clothing, Shoes & Jewelry,Shoes & Accessories: International Shipping Available],[Clothing, Shoes & Jewelry,Women,Shoes,Pumps]]"
2128,138059,Spalding Women's Capri Legging,"[[Sports & Outdoors,Clothing,Women,Tights & Leggings],[Clothing, Shoes & Jewelry,Women,Clothing,Active,Active Leggings]]"
2129,138074,Youyoupifa Red+Yellow+Green+Blue LED Light Stainless Steel Fashion Wrist Watch,"[[Clothing, Shoes & Jewelry,Women]]"
2130,138313,Jessica Simpson Women's Claudette D'Orsay Pump,"[[Clothing, Shoes & Jewelry,Shoes & Accessories: International Shipping Available],[Clothing, Shoes & Jewelry,J,Jessica Simpson],[Clothing, Shoes & Jewelry,Women,Shoes,Pumps]]"
2131,138338,ESPRIT Women's ES900642005 Play Blue Analog Watch,"[[Clothing, Shoes & Jewelry,New Arrivals],[Clothing, Shoes & Jewelry,Jewelry: International Shipping Available],[Clothing, Shoes & Jewelry,Fashion Watches],[Clothing, Shoes & Jewelry,Available for International Shipping],[Clothing, Shoes & Jewelry,E,ESPRIT],[Clothing, Shoes & Jewelry,Women,Watches,Wrist Watches]]"
2132,138342,The Big Bang Theory Soft Kitty Song Juniors T-shirt,"[[Clothing, Shoes & Jewelry,Women,Petite,Tops & Tees,Knits & Tees],[Clothing, Shoes & Jewelry,Novelty, Costumes & More,Novelty,Clothing],[Clothing, Shoes & Jewelry,Novelty, Costumes & More,Band & Music Fan,T-Shirts]]"
2133,138363,BEARPAW Women's Emma Short Boot,"[[Clothing, Shoes & Jewelry,Shoes & Accessories: International Shipping Available],[Clothing, Shoes & Jewelry,Winter Promo],[Clothing, Shoes & Jewelry,B,Bearpaw],[Clothing, Shoes & Jewelry,Boot Shop],[Clothing, Shoes & Jewelry,Women,Shoes,Boots]]"
2134,138452,Sterling Silver High Polished Teardrop Puff Drop French Wire Earrings,"[[Clothing, Shoes & Jewelry,Jewelry: International Shipping Available],[Clothing, Shoes & Jewelry,Plain Silver Jewelry],[Clothing, Shoes & Jewelry,Amazon Curated Collection],[Clothing, Shoes & Jewelry,Women,Jewelry,Fine,Earrings,Drop & Dangle],[Clothing, Shoes & Jewelry,Novelty, Costumes & More,Novelty]]"
2135,138481,Softwalk Women's Macon Slide Sandal,"[[Clothing, Shoes & Jewelry,Shoes & Accessories: International Shipping Available],[Clothing, Shoes & Jewelry,S,SoftWalk],[Clothing, Shoes & Jewelry,Comfort Shoes],[Clothing, Shoes & Jewelry,Women,Shoes,Sandals]]"
2136,138505,Sperry Top-Sider Bluefish Crib H&amp;L Boat Shoe (Infant/Toddler),"[[Clothing, Shoes & Jewelry,Shoes & Accessories: International Shipping Available],[Clothing, Shoes & Jewelry,S,Sperry Top-Sider],[Clothing, Shoes & Jewelry,Girls],[Clothing, Shoes & Jewelry,Boys,Shoes,Loafers]]"
2137,138546,Fruit of the Loom Men's Jersey Pant,"[[Sports & Outdoors,Clothing,Men,Pants,Sweatpants],[Clothing, Shoes & Jewelry,Men,Clothing]]"
2138,138938,Dickies Mens Relaxed Straight Fit Pant,"[[Clothing, Shoes & Jewelry,D,Dickies],[Clothing, Shoes & Jewelry,Men,Clothing,Pants,Casual]]"
2139,138940,6MM Ladies Eternity Titanium Ring Wedding Band with CZ sizes 4 to 9,"[[Clothing, Shoes & Jewelry,Women],[Clothing, Shoes & Jewelry,Novelty, Costumes & More,Novelty,Jewelry,Wedding & Engagement Rings,Wedding Rings,Eternity Rings]]"
2140,138973,Amour - Women Rock X-ray Skeleton Bone Skull Leggings Tights Black,"[[Clothing, Shoes & Jewelry,Women,Clothing,Leggings],[Clothing, Shoes & Jewelry,Women,Petite,Leggings]]"
2141,139003,Van Heusen Men's Regular Fit Poplin Dress Shirt,"[[Clothing, Shoes & Jewelry,Men,Clothing,Shirts,Dress Shirts]]"
2142,139018,Kattee Cute Bow Tie Color Block Bikini Set Swimsuit with Removable Pads &amp; Straps,"[[Clothing, Shoes & Jewelry,Women,Clothing,Swimsuits & Cover Ups,Bikinis]]"
2143,139055,Multi Colored Square Bead Mosaic Bracelet 5 Rows Elastic,"[[Clothing, Shoes & Jewelry,Women],[Clothing, Shoes & Jewelry,Men],[Clothing, Shoes & Jewelry,Novelty, Costumes & More,Novelty],[Clothing, Shoes & Jewelry,Novelty, Costumes & More,Band & Music Fan]]"
2144,139067,Saucony Women's Cohesion 6 Running Shoe,"[[Clothing, Shoes & Jewelry,Shoes & Accessories: International Shipping Available],[Clothing, Shoes & Jewelry,S,Saucony],[Clothing, Shoes & Jewelry,Women,Shoes,Athletic,Running]]"
2145,139093,H2H Mens Casual Solid Cotton Polo Shirts Short Sleeve of Various Colors,"[[Clothing, Shoes & Jewelry,Men,Clothing,Shirts,Polos]]"
2146,139114,"Delli Aldo Men's 18379-Black Cross Over Buckle Loafers, Black, 8.5","[[Clothing, Shoes & Jewelry,Men,Shoes,Loafers & Slip-Ons]]"
2147,139233,"Gabby Skye Women's Sleeveless Floral Dress with Belt, Black/Red, 10","[[Clothing, Shoes & Jewelry,Women,Clothing,Dresses,Casual]]"
2148,139301,Chuvora .925 Sterling Silver 35mm long Gorgeous Filigree Design w/ Genuine Marcasite and Natural Black Onyx Ring for Women - Nickle Free,"[[Clothing, Shoes & Jewelry,Women,Jewelry,Fine,Rings],[Clothing, Shoes & Jewelry,Novelty, Costumes & More,Novelty]]"
2149,139308,Naturalizer Women's Sarah Espadrille,"[[Clothing, Shoes & Jewelry,Shoes & Accessories: International Shipping Available],[Clothing, Shoes & Jewelry,N,Naturalizer],[Clothing, Shoes & Jewelry,Comfort Shoes],[Clothing, Shoes & Jewelry,Women,Shoes,Flats]]"
2150,139315,DV by Dolce Vita Women's Fae Wedge Sandal,"[[Clothing, Shoes & Jewelry,Shoes & Accessories: International Shipping Available],[Clothing, Shoes & Jewelry,D,DV by Dolce Vita],[Clothing, Shoes & Jewelry,Women,Shoes,Pumps],[Clothing, Shoes & Jewelry,Women,Shoes,Sandals]]"
2151,139373,Caiqi 519 Women's Quartz Wrist Watch Leopard Patterned Red,"[[Clothing, Shoes & Jewelry,Girls]]"
2152,139375,"Flat Chain Link Collar Necklace, 17&quot;+3&quot; Extender","[[Clothing, Shoes & Jewelry,Jewelry: International Shipping Available],[Clothing, Shoes & Jewelry,Amazon Curated Collection],[Clothing, Shoes & Jewelry,Women,Jewelry,Fashion,Necklaces],[Clothing, Shoes & Jewelry,Novelty, Costumes & More,Novelty]]"
2153,139393,ELEVATION WEAR &quot;BELIEVE IN YOURSELF&quot; Adjustable Leather Bracelet,"[[Clothing, Shoes & Jewelry,Women],[Clothing, Shoes & Jewelry,Novelty, Costumes & More,Novelty]]"
2154,139413,The Pentacle and Moon in Sterling Silver Made in America,"[[Clothing, Shoes & Jewelry,Women,Jewelry,Fine,Necklaces,Pendants],[Clothing, Shoes & Jewelry,Novelty, Costumes & More,Novelty]]"
2155,139452,Teva Women's Olowahu Sandal,"[[Clothing, Shoes & Jewelry,Shoes & Accessories: International Shipping Available],[Clothing, Shoes & Jewelry,Summer Event],[Clothing, Shoes & Jewelry,T,Teva],[Clothing, Shoes & Jewelry,Women,Shoes,Sandals],[Clothing, Shoes & Jewelry,Women,Shoes,Athletic,Sport Sandals]]"
2156,139615,316L Surgical Steel Captive Bead Ring - 10G (2.4mm) - 12mm Length - 6mm Ball - Sold as a Pair,"[[Clothing, Shoes & Jewelry,Women],[Clothing, Shoes & Jewelry,Novelty, Costumes & More,Novelty,Jewelry],[Clothing, Shoes & Jewelry,Novelty, Costumes & More,Body Jewelry,Piercing Jewelry,Rings]]"
2157,139640,Leveret Footed &quot;Bee Striped&quot; Pajama Sleeper 100% Cotton (Size 6M-5T),"[[Clothing, Shoes & Jewelry,Baby,Baby Girls,Clothing,Sleepwear & Robes,Blanket Sleepers],[Clothing, Shoes & Jewelry,Baby,Baby Boys,Clothing,Sleepwear & Robes,Blanket Sleepers]]"
2158,139668,Glamour Seven Line Diamonite Dangle Duster Crystal-&quot;CLIP ON&quot; Earrings,"[[Clothing, Shoes & Jewelry,Women],[Clothing, Shoes & Jewelry,Novelty, Costumes & More,Novelty,Jewelry,Earrings]]"
2159,139691,"14K Yellow Gold Stud Earring Aprx 1 Carat Total Weight, 4mm Each Princess Cut Simulated Diamond Earring Set on High Quality Prong Setting &amp; Friction Style Post - Crazy2Shop","[[Clothing, Shoes & Jewelry,Diamonds],[Clothing, Shoes & Jewelry,Women,Jewelry,Fine,Earrings,Stud],[Clothing, Shoes & Jewelry,Novelty, Costumes & More,Novelty]]"
2160,139703,Brinley Co Womens Buckle Detail Tall Boots,"[[Clothing, Shoes & Jewelry,Women,Shoes,Boots]]"
2161,139711,Renineic Friday the 13th Part3 Jason Hockey HORROR deluxe MASK Khaki,"[[Clothing, Shoes & Jewelry,Novelty, Costumes & More,Costumes & Accessories,Masks]]"
2162,139822,Columbia Men's Techsun III Water Shoe,"[[Clothing, Shoes & Jewelry,Shoes & Accessories: International Shipping Available],[Clothing, Shoes & Jewelry,C,Columbia],[Clothing, Shoes & Jewelry,Men,Shoes,Sandals],[Clothing, Shoes & Jewelry,Men,Shoes,Athletic,Sport Sandals],[Clothing, Shoes & Jewelry,Men,Surf, Skate & Street,Shoes,Athletic,Sport Sandals],[Clothing, Shoes & Jewelry,Men,Surf, Skate & Street,Shoes,Sandals]]"
2163,139919,Sterling Silver Turquoise Rectangle Ring,"[[Clothing, Shoes & Jewelry,Gemstones],[Clothing, Shoes & Jewelry,Jewelry: International Shipping Available],[Clothing, Shoes & Jewelry,Amazon Curated Collection],[Clothing, Shoes & Jewelry,Women,Jewelry,Fashion,Rings],[Clothing, Shoes & Jewelry,Novelty, Costumes & More,Novelty]]"
2164,139993,Ollio Women's Shoe Platform Wingtip Mary Jane High Heel Multi Color Pump,"[[Clothing, Shoes & Jewelry,Women,Shoes,Pumps]]"
2165,140017,Olga Womens Secret Hug Nylon Scoops Halfpant,"[[Clothing, Shoes & Jewelry,Women,Clothing,Active],[Clothing, Shoes & Jewelry,Women,Clothing,Lingerie, Sleep & Lounge,Intimates,Panties,Hipsters],[Clothing, Shoes & Jewelry,Women,Petite,Active],[Clothing, Shoes & Jewelry,Women,Petite,Intimates,Panties,Hipsters],[Clothing, Shoes & Jewelry,Women,Plus-Size,Intimates]]"
2166,140138,2.5 Inches Large Antique Look Decorated Sterling Silver Cross Pendant,"[[Clothing, Shoes & Jewelry,Women,Jewelry,Fine,Necklaces,Pendants],[Clothing, Shoes & Jewelry,Women,Jewelry,Religious,Necklaces & Pendants,Pendants],[Clothing, Shoes & Jewelry,Novelty, Costumes & More,Novelty]]"
2167,140249,High Sierra Powerglide Wheeled Book Bag,"[[Clothing, Shoes & Jewelry,Luggage & Travel Gear,Backpacks,Casual Daypacks]]"
2168,140264,"925 Sterling Silver Celtic Knot Band Ring, Limited time offer at special price","[[Clothing, Shoes & Jewelry,Jewelry Outlet],[Clothing, Shoes & Jewelry,Wedding Party Gifts,Gifts for the Bride],[Clothing, Shoes & Jewelry,Wedding Party Gifts,Gifts for the Groom],[Clothing, Shoes & Jewelry,Men,Jewelry,Rings],[Clothing, Shoes & Jewelry,Novelty, Costumes & More,Novelty,Jewelry,Rings]]"
2169,140344,"Little Lass Girls 2-6X 3 Piece Skirt Sequin Set, Purple, 4","[[Clothing, Shoes & Jewelry,Baby,Baby Girls,Clothing,Clothing Sets,Skirt Sets]]"
2170,140371,KONOV Jewelry Vintage Style Alloy Double Ring Pendant Adjustable Leather Cord Mens Necklace Chain,"[[Clothing, Shoes & Jewelry,Men,Jewelry,Necklaces],[Clothing, Shoes & Jewelry,Novelty, Costumes & More,Novelty,Jewelry,Necklaces & Pendants]]"
2171,140524,"Alex and Ani Initial Expandable Wire Bangle Bracelet, 7.2","[[Clothing, Shoes & Jewelry,Jewelry: International Shipping Available],[Clothing, Shoes & Jewelry,Shop by Designer],[Clothing, Shoes & Jewelry,Contemporary Designer Jewelry],[Clothing, Shoes & Jewelry,Women,Jewelry,Fashion,Bracelets,Bangle],[Clothing, Shoes & Jewelry,Novelty, Costumes & More,Novelty]]"
2172,140582,Cherokee Women's Flexibles Cotton Mock Wrap Print Scrub Top,"[[Clothing, Shoes & Jewelry,Novelty, Costumes & More,Work Wear & Uniforms,Clothing,Medical,Women,Scrub Tops]]"
2173,140673,Amour-Fashion Punk Women Solid Color Bandage Mesh BLACK/Red/Blue leggings,"[[Clothing, Shoes & Jewelry,Women],[Clothing, Shoes & Jewelry,Novelty, Costumes & More,Novelty,Clothing,Women,Leggings]]"
2174,140782,Blank WOD Shorts,"[[Clothing, Shoes & Jewelry,Women]]"
2175,140799,"Klassics 10k Gold Solid Diamond-Cut Box Chain Necklace (.48mm), 18&quot;","[[Clothing, Shoes & Jewelry,Jewelry: International Shipping Available],[Clothing, Shoes & Jewelry,Amazon Curated Collection],[Clothing, Shoes & Jewelry,Women,Jewelry,Fine,Necklaces,Chains],[Clothing, Shoes & Jewelry,Novelty, Costumes & More,Novelty]]"
2176,140956,Vampire Necklace Vintage Style Crystal Necklace Handmade Pendant Christmas Gifts (Dark Red Color),"[[Clothing, Shoes & Jewelry,Women],[Clothing, Shoes & Jewelry,Novelty, Costumes & More,Novelty]]"
2177,141033,Samsonite Luggage Silhouette Sphere Weekender Boarding Bag,"[[Clothing, Shoes & Jewelry,Luggage & Travel Gear,Luggage,Carry-Ons]]"
2178,141120,"Surgical Steel Internally Threaded 2.5 Mm Crystal Labret (16g, 5/16 Inch)","[[Clothing, Shoes & Jewelry,Women],[Clothing, Shoes & Jewelry,Novelty, Costumes & More,Novelty,Jewelry],[Clothing, Shoes & Jewelry,Novelty, Costumes & More,Body Jewelry,Piercing Jewelry,Barbells]]"
2179,141339,Calvin Klein Women's Plus-Size Halter Top with Zip Detail,"[[Clothing, Shoes & Jewelry,C,Calvin Klein],[Clothing, Shoes & Jewelry,Women,Clothing,Tops & Tees,Tanks & Camis],[Clothing, Shoes & Jewelry,Women,Plus-Size,Tops & Tees,Tanks & Camis]]"
2180,141367,Justin Boots Men's Bent Rail Round-toe Boot,"[[Clothing, Shoes & Jewelry,J,Justin Boots],[Clothing, Shoes & Jewelry,Men,Shoes,Boots]]"
2181,141369,Ed Hardy EH3344 Womens Flare Canvas Belt,"[[Clothing, Shoes & Jewelry,Women,Accessories,Belts]]"
2182,141572,Dr. Scholl's Women's Joliet Ballet Flat,"[[Clothing, Shoes & Jewelry,Shoes & Accessories: International Shipping Available],[Clothing, Shoes & Jewelry,Women,Shoes,Flats]]"
2183,141603,"Little Lass Girls 2-6x 2 Piece Ruffle Top Skimmer Set, Yellow, 5","[[Clothing, Shoes & Jewelry,Girls,Clothing,Clothing Sets,Pant Sets]]"
2184,141651,"U.S. Polo Assn. Juniors Hooded Vest with Toggles and Zipper Closure, Black, Large","[[Clothing, Shoes & Jewelry,Women,Clothing,Coats & Jackets,Vests],[Clothing, Shoes & Jewelry,Women,Juniors,Coats & Jackets,Vests]]"
2185,141652,"Kamik Women's Momentum Snow Boot,Black,6 M US","[[Clothing, Shoes & Jewelry,Shoes & Accessories: International Shipping Available],[Clothing, Shoes & Jewelry,K,Kamik],[Clothing, Shoes & Jewelry,Boot Shop,Women,Outdoor & Work,Snow & Cold Weather],[Clothing, Shoes & Jewelry,Women,Shoes,Boots],[Clothing, Shoes & Jewelry,Women,Shoes,Outdoor,Snow Boots]]"
2186,141693,Vivid Linen Wide-Leg Pants,"[[Clothing, Shoes & Jewelry,Women,Clothing,Pants,Casual]]"
2187,141703,SillyLaces Silicone Slip On Shoelaces,"[[Clothing, Shoes & Jewelry,Novelty, Costumes & More,Shoe Care & Accessories,Shoelaces]]"
2188,141740,LibbySue-Light &amp; Luxurious 100% Silk Floral &amp; Ombre Scarves in Soft Colors,"[[Clothing, Shoes & Jewelry,Women,Accessories,Scarves & Wraps,Fashion Scarves]]"
2189,141774,Dasein Ultra Grip Cell Phone Case With Stand for Samsung Galaxy S4 - Red,"[[Clothing, Shoes & Jewelry,Women,Handbags & Wallets,Shoulder Bags]]"
2190,141787,Fruit of the Loom Women's 6-Pack Crew Socks,"[[Clothing, Shoes & Jewelry,Women,Clothing,Socks & Hosiery,Dress & Trouser Socks]]"
2191,141788,ShoSho Women's Print Leggings (Plus Size),"[[Clothing, Shoes & Jewelry,Women,Clothing,Leggings],[Clothing, Shoes & Jewelry,Women,Plus-Size,Leggings]]"
2192,141824,SODAtees RUBIK'S Magic CUBE Rubiks Fun Geek Men's T-SHIRT,"[[Clothing, Shoes & Jewelry,Men,Big & Tall],[Clothing, Shoes & Jewelry,Novelty, Costumes & More,Novelty,Clothing,Men,Shirts,T-Shirts]]"
2193,141860,Reef Women's Sandy Flip Flop Sandal,"[[Clothing, Shoes & Jewelry,Shoes & Accessories: International Shipping Available],[Clothing, Shoes & Jewelry,Summer Event],[Clothing, Shoes & Jewelry,R,Reef],[Clothing, Shoes & Jewelry,Street, Surf & Skate],[Clothing, Shoes & Jewelry,Women,Shoes,Sandals]]"
2194,141886,Allegra K Lady Sleeveless Hearts Detail Skull Printed Front Casual Tank Top,"[[Clothing, Shoes & Jewelry,Women,Clothing,Tops & Tees,Blouses & Button-Down Shirts]]"
2195,141960,Capezio Girls 7-16 High-Neck Tank Leotard,"[[Sports & Outdoors,Other Sports,Dance,Clothing,Girls,Leotards],[Clothing, Shoes & Jewelry,C,Capezio],[Clothing, Shoes & Jewelry,Girls,Clothing,Active,Active Shirts & Tees]]"
2196,142153,SCER543 Sterling Silver Crystal Lever back Earrings Made with Swarovski Elements,"[[Clothing, Shoes & Jewelry,Women,Jewelry,Fashion,Earrings,Drop & Dangle],[Clothing, Shoes & Jewelry,Novelty, Costumes & More,Novelty]]"
2197,142192,Aiden Knit Christening Baptism Blessing Outfit for Boys,"[[Clothing, Shoes & Jewelry,Baby,Baby Boys,Clothing,Christening]]"
2198,142203,Fruit of the Loom Men's Big 4 Pack Pocket T-Shirt - Colors May Vary,"[[Clothing, Shoes & Jewelry,Men,Clothing,Underwear,Undershirts],[Clothing, Shoes & Jewelry,Men,Big & Tall,Underwear,Undershirts]]"
2199,142224,Komar Kids Boys 2-7 Batman Cape Uniform,"[[Clothing, Shoes & Jewelry,Boys,Clothing,Sleepwear & Robes,Pajama Sets]]"
2200,142351,Very Volatile Women's Wicker Riding Boot,"[[Clothing, Shoes & Jewelry,Shoes & Accessories: International Shipping Available],[Clothing, Shoes & Jewelry,V,Volatile],[Clothing, Shoes & Jewelry,Boot Shop,Women,Fashion,Riding],[Clothing, Shoes & Jewelry,Boot Shop,Women,Fashion,Motorcycle],[Clothing, Shoes & Jewelry,Women,Shoes,Boots]]"
2201,142353,Covina78 Strappy Sexy Stiletto Platform High Heel Women Shoe NEW,"[[Clothing, Shoes & Jewelry,Women,Shoes,Pumps]]"
2202,142512,"Hush Puppies Women's Zendal Slide Q113 Sandal,Off White Multi,8.5 XW US","[[Clothing, Shoes & Jewelry,Shoes & Accessories: International Shipping Available],[Clothing, Shoes & Jewelry,H,Hush Puppies],[Clothing, Shoes & Jewelry,Comfort Shoes],[Clothing, Shoes & Jewelry,Women,Shoes,Sandals]]"
2203,142582,Allegra K Women Scoop Neck Short Dolman Sleeve Sash-waist Casual Dress,"[[Clothing, Shoes & Jewelry,Women,Clothing,Dresses,Casual]]"
2204,142606,Luvable Friends 3-Pack Baby Pants,"[[Clothing, Shoes & Jewelry,Baby,Baby Girls,Clothing,Hoodies & Active],[Clothing, Shoes & Jewelry,Baby,Baby Boys,Clothing,Hoodies & Active]]"
2205,142667,Levi's Men's Ace Cargo Twill Short,"[[Clothing, Shoes & Jewelry,Men,Clothing,Shorts,Cargo],[Clothing, Shoes & Jewelry,Men,Big & Tall]]"
2206,142688,Spenco Yumi - Women's Sandal - Caramel/Coffee,"[[Beauty,Tools & Accessories,Nail Tools,Spa Slippers],[Clothing, Shoes & Jewelry,Women]]"
2207,142845,2 Pairs of Ladies Gold Elegant Round Ended Stud Clip-on Dangle Earrings,"[[Clothing, Shoes & Jewelry,Women],[Clothing, Shoes & Jewelry,Novelty, Costumes & More,Novelty,Jewelry,Earrings]]"
2208,142926,LibbySue-Lightweight Chain-Link Print Scarf in Your Choice of Colors,"[[Clothing, Shoes & Jewelry,Women,Accessories,Scarves & Wraps,Fashion Scarves]]"
2209,142942,Sailor Nautical Pinup Rockabilly Vintage Retro Pencil Women's Dress,"[[Clothing, Shoes & Jewelry,Women,Clothing,Dresses,Casual],[Clothing, Shoes & Jewelry,Women,Clothing,Dresses,Night Out & Cocktail]]"
2210,142944,Doctor Who Dow Ties Are Cool Juniors Royal Tee,"[[Clothing, Shoes & Jewelry,Women],[Clothing, Shoes & Jewelry,Novelty, Costumes & More,Novelty,Clothing,Women,Tops & Tees,T-Shirts]]"
2211,143071,Snoozies Skinnies - Pink Flamingos Small,"[[Clothing, Shoes & Jewelry,Women,Shoes,Slippers]]"
2212,143098,3711 Next Level Girl's Princess Long-Sleeve Cotton Tee - White - S,"[[Sports & Outdoors,Clothing,Girls,Shirts,T-Shirts],[Clothing, Shoes & Jewelry,Girls,Clothing,Active,Active Shirts & Tees]]"
2213,143150,Danskin Girls 2-6x Long-Sleeve Leotard,"[[Sports & Outdoors,Other Sports,Dance,Clothing,Girls,Leotards],[Clothing, Shoes & Jewelry,Girls,Clothing,Active,Active Shirts & Tees]]"
2214,143164,Runway 3792 Women's Stretch Round Neck Scrub Top Daybreak Medium,"[[Clothing, Shoes & Jewelry,Novelty, Costumes & More,Work Wear & Uniforms,Clothing,Medical]]"
2215,143187,Vanity Fair Women's Illumination Helenca Lace String Thong Panty 18203,"[[Clothing, Shoes & Jewelry,Women,Clothing,Lingerie, Sleep & Lounge,Intimates,Panties,G-Strings, Thongs & Tangas]]"
2216,143201,Russell Athletic Men's Big &amp; Tall Dri-Power Peformance Crewneck T-Shirt,"[[Sports & Outdoors,Clothing,Men,Shirts],[Clothing, Shoes & Jewelry,Men,Clothing,Active,Active Shirts & Tees],[Clothing, Shoes & Jewelry,Men,Big & Tall,Active,Active Shirts & Tees]]"
2217,143255,made2envy Sexy Bandage Open Back Mesh Sheer Hollow Block Club Dress,"[[Clothing, Shoes & Jewelry,Women,Clothing,Dresses,Night Out & Cocktail]]"
2218,143283,FEA Men's Tool Shaded Box Triple Face Men's T-Shirt,"[[Clothing, Shoes & Jewelry,Men,Clothing,Shirts,T-Shirts],[Clothing, Shoes & Jewelry,Novelty, Costumes & More,Novelty],[Clothing, Shoes & Jewelry,Novelty, Costumes & More,Band & Music Fan,T-Shirts]]"
2219,143326,See Kai Run Adir Wingtip (Little Kid/Big Kid),"[[Clothing, Shoes & Jewelry,Shoes & Accessories: International Shipping Available],[Clothing, Shoes & Jewelry,S,See Kai Run],[Clothing, Shoes & Jewelry,Girls,Shoes,Flats],[Clothing, Shoes & Jewelry,Girls,Shoes,Oxfords]]"
2220,143376,Dickies Womens Relaxed Straight Stretch Twill Pant,"[[Clothing, Shoes & Jewelry,D,Dickies],[Clothing, Shoes & Jewelry,Women,Clothing,Pants,Casual],[Clothing, Shoes & Jewelry,Women,Plus-Size]]"
2221,143436,Giorgio Brutini Men's 24993 Boot,"[[Clothing, Shoes & Jewelry,Shoes & Accessories: International Shipping Available],[Clothing, Shoes & Jewelry,G,Giorgio Brutini],[Clothing, Shoes & Jewelry,Boot Shop,Men,Fashion,Dress],[Clothing, Shoes & Jewelry,Men,Shoes,Boots]]"
2222,143454,Danskin Girls 7-16 Shirred Waist Bootleg Pant,"[[Sports & Outdoors,Other Sports,Dance,Clothing,Girls,Pants],[Clothing, Shoes & Jewelry,Girls,Clothing,Active,Active Pants]]"
2223,143628,Leg Avenue Women's Layered Striped Petticoat,"[[Clothing, Shoes & Jewelry,L,Leg Avenue],[Clothing, Shoes & Jewelry,Novelty, Costumes & More,Costumes & Accessories,More Accessories,Women]]"
2224,143789,AMJ Dresses Inc Girls Flower Communion Easter Dress,"[[Clothing, Shoes & Jewelry,Girls,Clothing,Dresses,Special Occasion]]"
2225,143931,Cole Haan Women's Parson Equestrian Boot,"[[Clothing, Shoes & Jewelry,Shoes & Accessories: International Shipping Available],[Clothing, Shoes & Jewelry,C,Cole Haan],[Clothing, Shoes & Jewelry,Women,Shoes,Boots]]"
2226,143940,"Isaac Mizrahi New York Women's Julia Racerback Dress, Black, 8","[[Clothing, Shoes & Jewelry,I,Isaac Mizrahi],[Clothing, Shoes & Jewelry,Women,Clothing,Dresses,Night Out & Cocktail]]"
2227,143941,"Gerber Baby-Girls Newborn 2 Pack Infant Blanket Sleepers, Monkey Heart, 6 Months","[[Clothing, Shoes & Jewelry,Baby,Baby Girls,Clothing,Sleepwear & Robes,Blanket Sleepers]]"
2228,144023,Gerber Baby-Girls  Cupcakes 5 Pack Variety Onesies Brand,"[[Clothing, Shoes & Jewelry,Baby,Baby Girls,Clothing,Bodysuits]]"
2229,144080,Roamans Women's Plus Size Kate Bigshirt,"[[Clothing, Shoes & Jewelry,Women,Clothing,Tops & Tees,Blouses & Button-Down Shirts],[Clothing, Shoes & Jewelry,Women,Petite,Tops & Tees,Blouses & Button-Down Shirts,Button-Down Shirts],[Clothing, Shoes & Jewelry,Women,Plus-Size,Tops & Tees,Blouses & Button-Down Shirts]]"
2230,144133,U.S. Polo Assn. Sport Men's US9173 Sport Watch,"[[Sports & Outdoors,Accessories,Sport Watches],[Clothing, Shoes & Jewelry,New Arrivals],[Clothing, Shoes & Jewelry,Jewelry: International Shipping Available],[Clothing, Shoes & Jewelry,Available for International Shipping],[Clothing, Shoes & Jewelry,Sport Watches],[Clothing, Shoes & Jewelry,Men,Watches,Wrist Watches]]"
2231,144339,Little Me Baby-Girls Infant Pretty Daisy Swimsuit,"[[Clothing, Shoes & Jewelry,Baby,Baby Girls,Clothing,Swim,One Pieces]]"
2232,144349,Allegra K Women's One Shoulder Asymmetrical Neck Semi Sheer Chiffon Blouse,"[[Clothing, Shoes & Jewelry,Women,Clothing,Tops & Tees,Blouses & Button-Down Shirts],[Clothing, Shoes & Jewelry,Women,Petite,Tops & Tees,Blouses & Button-Down Shirts,Blouses]]"
2233,144733,Intimate Portal Women's 100% Lace Full Coverage Wire Free Leisure Bra,"[[Clothing, Shoes & Jewelry,Women,Clothing,Lingerie, Sleep & Lounge,Intimates,Bras,Everyday Bras]]"
2234,144896,Hotronic Snapdry Boot &amp; Glove Dryer 2014,"[[Clothing, Shoes & Jewelry,Novelty, Costumes & More,Shoe Care & Accessories,Shoe Dryers]]"
2235,144897,Skechers Kids 10304L S LIGHTS - Lite Dreamz II Sneaker with blinking lights (Little Kid),"[[Clothing, Shoes & Jewelry,Shoes & Accessories: International Shipping Available],[Clothing, Shoes & Jewelry,Girls,Shoes,Sneakers],[Clothing, Shoes & Jewelry,Girls,Shoes,Athletic],[Clothing, Shoes & Jewelry,Boys,Shoes,Sneakers]]"
2236,144940,crocs Women's 14558 Cyprus IV Heel Sandal,"[[Clothing, Shoes & Jewelry,Shoes & Accessories: International Shipping Available],[Clothing, Shoes & Jewelry,C,crocs],[Clothing, Shoes & Jewelry,Comfort Shoes],[Clothing, Shoes & Jewelry,Women,Shoes,Sandals]]"
2237,144988,WIIPU women's faux fur slim outerwea overcoat rex rabbit hair outerwear(J318),"[[Clothing, Shoes & Jewelry,Women,Clothing,Coats & Jackets,Fur & Faux Fur]]"
2238,145048,Nautica Girls 2-6x Uniform Short Sleeve Woven Blouse,"[[Clothing, Shoes & Jewelry,N,Nautica],[Clothing, Shoes & Jewelry,Girls,Clothing,Tops & Tees,Blouses & Button-Down Shirts],[Clothing, Shoes & Jewelry,Girls,School Uniforms,Clothing,Tops]]"
2239,145073,"Seafolly Women's Seaview Tie Front Halter Maillot One Piece, Black, 12 US/16 AU","[[Clothing, Shoes & Jewelry,Women,Clothing,Swimsuits & Cover Ups,One-Pieces],[Clothing, Shoes & Jewelry,Women,Petite,Swim,One-Pieces],[Clothing, Shoes & Jewelry,Women's Luxury Brands]]"
2240,145171,"Sexy Padded Bikini Trikini Swimwear Swimsuit 2 PCS (Orange, S)","[[Clothing, Shoes & Jewelry,Women,Clothing,Swimsuits & Cover Ups,Bikinis]]"
2241,145173,Hanes 7.8 oz COMFORTBLEND Fleece Pullover Hoodie Ash S Hanes 7.8 oz,"[[Sports & Outdoors,Snow Sports,Skiing,Clothing,Men],[Sports & Outdoors,Clothing,Men,Hoodies],[Clothing, Shoes & Jewelry,Men,Big & Tall],[Clothing, Shoes & Jewelry,Novelty, Costumes & More,Novelty,Clothing,Men,Hoodies]]"
2242,145244,Scarleton Laser Cut Handbag H1080,"[[Clothing, Shoes & Jewelry,Women,Handbags & Wallets,Top-Handle Bags]]"
2243,145285,VIVILLI Boutique Vintage Shine Soft Leather Charming Shopper Office Tote Purse Satchel Leather Handbag,"[[Clothing, Shoes & Jewelry,Women,Handbags & Wallets,Top-Handle Bags],[Clothing, Shoes & Jewelry,Women,Handbags & Wallets,Shoulder Bags]]"
2244,145311,American Apparel Chain-Link Solid Thigh-High Socks,"[[Clothing, Shoes & Jewelry,Women,Clothing]]"
2245,145447,Calvin Klein Men's Smooth Leather Reversible Belt,"[[Clothing, Shoes & Jewelry,Men,Accessories,Belts]]"
2246,145552,"Ivy &amp; Blu Women's Sleeveless Sweetheart Neck Dress, Key Lime Multi, 2","[[Clothing, Shoes & Jewelry,Women,Clothing,Dresses,Casual],[Clothing, Shoes & Jewelry,Women,Clothing,Dresses,Wear to Work]]"
2247,145576,Qossi Women's Popular Candy-Colored Seashells Style Tote Bag Jelly Bag Handbags,"[[Clothing, Shoes & Jewelry,Women,Handbags & Wallets,Top-Handle Bags]]"
2248,145601,H2H Men's Formal Business Suit Vest,"[[Clothing, Shoes & Jewelry,Men,Clothing,Suits & Sport Coats,Vests]]"
2249,145717,Lucky Brand &quot;Wild Flower Ears&quot; Silver-Tone Flower Earrings,"[[Clothing, Shoes & Jewelry,Shop by Designer],[Clothing, Shoes & Jewelry,L,Lucky Brand],[Clothing, Shoes & Jewelry,Women,Jewelry,Fashion,Earrings,Drop & Dangle],[Clothing, Shoes & Jewelry,Novelty, Costumes & More,Novelty]]"
2250,145786,SCER303 Sterling Silver Aqua Crystal Dangle Earrings Made with Swarovski Elements,"[[Clothing, Shoes & Jewelry,Women,Jewelry,Fashion,Earrings,Drop & Dangle],[Clothing, Shoes & Jewelry,Novelty, Costumes & More,Novelty]]"
2251,145924,Canvas Sneakers Ladies Flat Tall Punk Womens Skate Shoes Lace up Knee High Boots,"[[Clothing, Shoes & Jewelry,Women,Shoes,Boots]]"
2252,145936,Nautica Girls 2-6x Uniform Jumper Dress,"[[Clothing, Shoes & Jewelry,N,Nautica],[Clothing, Shoes & Jewelry,Girls,Clothing,Dresses,Playwear],[Clothing, Shoes & Jewelry,Girls,Clothing,Skirts, Scooters & Skorts],[Clothing, Shoes & Jewelry,Girls,School Uniforms,Clothing,Skirts, Scooters & Skorts],[Clothing, Shoes & Jewelry,Girls,School Uniforms,Clothing,Dresses & Jumpers]]"
2253,145954,00 Gauge Steel Human Eye Aqua Explosion Screw Fit Plug,"[[Clothing, Shoes & Jewelry,Women],[Clothing, Shoes & Jewelry,Novelty, Costumes & More,Novelty,Jewelry],[Clothing, Shoes & Jewelry,Novelty, Costumes & More,Body Jewelry,Piercing Jewelry,Plugs]]"
2254,145997,Next Level Women's Cross-Over V T-Shirt. 6840,"[[Sports & Outdoors,Clothing,Women,Shirts,T-Shirts],[Clothing, Shoes & Jewelry,Women,Clothing,Tops & Tees,Knits & Tees]]"
2255,146111,YogaColors Women's Black Heart Tri Blend Weight Raglan Pullover,"[[Clothing, Shoes & Jewelry,Women,Clothing,Fashion Hoodies & Sweatshirts],[Clothing, Shoes & Jewelry,Women,Petite,Fashion Hoodies & Sweatshirts,Fashion Sweatshirts],[Clothing, Shoes & Jewelry,Novelty, Costumes & More,Band & Music Fan,Sweatshirts]]"
2256,146120,Crocs Women's Molalla II Sandal,"[[Clothing, Shoes & Jewelry,Shoes & Accessories: International Shipping Available],[Clothing, Shoes & Jewelry,C,crocs],[Clothing, Shoes & Jewelry,Women,Shoes,Sandals]]"
2257,146301,NATURALIZER Bina Women's Shoes 10M Peep Toe Slingback Wedges #067,"[[Clothing, Shoes & Jewelry,N,Naturalizer],[Clothing, Shoes & Jewelry,Comfort Shoes],[Clothing, Shoes & Jewelry,Women,Shoes,Sandals]]"
2258,146314,"Calvin Klein Boys Sleep Set, Assorted, Large","[[Clothing, Shoes & Jewelry,C,Calvin Klein],[Clothing, Shoes & Jewelry,Boys,Clothing,Sleepwear & Robes,Pajama Sets]]"
2259,146335,"Levi's Women's Mid Rise Skinny Styled Pant, Flocked Print Brocade, 6 Medium","[[Clothing, Shoes & Jewelry,Women,Clothing,Pants,Casual]]"
2260,146518,Capezio Women's DS11 Fierce Dansneaker,"[[Clothing, Shoes & Jewelry,Shoes & Accessories: International Shipping Available],[Clothing, Shoes & Jewelry,C,Capezio],[Clothing, Shoes & Jewelry,Women,Shoes,Athletic,Ballet & Dance]]"
2261,146520,925 Sterling Silver Cubic Zirconia Infinity and Heart Ring,"[[Clothing, Shoes & Jewelry,Jewelry Outlet],[Clothing, Shoes & Jewelry,Women],[Clothing, Shoes & Jewelry,Novelty, Costumes & More,Novelty,Jewelry,Rings]]"
2262,146760,Lavishy Womens Vegan Giardino Garden Flower Embroidered Checkbook Wallet,"[[Clothing, Shoes & Jewelry,Women,Accessories,Wallets, Card Cases & Money Organizers,Wallets]]"
2263,146832,"Guess Mens 'GU 6599P' Polarized Aviator Sunglasses, Black / Gray","[[Clothing, Shoes & Jewelry,G,GUESS],[Clothing, Shoes & Jewelry,Men,Accessories,Sunglasses & Eyewear Accessories,Sunglasses]]"
2264,146849,Ed Hardy EH3341 Womens Splatter Canvas Belt,"[[Clothing, Shoes & Jewelry,Women,Accessories,Belts]]"
2265,146856,Sterling Silver Turquoise Triangle Shaped Ring,"[[Clothing, Shoes & Jewelry,Gemstones],[Clothing, Shoes & Jewelry,Jewelry: International Shipping Available],[Clothing, Shoes & Jewelry,Amazon Curated Collection],[Clothing, Shoes & Jewelry,Women,Jewelry,Fashion,Rings],[Clothing, Shoes & Jewelry,Novelty, Costumes & More,Novelty]]"
2266,146988,California Pak Winder 18 Inch,"[[Clothing, Shoes & Jewelry,Luggage & Travel Gear,Backpacks,Casual Daypacks]]"
2267,147032,Calvin Klein Women's Sleeveless Multi-Stripe Maxi Dress,"[[Clothing, Shoes & Jewelry,C,Calvin Klein],[Clothing, Shoes & Jewelry,Women,Clothing,Dresses,Casual]]"
2268,147087,Ryka Apparel Women's Balance Tank Top,"[[Clothing, Shoes & Jewelry,Women,Clothing,Active,Active Shirts & Tees]]"
2269,147152,C-IN2 Men's Filthy Army Trunk,"[[Clothing, Shoes & Jewelry,Men,Clothing,Underwear,Boxer Briefs]]"
2270,147234,Thomas the Tank Engineer Hat,"[[Clothing, Shoes & Jewelry,Novelty, Costumes & More,Novelty,Clothing]]"
2271,147235,"Nannette Girls 2-6X 2 Piece Polka Dotted Capri Set, Black, 5","[[Clothing, Shoes & Jewelry,Girls,Clothing,Clothing Sets,Pant Sets]]"
2272,147264,316L Stainless Steel Peridot Green Cubic Zirconia CZ Eternity Wedding 3MM Band Ring Comes with FREE Gift Box,"[[Clothing, Shoes & Jewelry,Jewelry Outlet],[Clothing, Shoes & Jewelry,Women],[Clothing, Shoes & Jewelry,Novelty, Costumes & More,Novelty,Jewelry,Wedding & Engagement Rings,Wedding Rings,Eternity Rings]]"
2273,147547,Women's Fashion Web Woven Braid Faux Leather Metallic Wide Belt 23 Colors,"[[Clothing, Shoes & Jewelry,Women,Accessories,Belts]]"
2274,147722,Gogo Boots Stretch Patent Women's Retro Boots White Patent GoGo Boots 1960s 300,"[[Clothing, Shoes & Jewelry,P,Pleaser],[Clothing, Shoes & Jewelry,Women],[Clothing, Shoes & Jewelry,Novelty, Costumes & More,Exotic Apparel,Women]]"
2275,147760,World Pride Vintage Angel Wing Angel Guardian Love Red Stone Adjustable Ring,"[[Clothing, Shoes & Jewelry,Women],[Clothing, Shoes & Jewelry,Novelty, Costumes & More,Novelty,Jewelry,Rings]]"
2276,147774,Darque Womens Black Wet Rubber Look Thigh High Stockings,"[[Clothing, Shoes & Jewelry,Women],[Clothing, Shoes & Jewelry,Novelty, Costumes & More,Novelty],[Clothing, Shoes & Jewelry,Novelty, Costumes & More,Exotic Apparel,Women,Hosiery]]"
2277,147893,King Will 8MM Black Carbon Fiber Inlay Men's Tungsten Carbide Ring Wedding Band Any Sizes,"[[Clothing, Shoes & Jewelry,Men],[Clothing, Shoes & Jewelry,Novelty, Costumes & More,Novelty]]"
2278,147898,"Request Girls 7-16 Colored Bottoms, Blossom, 14","[[Clothing, Shoes & Jewelry,Girls,Clothing,Jeans]]"
2279,148012,Fruit of the Loom Girls' 12pk Cotton Hipster,"[[Clothing, Shoes & Jewelry,Girls,Clothing,Underwear,Panties]]"
2280,148109,Coral Bay Solid Terry Womens Thong Slippers,"[[Clothing, Shoes & Jewelry,Women,Shoes,Slippers]]"
2281,148120,One (1) &quot;Pink Dog Paw Charm&quot; Fits Pandora Troll Chamilia Biagi Bracelet,"[[Clothing, Shoes & Jewelry,Women],[Clothing, Shoes & Jewelry,Novelty, Costumes & More,Novelty,Jewelry,Charms]]"
2282,148132,Haurex Italy Women's 6K378DNN Compact Black Aluminum Case Black Dial Date Watch,"[[Clothing, Shoes & Jewelry,New Arrivals],[Clothing, Shoes & Jewelry,Jewelry: International Shipping Available],[Clothing, Shoes & Jewelry,Fashion Watches],[Clothing, Shoes & Jewelry,Available for International Shipping],[Clothing, Shoes & Jewelry,Women,Watches,Wrist Watches],[Clothing, Shoes & Jewelry,Novelty, Costumes & More,Watch Accessories]]"
2283,148167,Woolrich Women's Jolie Closed-Toe Espadrille Flat,"[[Clothing, Shoes & Jewelry,Shoes & Accessories: International Shipping Available],[Clothing, Shoes & Jewelry,W,Woolrich],[Clothing, Shoes & Jewelry,Comfort Shoes],[Clothing, Shoes & Jewelry,Women,Shoes,Flats]]"
2284,148213,"Honey Amber Collection and Sterling Silver Designer Ring, Sizes 5,6,7,8,9,10,11,12","[[Clothing, Shoes & Jewelry,Gemstones],[Clothing, Shoes & Jewelry,Jewelry Outlet],[Clothing, Shoes & Jewelry,Women,Jewelry,Fashion,Rings],[Clothing, Shoes & Jewelry,Novelty, Costumes & More,Novelty]]"
2285,148372,Allegra K Women's Batwing Sleeve Floral Semi Sheer Pullover Tunic,"[[Clothing, Shoes & Jewelry,Women,Clothing,Tops & Tees,Tunics]]"
2286,148420,Teeki - Designer Activewear - Tarot Magick Hot Pant,"[[Sports & Outdoors,Exercise & Fitness,Yoga,Clothing,Women,Pants],[Clothing, Shoes & Jewelry,Women,Clothing,Active,Active Pants]]"
2287,148463,Michael Kors MK5732 Women's Watch,"[[Clothing, Shoes & Jewelry,Fashion Watches],[Clothing, Shoes & Jewelry,Michael Kors Watches],[Clothing, Shoes & Jewelry,Women,Watches,Wrist Watches],[Clothing, Shoes & Jewelry,Women's Luxury Brands]]"
2288,148467,RYKA Women's Precision Cross-Training Shoe,"[[Clothing, Shoes & Jewelry,Shoes & Accessories: International Shipping Available],[Clothing, Shoes & Jewelry,R,Ryka],[Clothing, Shoes & Jewelry,Women,Shoes,Athletic,Fitness & Cross-Training]]"
2289,148489,Sunvary 2014 Chiffon Bridesmaid Dress Formal Gowns Prom Gowns with Rhinestones,"[[Clothing, Shoes & Jewelry,Women,Clothing,Dresses,Special Occasion]]"
2290,148508,"Adventure Time Boys 8-20 Adventure Time Science Dance Tee, Athletic Gray, Medium","[[Clothing, Shoes & Jewelry,Boys],[Clothing, Shoes & Jewelry,Novelty, Costumes & More,Novelty,Clothing,Boys,Tops & Tees,T-Shirts]]"
2291,148509,"Hudson Baby Gift Collection, 6 Piece, 0-3 Months","[[Clothing, Shoes & Jewelry,Baby,Baby Boys,Clothing]]"
2292,148520,Rene Rofe Women's 2 Piece Lace Mesh Bra and G-String with Garters,"[[Clothing, Shoes & Jewelry,Women],[Clothing, Shoes & Jewelry,Novelty, Costumes & More,Exotic Apparel,Women,Lingerie Sets]]"
2293,148588,Forum Novelties Bloody Weapons-Knife,"[[Clothing, Shoes & Jewelry,Novelty, Costumes & More,Costumes & Accessories,More Accessories]]"
2294,148699,Qs 6 Pieces Baby's Headbands Girl's Headband Head Wear Crystal Flower (6 Pack),"[[Clothing, Shoes & Jewelry,Girls],[Clothing, Shoes & Jewelry,Novelty, Costumes & More,Costumes & Accessories]]"
2295,148706,AK Anne Klein Women's Zya Pump,"[[Clothing, Shoes & Jewelry,Shoes & Accessories: International Shipping Available],[Clothing, Shoes & Jewelry,Women,Shoes,Pumps]]"
2296,148720,eVogues Sheer Crochet Lace Poncho Top,"[[Clothing, Shoes & Jewelry,Women,Clothing,Tops & Tees],[Clothing, Shoes & Jewelry,Women,Plus-Size,Tops & Tees],[Clothing, Shoes & Jewelry,Women,Plus-Size,Sweaters,Pullovers]]"
2297,148745,Star K Cushion Cut 7mm Simulated Blue Opal Earrings Studs,"[[Clothing, Shoes & Jewelry,Women],[Clothing, Shoes & Jewelry,Novelty, Costumes & More,Novelty,Jewelry,Earrings]]"
2298,148803,Teva Women's De La Vina Low Boot,"[[Clothing, Shoes & Jewelry,Shoes & Accessories: International Shipping Available],[Clothing, Shoes & Jewelry,T,Teva],[Clothing, Shoes & Jewelry,Women,Shoes,Boots]]"
2299,148858,niceEshop(TM) Fashion Triangle Collar Necklace Choker Punk Style Glaze Geometric Pendent-Green,"[[Clothing, Shoes & Jewelry,Women],[Clothing, Shoes & Jewelry,Novelty, Costumes & More,Novelty,Jewelry,Necklaces & Pendants]]"
2300,148887,Naturalizer Women's Paco Wedge Sandal,"[[Clothing, Shoes & Jewelry,Shoes & Accessories: International Shipping Available],[Clothing, Shoes & Jewelry,N,Naturalizer],[Clothing, Shoes & Jewelry,Women,Shoes,Sandals]]"
2301,149079,TOOGOO(R) Antique Fashion Red Stone Heart Shaped Link Bracelet Retro Angel Wings Engraved,"[[Clothing, Shoes & Jewelry,Women],[Clothing, Shoes & Jewelry,Novelty, Costumes & More,Novelty,Jewelry,Bracelets]]"
2302,149252,Bella + Canvas Womens Flowy Draped Sleeve Dolman T-Shirt,"[[Sports & Outdoors,Clothing,Women,Shirts,T-Shirts],[Clothing, Shoes & Jewelry,B,Bella],[Clothing, Shoes & Jewelry,Women,Clothing,Tops & Tees,Knits & Tees],[Clothing, Shoes & Jewelry,Novelty, Costumes & More,Band & Music Fan,T-Shirts]]"
2303,149286,Little Adventures Princess Gloves,"[[Clothing, Shoes & Jewelry,Novelty, Costumes & More,Costumes & Accessories,Costumes,Kids & Baby,Girls]]"
2304,149298,Sailor Denim Nautical Anchor Rockabilly High Waist Women's Shorts Hotpants,"[[Clothing, Shoes & Jewelry,Women,Clothing,Shorts,Denim]]"
2305,149360,Armed &amp; Dangerous - Christian T-Shirt - Dog Tags,"[[Clothing, Shoes & Jewelry,Novelty, Costumes & More,Novelty,Clothing,Women,Tops & Tees,T-Shirts],[Clothing, Shoes & Jewelry,Novelty, Costumes & More,Novelty,Clothing,Men,Shirts,T-Shirts]]"
2306,149377,Regan - Bush 1984 Presidential Campaign T-shirt,"[[Clothing, Shoes & Jewelry,Men],[Clothing, Shoes & Jewelry,Novelty, Costumes & More,Novelty,Clothing,Men,Shirts,T-Shirts]]"
2307,149398,"Adrianna Papell Women's Pleated Scalloped Lace Dress, Blue, 8","[[Clothing, Shoes & Jewelry,Women,Clothing,Dresses,Wear to Work],[Clothing, Shoes & Jewelry,Women,Petite,Dresses,Wear to Work]]"
2308,149452,Carhartt Women's Boyne Headband,"[[Clothing, Shoes & Jewelry,Women,Accessories,Scarves & Wraps,Neck Gaiters]]"
2309,149463,Youyoupifa Men's Stainless Steel Lava Blue LED Digital Bracelet Watch (Silver),"[[Clothing, Shoes & Jewelry,Women],[Clothing, Shoes & Jewelry,Men,Watches,Wrist Watches]]"
2310,149469,Misses Plush Character Print Pajama Pants,"[[Clothing, Shoes & Jewelry,Women,Clothing,Lingerie, Sleep & Lounge,Sleep & Lounge,Bottoms]]"
2311,149668,"As U Wish Juniors Floral Print Dress With Pockets, Ivory, Small","[[Clothing, Shoes & Jewelry,Women,Clothing,Dresses,Casual],[Clothing, Shoes & Jewelry,Women,Juniors,Dresses,Casual]]"
2312,149698,It's Dangerous to Go Alone Take This T-Shirt Classic Video Game Tee,"[[Clothing, Shoes & Jewelry,Novelty, Costumes & More,Novelty,Clothing,Men,Shirts,T-Shirts]]"
2313,149750,Wool Overs British Wool Men's Aran Sweater,"[[Clothing, Shoes & Jewelry,Men,Clothing,Sweaters,Pullovers]]"
2314,149792,VIP Boutique Womens Jersey Gypsy Long Maxi Skirt,"[[Clothing, Shoes & Jewelry,Women,Clothing,Skirts,Casual],[Clothing, Shoes & Jewelry,Women,Petite,Skirts,Casual]]"
2315,149878,Sterling Silver Multi-Hand Blown Glass Square Bead Cluster Drop French Wire Earrings,"[[Clothing, Shoes & Jewelry,Jewelry: International Shipping Available],[Clothing, Shoes & Jewelry,Amazon Curated Collection],[Clothing, Shoes & Jewelry,Women,Jewelry,Fashion,Earrings,Drop & Dangle],[Clothing, Shoes & Jewelry,Novelty, Costumes & More,Novelty]]"
2316,149961,YogaColors Crystal Boatneck Dolman Sleeve Blouse Jersey Tee Up to Plus Size,"[[Clothing, Shoes & Jewelry,Women,Clothing,Tops & Tees,Blouses & Button-Down Shirts],[Clothing, Shoes & Jewelry,Women,Petite,Tops & Tees,Blouses & Button-Down Shirts,Blouses]]"
2317,149979,Zutano Infant Unisex-Baby Cozie Shaggy Hat,"[[Clothing, Shoes & Jewelry,Baby,Baby Girls,Accessories,Hats & Caps],[Clothing, Shoes & Jewelry,Baby,Baby Boys,Accessories,Hats & Caps]]"
2318,149996,Softwalk Women's Missy Boot,"[[Clothing, Shoes & Jewelry,Shoes & Accessories: International Shipping Available],[Clothing, Shoes & Jewelry,S,SoftWalk],[Clothing, Shoes & Jewelry,Comfort Shoes],[Clothing, Shoes & Jewelry,Boot Shop,Women,Fashion,Combat],[Clothing, Shoes & Jewelry,Women,Shoes,Boots]]"
2319,150045,FUNFASH SLIMMING WHITE TIGER FACE EMPIRE WAIST TOP SHIRT Plus Size New 2X 22 24 Made in USA,"[[Clothing, Shoes & Jewelry,Women,Clothing,Tops & Tees,Blouses & Button-Down Shirts]]"
2320,150064,"Grey's Anatomy Junior Fit Cargo Scrub Pant 4 Pocket (Petite &amp; Tall, Too)","[[Clothing, Shoes & Jewelry,Novelty, Costumes & More,Work Wear & Uniforms,Clothing,Medical,Women,Scrub Bottoms]]"
2321,150071,Bioworld Adult Mass Effect &quot;N7&quot; Black T-Shirt (2X-Large),"[[Clothing, Shoes & Jewelry,Men],[Clothing, Shoes & Jewelry,Novelty, Costumes & More,Novelty,Clothing,Men,Shirts,T-Shirts]]"
2322,150086,Mens Navy Steve Rogers Super Soldier Captain America Uniform Marvel T Shirt,"[[Clothing, Shoes & Jewelry,Men],[Clothing, Shoes & Jewelry,Novelty, Costumes & More,Novelty,Clothing,Men,Shirts,T-Shirts]]"
2323,150140,Allegra K Women's Batwing Sleeves Scoop Neck Skull Print Semi Sheer Back Shirt,"[[Clothing, Shoes & Jewelry,Women,Clothing,Tops & Tees,Blouses & Button-Down Shirts]]"
2324,150171,LnLClothing laced up top ID.PT.232P.OR.44A,"[[Clothing, Shoes & Jewelry,Women,Clothing,Tops & Tees,Knits & Tees]]"
2325,150173,Nickel Free Sterling Silver Irish Claddagh Friendship and Love Band Celtic Ring w/ Trinity Symbols,"[[Clothing, Shoes & Jewelry,Jewelry Outlet],[Clothing, Shoes & Jewelry,Wedding Party Gifts,Gifts for the Bride],[Clothing, Shoes & Jewelry,Wedding Party Gifts,Gifts for the Groom],[Clothing, Shoes & Jewelry,Women],[Clothing, Shoes & Jewelry,Men,Jewelry,Rings],[Clothing, Shoes & Jewelry,Novelty, Costumes & More,Novelty,Jewelry,Rings]]"
2326,150216,January Butterfly Enamel Birthstone Charm for Floating Lockets,"[[Clothing, Shoes & Jewelry,Women],[Clothing, Shoes & Jewelry,Novelty, Costumes & More,Novelty,Jewelry,Charms]]"
2327,150432,"Neoprene Insert Adult Tap Shoe,T9100","[[Clothing, Shoes & Jewelry,Women,Shoes,Athletic,Ballet & Dance]]"
2328,150461,AK Anne Klein Women's Annabella T-Strap Sandal,"[[Clothing, Shoes & Jewelry,Shoes & Accessories: International Shipping Available],[Clothing, Shoes & Jewelry,Women,Shoes,Sandals]]"
2329,150507,DC Men's Net Action Sports Shoe,"[[Clothing, Shoes & Jewelry,Shoes & Accessories: International Shipping Available],[Clothing, Shoes & Jewelry,D,DC],[Clothing, Shoes & Jewelry,Motorcycle & ATV Casual Footwear,Shoes],[Clothing, Shoes & Jewelry,Street, Surf & Skate],[Clothing, Shoes & Jewelry,Men,Shoes,Fashion Sneakers],[Clothing, Shoes & Jewelry,Men,Shoes,Athletic,Skateboarding],[Clothing, Shoes & Jewelry,Men,Surf, Skate & Street,Shoes,Athletic,Skateboarding],[Clothing, Shoes & Jewelry,Men,Surf, Skate & Street,Shoes,Fashion Sneakers]]"
2330,150709,Heirloom Finds Crystal Bling Enamel Basketball Pendant on Gold Tone Chain,"[[Clothing, Shoes & Jewelry,Women],[Clothing, Shoes & Jewelry,Novelty, Costumes & More,Novelty,Jewelry,Necklaces & Pendants]]"
2331,150733,Simulated Black Onyx Heart &amp; White Cubic Zirconia Ring Sizes 4-10,"[[Clothing, Shoes & Jewelry,Women],[Clothing, Shoes & Jewelry,Novelty, Costumes & More,Novelty,Jewelry,Rings]]"
2332,150808,Little Me Cabbage Rose Footie,"[[Clothing, Shoes & Jewelry,Baby,Baby Girls,Clothing,Footies & Rompers,Footies],[Clothing, Shoes & Jewelry,Baby,Baby Boys,Clothing,Footies & Rompers,Footies]]"
2333,150864,18k Gold-Plated Sterling Silver African Amethyst Hoop Earrings (0.7&quot; Diameter),"[[Clothing, Shoes & Jewelry,Gemstones],[Clothing, Shoes & Jewelry,New Arrivals,New Jewelry],[Clothing, Shoes & Jewelry,Jewelry: International Shipping Available],[Clothing, Shoes & Jewelry,Amazon Curated Collection],[Clothing, Shoes & Jewelry,Women,Jewelry,Fine,Earrings,Hoop],[Clothing, Shoes & Jewelry,Novelty, Costumes & More,Novelty]]"
2334,150887,Sidekicks Women's Blush Pink Foldable Portable Travel Ballet Flat Shoes w/ Matching Carrying Case,"[[Clothing, Shoes & Jewelry,Women,Shoes,Flats]]"
2335,151098,"AGB Women's Long Sleeve Striped Sweater Dress, Teal, Small","[[Clothing, Shoes & Jewelry,Women,Clothing,Dresses,Casual],[Clothing, Shoes & Jewelry,Women,Clothing,Dresses,Wear to Work],[Clothing, Shoes & Jewelry,Women,Petite,Dresses,Casual],[Clothing, Shoes & Jewelry,Women,Petite,Dresses,Wear to Work]]"
2336,151149,New Balance Men's 574 Classics Running Shoe,"[[Clothing, Shoes & Jewelry,Men,Shoes,Athletic]]"
2337,151165,Warner's Women's Unbelievable Unwire,"[[Clothing, Shoes & Jewelry,Women,Clothing,Lingerie, Sleep & Lounge,Intimates,Bras,Everyday Bras]]"
2338,151271,eVogues Plus size Bandage Pull On Pencil Skirt,"[[Clothing, Shoes & Jewelry,Women,Clothing,Skirts,Night Out & Special Occasion]]"
2339,151305,Steve Madden Men's Persey Oxford,"[[Clothing, Shoes & Jewelry,Shoes & Accessories: International Shipping Available],[Clothing, Shoes & Jewelry,S,Steve Madden],[Clothing, Shoes & Jewelry,Men,Shoes,Oxfords],[Clothing, Shoes & Jewelry,Men,Surf, Skate & Street,Shoes,Oxfords]]"
2340,151344,PUMA Men's Voltaic 4 Fade Running Shoe,"[[Clothing, Shoes & Jewelry,Shoes & Accessories: International Shipping Available],[Clothing, Shoes & Jewelry,P,Puma],[Clothing, Shoes & Jewelry,Street, Surf & Skate],[Clothing, Shoes & Jewelry,Men,Shoes,Athletic,Running],[Clothing, Shoes & Jewelry,Men,Surf, Skate & Street,Shoes,Athletic,Running]]"
2341,151499,Under Armour Igniter Polarized Rectangular Sunglasses,"[[Sports & Outdoors,Accessories,Sports Sunglasses],[Clothing, Shoes & Jewelry,Women,Accessories,Sunglasses & Eyewear Accessories,Sunglasses],[Clothing, Shoes & Jewelry,Men,Accessories,Sunglasses & Eyewear Accessories,Sunglasses]]"
2342,151586,Fineplus Women's Inspired Genuine Leather Waterproof Zipper Shoulder Bags,"[[Clothing, Shoes & Jewelry,Women,Handbags & Wallets,Top-Handle Bags],[Clothing, Shoes & Jewelry,Women,Handbags & Wallets,Shoulder Bags]]"
2343,151609,"Sterling Silver Anklet Singapore Chain 9, 10, 11 Inch Ankle Bracelet With Spring Ring Clasp","[[Clothing, Shoes & Jewelry,Women],[Clothing, Shoes & Jewelry,Novelty, Costumes & More,Novelty,Jewelry]]"
2344,151635,Miz Mooz Women's Siri Knee-High Boot,"[[Clothing, Shoes & Jewelry,Shoes & Accessories: International Shipping Available],[Clothing, Shoes & Jewelry,M,Miz Mooz],[Clothing, Shoes & Jewelry,Boot Shop,Women,Fashion,Dress],[Clothing, Shoes & Jewelry,Women,Shoes,Boots]]"
2345,151748,Bling Jewelry 925 Sterling Silver Jade Gemstone Ball Stud Earrings 6mm,"[[Clothing, Shoes & Jewelry,Gemstones],[Clothing, Shoes & Jewelry,Jewelry Outlet],[Clothing, Shoes & Jewelry,Women],[Clothing, Shoes & Jewelry,Novelty, Costumes & More,Novelty,Jewelry,Earrings]]"
2346,151750,New Balance Men's MX623 Cross-Training Shoe,"[[Clothing, Shoes & Jewelry,Shoes & Accessories: International Shipping Available],[Clothing, Shoes & Jewelry,N,New Balance],[Clothing, Shoes & Jewelry,Men,Shoes,Athletic,Fitness & Cross-Training]]"
2347,151806,Under Armour Igniter Sport Sunglasses,"[[Sports & Outdoors,Accessories,Sports Sunglasses],[Sports & Outdoors,Clothing,Women,Accessories,Sunglasses],[Clothing, Shoes & Jewelry,Fall Event],[Clothing, Shoes & Jewelry,Women,Accessories,Sunglasses & Eyewear Accessories,Sunglasses]]"
2348,151945,Playtex Women's 18-Hour Ultimate Lift And Support Wire-Free Bra,"[[Clothing, Shoes & Jewelry,Women,Clothing,Lingerie, Sleep & Lounge,Intimates,Bras,Everyday Bras],[Clothing, Shoes & Jewelry,Women,Petite,Intimates,Bras,Everyday Bras],[Clothing, Shoes & Jewelry,Women,Plus-Size]]"
2349,151951,Star K 7mm Heart Shape Earrings Studs,"[[Clothing, Shoes & Jewelry,Women,Jewelry,Fine,Earrings,Stud],[Clothing, Shoes & Jewelry,Novelty, Costumes & More,Novelty]]"
2350,151985,"FS00027RD08, Red, 6US, Ever Pretty Hoopless A-Line Red Multilayer Petticoat Underskirt 00027","[[Clothing, Shoes & Jewelry,Women,Clothing],[Clothing, Shoes & Jewelry,Novelty, Costumes & More,Band & Music Fan,Accessories]]"
2351,152002,Eric Michael Women's Montana Knee-High Boot,"[[Clothing, Shoes & Jewelry,Shoes & Accessories: International Shipping Available],[Clothing, Shoes & Jewelry,Winter Promo],[Clothing, Shoes & Jewelry,E,Eric Michael],[Clothing, Shoes & Jewelry,Women,Shoes,Boots]]"
2352,152267,Heirloom Finds Sophisticated Mint Moonstone Crystal Gold Tone Pave Pendant for Day or Night,"[[Clothing, Shoes & Jewelry,Women],[Clothing, Shoes & Jewelry,Novelty, Costumes & More,Novelty,Jewelry,Necklaces & Pendants]]"
2353,152286,Noble Mount Mens Premium Coral Microfleece Plush Spa/Bath Robe - Capuccino/White,"[[Clothing, Shoes & Jewelry,Men,Clothing,Sleep & Lounge,Robes]]"
2354,152318,Etnies Men's Corporate 13 Short Sleeve T-Shirt,"[[Clothing, Shoes & Jewelry,E,Etnies],[Clothing, Shoes & Jewelry,Men,Surf, Skate & Street],[Clothing, Shoes & Jewelry,Novelty, Costumes & More,Novelty,Clothing,Men,Shirts,T-Shirts]]"
2355,152393,U.S. Polo Assn. Classic Men's US8161 Black and Silver Bracelet Analog Digital Watch,"[[Clothing, Shoes & Jewelry,New Arrivals],[Clothing, Shoes & Jewelry,Jewelry: International Shipping Available],[Clothing, Shoes & Jewelry,Fashion Watches],[Clothing, Shoes & Jewelry,Available for International Shipping],[Clothing, Shoes & Jewelry,Men,Watches,Wrist Watches]]"
2356,152445,Super Lightweight and Airy Butterfly Cutout Earrings. 1.4 inches long,"[[Clothing, Shoes & Jewelry,Women],[Clothing, Shoes & Jewelry,Novelty, Costumes & More,Novelty,Jewelry,Earrings]]"
2357,152450,Pearl iZUMi Men's All-Road Cycling Shoe,"[[Clothing, Shoes & Jewelry,Shoes & Accessories: International Shipping Available],[Clothing, Shoes & Jewelry,P,Pearl iZUMi],[Clothing, Shoes & Jewelry,Men,Shoes,Athletic,Cycling]]"
2358,152535,"Jessica Simpson Women's Tank Dress, Copan Algiers Blue, 6","[[Clothing, Shoes & Jewelry,J,Jessica Simpson],[Clothing, Shoes & Jewelry,Women,Clothing,Dresses,Casual]]"
2359,152548,100% Silk Woven Red and Ivory Twill Striped Tie,"[[Clothing, Shoes & Jewelry,Men,Accessories,Neckties]]"
2360,152668,Muka Women's Floral Tapestry Underbust Corset,"[[Clothing, Shoes & Jewelry,Women],[Clothing, Shoes & Jewelry,Novelty, Costumes & More,Exotic Apparel,Women,Bustiers & Corsets]]"
2361,152724,Zoe R 925 Sterling Silver Cushion Cut Cubic Zirconia Wedding Ring Set,"[[Clothing, Shoes & Jewelry,Women,Jewelry,Fashion],[Clothing, Shoes & Jewelry,Novelty, Costumes & More,Novelty,Jewelry,Wedding & Engagement Rings,Bridal Sets]]"
2362,152743,Ivanka Trump Women's Janna Dress Pump,"[[Clothing, Shoes & Jewelry,Shoes & Accessories: International Shipping Available],[Clothing, Shoes & Jewelry,I,Ivanka Trump],[Clothing, Shoes & Jewelry,Women,Shoes,Pumps],[Clothing, Shoes & Jewelry,Women's Luxury Brands]]"
2363,152768,Deer Stags Men's Times Plain Toe Oxford,"[[Clothing, Shoes & Jewelry,Shoes & Accessories: International Shipping Available],[Clothing, Shoes & Jewelry,D,Deer Stags],[Clothing, Shoes & Jewelry,Men,Shoes,Oxfords]]"
2364,152849,Casio Women's BGA131-1B Baby-G Ultra-Violet LED Black Watch,"[[Clothing, Shoes & Jewelry,Women,Watches,Wrist Watches]]"
2365,152854,Timex Men's T49831 Expedition Rugged Analog Black Resin Strap Watch,"[[Clothing, Shoes & Jewelry,New Arrivals],[Clothing, Shoes & Jewelry,Jewelry: International Shipping Available],[Clothing, Shoes & Jewelry,Available for International Shipping],[Clothing, Shoes & Jewelry,Timex],[Clothing, Shoes & Jewelry,Timex test],[Clothing, Shoes & Jewelry,Women],[Clothing, Shoes & Jewelry,Men,Watches,Wrist Watches]]"
2366,152905,Sakkas Women's Soft Fleece Lined High Waist Leggings,"[[Clothing, Shoes & Jewelry,Women,Clothing,Leggings]]"
2367,153184,Invicta Men's 1090 Russian Diver Mechanical Skeleton Dial Black Polyurethane Watch,"[[Sports & Outdoors,Accessories,Sport Watches],[Clothing, Shoes & Jewelry,New Arrivals],[Clothing, Shoes & Jewelry,Jewelry: International Shipping Available],[Clothing, Shoes & Jewelry,Fashion Watches],[Clothing, Shoes & Jewelry,Available for International Shipping],[Clothing, Shoes & Jewelry,Sport Watches],[Clothing, Shoes & Jewelry,Invicta],[Clothing, Shoes & Jewelry,Men,Watches,Wrist Watches],[Clothing, Shoes & Jewelry,Men's Athletic Watches]]"
2368,153278,Right To Bear Arms T-Shirt - Black,"[[Clothing, Shoes & Jewelry,Men],[Clothing, Shoes & Jewelry,Novelty, Costumes & More,Novelty,Clothing,Men,Shirts,T-Shirts]]"
2369,153294,"Lil Miz Donna Flat (Little Kid/Big Kid),Black,2 M US Little Kid","[[Clothing, Shoes & Jewelry,Shoes & Accessories: International Shipping Available],[Clothing, Shoes & Jewelry,M,Miz Mooz],[Clothing, Shoes & Jewelry,Girls,Shoes,Flats]]"
2370,153349,"Rocket Dog Ryane Great High Fashion Wedge Platform Suede'ette Bootie, Womens","[[Clothing, Shoes & Jewelry,R,Rocket Dog],[Clothing, Shoes & Jewelry,Women,Shoes,Fashion Sneakers]]"
2371,153359,Sofia the First Sofia's Transforming Dress,"[[Clothing, Shoes & Jewelry,Novelty, Costumes & More,Costumes & Accessories,Costumes,Kids & Baby,Girls]]"
2372,153426,Vivian's Fashions Women's Extra Plus Size Cotton Long Leggings,"[[Clothing, Shoes & Jewelry,Women,Clothing,Leggings]]"
2373,153506,One Child Army Helmet,"[[Clothing, Shoes & Jewelry,Novelty, Costumes & More,Costumes & Accessories,Hats & Caps]]"
2374,153513,Hanes Men's Red Label Comfortwear Knit Boxer Assorted L Hanes Men's Red Label,"[[Clothing, Shoes & Jewelry,Men,Clothing,Underwear,Boxers]]"
2375,153581,"Women's MicroSuede Loafer Smoking Shoes Flats W/metallic Toe cap (11, Tan/Gold 4040)","[[Clothing, Shoes & Jewelry,Women,Shoes,Loafers & Slip-Ons]]"
2376,153586,Teva Women's Riviera Wedge Sandal,"[[Clothing, Shoes & Jewelry,Shoes & Accessories: International Shipping Available],[Clothing, Shoes & Jewelry,T,Teva],[Clothing, Shoes & Jewelry,Women,Shoes,Sandals]]"
2377,153628,"Lee Women's Easy Fit Pace Knit Waist Roll Up Bermuda Shorts, Antique Gray, 8 Medium","[[Clothing, Shoes & Jewelry,Women,Clothing,Shorts,Casual]]"
2378,153706,Lindy Bop Women's 'Bella' Classy Vintage 1950's Rockabilly Style Swing Party Dress,"[[Clothing, Shoes & Jewelry,Women,Clothing,Dresses,Special Occasion]]"
2379,153804,Timex Women's T5K460 1440 Sports Blue Resin Digital Watch,"[[Clothing, Shoes & Jewelry,New Arrivals],[Clothing, Shoes & Jewelry,Jewelry: International Shipping Available],[Clothing, Shoes & Jewelry,Available for International Shipping],[Clothing, Shoes & Jewelry,Sport Watches],[Clothing, Shoes & Jewelry,Timex],[Clothing, Shoes & Jewelry,Timex test],[Clothing, Shoes & Jewelry,Women,Watches,Wrist Watches]]"
2380,153806,U.S. Polo Assn. Toddler Boys 2 Piece Blue Striped Hoodie T-shirt Jeans Pants Set,"[[Clothing, Shoes & Jewelry,Boys,Clothing,Clothing Sets,Pant Sets]]"
2381,154024,"Blue Rope Adjustable Infinity Wish Love Bacelet Vintage Silver Karma Bracelet,infinity Wish Bracelet and Silver Love Bacelet Cuff Bracelet Vintage Bracelet Leather Bracelt 952s","[[Clothing, Shoes & Jewelry,Women],[Clothing, Shoes & Jewelry,Novelty, Costumes & More,Novelty,Jewelry,Bracelets]]"
2382,154051,Miss Me Distressed Boyfriend Capri Jean,"[[Clothing, Shoes & Jewelry,M,Miss Me],[Clothing, Shoes & Jewelry,Women,Clothing,Jeans],[Clothing, Shoes & Jewelry,Women,Juniors,Jeans]]"
2383,154066,Naot Women's Hawaii Wedge Sandal,"[[Clothing, Shoes & Jewelry,Shoes & Accessories: International Shipping Available],[Clothing, Shoes & Jewelry,N,Naot],[Clothing, Shoes & Jewelry,Women,Shoes,Sandals]]"
2384,154087,"Quiksilver Men's Vanish, Charcoal Heather, Small","[[Clothing, Shoes & Jewelry,Q,Quiksilver],[Clothing, Shoes & Jewelry,Men,Clothing,Shirts,T-Shirts],[Clothing, Shoes & Jewelry,Men,Surf, Skate & Street,Clothing,Shirts,T-Shirts]]"
2385,154161,"Izod Kids Boys 8-20 37 Div Tee Shirt, Light Grey Heather, Medium","[[Clothing, Shoes & Jewelry,I,IZOD],[Clothing, Shoes & Jewelry,Boys,Clothing,Tops & Tees,Tees]]"
2386,154185,Tommy Hilfiger Men's Reversible Belt,"[[Clothing, Shoes & Jewelry,Men,Accessories,Belts]]"
2387,154211,Rubie's Costume Reel F/X Evil Witch Kit,"[[Clothing, Shoes & Jewelry,Novelty, Costumes & More,Costumes & Accessories,More Accessories,Women]]"
2388,154356,Caravelle by Bulova Women's 43L57 Crystal Accented Silver and White Dial Watch,"[[Clothing, Shoes & Jewelry,New Arrivals],[Clothing, Shoes & Jewelry,Jewelry: International Shipping Available],[Clothing, Shoes & Jewelry,Available for International Shipping],[Clothing, Shoes & Jewelry,Women,Watches,Wrist Watches]]"
2389,154507,Paper Magic Medusa Serpent Monster Costume,"[[Clothing, Shoes & Jewelry,Novelty, Costumes & More,Costumes & Accessories,Costumes,Women],[Clothing, Shoes & Jewelry,Novelty, Costumes & More,Exotic Apparel]]"
2390,154741,Izod Fleece Logo Hoody,"[[Clothing, Shoes & Jewelry,I,IZOD],[Clothing, Shoes & Jewelry,Boys,Clothing,Fashion Hoodies & Sweatshirts]]"
2391,154765,Dominique Seamless Strapless Bra,"[[Clothing, Shoes & Jewelry,Women,Clothing,Lingerie, Sleep & Lounge,Intimates,Bras,Everyday Bras]]"
2392,154777,Timberland PRO Men's 26036 Direct Attach 6&quot; Soft Toe Boot,"[[Clothing, Shoes & Jewelry,Shoes & Accessories: International Shipping Available],[Clothing, Shoes & Jewelry,Winter Promo],[Clothing, Shoes & Jewelry,T,Timberland PRO],[Clothing, Shoes & Jewelry,Boot Shop,Men,Outdoor & Work,Work & Safety],[Clothing, Shoes & Jewelry,Men,Shoes],[Clothing, Shoes & Jewelry,Novelty, Costumes & More,Work Wear & Uniforms,Shoes,Men,Industrial & Construction]]"
2393,154924,New Balance Men's M4040 Metal Mid Baseball Shoe,"[[Clothing, Shoes & Jewelry,Shoes & Accessories: International Shipping Available],[Clothing, Shoes & Jewelry,N,New Balance],[Clothing, Shoes & Jewelry,Men,Shoes,Athletic,Baseball & Softball]]"
2394,154933,Michael Kors Women's MK2241 Grey Leather Quartz Watch with Gold Dial,"[[Clothing, Shoes & Jewelry,Fashion Watches],[Clothing, Shoes & Jewelry,Michael Kors Watches],[Clothing, Shoes & Jewelry,Women,Watches,Wrist Watches],[Clothing, Shoes & Jewelry,Women's Luxury Brands]]"
2395,154936,BC Footwear Women's Shiny N New Ballet Flat,"[[Clothing, Shoes & Jewelry,Shoes & Accessories: International Shipping Available],[Clothing, Shoes & Jewelry,B,BC Footwear],[Clothing, Shoes & Jewelry,Women,Shoes,Flats]]"
2396,154970,"El Naturalista Women's N734 Ankle Boot,Forest,37 EU/6.0-6.5 M US","[[Clothing, Shoes & Jewelry,Shoes & Accessories: International Shipping Available],[Clothing, Shoes & Jewelry,E,El Naturalista],[Clothing, Shoes & Jewelry,Women,Shoes,Boots]]"
2397,155062,GOYESTORE(TM)Womens Mens POM-POM Winter Knit Beanie Cap Hat Crochet Ski Baggy Knit Beany (Red),"[[Clothing, Shoes & Jewelry,Women,Accessories,Hats & Caps,Skullies & Beanies]]"
2398,155302,Russell Athletic Men's Big &amp; Tall Fleece Pull-Over Hoodie,"[[Sports & Outdoors,Clothing,Men,Hoodies],[Sports & Outdoors,Clothing,Men,Sweatshirts],[Clothing, Shoes & Jewelry,Men,Clothing,Active,Active Hoodies],[Clothing, Shoes & Jewelry,Men,Big & Tall,Active,Active Hoodies]]"
2399,155403,Warmen Lady Geniune Pigskin Suede Leather Winter Warm Gloves Long Fleece Lining,"[[Clothing, Shoes & Jewelry,Women,Accessories,Gloves & Mittens,Cold Weather Gloves]]"
2400,155410,Only Necessities Women's Plus Size 7-Day knit A-line skirt,"[[Clothing, Shoes & Jewelry,Women,Clothing,Skirts],[Clothing, Shoes & Jewelry,Women,Plus-Size,Skirts]]"
2401,155423,Men's Titanium Cross Band,"[[Clothing, Shoes & Jewelry,Diamonds],[Clothing, Shoes & Jewelry,Men,Jewelry,Religious],[Clothing, Shoes & Jewelry,Novelty, Costumes & More,Novelty,Jewelry,Wedding & Engagement Rings,Wedding Rings]]"
2402,155526,Allegra K Lady Half Sleeve Bowknot Decor Elastic Waist Ruffled Embellished Dress,"[[Clothing, Shoes & Jewelry,Women,Clothing,Dresses,Casual]]"
2403,155596,Ever Pretty Sexy V-neck Floral Printed Beach Cover Casual Dress/ Summer Dress 09502,"[[Clothing, Shoes & Jewelry,Women,Clothing,Dresses,Casual]]"
2404,155604,Timex T7B914 Weekender 20mm Blue/Gray Nylon Slip-Thru Watch Strap,"[[Clothing, Shoes & Jewelry,New Arrivals],[Clothing, Shoes & Jewelry,Jewelry: International Shipping Available],[Clothing, Shoes & Jewelry,Available for International Shipping],[Clothing, Shoes & Jewelry,Women,Watches,Watch Bands],[Clothing, Shoes & Jewelry,Men,Watches,Watch Bands]]"
2405,155783,Diesel Men's T-Canopy-RS Henley Shirt,"[[Clothing, Shoes & Jewelry,D,Diesel],[Clothing, Shoes & Jewelry,Men,Clothing,Shirts,Henleys],[Clothing, Shoes & Jewelry,Men,Surf, Skate & Street,Clothing,Shirts,Henleys],[Clothing, Shoes & Jewelry,Women's Luxury Brands]]"
2406,155832,Attractive Copper Plated Metal Necklace&amp;retro Owl Colorful Rhinestone Pendant P0971,"[[Clothing, Shoes & Jewelry,Women],[Clothing, Shoes & Jewelry,Novelty, Costumes & More,Novelty,Jewelry,Necklaces & Pendants]]"
2407,155851,Funny Girl-3&quot; Baby Bow Elastic Baby Headband,"[[Clothing, Shoes & Jewelry,Baby,Baby Girls,Accessories,Hair Accessories]]"
2408,155880,8537 SHEMAGH TACTICAL SCARF,"[[Clothing, Shoes & Jewelry,Novelty, Costumes & More,Work Wear & Uniforms,Clothing,Military,Men,Accessories],[Clothing, Shoes & Jewelry,Novelty, Costumes & More,Band & Music Fan,Accessories]]"
2409,155913,Leg Avenue Women's Butterfly Lace Long Dress,"[[Clothing, Shoes & Jewelry,L,Leg Avenue],[Clothing, Shoes & Jewelry,Women,Petite],[Clothing, Shoes & Jewelry,Novelty, Costumes & More,Exotic Apparel,Women,Dresses]]"
2410,156148,Sexy Sheer Black Stockings - One Size,"[[Clothing, Shoes & Jewelry,Women],[Clothing, Shoes & Jewelry,Novelty, Costumes & More,Exotic Apparel,Women,Hosiery]]"
2411,156160,Washed Canvas Ivy Cap,"[[Clothing, Shoes & Jewelry,Men,Accessories,Hats & Caps,Newsboy Caps]]"
2412,156214,"Champion Women's Endurance Tank, Shiraz Space Dye, X-Large","[[Sports & Outdoors,Clothing,Women,Shirts],[Clothing, Shoes & Jewelry,Women,Clothing,Active,Active Shirts & Tees]]"
2413,156257,"White Graduated Freshwater Cultured Pearl Necklace with Sterling Silver Clasp (4-8mm), 18&quot;","[[Clothing, Shoes & Jewelry,Pearl Jewelry],[Clothing, Shoes & Jewelry,Jewelry: International Shipping Available],[Clothing, Shoes & Jewelry,Amazon Curated Collection],[Clothing, Shoes & Jewelry,Women,Jewelry,Fine,Necklaces,Pearl Strands],[Clothing, Shoes & Jewelry,Novelty, Costumes & More,Novelty]]"
2414,156267,Body Frosting Push Up Top Cage Bra and Thong Set,"[[Clothing, Shoes & Jewelry,Women,Clothing,Lingerie, Sleep & Lounge,Intimates,Lingerie Sets]]"
2415,156291,Corset CD-1602: Steampunk Brocade Overbust Full Steel Boned Waist Cincher,"[[Clothing, Shoes & Jewelry,Women,Clothing,Lingerie, Sleep & Lounge,Intimates,Lingerie,Bustiers & Corsets]]"
2416,156292,Hanes Men's Classics 5-Pack Yarn Dye Exposed Waistband Boxer - Colors May Vary,"[[Clothing, Shoes & Jewelry,Men,Clothing,Underwear,Boxers]]"
2417,156361,Swarovski Crystals Set Flower Hinged Barbell Dangle Belly Button Ring Navel Body Jewelry 14 Gauge Lowest Price,"[[Clothing, Shoes & Jewelry,Women],[Clothing, Shoes & Jewelry,Novelty, Costumes & More,Novelty,Jewelry],[Clothing, Shoes & Jewelry,Novelty, Costumes & More,Body Jewelry,Piercing Jewelry,Rings]]"
2418,156401,Nursing Tank By Undercover Mama,"[[Clothing, Shoes & Jewelry,Women,Maternity,Nursing,Tops & Tees,Blouses & Button-Down Shirts],[Clothing, Shoes & Jewelry,Women,Maternity,Nursing,Tops & Tees,Tanks & Camis],[Clothing, Shoes & Jewelry,Women,Petite]]"
2419,156517,Breaking Bad Men's Logo T-Shirt,"[[Clothing, Shoes & Jewelry,Men],[Clothing, Shoes & Jewelry,Novelty, Costumes & More,Novelty,Clothing,Men,Shirts,T-Shirts]]"
2420,156592,Dickies Scrubs Women's Gen Flex Junior Fit Contrast Stitch Cargo Pant,"[[Clothing, Shoes & Jewelry,D,Dickies],[Clothing, Shoes & Jewelry,Men,Surf, Skate & Street],[Clothing, Shoes & Jewelry,Novelty, Costumes & More,Work Wear & Uniforms,Clothing,Medical]]"
2421,156609,"A. Byer Juniors Pegged Skirt With Button Yoke, Black, 5","[[Clothing, Shoes & Jewelry,Women,Clothing,Skirts,Wear to Work],[Clothing, Shoes & Jewelry,Women,Juniors,Skirts,Wear to Work]]"
2422,156659,Star Wars Lego Boys 2-7 Full Force T-Shirt,"[[Clothing, Shoes & Jewelry,L,LEGO],[Clothing, Shoes & Jewelry,Boys,Clothing,Tops & Tees,Tees]]"
2423,156698,UGG Women's Ansley Bling Slipper,"[[Clothing, Shoes & Jewelry,U,UGG],[Clothing, Shoes & Jewelry,Women,Shoes,Slippers],[Clothing, Shoes & Jewelry,Men]]"
2424,156729,G2 Chic Women's Embellished Collar Long Sleeve Chiffon Shirt Blouse,"[[Clothing, Shoes & Jewelry,Women,Clothing,Tops & Tees,Blouses & Button-Down Shirts]]"
2425,156736,"2 Hip By Wrapper Girls 7-16 Lace Dress with Sequin, Ivory, 12","[[Clothing, Shoes & Jewelry,Girls,Clothing,Dresses,Special Occasion]]"
2426,156809,Anne Klein Women's AK/1064BKBK Watch with Black Leather Band,"[[Clothing, Shoes & Jewelry,New Arrivals],[Clothing, Shoes & Jewelry,Jewelry: International Shipping Available],[Clothing, Shoes & Jewelry,Fashion Watches],[Clothing, Shoes & Jewelry,Available for International Shipping],[Clothing, Shoes & Jewelry,Anne Klein],[Clothing, Shoes & Jewelry,Women,Watches,Wrist Watches]]"
2427,156992,100% Silk Woven Sky and Ocean Blue Neat Tie,"[[Clothing, Shoes & Jewelry,Men,Accessories,Neckties]]"
2428,157019,"Sterling Silver Blue Topaz Celtic Knot Ring(Sizes 4,5,6,7,8,9)","[[Clothing, Shoes & Jewelry,Novelty, Costumes & More,Novelty,Jewelry,Rings]]"
2429,157066,Bon Bebe Baby-Girls Newborn I Love Hugs Assorted 5 Pack Bib Set For Girls,"[[Clothing, Shoes & Jewelry,Baby,Baby Girls,Accessories,Bibs & Burp Cloths]]"
2430,157184,PattyBoutik Elegant Ruffle Flounce Collar Asym Long Jumper Cardigan,"[[Clothing, Shoes & Jewelry,Women,Clothing,Sweaters,Cardigans]]"
2431,157207,Hee Grand Men's Plaid Short Sleeve Shirt,"[[Clothing, Shoes & Jewelry,Men,Clothing,Shirts,Casual Button-Down Shirts]]"
2432,157228,Carhartt Men's Extremes Arctic Quilt Lined Zip-To-Waist Biberall,"[[Clothing, Shoes & Jewelry,C,Carhartt],[Clothing, Shoes & Jewelry,Men,Clothing,Active],[Clothing, Shoes & Jewelry,Men,Clothing,Pants,Casual],[Clothing, Shoes & Jewelry,Novelty, Costumes & More,Work Wear & Uniforms,Clothing,Work Utility & Safety,Men,Overalls & Coveralls]]"
2433,157350,Bravado Men's Guns N Roses Bullet T-Shirt,"[[Clothing, Shoes & Jewelry,Men,Clothing,Shirts,T-Shirts],[Clothing, Shoes & Jewelry,Novelty, Costumes & More,Novelty],[Clothing, Shoes & Jewelry,Novelty, Costumes & More,Band & Music Fan,T-Shirts]]"
2434,157380,"You! Lingerie Isis Blue Sexy Wireless Nursing Maternity Bra Blue, 32B-40F","[[Clothing, Shoes & Jewelry,Women,Maternity,Intimates,Nursing & Maternity Bras]]"
2435,157526,ASICS Women's GEL-Kayano 18 Running Shoe,"[[Clothing, Shoes & Jewelry,Shoes & Accessories: International Shipping Available],[Clothing, Shoes & Jewelry,ASICS],[Clothing, Shoes & Jewelry,Women,Shoes,Athletic,Running]]"
2436,157581,Leg Avenue Women's Lycra Cuban Foot Stocking,"[[Clothing, Shoes & Jewelry,L,Leg Avenue],[Clothing, Shoes & Jewelry,Women,Petite],[Clothing, Shoes & Jewelry,Novelty, Costumes & More,Exotic Apparel,Women,Hosiery]]"
2437,157625,Summer Retro Vintage Bohemian Casual Dresses Women Plus Size Silk Dress,"[[Clothing, Shoes & Jewelry,Women,Clothing,Dresses,Casual]]"
2438,157626,"Betsey Johnson Women's Button Cuff Cable Leg Warmer, Black, One Size","[[Clothing, Shoes & Jewelry,Women,Clothing,Socks & Hosiery,Leg Warmers],[Clothing, Shoes & Jewelry,Women,Accessories],[Clothing, Shoes & Jewelry,Women,Petite,Socks & Hosiery,Leg Warmers]]"
2439,157803,PattyBoutik Cowl Neck Long Sleeve Ribbed Hem Multi Color Pullover Open Knit,"[[Clothing, Shoes & Jewelry,Women,Clothing,Sweaters,Pullovers]]"
2440,157826,925 Sterling Silver Solitaire 1.50 Carat Ruby Color Cubic Zirconia Pendant. (Basket Setting) 1.50 Carat 7 Mm Round Top Quality Cubic Zirconia,"[[Clothing, Shoes & Jewelry,Women],[Clothing, Shoes & Jewelry,Novelty, Costumes & More,Novelty,Jewelry,Necklaces & Pendants]]"
2441,157834,Little Lass Girls 2-6X Bow and Dot-Print Top and Legging Two-Piece Set,"[[Clothing, Shoes & Jewelry,Girls,Clothing,Clothing Sets,Pant Sets]]"
2442,157843,Bling Jewelry Sterling Silver Pave Chocolate Cubic Zircona Two Hearts Ring,"[[Clothing, Shoes & Jewelry,Heart-Shaped Jewelry],[Clothing, Shoes & Jewelry,Women,Jewelry,Fine,Rings],[Clothing, Shoes & Jewelry,Women,Jewelry,Fashion,Rings],[Clothing, Shoes & Jewelry,Novelty, Costumes & More,Novelty]]"
2443,157854,Dickies Men's 11-Inch Regular-Fit Stretch-Twill Work Short,"[[Clothing, Shoes & Jewelry,D,Dickies],[Clothing, Shoes & Jewelry,Men,Clothing,Shorts,Flat Front]]"
2444,157995,Dickies Women's Pique Polo,"[[Clothing, Shoes & Jewelry,D,Dickies],[Clothing, Shoes & Jewelry,Women,Clothing,Tops & Tees,Polos],[Clothing, Shoes & Jewelry,Women,Petite,Tops & Tees,Polos],[Clothing, Shoes & Jewelry,Women,Plus-Size]]"
2445,158064,The Mountain Sun Moon Adult T-shirt,"[[Clothing, Shoes & Jewelry,Men],[Clothing, Shoes & Jewelry,Novelty, Costumes & More,Novelty,Clothing,Men,Shirts,T-Shirts]]"
2446,158104,"Darice VL1901M Pearl Bead Foot Anklet Wedding Jewelry, Medium, 7 to 8-Feet","[[Clothing, Shoes & Jewelry,Novelty, Costumes & More,Novelty,Jewelry]]"
2447,158198,Vasque Men's Rift Hiking Shoe,"[[Clothing, Shoes & Jewelry,Shoes & Accessories: International Shipping Available],[Clothing, Shoes & Jewelry,V,Vasque],[Clothing, Shoes & Jewelry,Men,Shoes,Outdoor,Hiking & Trekking,Hiking Shoes],[Clothing, Shoes & Jewelry,Men,Shoes,Athletic]]"
2448,158222,"Kiwi Camp Dry Performance Fabric Protector, 10.5 oz","[[Clothing, Shoes & Jewelry,Novelty, Costumes & More,Shoe Care & Accessories]]"
2449,158320,ASICS Men's Gel-Cumulus 15 Lite-Show Running Shoe,"[[Clothing, Shoes & Jewelry,ASICS],[Clothing, Shoes & Jewelry,Men,Shoes,Athletic,Running]]"
2450,158355,Timberland PRO Men's Gladstone ESD BL Lace-Up Fashion Sneaker,"[[Clothing, Shoes & Jewelry,Shoes & Accessories: International Shipping Available],[Clothing, Shoes & Jewelry,T,Timberland PRO],[Clothing, Shoes & Jewelry,Men,Shoes,Fashion Sneakers]]"
2451,158498,Fashion vintage deer bracelet,"[[Clothing, Shoes & Jewelry,Novelty, Costumes & More,Novelty,Jewelry,Bracelets]]"
2452,158517,Lee Women's Easy Fit Brady Knit-Waist Cargo Bermuda Short,"[[Clothing, Shoes & Jewelry,Women,Clothing,Shorts,Casual]]"
2453,158688,Mens Mechanical Skeleton Watch Hand Wind Up Silver Dial Black Leather Strap MW-07,"[[Clothing, Shoes & Jewelry,Men,Watches,Wrist Watches]]"
2454,158774,Landisun 38C Light Brown Stripes Mens Silk Tie Set: Tie+Hanky+Cufflinks,"[[Clothing, Shoes & Jewelry,Men,Accessories,Neckties]]"
2455,158776,"Little Lass Girls 2-6X 2 Piece Skimmer Set with Flower Print, Purple, 2T","[[Clothing, Shoes & Jewelry,Girls,Clothing,Clothing Sets,Pant Sets]]"
2456,158831,Orthaheel Women's Geneva Slipper,"[[Clothing, Shoes & Jewelry,Women,Shoes,Slippers]]"
2457,158951,Solid Color Leather Adjustable Skinny Belt with,"[[Clothing, Shoes & Jewelry,Women,Accessories,Belts]]"
2458,158990,C Label Women's Gaea-7 Pump,"[[Clothing, Shoes & Jewelry,Shoes & Accessories: International Shipping Available],[Clothing, Shoes & Jewelry,Women,Shoes,Pumps]]"
2459,158991,"BedHead Pajamas Women's Stretch Classic Pajama Set-2221, Raspberry, Large","[[Clothing, Shoes & Jewelry,Women,Clothing,Lingerie, Sleep & Lounge,Sleep & Lounge,Sets]]"
2460,159161,Sanuk Women's W Laurel Flat,"[[Clothing, Shoes & Jewelry,Shoes & Accessories: International Shipping Available],[Clothing, Shoes & Jewelry,S,Sanuk],[Clothing, Shoes & Jewelry,Comfort Shoes],[Clothing, Shoes & Jewelry,Street, Surf & Skate],[Clothing, Shoes & Jewelry,Women,Shoes]]"
2461,159242,"Aegean Apparel Solid Knit Terry Ruffled Women's Shower Wrap, Fuchsia, S-XL","[[Clothing, Shoes & Jewelry,Women,Clothing,Lingerie, Sleep & Lounge,Sleep & Lounge,Robes],[Clothing, Shoes & Jewelry,Women,Petite,Sleep & Lounge,Robes]]"
2462,159275,Tipi Toe Women's 5 or 10 Pack Colorful Patterned Foot Liners,"[[Clothing, Shoes & Jewelry,Women,Clothing,Socks & Hosiery,No Show & Liner Socks]]"
2463,159311,"Burnside Boys 8-20 Stacked Henley Tee, White, Small/8","[[Clothing, Shoes & Jewelry,Boys,Clothing,Tops & Tees,Tees]]"
2464,159329,1928 Jewelry Vintage-Inspired Crystal Drop Necklace,"[[Clothing, Shoes & Jewelry,Jewelry: International Shipping Available],[Clothing, Shoes & Jewelry,Shop by Designer],[Clothing, Shoes & Jewelry,Women,Jewelry,Fashion,Necklaces,Chains],[Clothing, Shoes & Jewelry,Novelty, Costumes & More,Novelty]]"
2465,159392,3540 Next Level The Ladies? Cotton Deep V - White - S,"[[Sports & Outdoors,Clothing,Women,Shirts,T-Shirts],[Clothing, Shoes & Jewelry,Women],[Clothing, Shoes & Jewelry,Novelty, Costumes & More,Novelty,Clothing,Women,Tops & Tees,T-Shirts],[Clothing, Shoes & Jewelry,Novelty, Costumes & More,Band & Music Fan,T-Shirts]]"
2466,159401,"Ruby Rox Girls 7-16 High Low Dress with Crocet Bodice, Ivory/Coral, 8","[[Clothing, Shoes & Jewelry,Girls,Clothing,Dresses,Special Occasion]]"
2467,159439,Karen Scott Women's Nico Ankle Boots,"[[Clothing, Shoes & Jewelry,Boot Shop,Women,Fashion,Chukka],[Clothing, Shoes & Jewelry,Women,Shoes,Boots]]"
2468,159467,Breathtaking Hematite and Clear Crystal on Silver Tone Wrap Bracelet with Faux Pearl Accents,"[[Clothing, Shoes & Jewelry,Women,Jewelry,Fashion,Bracelets,Wrap],[Clothing, Shoes & Jewelry,Novelty, Costumes & More,Novelty]]"
2469,159501,Casio General Men's Watches Edifice Chronograph EF-539D-1A5VDF - WW,"[[Sports & Outdoors,Accessories,Sport Watches],[Clothing, Shoes & Jewelry,Sport Watches],[Clothing, Shoes & Jewelry,Men,Watches,Wrist Watches]]"
2470,159516,Ladies Mid Rise Tie Dye Prints Skinny Leggings Pants M,"[[Clothing, Shoes & Jewelry,Women,Clothing,Leggings]]"
2471,159546,"MINI BAMBA APPAREL Baby-Boys Infant 3 Pieces Bodysuit And Short Set, Multi, 18 Months","[[Clothing, Shoes & Jewelry,Baby,Baby Boys,Clothing,Clothing Sets,Short Sets]]"
2472,159548,D'Oreille - Set of 2 White Metal Wall Butterfly Pierce Holders,"[[Clothing, Shoes & Jewelry,Novelty, Costumes & More,Jewelry Accessories,Jewelry Boxes & Organizers]]"
2473,159568,PF Flyers Unisex Center Hi Sneaker,"[[Clothing, Shoes & Jewelry,Shoes & Accessories: International Shipping Available],[Clothing, Shoes & Jewelry,P,PF Flyers],[Clothing, Shoes & Jewelry,Street, Surf & Skate],[Clothing, Shoes & Jewelry,Women,Shoes,Fashion Sneakers],[Clothing, Shoes & Jewelry,Men,Shoes,Fashion Sneakers]]"
2474,159738,Breda Women's 8128_gold &quot;Abigail&quot; Gold-Tone Watch,"[[Clothing, Shoes & Jewelry,New Arrivals],[Clothing, Shoes & Jewelry,Jewelry: International Shipping Available],[Clothing, Shoes & Jewelry,Fashion Watches],[Clothing, Shoes & Jewelry,Available for International Shipping],[Clothing, Shoes & Jewelry,Breda],[Clothing, Shoes & Jewelry,Women,Watches,Wrist Watches]]"
2475,159768,"Womens Water Shoes Aqua Socks Pool Beach ,Yoga,Dance and Exercise 4 colors","[[Clothing, Shoes & Jewelry,Women,Shoes,Athletic,Water Shoes]]"
2476,159778,Saucony Girls Baby Ride 6 Running Shoe (Toddler/Little Kid),"[[Clothing, Shoes & Jewelry,Shoes & Accessories: International Shipping Available],[Clothing, Shoes & Jewelry,S,Saucony],[Clothing, Shoes & Jewelry,Girls,Shoes,Athletic,Running],[Clothing, Shoes & Jewelry,Boys]]"
2477,159791,Honeydew Intimates Women's Scarlette Rayon Hipster Panty,"[[Clothing, Shoes & Jewelry,Women,Clothing,Lingerie, Sleep & Lounge,Intimates,Panties,Hipsters]]"
2478,159904,925 Sterling Silver Solitaire 1.50 Carat Blue Cubic Zirconia Pendant. (Basket Setting) 1.50 Carat 7 Mm Round,"[[Clothing, Shoes & Jewelry,Women],[Clothing, Shoes & Jewelry,Novelty, Costumes & More,Novelty,Jewelry,Necklaces & Pendants]]"
2479,159956,Women Fashion Leggings- Stretchy and Comfortable,"[[Clothing, Shoes & Jewelry,Women],[Clothing, Shoes & Jewelry,Novelty, Costumes & More,Novelty,Clothing,Women,Leggings]]"
2480,159994,Rialto Women's Berle Sandal,"[[Clothing, Shoes & Jewelry,Women,Shoes,Sandals]]"
2481,160085,Clear Topaz Crystal Rhinestone Water Elephant Happy Walking Zoo Pendant Necklace,"[[Clothing, Shoes & Jewelry,Women],[Clothing, Shoes & Jewelry,Novelty, Costumes & More,Novelty,Jewelry,Necklaces & Pendants]]"
2482,160201,Purple Rhinestone Flower Necklace and Earrings Set,"[[Clothing, Shoes & Jewelry,Women],[Clothing, Shoes & Jewelry,Novelty, Costumes & More,Novelty,Jewelry]]"
2483,160418,Black/Silver DG Eyewear Celebrity Inspired Vintage Women's Sunglasses,"[[Clothing, Shoes & Jewelry,Women,Accessories,Sunglasses & Eyewear Accessories,Sunglasses]]"
2484,160710,"Subculture Men's Waldo Waldo, Turquoise, Medium","[[Clothing, Shoes & Jewelry,Men,Clothing,Shirts,T-Shirts],[Clothing, Shoes & Jewelry,Men,Big & Tall]]"
2485,160823,Gio- 8.0 B - Black,"[[Clothing, Shoes & Jewelry,Women,Shoes]]"
2486,161093,Maidenform Womens Dream Boyshort Panty,"[[Clothing, Shoes & Jewelry,Women,Clothing,Lingerie, Sleep & Lounge,Intimates,Panties,Boy Shorts]]"
2487,161244,New Retro Camera Photographer Necklace in Black,"[[Clothing, Shoes & Jewelry,Novelty, Costumes & More,Novelty,Jewelry,Necklaces & Pendants]]"
2488,161349,"Ahh Bra Pack of 3 - Seamless Leisure Bra (Purple, Light Pink, Sea Blue)","[[Clothing, Shoes & Jewelry,Women,Clothing,Lingerie, Sleep & Lounge,Intimates,Bras,Everyday Bras]]"
2489,161413,Mud Pie Black Ring Around Essential Tote,"[[Clothing, Shoes & Jewelry,Luggage & Travel Gear,Luggage,Travel Totes]]"
2490,161482,Gerber Baby-Girls  2 Pack Sleep N Play Snap Front Cats,"[[Clothing, Shoes & Jewelry,Baby,Baby Girls,Clothing,Sleepwear & Robes,Blanket Sleepers]]"
2491,161496,Bali Women's Microfiber Pattern Brief Panty,"[[Clothing, Shoes & Jewelry,Women,Clothing,Lingerie, Sleep & Lounge,Intimates,Panties,Briefs]]"
2492,161552,"KONOV Jewelry Vintage Stainless Steel Gothic Skull Biker Mens Ring, Black Silver","[[Clothing, Shoes & Jewelry,Men,Jewelry,Rings],[Clothing, Shoes & Jewelry,Novelty, Costumes & More,Novelty,Jewelry,Rings]]"
2493,161577,Pl Hi-top Wedge Lace-up Sneaker,"[[Clothing, Shoes & Jewelry,Women,Shoes,Fashion Sneakers]]"
2494,161586,City Threads Super Soft Girls Underwear 3-Pack,"[[Clothing, Shoes & Jewelry,Girls,Clothing,Underwear,Panties]]"
2495,161597,"Alex and Ani Bangle Bar Birthstone Bangle Bracelet, 7.75","[[Clothing, Shoes & Jewelry,Jewelry: International Shipping Available],[Clothing, Shoes & Jewelry,Shop by Designer],[Clothing, Shoes & Jewelry,Contemporary Designer Jewelry],[Clothing, Shoes & Jewelry,Women,Jewelry,Fashion,Bracelets,Bangle],[Clothing, Shoes & Jewelry,Novelty, Costumes & More,Novelty]]"
2496,161648,"Black Watch Display Case With Key Lock, Clear Glass Top, 20 Watch Holders. Plus Watch Repair Tool Set","[[Clothing, Shoes & Jewelry,Novelty, Costumes & More,Watch Accessories,Cabinets & Cases]]"
2497,161657,PUMA Men's Vedano Leather Fashion Sneaker,"[[Clothing, Shoes & Jewelry,Shoes & Accessories: International Shipping Available],[Clothing, Shoes & Jewelry,P,Puma],[Clothing, Shoes & Jewelry,Men,Shoes,Fashion Sneakers],[Clothing, Shoes & Jewelry,Men,Surf, Skate & Street,Shoes,Fashion Sneakers]]"
2498,162109,Lego Boys 8-20 Mini Figures Boxing,"[[Clothing, Shoes & Jewelry,L,LEGO],[Clothing, Shoes & Jewelry,Boys,Clothing,Tops & Tees,Tees]]"
2499,162177,See Kai Run Cristian Sneaker (Toddler/Little Kid),"[[Clothing, Shoes & Jewelry,Shoes & Accessories: International Shipping Available],[Clothing, Shoes & Jewelry,S,See Kai Run],[Clothing, Shoes & Jewelry,Girls,Shoes,Sneakers],[Clothing, Shoes & Jewelry,Boys,Shoes,Sneakers]]"
2500,162193,CA Flower Style Green Turquoise Silver Fashion Women's Ring Jewelry,"[[Clothing, Shoes & Jewelry,Gemstones],[Clothing, Shoes & Jewelry,Women],[Clothing, Shoes & Jewelry,Novelty, Costumes & More,Novelty]]"
2501,162278,Clarks Women's Lexi Dogwood,"[[Clothing, Shoes & Jewelry,C,Clarks],[Clothing, Shoes & Jewelry,Comfort Shoes],[Clothing, Shoes & Jewelry,Women,Shoes,Mules & Clogs]]"
2502,162348,crocs Women's 14175 Really Sexi Sandal,"[[Clothing, Shoes & Jewelry,Shoes & Accessories: International Shipping Available],[Clothing, Shoes & Jewelry,C,crocs],[Clothing, Shoes & Jewelry,Comfort Shoes],[Clothing, Shoes & Jewelry,Women,Shoes,Sandals]]"
2503,162378,Aventura Womens Belleview Sweater,"[[Clothing, Shoes & Jewelry,Women,Clothing,Sweaters,Pullovers]]"
2504,162418,Ollio Women's Ballet Shoe Soft Cute Silver Bead Accent Flat,"[[Clothing, Shoes & Jewelry,Women,Shoes,Flats]]"
2505,162463,Anita Maternity Women's Microfiber Nursing Bra  #5068,"[[Clothing, Shoes & Jewelry,Women,Maternity,Intimates,Nursing & Maternity Bras],[Clothing, Shoes & Jewelry,Women,Petite]]"
2506,162489,Breda Men's 8135-Yellow Colton Black Bezel Yellow Accented Silicone Watch,"[[Clothing, Shoes & Jewelry,New Arrivals],[Clothing, Shoes & Jewelry,Jewelry: International Shipping Available],[Clothing, Shoes & Jewelry,Fashion Watches],[Clothing, Shoes & Jewelry,Available for International Shipping],[Clothing, Shoes & Jewelry,Breda],[Clothing, Shoes & Jewelry,Men,Watches,Wrist Watches]]"
2507,162579,Bravo-fit Totes Micro-slim Black Umbrella 6&quot; Length Opens to 38&quot; Dome,"[[Clothing, Shoes & Jewelry,Luggage & Travel Gear,Umbrellas]]"
2508,162735,Rasta Industrial Barbell 14g-14 gauge Stainless Steel Rasta Stripe Industrial Earring Body Jewelry-Available in Various Lengths for Custom Fit,"[[Clothing, Shoes & Jewelry,Women],[Clothing, Shoes & Jewelry,Novelty, Costumes & More,Novelty,Jewelry],[Clothing, Shoes & Jewelry,Novelty, Costumes & More,Body Jewelry,Piercing Jewelry,Barbells]]"
2509,162804,Spalding Women's Bootleg Pant,"[[Sports & Outdoors,Clothing,Women,Pants],[Clothing, Shoes & Jewelry,Women,Clothing,Active,Active Pants],[Clothing, Shoes & Jewelry,Women,Petite,Active,Active Pants]]"
2510,162860,Patty Women's Cut Out V-Neck Long Sleeve Pullover-fitted Tee,"[[Clothing, Shoes & Jewelry,Women,Clothing,Tops & Tees,Knits & Tees],[Clothing, Shoes & Jewelry,Women,Petite,Tops & Tees,Knits & Tees]]"
2511,162907,Levi's Men's 514 Straight Leg Twill Pant,"[[Clothing, Shoes & Jewelry,Men,Clothing,Pants,Casual],[Clothing, Shoes & Jewelry,Men,Big & Tall]]"
2512,162987,White Mountain 'Mina ' Women's Flat,"[[Clothing, Shoes & Jewelry,Women,Shoes,Flats]]"
2513,163004,Chic Stylish One Piece Round Neckline Design Side String Lace Up Corset Swimwear,"[[Clothing, Shoes & Jewelry,Women,Clothing,Swimsuits & Cover Ups,One-Pieces],[Clothing, Shoes & Jewelry,Women,Juniors,Swimsuits & Cover Ups,One-Pieces],[Clothing, Shoes & Jewelry,Women,Petite,Swim,One-Pieces]]"
2514,163087,Sterling Silver Elongated Polished Wave French Wire Earrings,"[[Clothing, Shoes & Jewelry,Jewelry: International Shipping Available],[Clothing, Shoes & Jewelry,Plain Silver Jewelry],[Clothing, Shoes & Jewelry,Amazon Curated Collection],[Clothing, Shoes & Jewelry,Women,Jewelry,Fine,Earrings,Drop & Dangle],[Clothing, Shoes & Jewelry,Novelty, Costumes & More,Novelty]]"
2515,163109,Phineas &amp; Ferb Boys 2-7 Duck Bill Juvy T-Shirt,"[[Clothing, Shoes & Jewelry,Boys,Clothing,Tops & Tees,Tees]]"
2516,163129,"Hello Kitty Girls 2-6X Active Set In Velour, Fuchsia Purple, 6","[[Clothing, Shoes & Jewelry,Girls,Clothing,Clothing Sets,Pant Sets]]"
2517,163231,"Dragonfly Bracelet, Leather, Adjustable","[[Clothing, Shoes & Jewelry,Women,Jewelry,Fashion,Bracelets,Cuff],[Clothing, Shoes & Jewelry,Novelty, Costumes & More,Novelty]]"
2518,163314,Allegra K Women Fake Two Piece Splicing Drawstring Hooded Tunic Shirt,"[[Clothing, Shoes & Jewelry,Women],[Clothing, Shoes & Jewelry,Novelty, Costumes & More,Novelty,Clothing,Women,Hoodies]]"
2519,163342,Kerusso Adult Christian T-shirt Sweet Savior King of Kings,"[[Clothing, Shoes & Jewelry,Novelty, Costumes & More,Novelty,Clothing,Women,Tops & Tees,T-Shirts],[Clothing, Shoes & Jewelry,Novelty, Costumes & More,Novelty,Clothing,Men,Shirts,T-Shirts]]"
2520,163362,Barelythere Women's Microfiber Crop Top (Replaced with Bali 103J),"[[Clothing, Shoes & Jewelry,Women,Clothing,Lingerie, Sleep & Lounge,Intimates,Bras,Everyday Bras],[Clothing, Shoes & Jewelry,Women,Petite,Intimates,Bras,Everyday Bras],[Clothing, Shoes & Jewelry,Women,Plus-Size]]"
2521,163566,"KONOV Jewelry Stainless Steel Men's Bracelet, Black Silver, 8.6 Inch","[[Clothing, Shoes & Jewelry,Men,Jewelry,Bracelets,Link],[Clothing, Shoes & Jewelry,Novelty, Costumes & More,Novelty,Jewelry,Bracelets]]"
2522,163668,"Kenneth Cole Reaction KC1126 Metal Rimless Sunglasses, Black/Smoke","[[Clothing, Shoes & Jewelry,K,Kenneth Cole New York],[Clothing, Shoes & Jewelry,Women,Accessories,Sunglasses & Eyewear Accessories,Sunglasses],[Clothing, Shoes & Jewelry,Men,Accessories,Sunglasses & Eyewear Accessories,Sunglasses]]"
2523,163699,PUMA Lightweight Performance A-Frame Backpack,"[[Clothing, Shoes & Jewelry,P,Puma],[Clothing, Shoes & Jewelry,Luggage & Travel Gear,Backpacks,Casual Daypacks]]"
2524,163736,All Mixed Up Girls Mix &amp; Match Ankle (Anklet) Socks 12 Sock (6 Pair) Pack,"[[Clothing, Shoes & Jewelry,Women,Clothing,Socks & Hosiery,Casual Socks]]"
2525,163761,"To Boot New York Men's Hayes 4 Eyelet Buck Oxfords,Yankee Fango,8.5 M Us","[[Clothing, Shoes & Jewelry,Shoes & Accessories: International Shipping Available],[Clothing, Shoes & Jewelry,T,To Boot New York],[Clothing, Shoes & Jewelry,Men,Shoes,Oxfords],[Clothing, Shoes & Jewelry,Designer Shoes & Handbags],[Clothing, Shoes & Jewelry,Women's Luxury Brands]]"
2526,163842,New Balance Women's WX797v2 Cross-Training Shoe,"[[Clothing, Shoes & Jewelry,Shoes & Accessories: International Shipping Available],[Clothing, Shoes & Jewelry,N,New Balance],[Clothing, Shoes & Jewelry,Women,Shoes,Athletic,Fitness & Cross-Training]]"
2527,163865,Keds Women's Double Up Core Fashion Sneaker,"[[Clothing, Shoes & Jewelry,Shoes & Accessories: International Shipping Available],[Clothing, Shoes & Jewelry,K,Keds],[Clothing, Shoes & Jewelry,Comfort Shoes],[Clothing, Shoes & Jewelry,Women,Shoes,Fashion Sneakers]]"
2528,164053,David Tate Women's Grace,"[[Clothing, Shoes & Jewelry,Shoes & Accessories: International Shipping Available],[Clothing, Shoes & Jewelry,D,David Tate],[Clothing, Shoes & Jewelry,Women,Shoes,Sandals]]"
2529,164108,"Mens Summer Garden Clogs, Yellow, 9 US","[[Clothing, Shoes & Jewelry,Men,Shoes,Mules & Clogs]]"
2530,164126,Breaking Bad Los Pollos Hermanos Men's T-shirt,"[[Clothing, Shoes & Jewelry,Men],[Clothing, Shoes & Jewelry,Novelty, Costumes & More,Novelty,Clothing,Men,Shirts,T-Shirts]]"
2531,164131,J.TOMSON PLUS Womens Sleeveless Blouse w/ Pockets Plus Size,"[[Clothing, Shoes & Jewelry,Women,Clothing,Tops & Tees],[Clothing, Shoes & Jewelry,Women,Plus-Size,Tops & Tees,Blouses & Button-Down Shirts]]"
2532,164183,Kenneth Cole Reaction Womens Tab Clutch Wallet/wristlet Snake Color-blocked (Grey/LightBlue),"[[Clothing, Shoes & Jewelry,K,Kenneth Cole REACTION],[Clothing, Shoes & Jewelry,Women,Accessories,Wallets, Card Cases & Money Organizers,Wallets]]"
2533,164348,Havaianas Women's Slim Season Sandal,"[[Clothing, Shoes & Jewelry,Shoes & Accessories: International Shipping Available],[Clothing, Shoes & Jewelry,Summer Event],[Clothing, Shoes & Jewelry,H,Havaianas],[Clothing, Shoes & Jewelry,Street, Surf & Skate],[Clothing, Shoes & Jewelry,Women,Shoes,Sandals]]"
2534,164421,Juicy Jays Flavored Rolling Paper Variety Pack (12 Pack),"[[Clothing, Shoes & Jewelry,Novelty, Costumes & More,Novelty,Clothing,Men,Accessories]]"
2535,164456,Hello Kitty Figure Rhinestones Necklace Chain,"[[Clothing, Shoes & Jewelry,Shop by Designer]]"
2536,164573,California Costumes Men's Adult-Hercules Costume,"[[Clothing, Shoes & Jewelry,Novelty, Costumes & More,Costumes & Accessories,Costumes,Men]]"
2537,164574,"Quiksilver Men's Principle Belt, Black, One Size","[[Clothing, Shoes & Jewelry,Men,Accessories,Belts]]"
2538,164931,"Pamela Mann Plain Stripe Suspender Tights - Available in Medium, XL &amp; XXL &amp; XXXL","[[Clothing, Shoes & Jewelry,Women,Clothing,Socks & Hosiery,Tights],[Clothing, Shoes & Jewelry,Women,Petite,Socks & Hosiery,Tights]]"
2539,164951,Casio Men's W800H-1AV Classic Digital Sport Watch,"[[Clothing, Shoes & Jewelry,New Arrivals],[Clothing, Shoes & Jewelry,Men,Watches,Wrist Watches]]"
2540,165034,Ever Pretty Print V Neck Cap Sleeve Empire Waist Long/Maxi Casual Club Dress 09859,"[[Clothing, Shoes & Jewelry,Women,Clothing,Dresses,Casual],[Clothing, Shoes & Jewelry,Women,Petite,Dresses,Casual]]"
2541,165243,Sakkas Batik Stripe Sleeveless Caftan Dress,"[[Clothing, Shoes & Jewelry,Women,Clothing,Dresses,Casual]]"
2542,165291,Stretch Cotton Capri Crop Seamed Leggings Tights,"[[Clothing, Shoes & Jewelry,Women,Clothing,Leggings]]"
2543,165311,Lovely Ovely Unusal Cotton Girls Baby Feather Hairband Bow Headband,"[[Clothing, Shoes & Jewelry,Baby,Baby Girls,Accessories,Hair Accessories],[Clothing, Shoes & Jewelry,Novelty, Costumes & More,Costumes & Accessories,Hats & Caps,Kids & Baby]]"
2544,165314,Champion Men's Performance 2 Pack Stretch Boxer Brief,"[[Sports & Outdoors,Clothing,Men,Underwear],[Clothing, Shoes & Jewelry,Men,Clothing,Underwear,Boxer Briefs]]"
2545,165336,"Anne Klein Just Spotted 60269346 Top Handle Bag,Brown,One Size","[[Clothing, Shoes & Jewelry,Shoes & Accessories: International Shipping Available],[Clothing, Shoes & Jewelry,Women,Handbags & Wallets,Top-Handle Bags],[Clothing, Shoes & Jewelry,Novelty, Costumes & More,Band & Music Fan,Accessories]]"
2546,165339,Casio Men's SGW100-1V Digital Compass Twin Sensor Sport Watch,"[[Clothing, Shoes & Jewelry,New Arrivals],[Clothing, Shoes & Jewelry,Men,Watches,Wrist Watches]]"
2547,165382,Dockers Men's Signature Khaki D4 Relaxed Fit Flat Front Pant,"[[Clothing, Shoes & Jewelry,D,Dockers],[Clothing, Shoes & Jewelry,Men,Clothing,Pants,Dress],[Clothing, Shoes & Jewelry,Men,Clothing,Pants,Casual],[Clothing, Shoes & Jewelry,Men,Big & Tall]]"
2548,165485,8 Pairs of Gold Discs Ladder Style Clip on Earrings,"[[Clothing, Shoes & Jewelry,Women],[Clothing, Shoes & Jewelry,Novelty, Costumes & More,Novelty,Jewelry,Earrings]]"
2549,165507,Hush Puppies Men's GT Slip On,"[[Clothing, Shoes & Jewelry,Shoes & Accessories: International Shipping Available],[Clothing, Shoes & Jewelry,H,Hush Puppies],[Clothing, Shoes & Jewelry,Comfort Shoes],[Clothing, Shoes & Jewelry,Men,Shoes,Loafers & Slip-Ons]]"
2550,165516,"El Naturalista Women's N714 Slide Sandal,Tibet,37 EU/6.5-7 M US","[[Clothing, Shoes & Jewelry,Shoes & Accessories: International Shipping Available],[Clothing, Shoes & Jewelry,E,El Naturalista],[Clothing, Shoes & Jewelry,Women,Shoes,Sandals]]"
2551,165575,Short Sleeve Sheer Beach Swimsuit Cover Up Drawstring V Neck Summer Dress,"[[Clothing, Shoes & Jewelry,Women,Clothing,Swimsuits & Cover Ups,Cover-Ups],[Clothing, Shoes & Jewelry,Women,Juniors,Swimsuits & Cover Ups,Cover-Ups]]"
2552,165620,Womens Noble Gases T Shirt Womens Funny Science Shirt Chemistry Tee,"[[Clothing, Shoes & Jewelry,Women,Clothing,Tops & Tees,Knits & Tees]]"
2553,165693,Crocs Women's Patricia II Wedge Sandal,"[[Clothing, Shoes & Jewelry,Shoes & Accessories: International Shipping Available],[Clothing, Shoes & Jewelry,C,crocs],[Clothing, Shoes & Jewelry,Comfort Shoes],[Clothing, Shoes & Jewelry,Women,Shoes,Sandals]]"
2554,165707,"Croota Mens Tank Top, Undershirt, Gymwear, Square Cut, White (Grey Trim) (M)","[[Sports & Outdoors,Clothing,Men,Shirts,Tank Tops],[Clothing, Shoes & Jewelry,Men,Clothing,Active,Active Shirts & Tees]]"
2555,165784,Fashion Golden Chain Water Drop Olivary Colorful Resin Beads Pendant Bib Necklace,"[[Clothing, Shoes & Jewelry,Women],[Clothing, Shoes & Jewelry,Novelty, Costumes & More,Novelty,Jewelry,Necklaces & Pendants]]"
2556,165927,MIA Limited Edition Women's Venetia Pump,"[[Clothing, Shoes & Jewelry,Shoes & Accessories: International Shipping Available],[Clothing, Shoes & Jewelry,M,MIA],[Clothing, Shoes & Jewelry,Women,Shoes,Pumps]]"
2557,165962,Vivobarefoot Women's Lydia Shoe,"[[Clothing, Shoes & Jewelry,Shoes & Accessories: International Shipping Available],[Clothing, Shoes & Jewelry,Women,Shoes,Flats]]"
2558,165972,Demarkt Girls's Bag Purse Adjustable Strap Shoulder Bag Satchel Handbag Wallets,"[[Clothing, Shoes & Jewelry,Women,Accessories,Wallets, Card Cases & Money Organizers,Wallets],[Clothing, Shoes & Jewelry,Novelty, Costumes & More,Band & Music Fan,Accessories]]"
2559,166108,Gabby Skye Women's Cap Sleeve Peplum Dress,"[[Clothing, Shoes & Jewelry,Women,Clothing,Dresses,Wear to Work],[Clothing, Shoes & Jewelry,Women,Clothing,Dresses,Night Out & Cocktail]]"
2560,166109,Am Clothes Women's Sexy Lace Babydoll Lingerie Sets with G-string,"[[Clothing, Shoes & Jewelry,Women],[Clothing, Shoes & Jewelry,Novelty, Costumes & More,Exotic Apparel,Women,Lingerie Sets]]"
2561,166142,"Fruit of the Loom Boys 2-7 Funpals 3 Pack Marvel Heroes Crew Shirt, Assorted, 4","[[Clothing, Shoes & Jewelry,Boys,Clothing,Tops & Tees,Tees],[Clothing, Shoes & Jewelry,Novelty, Costumes & More,Band & Music Fan,T-Shirts]]"
2562,166169,Dickies Juniors College Pant,"[[Clothing, Shoes & Jewelry,Women,Clothing,Pants],[Clothing, Shoes & Jewelry,Women,Juniors,Pants],[Clothing, Shoes & Jewelry,Novelty, Costumes & More,Work Wear & Uniforms,Clothing,School Uniforms]]"
2563,166319,"Calvin Klein Performance Women's Multi-Pocket Convertible Cargo Capri 22 Inch, Black, X-Small","[[Sports & Outdoors,Clothing,Women,Pants],[Clothing, Shoes & Jewelry,C,Calvin Klein],[Clothing, Shoes & Jewelry,Women,Clothing,Active,Active Pants]]"
2564,166349,Pandolah Women's Monokini One Piece V Neck Tassel Swimwear,"[[Clothing, Shoes & Jewelry,Women,Clothing,Swimsuits & Cover Ups,One-Pieces]]"
2565,166350,"Lover's Stainless Steel Engagement Wedding Anniversary Promise Ring for Couple with Engraved Heart &quot;forever love&quot;, Each","[[Clothing, Shoes & Jewelry,Novelty, Costumes & More,Novelty,Jewelry]]"
2566,166372,Under Armour Women's Bissko Comfort Bikini Bottoms,"[[Sports & Outdoors,Boating & Water Sports,Swimming,Swimwear,Women,Two-Piece Suits],[Clothing, Shoes & Jewelry,Women,Petite,Swim,Racing]]"
2567,166385,PattyBoutik Halter Draping Cowl Neck Ruched Twinset Party Clubwear Blouse Top,"[[Clothing, Shoes & Jewelry,Women,Clothing,Tops & Tees,Blouses & Button-Down Shirts]]"
2568,166472,Pep-Lum Talk Strappy Cropped Top,"[[Clothing, Shoes & Jewelry,Women,Clothing,Tops & Tees,Tanks & Camis],[Clothing, Shoes & Jewelry,Women,Juniors,Tops & Tees,Tanks & Camis]]"
2569,166491,Allegra K Women's 2-Fer Bracelet Sleeve Ruched Front Blouse,"[[Clothing, Shoes & Jewelry,Women,Clothing,Tops & Tees,Blouses & Button-Down Shirts]]"
2570,166599,Allegra K Women Crossover V Neck Self Tie Waistsash Design Dolman Sleeve Romper,"[[Clothing, Shoes & Jewelry,Women,Clothing,Jumpsuits, Rompers & Overalls]]"
2571,166629,juDanzy 10 piece Girl Baby Toddler Ribbon Bows Variety pack Hair Clip Barettes on MLL,"[[Clothing, Shoes & Jewelry,Baby,Baby Girls,Accessories,Hair Accessories]]"
2572,166665,Super Value Family Makeup Kit,"[[Clothing, Shoes & Jewelry,Boys],[Clothing, Shoes & Jewelry,Novelty, Costumes & More,Costumes & Accessories,Costumes,Kids & Baby,Infants & Toddlers]]"
2573,166697,Lady Batwing Sleeve Eyes Lips Printed Loose Fall Casual Tunic Shirt Black,"[[Clothing, Shoes & Jewelry,Women,Clothing,Tops & Tees,Tunics]]"
2574,166901,Deep Plunging Dress - Black Open Back Halter Style,"[[Clothing, Shoes & Jewelry,Women],[Clothing, Shoes & Jewelry,Novelty, Costumes & More,Exotic Apparel,Women,Dresses]]"
2575,166968,Marc New York Andrew Marc Men's Mid-Length Down Jacket Coat Coyote Fur,"[[Clothing, Shoes & Jewelry,Men,Clothing,Jackets & Coats,Down & Down Alternative]]"
2576,167008,"Levi's Boys 8-20 Casual Reversible Belt, Brown/Black, Medium","[[Clothing, Shoes & Jewelry,Boys,Accessories,Belts]]"
2577,167023,3mm Stainless Steel Comfort Fit Plain Wedding Band Ring Size 3-10,"[[Clothing, Shoes & Jewelry,Women],[Clothing, Shoes & Jewelry,Novelty, Costumes & More,Novelty,Jewelry]]"
2578,167083,"Imperial Motion Men's Rufus Tank, Navy, Large","[[Clothing, Shoes & Jewelry,Men,Clothing,Shirts,Tank Tops],[Clothing, Shoes & Jewelry,Men,Big & Tall]]"
2579,167098,Hello Kitty Junior's 80S Hooded Jacket Lime Trim,"[[Clothing, Shoes & Jewelry,Women,Clothing,Lingerie, Sleep & Lounge,Sleep & Lounge,Tops],[Clothing, Shoes & Jewelry,Women,Juniors,Lingerie, Sleep & Lounge,Sleep & Lounge,Tops]]"
2580,167180,Bling Jewelry Faux Pink Pearl Stretch Bracelet with Swarovski Crystal 7.5 Inch,"[[Clothing, Shoes & Jewelry,Jewelry Outlet],[Clothing, Shoes & Jewelry,Women],[Clothing, Shoes & Jewelry,Novelty, Costumes & More,Novelty,Jewelry,Bracelets]]"
2581,167195,NECA The Hunger Games: Catching Fire Mockingjay Pin Prop Replica,"[[Clothing, Shoes & Jewelry,Novelty, Costumes & More,Costumes & Accessories]]"
2582,167209,2 Pieces of Ladies Metallic Gold 20 Inch Adjustable Thick Cuban Chain Toggle Necklace,"[[Clothing, Shoes & Jewelry,Women],[Clothing, Shoes & Jewelry,Novelty, Costumes & More,Novelty,Jewelry,Necklaces & Pendants]]"
2583,167216,Red Lion Revolution Tie Dye Cotton Athletic Tube Socks,"[[Sports & Outdoors,Clothing,Women,Socks],[Clothing, Shoes & Jewelry,Women,Petite,Active],[Clothing, Shoes & Jewelry,Men,Big & Tall]]"
2584,167353,Carhartt Men's Extremes Arctic Quilt Active Jacket J33,"[[Clothing, Shoes & Jewelry,C,Carhartt],[Clothing, Shoes & Jewelry,Men,Clothing,Jackets & Coats,Active & Performance,Insulated],[Clothing, Shoes & Jewelry,Men,Big & Tall],[Clothing, Shoes & Jewelry,Novelty, Costumes & More,Work Wear & Uniforms,Clothing,Work Utility & Safety,Men,Outerwear]]"
2585,167369,Crocs Men's Work Hover Oxford,"[[Clothing, Shoes & Jewelry,Shoes & Accessories: International Shipping Available],[Clothing, Shoes & Jewelry,C,crocs],[Clothing, Shoes & Jewelry,Comfort Shoes],[Clothing, Shoes & Jewelry,Men,Shoes,Oxfords]]"
2586,167406,Jones New York Women's Pleated Boat-Neck Dress,"[[Clothing, Shoes & Jewelry,Women,Clothing,Dresses,Wear to Work]]"
2587,167416,TheLees Mens unbalance 2 button china collar jacket,"[[Clothing, Shoes & Jewelry,Men,Clothing,Suits & Sport Coats,Sport Coats & Blazers],[Clothing, Shoes & Jewelry,Men,Big & Tall]]"
2588,167479,Sakkas A009 Batik Palm Tree Cap Sleeve Caftan Dress / Cover Up - Navy - One Size,"[[Clothing, Shoes & Jewelry,Women,Clothing,Dresses,Casual]]"
2589,167786,Hold Tight Burlesque Brocade Corset,"[[Clothing, Shoes & Jewelry,Women],[Clothing, Shoes & Jewelry,Novelty, Costumes & More,Exotic Apparel,Women,Bustiers & Corsets]]"
2590,167868,Russell Athletic Women's Stretch Capri,"[[Sports & Outdoors,Clothing,Women,Pants],[Clothing, Shoes & Jewelry,Women,Clothing,Active,Active Pants]]"
2591,167901,ililily Vintage Waxed Oil Canvas Flat Cap Ivy Newsboy Hunting Irish Driving Hat,"[[Clothing, Shoes & Jewelry,Men,Accessories,Hats & Caps,Newsboy Caps]]"
2592,167944,Nina Women's Fonda-YG Platform Sandal,"[[Clothing, Shoes & Jewelry,Shoes & Accessories: International Shipping Available],[Clothing, Shoes & Jewelry,N,Nina],[Clothing, Shoes & Jewelry,Women,Shoes,Sandals]]"
2593,167997,Mens Trendy Casual Faux Leather Decor Summer Tee Shirt Tops,"[[Clothing, Shoes & Jewelry,Men,Clothing,Shirts,T-Shirts]]"
2594,168037,Eternal Love Teardrop Austrian Crystal Pendant Necklace - Ocean Blue Large Crystal 17.5&quot; Chain 2101401,"[[Clothing, Shoes & Jewelry,Women],[Clothing, Shoes & Jewelry,Novelty, Costumes & More,Novelty,Jewelry,Necklaces & Pendants]]"
2595,168096,Speedo Women's Active High Waist Bottom with Core Compression,"[[Clothing, Shoes & Jewelry,S,Speedo],[Clothing, Shoes & Jewelry,Women,Clothing,Swimsuits & Cover Ups,Bikinis]]"
2596,168129,"CL by Chinese Laundry Women's Greetings Ballet Flat,Black Multi,6 M US","[[Clothing, Shoes & Jewelry,Shoes & Accessories: International Shipping Available],[Clothing, Shoes & Jewelry,C,CL by Chinese Laundry],[Clothing, Shoes & Jewelry,Women,Shoes,Flats]]"
2597,168158,Outdoor Research Lightstorm Bucket Hat,"[[Clothing, Shoes & Jewelry,Women]]"
2598,168220,Zooshoo Georgia-28 Combat Boots,"[[Clothing, Shoes & Jewelry,Boot Shop,Women,Fashion,Combat],[Clothing, Shoes & Jewelry,Women,Shoes,Boots]]"
2599,168225,ECCO Men's Soft Loafer,"[[Clothing, Shoes & Jewelry,Shoes & Accessories: International Shipping Available],[Clothing, Shoes & Jewelry,E,ECCO],[Clothing, Shoes & Jewelry,Comfort Shoes],[Clothing, Shoes & Jewelry,Men,Shoes,Loafers & Slip-Ons]]"
2600,168292,Naturalizer Women's Weslie Sandal,"[[Clothing, Shoes & Jewelry,Shoes & Accessories: International Shipping Available],[Clothing, Shoes & Jewelry,N,Naturalizer],[Clothing, Shoes & Jewelry,Comfort Shoes],[Clothing, Shoes & Jewelry,Women,Shoes,Sandals]]"
2601,168313,Steel-420 Brown Shoe Costume,"[[Clothing, Shoes & Jewelry,Novelty, Costumes & More,Costumes & Accessories],[Clothing, Shoes & Jewelry,Novelty, Costumes & More,Exotic Apparel]]"
2602,168367,Totoro Cosplay Cloak Pro Version + Totoro 4.5cm Cute Min Pin,"[[Clothing, Shoes & Jewelry,Girls],[Clothing, Shoes & Jewelry,Novelty, Costumes & More,Costumes & Accessories,Costumes,Kids & Baby,Girls]]"
2603,168379,American Tourister Luggage Splash 25 Upright Suitcase,"[[Clothing, Shoes & Jewelry,Luggage & Travel Gear,Luggage,Suitcases]]"
2604,168525,Zehui Lady's V-neck Chiffon Sundress Floral Waist Split Cake Casual Skirt Dress Green UK12,"[[Clothing, Shoes & Jewelry,Women,Clothing,Dresses,Casual]]"
2605,168534,"Tibetan Prayer Beads Turquoise Color Skull Bracelet, Skull Beads, Skull Prayer Beads, Skull Wrist Mala","[[Clothing, Shoes & Jewelry,Women],[Clothing, Shoes & Jewelry,Novelty, Costumes & More,Novelty,Jewelry,Bracelets]]"
2606,168576,Butterfly Girls Lycra Opaque School Tights Uniform Footed Stockings,"[[Clothing, Shoes & Jewelry,Girls,Clothing,Socks & Tights,Tights]]"
2607,168684,Under Armour Women's UA Pure Stretch Sheer Thong,"[[Clothing, Shoes & Jewelry,Women,Clothing,Active,Active Underwear]]"
2608,168695,"Mossy Oak Lingerie Gift Set: Pink Lace Cami, Boyshort + made in the USA Garter","[[Clothing, Shoes & Jewelry,Women,Clothing,Lingerie, Sleep & Lounge,Intimates,Lingerie Sets]]"
2609,168802,PUMA Girls 2-6X Foldover Core Short,"[[Sports & Outdoors,Clothing,Girls,Shorts],[Clothing, Shoes & Jewelry,P,Puma],[Clothing, Shoes & Jewelry,Girls,Clothing,Active,Active Shorts]]"
2610,168925,Ever Pretty V-neck Striped Ribbon Bow Cocktail Summer Dress 27181,"[[Clothing, Shoes & Jewelry,Women,Clothing,Dresses,Special Occasion]]"
2611,168997,Stunning Dolphin and Sea In A Circle With Blue Crystals Silver Pendant 18&quot; Chain,"[[Clothing, Shoes & Jewelry,Women],[Clothing, Shoes & Jewelry,Novelty, Costumes & More,Novelty,Jewelry,Necklaces & Pendants]]"
2612,169129,"A2 by Aerosoles Women's System Casual Shoes,Black Patent,9.5 M US","[[Clothing, Shoes & Jewelry,Aerosoles],[Clothing, Shoes & Jewelry,Comfort Shoes],[Clothing, Shoes & Jewelry,Women,Shoes,Pumps]]"
2613,169137,00 Gauge Turquoise Natural Stone Saddle Plug,"[[Clothing, Shoes & Jewelry,Gemstones],[Clothing, Shoes & Jewelry,Women],[Clothing, Shoes & Jewelry,Novelty, Costumes & More,Novelty,Jewelry],[Clothing, Shoes & Jewelry,Novelty, Costumes & More,Body Jewelry,Piercing Jewelry,Plugs]]"
2614,169194,Doublju Mens Dress Shirt with Epaulet,"[[Clothing, Shoes & Jewelry,Men,Clothing,Shirts,Dress Shirts]]"
2615,169438,Landisun 43G Middle Brown Pink Paisleys Mens Silk Tie Set: Tie+Hanky+Cufflinks,"[[Clothing, Shoes & Jewelry,Men,Accessories,Neckties]]"
2616,169493,Keen Women's Mercer Ballerina CNX Shoe,"[[Clothing, Shoes & Jewelry,Shoes & Accessories: International Shipping Available],[Clothing, Shoes & Jewelry,K,Keen],[Clothing, Shoes & Jewelry,Comfort Shoes],[Clothing, Shoes & Jewelry,Women,Shoes,Athletic,Walking]]"
2617,169678,Hee Grand Women Color-Contrasted Loose T-Shirt,"[[Clothing, Shoes & Jewelry,Women,Clothing,Tops & Tees,Knits & Tees]]"
2618,169696,YogaColors Fine Jersey Short Sleeve Crew Neck T-Shirt Dress,"[[Clothing, Shoes & Jewelry,Women],[Clothing, Shoes & Jewelry,Novelty, Costumes & More,Novelty,Clothing,Women,Dresses]]"
2619,169783,Glamorousky Elegant Rose Necklace with Blue Swarovski Element Crystals - 41cm + 8cm extension chain (1029),"[[Clothing, Shoes & Jewelry,Women,Jewelry,Fashion,Necklaces,Pendants],[Clothing, Shoes & Jewelry,Novelty, Costumes & More,Novelty]]"
2620,170112,Volcom Boys 8-20 Dorado Cord Short,"[[Clothing, Shoes & Jewelry,Boys,Clothing,Shorts]]"
2621,170120,"Mossy Oak Sexy Embroidered TAKEN Lingerie, Mens Boxers or Womens Boyshort (X-Large, BOYSHORT PANTY - Juniors MOBU)","[[Clothing, Shoes & Jewelry,Men],[Clothing, Shoes & Jewelry,Novelty, Costumes & More,Exotic Apparel,Men,Boxers]]"
2622,170154,Sequin Bodice Special Occasion Dress Infant Toddler Flower Girl (or Bolero),"[[Clothing, Shoes & Jewelry,Girls]]"
2623,170211,Woman Short Sleeve Seam Pockets Pullover Knit Top,"[[Clothing, Shoes & Jewelry,Women,Clothing,Sweaters,Cardigans]]"
2624,170243,Doublju Sleeveless Flare Dress with Dobby Weaves,"[[Clothing, Shoes & Jewelry,Women,Clothing,Dresses,Casual],[Clothing, Shoes & Jewelry,Women,Clothing,Dresses,Night Out & Cocktail]]"
2625,170246,Invicta Men's 1203 II Collection Chronograph Stainless Steel Watch,"[[Clothing, Shoes & Jewelry,New Arrivals],[Clothing, Shoes & Jewelry,Jewelry: International Shipping Available],[Clothing, Shoes & Jewelry,Fashion Watches],[Clothing, Shoes & Jewelry,Available for International Shipping],[Clothing, Shoes & Jewelry,Invicta],[Clothing, Shoes & Jewelry,Men,Watches,Wrist Watches],[Clothing, Shoes & Jewelry,Novelty, Costumes & More,Watch Accessories]]"
2626,170286,Calvin Klein Men's X Micro Low Rise Trunk,"[[Clothing, Shoes & Jewelry,C,Calvin Klein],[Clothing, Shoes & Jewelry,Men,Clothing,Underwear,Boxer Briefs]]"
2627,170289,Gerber Baby-Boys Newborn 3 Piece Onesies Brand Bodysuit Pants and Cap Set,"[[Clothing, Shoes & Jewelry,Baby,Baby Boys,Clothing,Clothing Sets,Pant Sets]]"
2628,170347,Nine West Women's Niko Platform Sandal,"[[Clothing, Shoes & Jewelry,Shoes & Accessories: International Shipping Available],[Clothing, Shoes & Jewelry,N,Nine West],[Clothing, Shoes & Jewelry,Women,Shoes,Sandals]]"
2629,170388,"Nannette Girls 2-6x 2 Piece Panda Pullover And Jumper, Pink, 4T","[[Clothing, Shoes & Jewelry,Girls,Clothing,Dresses,Playwear]]"
2630,170395,Invicta Men's 8926 Pro Diver Collection Automatic Watch,"[[Sports & Outdoors,Accessories,Sport Watches],[Clothing, Shoes & Jewelry,Gifts],[Clothing, Shoes & Jewelry,Jewelry: International Shipping Available],[Clothing, Shoes & Jewelry,Fashion Watches],[Clothing, Shoes & Jewelry,Watch Gifts],[Clothing, Shoes & Jewelry,Available for International Shipping],[Clothing, Shoes & Jewelry,Sport Watches],[Clothing, Shoes & Jewelry,Invicta],[Clothing, Shoes & Jewelry,Men,Watches,Wrist Watches],[Clothing, Shoes & Jewelry,Men's Athletic Watches]]"
2631,170398,Alexandria Collection Rose Gold-plated Silver Princess-cut Cubic Zirconia 3-stone Ring,"[[Clothing, Shoes & Jewelry,Women,Jewelry,Fine,Rings],[Clothing, Shoes & Jewelry,Novelty, Costumes & More,Novelty]]"
2632,170481,U.S. Polo Assn. Men's Solid Short-Sleeve Pique Polo Shirt,"[[Clothing, Shoes & Jewelry,Men,Clothing,Shirts,Polos]]"
2633,170568,Dearfoams Women's Lux Shawl Wrap Robe,"[[Clothing, Shoes & Jewelry,D,Dearfoams],[Clothing, Shoes & Jewelry,Women,Clothing,Lingerie, Sleep & Lounge,Sleep & Lounge,Robes]]"
2634,170641,Hee Grand Women's overcoat,"[[Sports & Outdoors,Clothing,Women,Track Jackets],[Clothing, Shoes & Jewelry,Women,Clothing,Active,Track & Active Jackets]]"
2635,170810,Enzo Angiolini Women's Zariyah Wedge Sandal,"[[Clothing, Shoes & Jewelry,Shoes & Accessories: International Shipping Available],[Clothing, Shoes & Jewelry,E,Enzo Angiolini],[Clothing, Shoes & Jewelry,Women,Shoes,Sandals]]"
2636,170824,"BabyLegs Unisex-Baby Infant Color Printed Leg Warmers, Cardinal/Gold, One Size","[[Clothing, Shoes & Jewelry,Baby,Baby Girls,Accessories,Leg Warmers],[Clothing, Shoes & Jewelry,Baby,Baby Boys,Accessories,Leg Warmers]]"
2637,170834,The Guild Cast with Logo T-Shirt,"[[Clothing, Shoes & Jewelry,Men,Big & Tall],[Clothing, Shoes & Jewelry,Novelty, Costumes & More,Novelty,Clothing,Men,Shirts,T-Shirts]]"
2638,170937,Libian Jr Plus Size Aztec Tribal Smucking Maxi Tube Dress Black,"[[Clothing, Shoes & Jewelry,Women,Clothing,Dresses,Special Occasion],[Clothing, Shoes & Jewelry,Women,Petite,Dresses,Special Occasion],[Clothing, Shoes & Jewelry,Women,Plus-Size,Dresses,Special Occasion]]"
2639,170983,Fashion Golden Chain Jewelry Ellipse Black White Resin Pendant Necklace,"[[Clothing, Shoes & Jewelry,Women],[Clothing, Shoes & Jewelry,Novelty, Costumes & More,Novelty,Jewelry,Necklaces & Pendants]]"
2640,171115,Canvas Unisex 4.2 oz. Jersey Deep V-Neck - WHITE - XS Unisex Jersey,"[[Clothing, Shoes & Jewelry,Women,Clothing,Tops & Tees,Knits & Tees]]"
2641,171148,10k White Gold Princess-Cut Dangle Earrings Made with Swarovski Zirconia (1 cttw),"[[Clothing, Shoes & Jewelry,Jewelry: International Shipping Available],[Clothing, Shoes & Jewelry,Amazon Curated Collection],[Clothing, Shoes & Jewelry,Women,Jewelry,Fashion,Earrings,Drop & Dangle],[Clothing, Shoes & Jewelry,Novelty, Costumes & More,Novelty]]"
2642,171176,Nautica Boys 2-7 Duo Suit Set,"[[Clothing, Shoes & Jewelry,N,Nautica],[Clothing, Shoes & Jewelry,Boys,Clothing,Suits & Sport Coats,Sport Coats & Blazers]]"
2643,171200,Casio Women's LTP1237D-7A Silver-Tone Shell White Dial Watch,"[[Clothing, Shoes & Jewelry,New Arrivals],[Clothing, Shoes & Jewelry,Women,Watches,Wrist Watches]]"
2644,171201,100pcs Silver Plated Adjustable Flat Ring 8mm Pad Bases Blank Nickle,"[[Clothing, Shoes & Jewelry,Jewelry Outlet],[Clothing, Shoes & Jewelry,Women],[Clothing, Shoes & Jewelry,Novelty, Costumes & More,Novelty,Jewelry,Rings]]"
2645,171238,Allegra K Women's Sleeveless Split Long Dress,"[[Clothing, Shoes & Jewelry,Women,Clothing,Dresses,Casual],[Clothing, Shoes & Jewelry,Women,Petite,Dresses,Casual]]"
2646,171269,"Multi Strands Pendant Flowers Statement Necklace Earrings Set,Yellow","[[Clothing, Shoes & Jewelry,Women,Jewelry,Fashion,Necklaces,Strands],[Clothing, Shoes & Jewelry,Novelty, Costumes & More,Novelty]]"
2647,171305,Russell Athletic Men's Big &amp; Tall Dri-Power Short Sleeve Polo,"[[Sports & Outdoors,Clothing,Men,Shirts],[Clothing, Shoes & Jewelry,Men,Clothing],[Clothing, Shoes & Jewelry,Men,Big & Tall]]"
2648,171361,T.U.K. Women's A8189L Pump,"[[Clothing, Shoes & Jewelry,Shoes & Accessories: International Shipping Available],[Clothing, Shoes & Jewelry,T,T.U.K.],[Clothing, Shoes & Jewelry,Women,Shoes,Pumps]]"
2649,171371,Stuhrling Original Men's 4AT.332534 Champion Alpine Automatic Skeleton Rose Tone Watch,"[[Clothing, Shoes & Jewelry,New Arrivals],[Clothing, Shoes & Jewelry,Jewelry: International Shipping Available],[Clothing, Shoes & Jewelry,Available for International Shipping],[Clothing, Shoes & Jewelry,Men,Watches,Wrist Watches]]"
2650,171396,Gloria Vanderbilt Plus Mara Bermuda Shorts FRUIT PUNCH RED 16W,"[[Clothing, Shoes & Jewelry,Women,Clothing,Shorts,Casual],[Clothing, Shoes & Jewelry,Women,Petite,Shorts,Casual],[Clothing, Shoes & Jewelry,Women,Plus-Size,Shorts,Casual]]"
2651,171414,Calvin Klein Jeans Women's Moto Ultimate Skinny Jean,"[[Clothing, Shoes & Jewelry,Women,Clothing,Jeans],[Clothing, Shoes & Jewelry,Women,Petite,Jeans]]"
2652,171716,niceEshop(TM) Multi Vintage Colorful Crystal Peacock Bracelet Bangle +Free niceEshop Cable Tie,"[[Sports & Outdoors,Fan Shop,Jewelry & Watches,Bracelets],[Clothing, Shoes & Jewelry,Novelty, Costumes & More,Novelty,Jewelry,Bracelets]]"
2653,171987,Doublju Womens Long Sleeve Draping Neck Blouse Top,"[[Clothing, Shoes & Jewelry,Women,Clothing,Tops & Tees]]"
2654,172288,TMNT Teenage Mutant Ninja Turtles Sexy Tunic Tank Dress,"[[Clothing, Shoes & Jewelry,Novelty, Costumes & More,Costumes & Accessories],[Clothing, Shoes & Jewelry,Novelty, Costumes & More,Exotic Apparel,Women,Costumes]]"
2655,172343,Kanu Surf Women's Keri Long Sleeve UPF 50+ Rash Guard,"[[Clothing, Shoes & Jewelry,Women,Clothing,Swimsuits & Cover Ups,Rash Guards]]"
2656,172359,Dearfoams Women's 320 Slipper,"[[Clothing, Shoes & Jewelry,Shoes & Accessories: International Shipping Available],[Clothing, Shoes & Jewelry,D,Dearfoams],[Clothing, Shoes & Jewelry,Women,Shoes,Slippers]]"
2657,172374,"Fruit Of The Loom Boys 2-7 Spiderman Movie 4, 3-Pack Boxer Brief, Assorted, 4","[[Clothing, Shoes & Jewelry,Boys,Clothing,Underwear,Briefs]]"
2658,172511,"10k Yellow Gold 6.5mm Freshwater Cultured Pearl with Diamond Accent Drop Earrings (0.008 cttw, I-J Color, I1-I2 Clarity)","[[Clothing, Shoes & Jewelry,Pearl Jewelry],[Clothing, Shoes & Jewelry,Jewelry: International Shipping Available],[Clothing, Shoes & Jewelry,Amazon Curated Collection],[Clothing, Shoes & Jewelry,Women,Jewelry,Fine,Earrings,Drop & Dangle],[Clothing, Shoes & Jewelry,Novelty, Costumes & More,Novelty]]"
2659,172536,Womens Cotton Mary Jane Shoes Ballerina Ballet Flats Shoes,"[[Clothing, Shoes & Jewelry,Women,Shoes]]"
2660,172540,Connoisseurs Diamond Dazzle Stik,"[[Clothing, Shoes & Jewelry,Novelty, Costumes & More,Jewelry Accessories]]"
2661,172724,"Despicable Me Boys 8-20 Take Off, Yellow, Medium","[[Clothing, Shoes & Jewelry,Boys,Clothing,Tops & Tees,Tees]]"
2662,172748,"Sandra Darren Women's Fit and Flare Lace and Mesh Dress, Cinnamon, 6","[[Clothing, Shoes & Jewelry,Women,Clothing,Dresses,Night Out & Cocktail]]"
2663,172862,"Myia Passiello &quot;Timeless&quot; Swarovski Cubic Zirconia Tennis Bracelet, 7.25&quot;","[[Clothing, Shoes & Jewelry,Jewelry: International Shipping Available],[Clothing, Shoes & Jewelry,Shop by Designer],[Clothing, Shoes & Jewelry,Boutique Designer Jewelry],[Clothing, Shoes & Jewelry,Women,Jewelry,Fine,Bracelets,Tennis],[Clothing, Shoes & Jewelry,Women,Jewelry,Fashion,Bracelets,Tennis],[Clothing, Shoes & Jewelry,Novelty, Costumes & More,Novelty]]"
2664,172871,Harley-Davidson Men's Orange Bar &amp; Shield Zip up Black Sweatshirt. 30290043,"[[Clothing, Shoes & Jewelry,H,Harley-Davidson],[Clothing, Shoes & Jewelry,Men],[Clothing, Shoes & Jewelry,Novelty, Costumes & More,Novelty,Clothing,Men,Hoodies],[Clothing, Shoes & Jewelry,Novelty, Costumes & More,Band & Music Fan,Accessories]]"
2665,172970,Women'S Ponte Roma From Office Wear to Casual Above Knee Pencil Skirt - Solid,"[[Clothing, Shoes & Jewelry,Women,Clothing,Skirts,Casual],[Clothing, Shoes & Jewelry,Women,Clothing,Skirts,Wear to Work],[Clothing, Shoes & Jewelry,Women,Clothing,Skirts,Night Out & Special Occasion]]"
2666,172991,Wickers Performance Underwear - Women's Boxer,"[[Clothing, Shoes & Jewelry,Women,Clothing,Lingerie, Sleep & Lounge,Intimates,Shapewear,Control Panties]]"
2667,173017,WallFlower Juniors Plus Size Basic Sassy Skinny Jeans,"[[Clothing, Shoes & Jewelry,Women,Clothing,Jeans],[Clothing, Shoes & Jewelry,Women,Juniors,Jeans]]"
2668,173114,Brown Leatherette Tri-fold Pirate Hat Costume Accessory,"[[Clothing, Shoes & Jewelry,Novelty, Costumes & More,Costumes & Accessories,Hats & Caps]]"
2669,173119,Angelina Full-Length Seamless Leggings,"[[Clothing, Shoes & Jewelry,Women,Clothing,Leggings]]"
2670,173180,ASICS Women's GT 1000 2 PR Running Shoe,"[[Clothing, Shoes & Jewelry,ASICS],[Clothing, Shoes & Jewelry,Women,Shoes,Athletic,Running]]"
2671,173240,Sheinside Women Fashion Michkey Nobody Knows Hooded Sweatshirt,"[[Clothing, Shoes & Jewelry,Women,Clothing,Fashion Hoodies & Sweatshirts]]"
2672,173302,FC Rose Gold Plated Multi colored Peacock Swarovski Crystal Ring,"[[Clothing, Shoes & Jewelry,Novelty, Costumes & More,Novelty,Jewelry,Rings]]"
2673,173305,Allegra K Women's Scoop Neck Elbow Puff Sleeve Pure Color T Shirt,"[[Clothing, Shoes & Jewelry,Women,Clothing,Tops & Tees,Knits & Tees]]"
2674,173343,Soda &quot;Padd&quot; Womens Shoes Ankle Boots,"[[Clothing, Shoes & Jewelry,S,Soda],[Clothing, Shoes & Jewelry,Women,Shoes,Boots]]"
2675,173369,Funny Camel T-Shirt Guess What Day It Is? Hump Day!,"[[Clothing, Shoes & Jewelry,Novelty, Costumes & More,Novelty,Clothing,Women,Tops & Tees,T-Shirts],[Clothing, Shoes & Jewelry,Novelty, Costumes & More,Novelty,Clothing,Men,Shirts,T-Shirts]]"
2676,173418,Suncloud Pursuit Sunglasses,"[[Sports & Outdoors,Accessories,Sports Sunglasses],[Sports & Outdoors,Clothing,Women,Accessories,Sunglasses],[Sports & Outdoors,Clothing,Men,Accessories,Sunglasses],[Clothing, Shoes & Jewelry,Women]]"
2677,173419,"N.Y.L.A. Women's Raison Sandal,Nude,6 M US","[[Clothing, Shoes & Jewelry,Shoes & Accessories: International Shipping Available],[Clothing, Shoes & Jewelry,N,N.Y.L.A.],[Clothing, Shoes & Jewelry,Women,Shoes,Sandals]]"
2678,173441,DV by Dolce Vita Women's Tremor Wedge Sandal,"[[Clothing, Shoes & Jewelry,Shoes & Accessories: International Shipping Available],[Clothing, Shoes & Jewelry,D,DV by Dolce Vita],[Clothing, Shoes & Jewelry,Women,Shoes,Sandals]]"
2679,173578,"Little Lass Girls 2-6X 2 Piece Empire Waist Sweater Dress Set, Mint, 4","[[Clothing, Shoes & Jewelry,Girls,Clothing,Clothing Sets,Pant Sets]]"
2680,173593,Breaking Bad Men's Universe T-shirt,"[[Clothing, Shoes & Jewelry,Novelty, Costumes & More,Novelty],[Clothing, Shoes & Jewelry,Novelty, Costumes & More,Movie & TV Fan,Tops & Tees,T-Shirts]]"
2681,173629,ACORN Women's Ewe Collar Mule,"[[Clothing, Shoes & Jewelry,Shoes & Accessories: International Shipping Available],[Clothing, Shoes & Jewelry,ACORN],[Clothing, Shoes & Jewelry,Women,Shoes,Slippers]]"
2682,173686,Steve Madden Men's Hasten Oxford,"[[Clothing, Shoes & Jewelry,Shoes & Accessories: International Shipping Available],[Clothing, Shoes & Jewelry,S,Steve Madden],[Clothing, Shoes & Jewelry,Men,Shoes,Oxfords],[Clothing, Shoes & Jewelry,Men,Surf, Skate & Street,Shoes,Oxfords]]"
2683,173714,JBlue Jewelry Men's Large Alloy Leather Bracelet Bangle Brown Rock (with Gift Bag),"[[Clothing, Shoes & Jewelry,Men,Jewelry,Bracelets,Link],[Clothing, Shoes & Jewelry,Novelty, Costumes & More,Novelty]]"
2684,173779,Steve Madden Women's Barney Bootie,"[[Clothing, Shoes & Jewelry,Shoes & Accessories: International Shipping Available],[Clothing, Shoes & Jewelry,S,Steve Madden],[Clothing, Shoes & Jewelry,Boot Shop,Women,Fashion,Riding],[Clothing, Shoes & Jewelry,Women,Shoes,Boots]]"
2685,173808,"A. Byer Juniors Scoop Neck High Low Top, Multi-Colored, Medium","[[Clothing, Shoes & Jewelry,Women,Clothing,Tops & Tees,Knits & Tees],[Clothing, Shoes & Jewelry,Women,Juniors,Tops & Tees,Knits & Tees]]"
2686,173816,Magiftbox Men's Slim Fit Harem Jogging Sports Stripe Pants K99,"[[Clothing, Shoes & Jewelry,Men,Clothing,Pants,Casual]]"
2687,173949,Hollywood Exxtreme Cleavage? Front-Close Bra 38B White,"[[Clothing, Shoes & Jewelry,Women,Clothing,Lingerie, Sleep & Lounge,Intimates,Bras,Everyday Bras],[Clothing, Shoes & Jewelry,Women,Petite,Intimates,Bras,Everyday Bras]]"
2688,174034,Hatley Girls 2-6X Children Rubber Boot-Party Owls,"[[Clothing, Shoes & Jewelry,H,Hatley],[Clothing, Shoes & Jewelry,Boot Shop,Girls,Outdoor & Work,Rain],[Clothing, Shoes & Jewelry,Girls]]"
2689,174105,Youngland Little Girls' Sleeveless Knit To Woven Nautical Sundress,"[[Clothing, Shoes & Jewelry,Girls,Clothing,Dresses,Playwear]]"
2690,174238,Bella Materna Women's Smooth Cup Wirefree Nursing Bra,"[[Clothing, Shoes & Jewelry,Women,Maternity,Intimates,Nursing & Maternity Bras],[Clothing, Shoes & Jewelry,Women,Petite],[Clothing, Shoes & Jewelry,Women,Plus-Size,Maternity,Intimates,Nursing & Maternity Bras]]"
2691,174483,Cafa Charming White Turquoise Tibet Silver Plated Fashion Ring Size 8,"[[Clothing, Shoes & Jewelry,Women],[Clothing, Shoes & Jewelry,Novelty, Costumes & More,Novelty,Jewelry,Rings]]"
2692,174487,Vintage jewelry red gemstone heart love pendant long chain necklace Angel Wing,"[[Clothing, Shoes & Jewelry,Angel],[Clothing, Shoes & Jewelry,Women],[Clothing, Shoes & Jewelry,Novelty, Costumes & More,Novelty,Jewelry,Necklaces & Pendants]]"
2693,174522,Gravity Threads Pattern Women's Poly Span Maxi Skirt,"[[Clothing, Shoes & Jewelry,Women,Clothing,Skirts,Casual]]"
2694,174572,Katz Hoodie Basketball,"[[Clothing, Shoes & Jewelry,Girls],[Clothing, Shoes & Jewelry,Novelty, Costumes & More,Novelty,Clothing,Girls,Hoodies],[Clothing, Shoes & Jewelry,Novelty, Costumes & More,Band & Music Fan,Sweatshirts]]"
2695,174585,PUMA Women's Janine Dance Shoe,"[[Clothing, Shoes & Jewelry,Shoes & Accessories: International Shipping Available],[Clothing, Shoes & Jewelry,P,Puma],[Clothing, Shoes & Jewelry,Women,Shoes,Athletic,Ballet & Dance]]"
2696,174602,Under Armour Men's Playmaker IV Comfort Slide Sandals,"[[Clothing, Shoes & Jewelry,Men,Shoes,Sandals],[Clothing, Shoes & Jewelry,Men,Shoes,Athletic,Sport Sandals]]"
2697,174655,Allegra K Women's Crochet Lace Trimed V Neck Sleeveless Mini Dress,"[[Clothing, Shoes & Jewelry,Women,Clothing,Dresses,Casual]]"
2698,174668,Casio Men's GW9000A-1 G-Shock Mudman Solar Atomic Watch,"[[Clothing, Shoes & Jewelry,Men,Watches,Wrist Watches]]"
2699,174679,"G Zap Men's Long Sleeve Button-Down Printed Cotton Shirt Top(MENTOP-CAS,DBL-M)","[[Clothing, Shoes & Jewelry,Men,Clothing,Shirts,Casual Button-Down Shirts]]"
2700,174740,Allegra K Women Off Shoulder Design Elastic Waist Flower Crochet Splice Dress,"[[Clothing, Shoes & Jewelry,Women,Clothing,Dresses,Casual],[Clothing, Shoes & Jewelry,Women,Clothing,Dresses,Night Out & Cocktail],[Clothing, Shoes & Jewelry,Women,Petite,Dresses,Casual],[Clothing, Shoes & Jewelry,Women,Petite,Dresses,Night Out & Cocktail]]"
2701,174754,Unlimited Fashion Is A Beautiful Style And Made With Soft Faux Leather,"[[Clothing, Shoes & Jewelry,Women,Handbags & Wallets,Shoulder Bags]]"
2702,174942,Bslingerie Womens Denim Zipper Boned Bustier Corset,"[[Clothing, Shoes & Jewelry,Women,Clothing,Lingerie, Sleep & Lounge,Intimates,Lingerie,Bustiers & Corsets]]"
2703,174965,DC Men's Factory Lite Hi Fashion Sneaker,"[[Clothing, Shoes & Jewelry,Shoes & Accessories: International Shipping Available],[Clothing, Shoes & Jewelry,D,DC],[Clothing, Shoes & Jewelry,Motorcycle & ATV Casual Footwear,Shoes],[Clothing, Shoes & Jewelry,Street, Surf & Skate],[Clothing, Shoes & Jewelry,Men,Shoes,Fashion Sneakers],[Clothing, Shoes & Jewelry,Men,Shoes,Athletic,Skateboarding],[Clothing, Shoes & Jewelry,Men,Surf, Skate & Street,Shoes,Athletic,Skateboarding],[Clothing, Shoes & Jewelry,Men,Surf, Skate & Street,Shoes,Fashion Sneakers]]"
2704,175064,Solid Ties / Multiful color Formal Tie,"[[Clothing, Shoes & Jewelry,Women,Clothing,Dresses,Casual]]"
2705,175236,Onzie Women's Sugar Skull Legging,"[[Sports & Outdoors,Exercise & Fitness,Yoga,Clothing,Women,Pants],[Clothing, Shoes & Jewelry,Women,Clothing,Active,Active Pants]]"
2706,175244,Pro Jewelry .925 Sterling Silver Glass &quot;3D Multicolor Rainbow Flower Cluster&quot; Charm Bead for Snake Chain Charm Bracelets 2143,"[[Clothing, Shoes & Jewelry,Women],[Clothing, Shoes & Jewelry,Novelty, Costumes & More,Novelty,Jewelry,Charms]]"
2707,175300,Alki'i Junior Premium Cotton running workout lounge yoga shorts (sizes S - XL),"[[Sports & Outdoors,Exercise & Fitness,Running,Clothing],[Sports & Outdoors,Exercise & Fitness,Yoga,Clothing],[Sports & Outdoors,Clothing,Women,Shorts],[Clothing, Shoes & Jewelry,Women,Clothing,Active,Active Shorts]]"
2708,175400,Casio Men's PRW2500-1 Pro-Trek Tough Solar Digital Sport Watch,"[[Sports & Outdoors,Accessories,Sport Watches],[Clothing, Shoes & Jewelry,New Arrivals],[Clothing, Shoes & Jewelry,Sport Watches],[Clothing, Shoes & Jewelry,Women],[Clothing, Shoes & Jewelry,Men,Watches,Wrist Watches]]"
2709,175446,Melting Rubik's Cube Shirt Funny T-Shirt Twisted Puzzle Tee Hilarious Silly,"[[Clothing, Shoes & Jewelry,Novelty, Costumes & More,Novelty,Clothing,Women,Tops & Tees,T-Shirts],[Clothing, Shoes & Jewelry,Novelty, Costumes & More,Novelty,Clothing,Men,Shirts,T-Shirts]]"
2710,175506,"Trendy Dolman Knit Top (Large, Burgundy)","[[Clothing, Shoes & Jewelry,Women],[Clothing, Shoes & Jewelry,Novelty, Costumes & More,Novelty,Clothing,Women,Tops & Tees,T-Shirts]]"
2711,175524,Penny Loves Kenny Women's Ferne Boot,"[[Clothing, Shoes & Jewelry,Shoes & Accessories: International Shipping Available],[Clothing, Shoes & Jewelry,P,Penny Loves Kenny],[Clothing, Shoes & Jewelry,Boot Shop],[Clothing, Shoes & Jewelry,Women,Shoes,Boots]]"
2712,175566,JBlue Jewelry Genuine Black Leather Bangle Bracelet,"[[Clothing, Shoes & Jewelry,Men,Jewelry,Bracelets,Cuff],[Clothing, Shoes & Jewelry,Novelty, Costumes & More,Novelty]]"
2713,175601,eVogues Gray Deep cut v-neck Hoodie top,"[[Clothing, Shoes & Jewelry,Women,Clothing,Fashion Hoodies & Sweatshirts],[Clothing, Shoes & Jewelry,Women,Plus-Size,Fashion Hoodies & Sweatshirts]]"
2714,175669,Stylized Butterfly Wing Drop Austrian Crystal Pendant Necklace (Pink) 2004701,"[[Clothing, Shoes & Jewelry,Women],[Clothing, Shoes & Jewelry,Novelty, Costumes & More,Novelty,Jewelry,Necklaces & Pendants]]"
2715,175707,Allegra K Ladies V Neck Long Batwing Sleeve Side Pockets Loose Hoodie Blouse,"[[Clothing, Shoes & Jewelry,Women],[Clothing, Shoes & Jewelry,Novelty, Costumes & More,Novelty,Clothing,Women,Hoodies]]"
2716,175740,Invicta Women's 1646 Angel Jelly Fish Crystal Accented White Dial Watch,"[[Clothing, Shoes & Jewelry,New Arrivals],[Clothing, Shoes & Jewelry,Jewelry: International Shipping Available],[Clothing, Shoes & Jewelry,Fashion Watches],[Clothing, Shoes & Jewelry,Available for International Shipping],[Clothing, Shoes & Jewelry,Invicta],[Clothing, Shoes & Jewelry,Women,Watches,Wrist Watches]]"
2717,175745,JoJo&amp;Lin Glass Circle Magnetic Floating Charm Locket 30mm MEDIUM with Snake Chain DIY Jewelry Accessories,"[[Clothing, Shoes & Jewelry,Women],[Clothing, Shoes & Jewelry,Novelty, Costumes & More,Novelty,Jewelry,Necklaces & Pendants]]"
2718,175829,girl lady pop women Serratula of warm bud knitted beret wool cap hat,"[[Clothing, Shoes & Jewelry,Women,Accessories,Hats & Caps,Berets]]"
2719,175858,Orient Men's CEM65002D 'Blue Mako' Automatic Dive Watch,"[[Sports & Outdoors,Accessories,Sport Watches],[Clothing, Shoes & Jewelry,New Arrivals],[Clothing, Shoes & Jewelry,Jewelry: International Shipping Available],[Clothing, Shoes & Jewelry,Available for International Shipping],[Clothing, Shoes & Jewelry,Sport Watches],[Clothing, Shoes & Jewelry,Orient],[Clothing, Shoes & Jewelry,Men,Watches,Wrist Watches],[Clothing, Shoes & Jewelry,Men's Athletic Watches]]"
2720,175918,"Nine West Cant Stop Shopper Small Wristlet,Platinum,One Size","[[Clothing, Shoes & Jewelry,N,Nine West],[Clothing, Shoes & Jewelry,Women,Handbags & Wallets,Wristlets],[Clothing, Shoes & Jewelry,Women,Handbags & Wallets,Shoulder Bags]]"
2721,176015,Timex Men's Brown Watch With White Dial,"[[Clothing, Shoes & Jewelry,Jewelry: International Shipping Available],[Clothing, Shoes & Jewelry,Fifty Watches Under $50],[Clothing, Shoes & Jewelry,Available for International Shipping],[Clothing, Shoes & Jewelry,Timex],[Clothing, Shoes & Jewelry,Timex test],[Clothing, Shoes & Jewelry,Men,Watches,Wrist Watches]]"
2722,176084,1 Custom Windproof Black Neoprene Half Face Mask Facemask Neck Wear Warmer Vent Winter Outdoor Sport,"[[Clothing, Shoes & Jewelry,Novelty, Costumes & More,Band & Music Fan,Accessories],[Clothing, Shoes & Jewelry,Novelty, Costumes & More,Costumes & Accessories,Masks,Men]]"
2723,176191,Plus Size 3/4 Sleeved Scalloped Boudoir Lace Dress - Black Lace/ Nude Lining,"[[Clothing, Shoes & Jewelry,Women,Clothing,Dresses,Night Out & Cocktail],[Clothing, Shoes & Jewelry,Women,Petite,Dresses,Night Out & Cocktail],[Clothing, Shoes & Jewelry,Women,Plus-Size,Dresses,Night Out & Cocktail]]"
2724,176276,Hush Puppies Women's Renown T-Strap Wedge Pump,"[[Clothing, Shoes & Jewelry,Shoes & Accessories: International Shipping Available],[Clothing, Shoes & Jewelry,H,Hush Puppies],[Clothing, Shoes & Jewelry,Comfort Shoes],[Clothing, Shoes & Jewelry,Women,Shoes,Pumps]]"
2725,176327,Timex Women's T2H351 Easy Reader Gold-Tone Expansion Band Watch,"[[Clothing, Shoes & Jewelry,Jewelry: International Shipping Available],[Clothing, Shoes & Jewelry,Available for International Shipping],[Clothing, Shoes & Jewelry,Timex],[Clothing, Shoes & Jewelry,Timex test],[Clothing, Shoes & Jewelry,Women,Watches,Wrist Watches]]"
2726,176441,Nautica Girls 2-6X Solid Cable Ruffle Dress,"[[Clothing, Shoes & Jewelry,N,Nautica],[Clothing, Shoes & Jewelry,Novelty, Costumes & More,Novelty,Clothing,Baby,Baby Girls,Dresses]]"
2727,176450,Hanes Women's 6 Pack Bikini Panty,"[[Clothing, Shoes & Jewelry,Women,Clothing,Lingerie, Sleep & Lounge,Intimates,Panties,Bikinis]]"
2728,176492,D&amp;K Thick Fleece Full Leggings,"[[Clothing, Shoes & Jewelry,Women,Clothing,Leggings]]"
2729,176619,Columbia Girls 2-6X Benton Springs Fleece,"[[Clothing, Shoes & Jewelry,C,Columbia],[Clothing, Shoes & Jewelry,Girls,Clothing,Jackets & Coats,Fleece],[Clothing, Shoes & Jewelry,Novelty, Costumes & More,Band & Music Fan,Sweatshirts]]"
2730,176677,Easy Street Swirl Womens Slide Sandals,"[[Clothing, Shoes & Jewelry,E,Easy Street],[Clothing, Shoes & Jewelry,Women,Shoes,Sandals]]"
2731,176682,Russell Athletic Men's Dri-Power 360&trade; Performance Sleeveless Tee,"[[Sports & Outdoors,Clothing,Men,Shirts],[Clothing, Shoes & Jewelry,Men,Clothing,Active,Active Shirts & Tees]]"
2732,176753,Steampunk Watch Gears Silver Costume Ring Adult,"[[Clothing, Shoes & Jewelry,Novelty, Costumes & More,Novelty],[Clothing, Shoes & Jewelry,Novelty, Costumes & More,Costumes & Accessories]]"
2733,177008,Earthy Tone Women's Skinny Belt,"[[Clothing, Shoes & Jewelry,Women,Accessories,Belts]]"
2734,177019,12 Pieces of Black with Silver Iced Out Cross Shamballah Beaded Stretch Bracelet,"[[Clothing, Shoes & Jewelry,Women],[Clothing, Shoes & Jewelry,Novelty, Costumes & More,Novelty,Jewelry,Bracelets]]"
2735,177357,Ollio Women's Ballet?Flat Shoe Faux Suede Lace Up Oxford,"[[Clothing, Shoes & Jewelry,Women,Shoes,Oxfords]]"
2736,177372,Dr. Martens Airwair Usa Llc -- Women's 1461 Lace-Up Fashion Sneaker,"[[Clothing, Shoes & Jewelry,Shoes & Accessories: International Shipping Available],[Clothing, Shoes & Jewelry,D,Dr. Martens],[Clothing, Shoes & Jewelry,Women,Shoes,Oxfords]]"
2737,177398,Forum Full Length Mardi Gras Cape,"[[Clothing, Shoes & Jewelry,Novelty, Costumes & More,Costumes & Accessories,Costumes,Women]]"
2738,177463,Boston Traveler Mens Twill Flat Front Cargo Shorts,"[[Clothing, Shoes & Jewelry,Men,Clothing,Shorts,Cargo]]"
2739,177467,CC Junior's All Over Lace Panel Bra and Panty Set,"[[Clothing, Shoes & Jewelry,Women,Clothing,Lingerie, Sleep & Lounge,Intimates,Lingerie Sets]]"
2740,177492,Scooties Fleece Booties by Luvable Friends,"[[Clothing, Shoes & Jewelry,Baby,Baby Boys,Accessories,Socks]]"
2741,177655,Zehui Women's Chiffon Vest Shirt Sleeveless Shirt Scoop Neck with Belt,"[[Clothing, Shoes & Jewelry,Women,Clothing]]"
2742,177658,Allegra K Women's Mesh Patchwork Front Bracelet Sleeve Slim Blouse,"[[Clothing, Shoes & Jewelry,Women,Clothing,Tops & Tees,Blouses & Button-Down Shirts]]"
2743,177880,"Aokin Women's Scoop Neck Long Sleeve Falbala Chiffon Blouse Shirt Top (L, Black)","[[Clothing, Shoes & Jewelry,Women,Clothing,Tops & Tees,Blouses & Button-Down Shirts]]"
2744,177950,Tok Tok Designs&reg; T/C Cotton B133 Men's Bow Ties,"[[Clothing, Shoes & Jewelry,Men,Accessories,Bow Ties & Cummerbunds,Bow Ties]]"
2745,177969,Zehui Women's Floral Print Puff Long Sleeve Chiffon Blouse Bowknot OL Shirt Tops Blue,"[[Clothing, Shoes & Jewelry,Women,Clothing,Tops & Tees,Tunics]]"
2746,177996,"Calvin Klein Sportswear Men's Short Sleeve V-Neck Tee, Pale Banana, Medium","[[Clothing, Shoes & Jewelry,C,Calvin Klein],[Clothing, Shoes & Jewelry,Men,Clothing,Shirts,T-Shirts]]"
2747,178011,Wrangler Men's Rugged Wear Relaxed Fit Jean,"[[Clothing, Shoes & Jewelry,Men,Clothing,Jeans],[Clothing, Shoes & Jewelry,Men,Big & Tall]]"
2748,178030,Allegra K Women's Round Neck Batwing Sleeve Floral Stretchy Tunic,"[[Clothing, Shoes & Jewelry,Women,Clothing,Tops & Tees,Tunics]]"
2749,178059,Easy Street Women's Plush Slouch Boot,"[[Clothing, Shoes & Jewelry,Shoes & Accessories: International Shipping Available],[Clothing, Shoes & Jewelry,E,Easy Street],[Clothing, Shoes & Jewelry,Boot Shop],[Clothing, Shoes & Jewelry,Women,Shoes,Boots]]"
2750,178165,Nine West Women's Drusilla Pump,"[[Clothing, Shoes & Jewelry,Shoes & Accessories: International Shipping Available],[Clothing, Shoes & Jewelry,N,Nine West],[Clothing, Shoes & Jewelry,Women,Shoes,Pumps]]"
2751,178276,Van Heusen Men's Wrinkle Free Fitted Poplin,"[[Clothing, Shoes & Jewelry,Men,Clothing,Shirts,Dress Shirts]]"
2752,178343,Pair of 3D Cherries Pendant with Black Star Charm on Black Ball Chain Necklace from Sourpuss Clothing,"[[Clothing, Shoes & Jewelry,Women],[Clothing, Shoes & Jewelry,Novelty, Costumes & More,Novelty,Clothing,Women,Accessories,Keychains],[Clothing, Shoes & Jewelry,Novelty, Costumes & More,Band & Music Fan,Accessories]]"
2753,178359,Sperry Top-Sider Bluefish Boat Shoe (Infant/Toddler),"[[Clothing, Shoes & Jewelry,Shoes & Accessories: International Shipping Available],[Clothing, Shoes & Jewelry,S,Sperry Top-Sider],[Clothing, Shoes & Jewelry,Baby,Baby Girls,Shoes,Flats,Oxford & Loafer]]"
2754,178360,FRYE Women's Steffi Harness Boot,"[[Clothing, Shoes & Jewelry,Shoes & Accessories: International Shipping Available],[Clothing, Shoes & Jewelry,F,FRYE],[Clothing, Shoes & Jewelry,Boot Shop,Women,Fashion,Motorcycle],[Clothing, Shoes & Jewelry,Women,Shoes,Boots]]"
2755,178362,Shemagh Military Tactical Desert Scarf,"[[Clothing, Shoes & Jewelry,Novelty, Costumes & More,Work Wear & Uniforms,Clothing,Food Service],[Clothing, Shoes & Jewelry,Novelty, Costumes & More,Work Wear & Uniforms,Clothing,Military,Men,Accessories],[Clothing, Shoes & Jewelry,Novelty, Costumes & More,Band & Music Fan,Accessories]]"
2756,178391,Zehui Women's Ruffle Pleated Dress Bohemia Retro Solid Ankle Full Skirt Long Maxi Boho Green,"[[Clothing, Shoes & Jewelry,Women,Clothing,Skirts,Casual]]"
2757,178413,MyLux Connection Faux Leather Hobo Purse,"[[Clothing, Shoes & Jewelry,Women,Handbags & Wallets,Shoulder Bags]]"
2758,178600,ToBeInStyle Women's Elastic Skinny Pull On Jeggings w/ Zipper &amp; Button,"[[Clothing, Shoes & Jewelry,Women,Clothing,Jeans]]"
2759,178679,"Dearfoams Women's Cable Knit Beanie with Microfleece Lining, Deep Teal, One Size","[[Clothing, Shoes & Jewelry,Women,Accessories,Hats & Caps,Skullies & Beanies]]"
2760,178727,Quilted Large Tote Bag,"[[Clothing, Shoes & Jewelry,Women,Handbags & Wallets,Shoulder Bags]]"
2761,178779,Life is good Women's Crusher Message Heart T-Shirt,"[[Clothing, Shoes & Jewelry,Women,Clothing,Active,Active Shirts & Tees]]"
2762,178864,J.TOMSON Womens Sleeveless Button Down Blouse,"[[Clothing, Shoes & Jewelry,Women,Clothing,Tops & Tees,Blouses & Button-Down Shirts]]"
2763,178939,Jockey Women's Expo Stripe Bra,"[[Clothing, Shoes & Jewelry,Women,Clothing,Lingerie, Sleep & Lounge,Intimates,Bras,Sports Bras]]"
2764,179087,Clarks Women's Wessex Azure Ankle Boot,"[[Clothing, Shoes & Jewelry,Shoes & Accessories: International Shipping Available],[Clothing, Shoes & Jewelry,C,Clarks],[Clothing, Shoes & Jewelry,Comfort Shoes],[Clothing, Shoes & Jewelry,Boot Shop,Women,Fashion],[Clothing, Shoes & Jewelry,Women,Shoes,Boots]]"
2765,179106,Mens Casual Double Leather Pocket Short sleeve V-Neck T-Shirt (125D),"[[Clothing, Shoes & Jewelry,Men,Clothing,Shirts,T-Shirts],[Clothing, Shoes & Jewelry,Men,Big & Tall]]"
2766,179119,Leveret &quot;Love Tree&quot; 2 Piece Pajama 100% Cotton (Size 6M-5T),"[[Clothing, Shoes & Jewelry,Baby,Baby Girls,Clothing,Sleepwear & Robes,Pajama Sets]]"
2767,179195,"KAMALIKULTURE Women's 3/4 Sleeve Turtleneck Dress, Black/Jade Spinning Wheels, X-Small","[[Clothing, Shoes & Jewelry,Women,Clothing,Dresses,Casual],[Clothing, Shoes & Jewelry,Women,Clothing,Dresses,Wear to Work],[Clothing, Shoes & Jewelry,Women,Petite,Dresses,Casual],[Clothing, Shoes & Jewelry,Women,Petite,Dresses,Wear to Work]]"
2768,179276,Johnnie Lene Boys Textured Suit Set,"[[Clothing, Shoes & Jewelry,Boys,Clothing,Suits & Sport Coats,Suits]]"
2769,179290,.925 Sterling Silver Cute Train Engine Car Bead Charm For European Charm Bracelets,"[[Clothing, Shoes & Jewelry,Wedding Party Gifts,Gifts for the Bride],[Clothing, Shoes & Jewelry,Women],[Clothing, Shoes & Jewelry,Novelty, Costumes & More,Novelty,Jewelry,Charms]]"
2770,179348,"Kids Headquarters Girls 2-6X Butterfly Printed Short Set, Blue, 5","[[Clothing, Shoes & Jewelry,Girls,Clothing,Clothing Sets,Short Sets]]"
2771,179358,Stylish Blue Ruched Mini Dress - Large,"[[Clothing, Shoes & Jewelry,Women],[Clothing, Shoes & Jewelry,Novelty, Costumes & More,Exotic Apparel,Women,Dresses]]"
2772,179527,Tweety Ahoy-XX-Large,"[[Clothing, Shoes & Jewelry,Women,Clothing],[Clothing, Shoes & Jewelry,Novelty, Costumes & More,Work Wear & Uniforms,Clothing,Medical,Women,Scrub Tops]]"
2773,179543,Women's DailyShoes Over the Knee Thigh High Flats Slouch Side Zipper Round Toe Stylish Fashion Boots,"[[Clothing, Shoes & Jewelry,Women,Shoes,Boots]]"
2774,179737,925 Oxidized Sterling Silver Tiny &quot;I Love You&quot; Hand Sign Symbol Post Stud Earrings 10 mm,"[[Clothing, Shoes & Jewelry,Jewelry Outlet],[Clothing, Shoes & Jewelry,Women],[Clothing, Shoes & Jewelry,Novelty, Costumes & More,Novelty,Jewelry,Earrings]]"
2775,179801,Handcraft Boys 2-7 Disney Jr Multi 7 Pack Underwear,"[[Clothing, Shoes & Jewelry,Boys,Clothing,Underwear]]"
2776,179855,Kid's Reflective Lens Retro Style Sunglasses - kp626 - Black/Green,"[[Clothing, Shoes & Jewelry,Boys,Clothing],[Clothing, Shoes & Jewelry,Boys,Accessories,Sunglasses]]"
2777,179878,MLC EYEWEAR&reg; Vintage &quot;Buddy&quot; Wayfarer Leopard Frame Glasses,"[[Clothing, Shoes & Jewelry,Women,Accessories,Sunglasses & Eyewear Accessories,Sunglasses],[Clothing, Shoes & Jewelry,Men,Accessories,Sunglasses & Eyewear Accessories,Sunglasses],[Clothing, Shoes & Jewelry,Novelty, Costumes & More,Band & Music Fan,Accessories]]"
2778,179913,Ushoppingcart Reusable Adhesive Silicone Nipple Cover Breast Pads,"[[Clothing, Shoes & Jewelry,Women,Clothing,Lingerie, Sleep & Lounge,Intimates,Accessories,Breast Petals],[Clothing, Shoes & Jewelry,Women,Petite,Intimates,Accessories,Breast Petals]]"
2779,179923,SODIAL(TM) Howlite Turquoise Skull Beads Buddhist Prayer Bracelet Mala,"[[Clothing, Shoes & Jewelry,Novelty, Costumes & More,Novelty,Jewelry,Bracelets]]"
2780,179974,Clarisse Halter Low Back Jersey Dress 9108,"[[Clothing, Shoes & Jewelry,Women,Clothing,Dresses,Special Occasion]]"
2781,179985,Mad Hatter Eyebrows,"[[Clothing, Shoes & Jewelry,Novelty, Costumes & More,Costumes & Accessories,More Accessories,Men]]"
2782,180086,Weiman Jewelry Cleaner with Brush,"[[Clothing, Shoes & Jewelry,Novelty, Costumes & More,Jewelry Accessories,Cleaning & Care]]"
2783,180098,"Hello Kitty Girls 2-6X Legging with Screenprint, Black, 2T","[[Clothing, Shoes & Jewelry,Girls,Clothing,Leggings]]"
2784,180185,Vib-Bell POWERFUL Vibrating TONGUE Ring Piercing Barbell Vibrate Body Jewelry,"[[Clothing, Shoes & Jewelry,Women],[Clothing, Shoes & Jewelry,Novelty, Costumes & More,Novelty,Jewelry],[Clothing, Shoes & Jewelry,Novelty, Costumes & More,Body Jewelry,Piercing Jewelry,Barbells]]"
2785,180277,Allegra K Flower Shape Rhinestones Faux Leather Band Elastic Waist Belt Cinch Coffee Color,"[[Clothing, Shoes & Jewelry,Women,Accessories,Belts]]"
2786,180314,"Betsey Johnson Women's Rosetaa Wedge Pump,Black Satin,8.5 M US","[[Clothing, Shoes & Jewelry,Shoes & Accessories: International Shipping Available],[Clothing, Shoes & Jewelry,B,Betsey Johnson],[Clothing, Shoes & Jewelry,Women,Shoes,Pumps],[Clothing, Shoes & Jewelry,Women's Luxury Brands]]"
2787,180325,"Cole Haan Women's Serena Small Tote,Natural/Greenhouse Jitney Straw,One Size","[[Clothing, Shoes & Jewelry,Shoes & Accessories: International Shipping Available],[Clothing, Shoes & Jewelry,C,Cole Haan],[Clothing, Shoes & Jewelry,Women,Handbags & Wallets,Top-Handle Bags],[Clothing, Shoes & Jewelry,Women,Handbags & Wallets,Shoulder Bags]]"
2788,180369,Savane Men's Select-Edition Microfiber-Pleated Dress Pant,"[[Clothing, Shoes & Jewelry,Men,Clothing,Pants,Dress],[Clothing, Shoes & Jewelry,Men,Big & Tall,Pants,Dress]]"
2789,180386,Kamaco&reg; Party Holiday Empire Waist Beach Boho Long Maxi Spaghetti Strap Dress L,"[[Clothing, Shoes & Jewelry,Women,Clothing,Dresses,Casual]]"
2790,180526,Alex and Ani Bangle Bar &quot;Lotus Peace Petals&quot; Rafaelian Silver Finish Expandable Bracelet,"[[Clothing, Shoes & Jewelry,Jewelry: International Shipping Available],[Clothing, Shoes & Jewelry,Shop by Designer],[Clothing, Shoes & Jewelry,Contemporary Designer Jewelry],[Clothing, Shoes & Jewelry,Women,Jewelry,Fashion,Bracelets,Bangle],[Clothing, Shoes & Jewelry,Novelty, Costumes & More,Novelty],[Clothing, Shoes & Jewelry,Test Women AAQ]]"
2791,180577,"Sheinside Green Fur Hooded Long Sleeve Zipper Drawstring Coat (M, Green)","[[Clothing, Shoes & Jewelry,Women,Clothing,Coats & Jackets,Fur & Faux Fur]]"
2792,180610,Premium Soft Viscose Flower Print Scarf - Different Colors Available,"[[Clothing, Shoes & Jewelry,Women,Accessories,Scarves & Wraps,Fashion Scarves]]"
2793,180675,HICKIES Elastic Lacing System,"[[Health & Personal Care,Medical Supplies & Equipment,Daily Living Aids,Dressing Aids,Shoe Fasteners & Laces],[Clothing, Shoes & Jewelry,Novelty, Costumes & More,Shoe Care & Accessories,Shoelaces]]"
2794,180794,Allegra K Women Lace Scoop Neck Sleeveless Tank Top,"[[Clothing, Shoes & Jewelry,Women,Clothing,Tops & Tees,Tanks & Camis]]"
2795,180880,"Ingear Women Stripe Racer Back Maxi Tank Dress, Orange","[[Clothing, Shoes & Jewelry,Women,Clothing,Dresses,Casual]]"
2796,180939,Cotton Cantina Juniors Fold Over Cotton Spandex Leggings,"[[Clothing, Shoes & Jewelry,Women,Clothing,Leggings]]"
2797,180960,White Sierra Men's Trail 34-Inch Inseam Convertible Pant,"[[Clothing, Shoes & Jewelry,Men,Clothing,Active,Active Pants]]"
2798,180992,ililily Denim Newsboy Flat Cap Gatsby Cap ivy Irish Cabbie Driver Hunting Hat,"[[Clothing, Shoes & Jewelry,Men,Accessories,Hats & Caps,Newsboy Caps]]"
2799,180993,Jockey Men's T-Shirts Big &amp; Tall Classic Tag-Free V-neck T-Shirt - 6 Pack,"[[Clothing, Shoes & Jewelry,Men,Clothing,Underwear,Undershirts],[Clothing, Shoes & Jewelry,Men,Clothing,Shirts],[Clothing, Shoes & Jewelry,Men,Big & Tall]]"
2800,181064,Atheism Sign Atheist Adult T-Shirt,"[[Clothing, Shoes & Jewelry,Men],[Clothing, Shoes & Jewelry,Novelty, Costumes & More,Novelty,Clothing,Men,Shirts,T-Shirts]]"
2801,181178,OnGossamer Women's Sheer Bliss Bra,"[[Clothing, Shoes & Jewelry,Women,Clothing,Lingerie, Sleep & Lounge,Intimates,Bras,Everyday Bras],[Clothing, Shoes & Jewelry,Women's Luxury Brands]]"
2802,181247,Extra Heavy Weight Brawny Flannel Shirt,"[[Sports & Outdoors,Clothing,Men,Shirts,Button-Down Shirts],[Clothing, Shoes & Jewelry,Novelty, Costumes & More,Work Wear & Uniforms,Clothing,Military,Men,Tops]]"
2803,181323,PUMA Women's Soleil Suede Sneaker,"[[Clothing, Shoes & Jewelry,Shoes & Accessories: International Shipping Available],[Clothing, Shoes & Jewelry,P,Puma],[Clothing, Shoes & Jewelry,Street, Surf & Skate],[Clothing, Shoes & Jewelry,Women,Shoes,Fashion Sneakers]]"
2804,181345,Cliffs by White Mountain 'Brigham ' Women's Bootie,"[[Clothing, Shoes & Jewelry,Women,Shoes,Boots]]"
2805,181414,"Burnside Boys 8-20 Softee Crew Tee, Red, Small/8","[[Clothing, Shoes & Jewelry,Boys,Clothing,Tops & Tees,Tees]]"
2806,181487,"Little Me Baby-Girls Newborn 3 Pack Leopard Print Frill and Bow Booties, Pink, 0-12 Months","[[Clothing, Shoes & Jewelry,Baby,Baby Boys,Accessories,Socks]]"
2807,181488,Gerber Baby-Boys Newborn Gorilla 4 Pack Flannel Receiving Blanket,"[[Baby Products,Nursery,Bedding,Blankets & Swaddling],[Clothing, Shoes & Jewelry,Baby,Baby Boys,Accessories,Receiving Blankets]]"
2808,181522,Carhartt Boys 2-7 Washed Denim Bib Overall Toddler,"[[Clothing, Shoes & Jewelry,C,Carhartt],[Clothing, Shoes & Jewelry,Boys,Clothing,Jeans]]"
2809,181610,Funtasma by Pleaser Women's Punk-14 Flat,"[[Clothing, Shoes & Jewelry,Shoes & Accessories: International Shipping Available],[Clothing, Shoes & Jewelry,Women,Shoes,Flats]]"
2810,181632,"Michael Antonio Women's Rosen Pump,Pewter,7 M US","[[Clothing, Shoes & Jewelry,Shoes & Accessories: International Shipping Available],[Clothing, Shoes & Jewelry,M,Michael Antonio],[Clothing, Shoes & Jewelry,Women,Shoes,Pumps]]"
2811,181814,Nine West Women's Austin Pump,"[[Clothing, Shoes & Jewelry,Shoes & Accessories: International Shipping Available],[Clothing, Shoes & Jewelry,N,Nine West],[Clothing, Shoes & Jewelry,Women,Shoes,Pumps]]"
2812,181881,Hi-Tec Men's Altitude IV Hiking Boot,"[[Clothing, Shoes & Jewelry,Shoes & Accessories: International Shipping Available],[Clothing, Shoes & Jewelry,Winter Promo],[Clothing, Shoes & Jewelry,H,Hi-Tec],[Clothing, Shoes & Jewelry,Boot Shop,Men,Outdoor & Work,Hiking & Trekking],[Clothing, Shoes & Jewelry,Men,Shoes,Outdoor,Hiking & Trekking,Hiking Boots]]"
2813,181884,K Mega Jewelry Royal Phoenix Stainless Steel Mens Dog Tag Pendant [Jewelry],"[[Sports & Outdoors,Fan Shop,Jewelry & Watches,Necklaces & Pendants],[Clothing, Shoes & Jewelry,Novelty, Costumes & More,Novelty]]"
2814,181890,Amy Byer Girls 2-6X Ombre Two Tier With Shrug,"[[Clothing, Shoes & Jewelry,Girls,Clothing,Dresses,Special Occasion]]"
2815,181933,"AR-15 Silhouette Men's T-shirt, 2nd Amendment Gun Rights AR15 Design Men's Tee","[[Clothing, Shoes & Jewelry,Men],[Clothing, Shoes & Jewelry,Novelty, Costumes & More,Novelty,Clothing,Men,Shirts,T-Shirts]]"
2816,181942,ECCO Women's Monterey Mary Jane Sneaker,"[[Clothing, Shoes & Jewelry,Shoes & Accessories: International Shipping Available],[Clothing, Shoes & Jewelry,E,ECCO],[Clothing, Shoes & Jewelry,Comfort Shoes],[Clothing, Shoes & Jewelry,Women,Shoes,Fashion Sneakers]]"
2817,182044,Calvin Klein Men's Three-Pack Boxer Brief,"[[Clothing, Shoes & Jewelry,C,Calvin Klein],[Clothing, Shoes & Jewelry,Men,Clothing,Underwear,Boxer Briefs]]"
2818,182281,Superman DC Comics Super Mom Adult T-Shirt Tee,"[[Clothing, Shoes & Jewelry,Men],[Clothing, Shoes & Jewelry,Novelty, Costumes & More,Novelty,Clothing,Men,Shirts,T-Shirts]]"
2819,182428,Columbia Women's Switchback II Jacket,"[[Clothing, Shoes & Jewelry,C,Columbia],[Clothing, Shoes & Jewelry,Women,Clothing,Coats & Jackets]]"
2820,182471,Beads Hunter Jewelry Solid Sterling Silver Decorated Bead Spacer Charm Fits Pandora Biagi Troll Chamilia Cable Bracelets,"[[Clothing, Shoes & Jewelry,Women],[Clothing, Shoes & Jewelry,Novelty, Costumes & More,Novelty,Jewelry,Charms]]"
2821,182559,"Trina Turk Women's Robyn, Pool Party, 0","[[Clothing, Shoes & Jewelry,Women,Clothing,Dresses,Night Out & Cocktail],[Clothing, Shoes & Jewelry,Women's Luxury Brands]]"
2822,182570,Scarleton Large Drawstring Handbag H1078,"[[Clothing, Shoes & Jewelry,Women,Handbags & Wallets,Shoulder Bags]]"
2823,182666,Children's Organic Wool Long-Underwear Pants,"[[Clothing, Shoes & Jewelry,Girls],[Clothing, Shoes & Jewelry,Boys,Clothing,Underwear,Thermal Underwear,Sets]]"
2824,182749,"Soffe Girls 7-16 Mesh Lax Short, Red, Large","[[Sports & Outdoors,Other Sports,Dance,Clothing,Girls,Shorts],[Clothing, Shoes & Jewelry,Girls,Clothing,Active,Active Shorts]]"
2825,182786,Bali Womens Women's Comfort Revolution Seamless Bikini Panty,"[[Clothing, Shoes & Jewelry,Women,Clothing,Lingerie, Sleep & Lounge,Intimates,Panties,Bikinis]]"
2826,182827,Clouds Yoga Hot Pant by Teeki (eco-friendly!),"[[Sports & Outdoors,Exercise & Fitness,Yoga,Clothing,Women,Pants],[Clothing, Shoes & Jewelry,Women,Clothing,Active,Active Pants],[Clothing, Shoes & Jewelry,Women,Petite,Active,Active Pants]]"
2827,182851,Blueline Men's Pro-Mesh Leopard Racerback Tank,"[[Clothing, Shoes & Jewelry,Men,Clothing,Shirts,Tank Tops],[Clothing, Shoes & Jewelry,Men,Big & Tall]]"
2828,182987,Carter's Girls 2-piece Spring Into Pink Top &amp; Pant Set,"[[Clothing, Shoes & Jewelry,Baby,Baby Girls,Clothing,Clothing Sets,Pant Sets]]"
2829,183019,Bioworld Men's Batman Bat Signal T-Shirt,"[[Clothing, Shoes & Jewelry,Men,Clothing],[Clothing, Shoes & Jewelry,Novelty, Costumes & More,Novelty,Clothing,Men,Shirts,T-Shirts],[Clothing, Shoes & Jewelry,Novelty, Costumes & More,Movie & TV Fan,Tops & Tees,T-Shirts]]"
2830,183036,Calvin Klein Women's Print Scoop Neck Dress,"[[Clothing, Shoes & Jewelry,C,Calvin Klein],[Clothing, Shoes & Jewelry,Women,Clothing,Dresses,Wear to Work],[Clothing, Shoes & Jewelry,Women,Petite,Dresses,Wear to Work]]"
2831,183067,"Super Mario Brothers Boys 8-20 2 Piece Pajama Set, Assorted, 8","[[Clothing, Shoes & Jewelry,Boys,Clothing,Sleepwear & Robes,Pajama Sets]]"
2832,183073,Ushoppingcart Women Dots Print Flouncing Patchwork Dress,"[[Clothing, Shoes & Jewelry,Women],[Clothing, Shoes & Jewelry,Novelty, Costumes & More,Exotic Apparel,Women,Dresses]]"
2833,183280,Mystic Moon Large Pear Shaped Manmade &quot;Moonstone&quot; Opalite Pendant in Gift Box,"[[Clothing, Shoes & Jewelry,Gemstones],[Clothing, Shoes & Jewelry,Women],[Clothing, Shoes & Jewelry,Novelty, Costumes & More,Novelty,Jewelry,Necklaces & Pendants]]"
2834,183294,etnies Rockfield Skate Shoe (Infant/Toddler/Litle Kid/Big Kid),"[[Clothing, Shoes & Jewelry,Shoes & Accessories: International Shipping Available],[Clothing, Shoes & Jewelry,E,Etnies],[Clothing, Shoes & Jewelry,Girls],[Clothing, Shoes & Jewelry,Boys]]"
2835,183323,"ASICS Boys 2-7 Half Time Track Set, Fern Green, 7","[[Sports & Outdoors,Clothing,Boys,Shirts],[Clothing, Shoes & Jewelry,ASICS],[Clothing, Shoes & Jewelry,Boys,Clothing,Active,Active Shirts & Tees]]"
2836,183326,Sunvary Chiffon Straps Bridesmaid Dress Cocktail Party Dress for Christmas,"[[Clothing, Shoes & Jewelry,Women,Clothing,Dresses]]"
2837,183710,Kids Modern Warfare Call of Duty Style Ghost Balaclava Childs Skull Ski Mask Sm,"[[Clothing, Shoes & Jewelry,Novelty, Costumes & More,Costumes & Accessories,Masks,Kids & Baby],[Clothing, Shoes & Jewelry,Novelty, Costumes & More,Costumes & Accessories,Costumes,Kids & Baby,Infants & Toddlers,Baby Boys]]"
2838,183721,"TOMS Women's Jutti Flat, Black Suede","[[Clothing, Shoes & Jewelry,Women,Shoes,Fashion Sneakers]]"
2839,183861,CARLOS BY CARLOS SANTANA Women's Sparkly,"[[Clothing, Shoes & Jewelry,C,Carlos by Carlos Santana],[Clothing, Shoes & Jewelry,Women,Shoes,Sandals]]"
2840,184070,Sanuk Women's W Fraidy Cat Wedge Flip Flop,"[[Clothing, Shoes & Jewelry,Shoes & Accessories: International Shipping Available],[Clothing, Shoes & Jewelry,S,Sanuk],[Clothing, Shoes & Jewelry,Comfort Shoes],[Clothing, Shoes & Jewelry,Street, Surf & Skate],[Clothing, Shoes & Jewelry,Women,Shoes,Sandals]]"
2841,184089,Tommy Hilfiger Men's Slim-Fit Poplin,"[[Clothing, Shoes & Jewelry,T,Tommy Hilfiger],[Clothing, Shoes & Jewelry,Men,Clothing,Shirts,Dress Shirts]]"
2842,184101,Cotton Greek Fisherman's Cap,"[[Clothing, Shoes & Jewelry,Novelty, Costumes & More,Novelty,Clothing,Women,Accessories,Hats & Caps,Baseball Caps],[Clothing, Shoes & Jewelry,Novelty, Costumes & More,Novelty,Clothing,Men,Accessories,Hats & Caps,Baseball Caps]]"
2843,184276,Lee Men's Regular Fit Straight Leg Jean,"[[Clothing, Shoes & Jewelry,Men,Clothing,Jeans],[Clothing, Shoes & Jewelry,Men,Big & Tall],[Clothing, Shoes & Jewelry,Novelty, Costumes & More,Work Wear & Uniforms,Clothing]]"
2844,184314,Frederick's of Hollywood Glitter T-Strap Sandal Womens - 5.5 BLACK,"[[Clothing, Shoes & Jewelry,Women,Shoes,Sandals]]"
2845,184360,"Geneva Platinum CZ Accented Silicone Link Watch, Large Face","[[Clothing, Shoes & Jewelry,Women,Watches,Wrist Watches]]"
2846,184395,Lotustraders Dress Peasant Layer Renaissance OS L-2X Teal A219,"[[Clothing, Shoes & Jewelry,Women],[Clothing, Shoes & Jewelry,Novelty, Costumes & More,World Apparel]]"
2847,184405,Levi's Women's 512 Perfectly Slimming Skinny Jean,"[[Clothing, Shoes & Jewelry,Women,Clothing,Jeans]]"
2848,184501,"Celebrity Inspired Rihanna, Kim Kardashian 18&quot;L Thick Silver Chain Link Necklace","[[Clothing, Shoes & Jewelry,Women],[Clothing, Shoes & Jewelry,Novelty, Costumes & More,Novelty,Jewelry,Necklaces & Pendants]]"
2849,184555,Kate Spade Cedar Street Small Luciana Black Shoulder Bag PXRU4828-001,"[[Clothing, Shoes & Jewelry,Women,Handbags & Wallets,Shoulder Bags],[Clothing, Shoes & Jewelry,Designer Shoes & Handbags],[Clothing, Shoes & Jewelry,Women's Luxury Brands]]"
2850,184573,Ladies 3/4 Sleeve Hooded Slub Tee,"[[Clothing, Shoes & Jewelry,Women,Clothing,Tops & Tees,Knits & Tees]]"
2851,184691,iXtreme Boys 2-7 Car Print Windbreaker Jacket Outerwear Jacket,"[[Clothing, Shoes & Jewelry,Boys,Clothing,Jackets & Coats,Jackets]]"
2852,184750,Columbia Men's Scale Up Full Zip Fleece Jacket,"[[Clothing, Shoes & Jewelry,C,Columbia],[Clothing, Shoes & Jewelry,Men,Clothing,Jackets & Coats,Lightweight Jackets,Cotton],[Clothing, Shoes & Jewelry,Men,Surf, Skate & Street,Clothing,Jackets & Coats,Lightweight Jackets,Cotton]]"
2853,184878,Dreamgirl Women's Francesca Off-The-Shoulder Corset And Matching Thong,"[[Clothing, Shoes & Jewelry,Women],[Clothing, Shoes & Jewelry,Novelty, Costumes & More,Exotic Apparel,Women,Bustiers & Corsets]]"
2854,184887,Bundle Monster Daisy Flower Clip Crocheted Baby Headbands Hair Clips  12 sets of 2,"[[Clothing, Shoes & Jewelry,Baby,Baby Girls,Accessories,Hair Accessories]]"
2855,185006,Dearfoams Women's Flip Glove and Cable Knit Headband Set,"[[Clothing, Shoes & Jewelry,Women,Accessories,Gloves & Mittens,Cold Weather Gloves]]"
2856,185049,Embellished Shoulder Dolman Sleeves Top Blouse Green Small,"[[Clothing, Shoes & Jewelry,Women,Clothing,Tops & Tees,Blouses & Button-Down Shirts]]"
2857,185094,Brooklyn Watch Company Lafayette White Dial Black Leather Swiss Quartz Mens Watch CLA-D,"[[Clothing, Shoes & Jewelry,Men,Watches,Wrist Watches]]"
2858,185112,Roamans Women's Plus Size Notch Neck Tunic - Prints,"[[Clothing, Shoes & Jewelry,Women,Clothing,Tops & Tees,Knits & Tees],[Clothing, Shoes & Jewelry,Women,Petite,Tops & Tees,Knits & Tees],[Clothing, Shoes & Jewelry,Women,Plus-Size,Tops & Tees,Knits & Tees]]"
2859,185172,"Ellos Women's Plus Size Dress, denim, empire waist,","[[Clothing, Shoes & Jewelry,Women,Clothing,Dresses,Casual],[Clothing, Shoes & Jewelry,Women,Plus-Size,Dresses,Casual]]"
2860,185209,Travelon Anti-Theft Messenger Bag,"[[Clothing, Shoes & Jewelry,Luggage & Travel Gear,Messenger Bags]]"
2861,185249,143Fashion Long Sleeve Lace Top,"[[Clothing, Shoes & Jewelry,Women,Clothing,Tops & Tees,Blouses & Button-Down Shirts]]"
2862,185268,WIIPU sexy 3 row waist belly chain/Waist Chain/bikini body chain(wiipu-D245),"[[Clothing, Shoes & Jewelry,Women],[Clothing, Shoes & Jewelry,Novelty, Costumes & More,Novelty,Jewelry,Necklaces & Pendants]]"
2863,185282,California Costume Women's Marilyn Jewelry Set,"[[Clothing, Shoes & Jewelry,Novelty, Costumes & More,Costumes & Accessories,More Accessories],[Clothing, Shoes & Jewelry,Novelty, Costumes & More,Costumes & Accessories,Costumes,Women]]"
2864,185287,WearAll Women's Plus Size Polka Dot Tie-up Shrug,"[[Clothing, Shoes & Jewelry,Women,Clothing,Tops & Tees,Knits & Tees]]"
2865,185311,Wolverine Men's Hammerloop Short,"[[Clothing, Shoes & Jewelry,W,Wolverine],[Clothing, Shoes & Jewelry,Men,Clothing,Shorts,Flat Front]]"
2866,185365,crocs Women's 14174 Really Sexi Flip Sandal,"[[Clothing, Shoes & Jewelry,Shoes & Accessories: International Shipping Available],[Clothing, Shoes & Jewelry,C,crocs],[Clothing, Shoes & Jewelry,Comfort Shoes],[Clothing, Shoes & Jewelry,Women,Shoes,Sandals]]"
2867,185388,Kanu Surf Girls 7-16 Love Me UV Rashguard Shirt,"[[Clothing, Shoes & Jewelry,Girls,Clothing,Swim,Rash Guard Shirts]]"
2868,185412,Green Turtle - ILLUMINATI HANDS Hoodie,"[[Clothing, Shoes & Jewelry,Novelty, Costumes & More,Novelty,Clothing,Men,Hoodies],[Clothing, Shoes & Jewelry,Novelty, Costumes & More,Exotic Apparel,Men]]"
2869,185464,S-ZONE&reg; Woman Casual Formal Batwing Ruffle Chiffon blouse Shirt,"[[Clothing, Shoes & Jewelry,Women,Clothing,Tops & Tees,Blouses & Button-Down Shirts]]"
2870,185500,Sterling Silver Blue Lapis Inlay 13mm x 19mm Teardrop with Silver Stripes French Ear Wire Dangle Earrings,"[[Clothing, Shoes & Jewelry,Gemstones],[Clothing, Shoes & Jewelry,Women],[Clothing, Shoes & Jewelry,Novelty, Costumes & More,Novelty,Jewelry,Earrings]]"
2871,185573,"Women's Stainless Steel Silver Colored Cable Wire Chain Necklace, 16&quot;","[[Clothing, Shoes & Jewelry,New Arrivals,New Jewelry],[Clothing, Shoes & Jewelry,Jewelry: International Shipping Available],[Clothing, Shoes & Jewelry,Amazon Curated Collection],[Clothing, Shoes & Jewelry,Women],[Clothing, Shoes & Jewelry,Novelty, Costumes & More,Novelty,Jewelry,Necklaces & Pendants]]"
2872,185609,Invicta Women's 5377 &quot;Angel&quot; Diamond-Accented Stainless Steel Watch,"[[Clothing, Shoes & Jewelry,New Arrivals],[Clothing, Shoes & Jewelry,Jewelry: International Shipping Available],[Clothing, Shoes & Jewelry,Fashion Watches],[Clothing, Shoes & Jewelry,Available for International Shipping],[Clothing, Shoes & Jewelry,Invicta],[Clothing, Shoes & Jewelry,Women,Watches,Wrist Watches]]"
2873,185686,Leveret Kids &quot;Boy&quot; Striped 2 Piece Pajama Set 100% Cotton (Size 5-14 Years),"[[Clothing, Shoes & Jewelry,Boys,Clothing,Sleepwear & Robes,Pajama Sets]]"
2874,185893,Royal Robbins San Juan Short Sleeve,"[[Clothing, Shoes & Jewelry,Men,Clothing,Shirts,T-Shirts]]"
2875,186038,Men's 7 oz Hanes STEDMAN Cotton Pique Polo Ash S Men's 7 oz Hanes STEDMAN,"[[Sports & Outdoors,Clothing,Men,Shirts,Polo Shirts],[Clothing, Shoes & Jewelry,Men,Clothing,Shirts,Polos],[Clothing, Shoes & Jewelry,Men,Big & Tall]]"
2876,186043,Mizuno Men's 9-Spike Franchise 7 Mid Molded Baseball Cleat,"[[Clothing, Shoes & Jewelry,Men,Shoes,Athletic,Baseball & Softball]]"
2877,186044,Amour Women's Animal Pattern Ankle Length Footless Legging,"[[Clothing, Shoes & Jewelry,Women],[Clothing, Shoes & Jewelry,Novelty, Costumes & More,Novelty,Clothing,Women,Leggings]]"
2878,186157,Michael Antonio Women's Jaxine Pat Dress Sandal,"[[Clothing, Shoes & Jewelry,Shoes & Accessories: International Shipping Available],[Clothing, Shoes & Jewelry,M,Michael Antonio],[Clothing, Shoes & Jewelry,Women,Shoes,Sandals]]"
2879,186183,Rampage Women's Jayney Pump,"[[Clothing, Shoes & Jewelry,Shoes & Accessories: International Shipping Available],[Clothing, Shoes & Jewelry,R,Rampage],[Clothing, Shoes & Jewelry,Women,Shoes,Pumps]]"
2880,186251,"14g 14 gauge (1.6mm), 1/4 inches 6mm long - surgical steel belly button Navel rings earrings ear ball bar bars Swarovski Crystal Jeweled Clear and Rose lot AIUK - Pierced Body Piercing Jewelry- Set of 2","[[Clothing, Shoes & Jewelry,Women],[Clothing, Shoes & Jewelry,Novelty, Costumes & More,Novelty,Jewelry],[Clothing, Shoes & Jewelry,Novelty, Costumes & More,Body Jewelry,Piercing Jewelry,Tunnels]]"
2881,186347,Disney Princess Sterling Silver Pink Crown Shaped Stud Earrings,"[[Clothing, Shoes & Jewelry,New Arrivals,New Jewelry],[Clothing, Shoes & Jewelry,Jewelry: International Shipping Available],[Clothing, Shoes & Jewelry,Shop by Designer],[Clothing, Shoes & Jewelry,Girls,Jewelry,Earrings,Stud],[Clothing, Shoes & Jewelry,Novelty, Costumes & More,Novelty]]"
2882,186350,Democracy Women's Mixed Stripe Cardigan with Hood,"[[Clothing, Shoes & Jewelry,Women,Clothing,Sweaters,Cardigans],[Clothing, Shoes & Jewelry,Women,Petite,Sweaters,Cardigans]]"
2883,186466,K-Swiss Men's Tubes Run 100 Running Shoe,"[[Clothing, Shoes & Jewelry,Shoes & Accessories: International Shipping Available],[Clothing, Shoes & Jewelry,K,K-Swiss],[Clothing, Shoes & Jewelry,Men,Shoes,Athletic,Running],[Clothing, Shoes & Jewelry,Novelty, Costumes & More,Work Wear & Uniforms]]"
2884,186545,Amtal Infinity Scarf - Snow Leopard Print Design,"[[Clothing, Shoes & Jewelry,Women,Accessories,Scarves & Wraps,Fashion Scarves]]"
2885,186589,Rockport Men's Rocsports Lite 2 Slip-On,"[[Clothing, Shoes & Jewelry,Shoes & Accessories: International Shipping Available],[Clothing, Shoes & Jewelry,R,Rockport],[Clothing, Shoes & Jewelry,Comfort Shoes],[Clothing, Shoes & Jewelry,Men,Shoes,Loafers & Slip-Ons]]"
2886,186653,Vintage 1pc Dragon Lure Gothic Ear Cuff Stud Earring Alchemy Stud,"[[Clothing, Shoes & Jewelry,Women],[Clothing, Shoes & Jewelry,Novelty, Costumes & More,Novelty,Jewelry,Earrings]]"
2887,186693,Capezio Daisy 205 Ballet Shoe (Toddler/Little Kid),"[[Clothing, Shoes & Jewelry,Shoes & Accessories: International Shipping Available],[Clothing, Shoes & Jewelry,C,Capezio],[Clothing, Shoes & Jewelry,Girls,Shoes,Athletic,Dance],[Clothing, Shoes & Jewelry,Boys]]"
2888,186746,"Brown Rubber Slide Sandal Slipper, Comfortable Slip On, Hawaii Unisex Sandals","[[Clothing, Shoes & Jewelry,Women,Shoes,Sandals],[Clothing, Shoes & Jewelry,Men,Shoes,Sandals]]"
2889,186832,adidas Outdoor Jawpaw Kids Water Shoe,"[[Clothing, Shoes & Jewelry,adidas],[Clothing, Shoes & Jewelry,Boys,Shoes,Sneakers],[Clothing, Shoes & Jewelry,Boys,Shoes,Athletic,Running]]"
2890,186913,"Women's Maxi Skirt -Stretchy, Soft Fabric","[[Clothing, Shoes & Jewelry,Women,Clothing,Skirts,Casual]]"
2891,187076,Nautica Sleepwear Women's Solid Knit Anchor Capri Pant,"[[Clothing, Shoes & Jewelry,N,Nautica],[Clothing, Shoes & Jewelry,Women,Clothing,Lingerie, Sleep & Lounge,Sleep & Lounge,Bottoms]]"
2892,187159,Champion Women's Powerback Under Wire Sports Bra,"[[Clothing, Shoes & Jewelry,Women,Clothing,Lingerie, Sleep & Lounge,Intimates,Bras,Sports Bras],[Clothing, Shoes & Jewelry,Women,Petite,Intimates,Bras,Sports Bras]]"
2893,187213,Terylene Belly Dance Hip Scarf &amp; Shawl With Paillettes And Fringe,"[[Clothing, Shoes & Jewelry,Novelty, Costumes & More,World Apparel]]"
2894,187263,Barely There by Bali Comfort Revolution Microfiber Seamless Brief,"[[Clothing, Shoes & Jewelry,Women,Clothing,Lingerie, Sleep & Lounge,Intimates,Panties,Briefs],[Clothing, Shoes & Jewelry,Women,Petite,Intimates,Panties,Briefs],[Clothing, Shoes & Jewelry,Women,Plus-Size]]"
2895,187267,Wonder Woman Universe Super Hero Chain Fashion Stainless Metal Necklace,"[[Clothing, Shoes & Jewelry,Novelty, Costumes & More,Novelty,Jewelry,Necklaces & Pendants]]"
2896,187331,Authentic 925 Sterling Silver 2.00 Carat Round PINK CZ Diamond Cubic Zirconia Stud Earrings. 1.00 Carat Each Stone,"[[Clothing, Shoes & Jewelry,Women],[Clothing, Shoes & Jewelry,Novelty, Costumes & More,Novelty,Jewelry,Earrings]]"
2897,187385,"Betsey Johnson BH57945 Backpack,Black/White,One Size","[[Clothing, Shoes & Jewelry,B,Betsey Johnson],[Clothing, Shoes & Jewelry,Women]]"
2898,187393,"Rugged Bear Baby-boys Infant Solid Snowsuit, Red, 24 Months","[[Clothing, Shoes & Jewelry,Baby,Baby Boys,Clothing,Jackets & Coats,Snow Wear]]"
2899,187425,SHEEC - SoleHugger ACTIVE 3-Pair Pack - Men's No-Show Casual Socks *Non Slip*,"[[Clothing, Shoes & Jewelry,Men,Clothing,Socks,Casual Socks]]"
2900,187432,Kalso Earth Women's Cabo San Lucas 2 Thong Sandal,"[[Clothing, Shoes & Jewelry,Shoes & Accessories: International Shipping Available],[Clothing, Shoes & Jewelry,Women,Shoes,Sandals]]"
2901,187461,3485 Rabbit Skins Infant Diaper Cover - Black - 12M,"[[Baby Products,Diapering,Cloth Diapers,Covers],[Clothing, Shoes & Jewelry,Baby,Baby Girls,Accessories],[Clothing, Shoes & Jewelry,Baby,Baby Boys,Accessories]]"
2902,187518,Florsheim Men's Decatur Oxford,"[[Clothing, Shoes & Jewelry,Shoes & Accessories: International Shipping Available],[Clothing, Shoes & Jewelry,F,Florsheim],[Clothing, Shoes & Jewelry,Men,Shoes,Oxfords]]"
2903,187556,Allegra K Ladies Slim Fit Turtle Neck Long Sleeve Straight Cutting Shirt,"[[Clothing, Shoes & Jewelry,Women,Clothing,Tops & Tees,Blouses & Button-Down Shirts],[Clothing, Shoes & Jewelry,Women,Petite,Tops & Tees,Blouses & Button-Down Shirts,Blouses]]"
2904,187573,DC Kids Cole Pro Skate Shoe (Little Kid/Big Kid),"[[Clothing, Shoes & Jewelry,Shoes & Accessories: International Shipping Available],[Clothing, Shoes & Jewelry,D,DC],[Clothing, Shoes & Jewelry,Motorcycle & ATV Casual Footwear,Shoes],[Clothing, Shoes & Jewelry,Baby,Baby Boys]]"
2905,187582,Gold Toe Men's Powersox Heavy Cushion Socks,"[[Clothing, Shoes & Jewelry,Men,Clothing,Socks]]"
2906,187624,Stride Rite Colette Dress Sandal (Toddler),"[[Clothing, Shoes & Jewelry,Shoes & Accessories: International Shipping Available],[Clothing, Shoes & Jewelry,S,Stride Rite],[Clothing, Shoes & Jewelry,Girls,Shoes,Sandals],[Clothing, Shoes & Jewelry,Boys,Shoes,Sandals]]"
2907,187724,Capezio Women's Dancesport Tatiana 2.5 Inch Dance Shoe,"[[Clothing, Shoes & Jewelry,Shoes & Accessories: International Shipping Available],[Clothing, Shoes & Jewelry,C,Capezio],[Clothing, Shoes & Jewelry,Women,Shoes,Athletic,Ballet & Dance]]"
2908,187813,Women's Bumble Bee Costume,"[[Clothing, Shoes & Jewelry,Novelty, Costumes & More,Costumes & Accessories,Costumes,Women]]"
2909,187845,Fashion Plaza 18k White Gold Plated Use Austrian Multi-Crystal Spark Ring R51,"[[Clothing, Shoes & Jewelry,Women],[Clothing, Shoes & Jewelry,Novelty, Costumes & More,Novelty,Jewelry,Rings]]"
2910,187846,NoeMie Women's Ashton Dress,"[[Clothing, Shoes & Jewelry,Women,Clothing,Dresses,Night Out & Cocktail]]"
2911,187860,New Balance KV750 I Running Shoe (Infant/Toddler),"[[Clothing, Shoes & Jewelry,Shoes & Accessories: International Shipping Available],[Clothing, Shoes & Jewelry,N,New Balance],[Clothing, Shoes & Jewelry,Girls],[Clothing, Shoes & Jewelry,Boys]]"
2912,187907,Nike Mens Air Force 1 Perforated Shoes White / White 488298-126 Size 7.5,"[[Clothing, Shoes & Jewelry,N,Nike],[Clothing, Shoes & Jewelry,Men,Shoes,Athletic,Basketball]]"
2913,187949,Yazilind Bronze Heart Angel Wing with Red Rhinestone Pendant Long Retro Chain Necklace for Woemn,"[[Clothing, Shoes & Jewelry,Women],[Clothing, Shoes & Jewelry,Novelty, Costumes & More,Novelty]]"
2914,187958,"Levi's Boys 8-20 Adjustable Batwing Ball Cap, Black, 8-20","[[Clothing, Shoes & Jewelry,Boys,Accessories,Hats & Caps]]"
2915,188093,Gerber Baby-Girls Newborn 3 Piece Onesies Brand Bodysuit Pants and Cap Set,"[[Clothing, Shoes & Jewelry,Baby,Baby Girls,Clothing,Clothing Sets,Pant Sets]]"
2916,188096,The Amazing Spider-man Movie Classic Costume,"[[Clothing, Shoes & Jewelry,Boys],[Clothing, Shoes & Jewelry,Novelty, Costumes & More,Costumes & Accessories,More Accessories,Kids & Baby],[Clothing, Shoes & Jewelry,Novelty, Costumes & More,Costumes & Accessories,Costumes,Kids & Baby,Boys]]"
2917,188100,Easy Street Women's Giddy Ballet Flat,"[[Clothing, Shoes & Jewelry,Shoes & Accessories: International Shipping Available],[Clothing, Shoes & Jewelry,E,Easy Street],[Clothing, Shoes & Jewelry,Women,Shoes,Flats]]"
2918,188113,"Karen Kane Women's 3/4 Sleeve Cascade Wrap Dress, Black, Medium","[[Clothing, Shoes & Jewelry,Women,Clothing,Dresses,Wear to Work]]"
2919,188117,Captains Boat Yachting Yacht Sailing Fishing Hat Cap,"[[Clothing, Shoes & Jewelry,Novelty, Costumes & More,Costumes & Accessories,Hats & Caps,Men]]"
2920,188220,Carter's Baby Boys' 3 Pack Polo Bodysuits (Baby),"[[Clothing, Shoes & Jewelry,Baby,Baby Boys,Clothing,Bodysuits]]"
2921,188340,Orient Men's CEM65005D 'Blue Mako' Automatic Rubber Strap Dive Watch,"[[Sports & Outdoors,Accessories,Sport Watches],[Clothing, Shoes & Jewelry,New Arrivals],[Clothing, Shoes & Jewelry,Jewelry: International Shipping Available],[Clothing, Shoes & Jewelry,Available for International Shipping],[Clothing, Shoes & Jewelry,Sport Watches],[Clothing, Shoes & Jewelry,Orient],[Clothing, Shoes & Jewelry,Men,Watches,Wrist Watches],[Clothing, Shoes & Jewelry,Men's Athletic Watches]]"
2922,188405,Alivila.Y Fashion Sexy Bowknot Ruffle Corset 2722 With G-String,"[[Clothing, Shoes & Jewelry,Women],[Clothing, Shoes & Jewelry,Novelty, Costumes & More,Exotic Apparel,Women,Bustiers & Corsets]]"
2923,188630,"Loving Family by Relios Sterling Silver Heart Pendant Necklace, Mother and 1 Child","[[Clothing, Shoes & Jewelry,Jewelry Outlet],[Clothing, Shoes & Jewelry,Heart-Shaped Jewelry],[Clothing, Shoes & Jewelry,Girls],[Clothing, Shoes & Jewelry,Novelty, Costumes & More,Novelty]]"
2924,188688,LOCOMO Women Horizontal Stripes Striped Legging Slim S-M FFT030 Black Gray,"[[Clothing, Shoes & Jewelry,Women,Clothing,Leggings]]"
2925,188746,"Karen Kane Women's Wrap Top Maxi Tank Dress, Print, X-Large","[[Clothing, Shoes & Jewelry,Women,Clothing,Dresses,Casual]]"
2926,188812,Crocs Women's Equestrian Tall Boot,"[[Sports & Outdoors,Equestrian Sports,Riding Boots],[Clothing, Shoes & Jewelry,Women,Shoes,Athletic]]"
2927,188834,Neewer Cute Handmade Owl Newborn Baby Child Girls Boys Knit Hat Cap Photograph New Gift,"[[Clothing, Shoes & Jewelry,Baby,Baby Girls,Accessories,Hats & Caps]]"
2928,188881,Port Authority Women's Wicking Performance Polo Shirt,"[[Clothing, Shoes & Jewelry,Women],[Clothing, Shoes & Jewelry,Novelty, Costumes & More,Novelty,Clothing,Women,Tops & Tees,Polos]]"
2929,188920,Burlesque-Boutique Women's Red Striped Gothic Punk Overbust Corset,"[[Clothing, Shoes & Jewelry,Women],[Clothing, Shoes & Jewelry,Novelty, Costumes & More,Exotic Apparel,Women,Bustiers & Corsets]]"
2930,189009,Hollywood Star Fashion Women's Lining Tube Crop Stretch Layer Lace Bandeau Top,"[[Clothing, Shoes & Jewelry,Women,Clothing,Lingerie, Sleep & Lounge,Intimates,Bras,Everyday Bras]]"
2931,189010,KEEN Seacamp CNX Sandal (Toddler/Little Kid/Big Kid),"[[Clothing, Shoes & Jewelry,Shoes & Accessories: International Shipping Available],[Clothing, Shoes & Jewelry,K,Keen],[Clothing, Shoes & Jewelry,Girls,Shoes,Sandals],[Clothing, Shoes & Jewelry,Girls,Shoes,Athletic,Sport Sandals],[Clothing, Shoes & Jewelry,Boys,Shoes,Sandals],[Clothing, Shoes & Jewelry,Boys,Shoes,Athletic,Sport Sandals]]"
2932,189041,Man Buttons Upper Front Polo Figure Pattern Chic Shirts,"[[Clothing, Shoes & Jewelry,Men,Clothing,Shirts,Polos]]"
2933,189048,J.TOMSON PLUS Womens Long Pants Jumpsuit Plus Size,"[[Clothing, Shoes & Jewelry,Women,Clothing,Jumpsuits, Rompers & Overalls]]"
2934,189131,Jack Daniels Front Label T - Shirt,"[[Clothing, Shoes & Jewelry,Men],[Clothing, Shoes & Jewelry,Novelty, Costumes & More,Novelty,Clothing,Men,Shirts,T-Shirts]]"
2935,189132,"Fruit of the Loom Men's Crewneck Tee, Five-Pack","[[Clothing, Shoes & Jewelry,Men,Clothing,Underwear,Undershirts],[Clothing, Shoes & Jewelry,Men,Big & Tall]]"
2936,189183,Calvin Klein Mens Body 3 Pack Slim Fit Short Sleeve V-Neck Tee,"[[Clothing, Shoes & Jewelry,C,Calvin Klein],[Clothing, Shoes & Jewelry,Men,Clothing,Underwear,Undershirts],[Clothing, Shoes & Jewelry,Novelty, Costumes & More,Band & Music Fan,T-Shirts]]"
2937,189223,Allegra K Women's Stripes Dolsleeve Elastic Hem Blouse Top,"[[Clothing, Shoes & Jewelry,Women,Clothing,Tops & Tees,Blouses & Button-Down Shirts]]"
2938,189247,100% Silk Woven Navy and Light Champagne Striped Tie,"[[Clothing, Shoes & Jewelry,Men,Accessories,Neckties]]"
2939,189403,"8 Pack Panty: Surprise Grab Bag- Mix of Black Fuchsia Thongs, Boyshorts and Briefs","[[Clothing, Shoes & Jewelry,Women,Clothing,Lingerie, Sleep & Lounge,Intimates,Panties,Boy Shorts]]"
2940,189408,Bling Jewelry Sterling Silver Heart Love Message Bead Fits Pandora Charms,"[[Clothing, Shoes & Jewelry,Heart-Shaped Jewelry],[Clothing, Shoes & Jewelry,Women],[Clothing, Shoes & Jewelry,Novelty, Costumes & More,Novelty,Jewelry,Charms]]"
2941,189501,Women's Black Lace-up Combat Folded Cuff Riding Mid-Calf Boots Soda Oralee,"[[Clothing, Shoes & Jewelry,S,Soda],[Clothing, Shoes & Jewelry,Boot Shop,Women,Fashion,Combat],[Clothing, Shoes & Jewelry,Boot Shop,Women,Fashion,Riding],[Clothing, Shoes & Jewelry,Boot Shop,Women,Fashion,Motorcycle],[Clothing, Shoes & Jewelry,Women,Shoes,Boots]]"
2942,189512,Hee Grand Women's Zipper Winter Boots,"[[Clothing, Shoes & Jewelry,Boot Shop,Women,Fashion,Western],[Clothing, Shoes & Jewelry,Women,Shoes,Boots]]"
2943,189578,Calvin Klein CK One Micro Hip Brief,"[[Clothing, Shoes & Jewelry,C,Calvin Klein],[Clothing, Shoes & Jewelry,Men,Clothing,Underwear,Briefs]]"
2944,189693,Van Heusen Men's Jaspe Snap Front Pullover,"[[Sports & Outdoors,Clothing,Men,Sweaters],[Clothing, Shoes & Jewelry,Men,Clothing,Active],[Clothing, Shoes & Jewelry,Men,Big & Tall]]"
2945,189855,Crocs Women's Berryessa Hiker Boot,"[[Clothing, Shoes & Jewelry,Shoes & Accessories: International Shipping Available],[Clothing, Shoes & Jewelry,C,crocs],[Clothing, Shoes & Jewelry,Comfort Shoes],[Clothing, Shoes & Jewelry,Boot Shop,Women,Outdoor & Work,Hiking & Trekking],[Clothing, Shoes & Jewelry,Women,Shoes,Boots]]"
2946,189925,Brinley Co Womens Round Toe Buckle Detail Boots,"[[Clothing, Shoes & Jewelry,Women,Shoes,Boots]]"
2947,190017,Geneva Platinum Breast Cancer Watch,"[[Clothing, Shoes & Jewelry,Women,Watches,Wrist Watches]]"
2948,190079,Fashion Golden Chain Jewelry Ellipse Pink Blue White Resin Pendant Necklace,"[[Clothing, Shoes & Jewelry,Women],[Clothing, Shoes & Jewelry,Novelty, Costumes & More,Novelty,Jewelry,Necklaces & Pendants]]"
2949,190086,D&amp;K Seamless Full Length Leggings,"[[Clothing, Shoes & Jewelry,Women,Clothing,Leggings]]"
2950,190092,Colorfulworldstore Promotion gifts-Small square chiffon scarfs 50*50cm-10colors,"[[Clothing, Shoes & Jewelry,Women,Accessories,Scarves & Wraps,Fashion Scarves],[Clothing, Shoes & Jewelry,Girls,Accessories,Fashion Scarves]]"
2951,190107,Invicta Men's 0781 Subaqua Collection GMT Limited Edition Watch,"[[Sports & Outdoors,Accessories,Sport Watches],[Clothing, Shoes & Jewelry,New Arrivals],[Clothing, Shoes & Jewelry,Jewelry: International Shipping Available],[Clothing, Shoes & Jewelry,Collectible Watches],[Clothing, Shoes & Jewelry,Fashion Watches],[Clothing, Shoes & Jewelry,Available for International Shipping],[Clothing, Shoes & Jewelry,Sport Watches],[Clothing, Shoes & Jewelry,Invicta],[Clothing, Shoes & Jewelry,Men,Watches,Wrist Watches]]"
2952,190121,Tom's Ware Mens Casual Luxury Basic Dress Shirts,"[[Clothing, Shoes & Jewelry,Men,Clothing,Shirts,Dress Shirts]]"
2953,190208,"KUT from the Kloth Women's Pleated Trouser Short, Moral, 8","[[Clothing, Shoes & Jewelry,Women,Clothing,Shorts,Denim]]"
2954,190214,Born Womens 'Valentina' Knee-High Zipper Boot Shoe,"[[Clothing, Shoes & Jewelry,B,Born],[Clothing, Shoes & Jewelry,Women,Shoes,Boots]]"
2955,190220,"Dearfoams Women's Two Tone Knit Hat and Scarf Set, Cherry Red/Dark Rust, One Size","[[Clothing, Shoes & Jewelry,Women,Accessories]]"
2956,190273,Allegra K Soft Tie-bow Neck Long Chiffon Bishop Sleeve Semi Sheer Shirt for Lady,"[[Clothing, Shoes & Jewelry,Women,Clothing,Tops & Tees,Blouses & Button-Down Shirts]]"
2957,190305,"14k White Gold London Blue Topaz and Diamond (1/10cttw, H-I Color, I2-I3 Clarity) Oval Pendant Necklace, 18&quot;","[[Clothing, Shoes & Jewelry,Gemstones],[Clothing, Shoes & Jewelry,Jewelry: International Shipping Available],[Clothing, Shoes & Jewelry,Amazon Curated Collection],[Clothing, Shoes & Jewelry,Women,Jewelry,Fine,Necklaces,Pendants],[Clothing, Shoes & Jewelry,Novelty, Costumes & More,Novelty]]"
2958,190326,New Balance Insoles IAS3720 Stability Insole,"[[Health & Personal Care,Health Care,Foot Care,Inserts & Insoles,Insoles],[Clothing, Shoes & Jewelry,Shoes & Accessories: International Shipping Available],[Clothing, Shoes & Jewelry,N,New Balance]]"
2959,190386,Girls Dress Hot Pink Flower Belt Party Kids Size 4-12,"[[Clothing, Shoes & Jewelry,Girls,Clothing,Dresses,Special Occasion]]"
2960,190412,Ladies Bling Bling Crystals Flip Flops Thongs Sandals Slippers Blk Brown Sz 8,"[[Clothing, Shoes & Jewelry,Women,Shoes,Sandals]]"
2961,190541,Sakkas Women's Embroidered Floral Tank Sheath Caftan Dress,"[[Clothing, Shoes & Jewelry,Women,Clothing,Swimsuits & Cover Ups,Cover-Ups]]"
2962,190739,"Surgical Steel Domed 8mm Wedding Band Thumb Ring Comfort-Fit High Polish, sizes 5 - 15","[[Clothing, Shoes & Jewelry,Women],[Clothing, Shoes & Jewelry,Novelty, Costumes & More,Novelty]]"
2963,190797,WARMEN Women's Genuine Nappa Leather Winter Warm Simple Plain Style Lined Gloves,"[[Clothing, Shoes & Jewelry,Women,Accessories,Gloves & Mittens,Cold Weather Gloves]]"
2964,190841,MOD 20 Women's Ruffled Smocked Short Romper,"[[Clothing, Shoes & Jewelry,Women,Clothing,Jumpsuits, Rompers & Overalls]]"
2965,190848,"Eva! By Delicious Slouchy Platform High-heeled Boots with Straps, black leatherette, 6.5 M","[[Clothing, Shoes & Jewelry,Women,Shoes,Boots]]"
2966,190888,Mens Super Low Rise Sexy Underwear Trunk Boxer Brief Mesh Black 1140,"[[Clothing, Shoes & Jewelry,Men,Clothing,Underwear,Boxer Briefs]]"
2967,190929,Isotoner Women's Smooth Leather Two Button Length Glove with Thinsulate Lining,"[[Clothing, Shoes & Jewelry,Women,Accessories,Gloves & Mittens,Cold Weather Gloves]]"
2968,190959,American Apparel Rib Boy Beater Tank,"[[Clothing, Shoes & Jewelry,Women,Clothing,Tops & Tees,Tanks & Camis]]"
2969,190996,Sterling Silver Clear AB Crystal Dangle Earrings Made with Swarovski&reg; Elements,"[[Clothing, Shoes & Jewelry,Women,Jewelry,Fashion,Earrings,Drop & Dangle],[Clothing, Shoes & Jewelry,Novelty, Costumes & More,Novelty]]"
2970,191025,eVogues Plus Size Angel Wing Hoodie Top,"[[Clothing, Shoes & Jewelry,Women,Clothing,Fashion Hoodies & Sweatshirts]]"
2971,191045,Amour- Sexy Lingerie Romantic Chiffon &amp; Lace Chemise Babydoll Valentine's Plus Size,"[[Clothing, Shoes & Jewelry,Women,Plus-Size],[Clothing, Shoes & Jewelry,Novelty, Costumes & More,Exotic Apparel,Women,Sleepwear & Robes Sets]]"
2972,191080,XOXO Women's XO9028 Watch Set with Seven Interchangeable Silicone Rubber Straps,"[[Clothing, Shoes & Jewelry,New Arrivals],[Clothing, Shoes & Jewelry,Jewelry: International Shipping Available],[Clothing, Shoes & Jewelry,Fashion Watches],[Clothing, Shoes & Jewelry,Available for International Shipping],[Clothing, Shoes & Jewelry,X,XOXO],[Clothing, Shoes & Jewelry,XOXO Watches],[Clothing, Shoes & Jewelry,Women,Watches,Wrist Watches]]"
2973,191118,Ever Pretty Trailing V-neck Ruffles Cross Back Bridesmaid Dress 09008,"[[Clothing, Shoes & Jewelry,Women,Clothing,Dresses,Special Occasion],[Clothing, Shoes & Jewelry,Women,Clothing,Dresses,Wedding,Bridesmaid Dresses]]"
2974,191269,Ful Freebird Backpack,"[[Clothing, Shoes & Jewelry,Luggage & Travel Gear,Backpacks,Casual Daypacks]]"
2975,191387,Sweet Kids Girls Swirl Pattern Faux Fur Bolero Jacket Shrug,"[[Clothing, Shoes & Jewelry,Girls,Clothing,Jackets & Coats,Dress Coats]]"
2976,191598,DC Men's Villain LE Sneaker,"[[Clothing, Shoes & Jewelry,Shoes & Accessories: International Shipping Available],[Clothing, Shoes & Jewelry,D,DC],[Clothing, Shoes & Jewelry,Motorcycle & ATV Casual Footwear,Shoes],[Clothing, Shoes & Jewelry,Men,Shoes,Fashion Sneakers],[Clothing, Shoes & Jewelry,Men,Shoes,Athletic,Skateboarding],[Clothing, Shoes & Jewelry,Men,Surf, Skate & Street,Shoes,Athletic,Skateboarding],[Clothing, Shoes & Jewelry,Men,Surf, Skate & Street,Shoes,Fashion Sneakers]]"
2977,191640,Bella Vita Women's Gull Flat,"[[Clothing, Shoes & Jewelry,Shoes & Accessories: International Shipping Available],[Clothing, Shoes & Jewelry,B,Bella Vita],[Clothing, Shoes & Jewelry,Women,Shoes,Flats]]"
2978,191840,"Ema Jane - Grosgrain Hair Bows with Matching Soft Boutique Quality Crochet Headbands (Set of 18 Bows + 18 Headbands, 36 Set)","[[Clothing, Shoes & Jewelry,Baby,Baby Girls,Accessories,Hair Accessories]]"
2979,192091,Betsey Johnson Fringy Floral Black Rose Zip Around Wallet,"[[Clothing, Shoes & Jewelry,Women,Handbags & Wallets,Shoulder Bags]]"
2980,192147,Polka Dot Lightweight Infinity Circle Scarf in Multiple Colors - Optional 3 Pack,"[[Clothing, Shoes & Jewelry,Women,Accessories,Scarves & Wraps,Wraps & Pashminas]]"
2981,192161,Allegra K Women's Round Neck Batwing Sleeve Cartoon Pullover Tunic Shirt,"[[Clothing, Shoes & Jewelry,Women,Clothing,Tops & Tees,Tunics]]"
2982,192177,14KT Gold Straight Nose Stud Ring 1.5mm Clear Gem 22G FREE Nose Ring Backing,"[[Clothing, Shoes & Jewelry,Women],[Clothing, Shoes & Jewelry,Novelty, Costumes & More,Novelty,Jewelry],[Clothing, Shoes & Jewelry,Novelty, Costumes & More,Body Jewelry,Piercing Jewelry,Screws]]"
2983,192201,Tupac Shakur Paisley (1971-1996) T-Shirt,"[[Clothing, Shoes & Jewelry,Novelty, Costumes & More,Novelty,Clothing,Women,Tops & Tees,T-Shirts],[Clothing, Shoes & Jewelry,Novelty, Costumes & More,Novelty,Clothing,Men,Shirts,T-Shirts]]"
2984,192231,Keds Women's Spirit UBAL Sneaker,"[[Clothing, Shoes & Jewelry,Shoes & Accessories: International Shipping Available],[Clothing, Shoes & Jewelry,K,Keds],[Clothing, Shoes & Jewelry,Comfort Shoes],[Clothing, Shoes & Jewelry,Women,Shoes,Fashion Sneakers]]"
2985,192407,Fun Stylish Design Kids Cotton Blend Leg Warmer - Various Designs,"[[Clothing, Shoes & Jewelry,Baby,Baby Boys,Accessories,Leg Warmers]]"
2986,192432,Allegra K Women's Long Sleeve Round Neck Dog Pattern Tunic Shirt,"[[Clothing, Shoes & Jewelry,Women,Clothing,Tops & Tees,Tunics]]"
2987,192463,14k Yellow Gold Genuine Pearl Stud Earrings Screwback 3 4 5 6 7 8 MM,"[[Clothing, Shoes & Jewelry,Women,Jewelry,Fine,Earrings,Stud],[Clothing, Shoes & Jewelry,Novelty, Costumes & More,Novelty]]"
2988,192479,Ollio Women's Shoe Faux Suede Platform Stiletto High Heel Multi Color Pump,"[[Clothing, Shoes & Jewelry,Women,Shoes,Pumps]]"
2989,192801,Sterling Silver Emerald Color Cubic Zirconia Stud Earrings 2c.t.w,"[[Clothing, Shoes & Jewelry,Women],[Clothing, Shoes & Jewelry,Novelty, Costumes & More,Novelty,Jewelry,Earrings]]"
2990,192811,indigo by Clarks Women's Water Row Boot,"[[Clothing, Shoes & Jewelry,Shoes & Accessories: International Shipping Available],[Clothing, Shoes & Jewelry,Winter Promo],[Clothing, Shoes & Jewelry,C,Clarks],[Clothing, Shoes & Jewelry,Comfort Shoes],[Clothing, Shoes & Jewelry,Women,Shoes,Boots]]"
2991,192909,Harley Quinn Juniors T-Shirt (X-Large),"[[Clothing, Shoes & Jewelry,Women],[Clothing, Shoes & Jewelry,Novelty, Costumes & More,Novelty,Clothing,Women,Tops & Tees,T-Shirts]]"
2992,193018,Lovely Ovely Unusal Cotton Girls Baby Flower Headband Hairband Bow Lavender,"[[Clothing, Shoes & Jewelry,Novelty, Costumes & More,Costumes & Accessories]]"
2993,193130,Seiko Men's SKS403 Analog Display Japanese Quartz Two Tone Watch,"[[Clothing, Shoes & Jewelry,New Arrivals],[Clothing, Shoes & Jewelry,Seiko Watches],[Clothing, Shoes & Jewelry,Men,Watches,Wrist Watches]]"
2994,193324,Fashion Golden Chain 3 Row White Resin Beads White Crystal Bib Necklace,"[[Clothing, Shoes & Jewelry,Women],[Clothing, Shoes & Jewelry,Novelty, Costumes & More,Novelty,Jewelry,Necklaces & Pendants]]"
2995,193397,Billabong Juniors Open Roadz Hoodie,"[[Sports & Outdoors,Clothing,Women,Hoodies],[Clothing, Shoes & Jewelry,Women,Clothing,Fashion Hoodies & Sweatshirts],[Clothing, Shoes & Jewelry,Women,Juniors,Fashion Hoodies & Sweatshirts]]"
2996,193399,Anne Klein Women's 109168WTWT Gold-Tone and White Leather Strap Watch,"[[Clothing, Shoes & Jewelry,New Arrivals],[Clothing, Shoes & Jewelry,Jewelry: International Shipping Available],[Clothing, Shoes & Jewelry,Fashion Watches],[Clothing, Shoes & Jewelry,Available for International Shipping],[Clothing, Shoes & Jewelry,Anne Klein],[Clothing, Shoes & Jewelry,Women,Watches,Wrist Watches]]"
2997,193406,Lucky Brand Women's Zoe Straight Denim Blue Jeans,"[[Clothing, Shoes & Jewelry,L,Lucky Brand],[Clothing, Shoes & Jewelry,Women,Clothing,Jeans]]"
2998,193420,Afterpink Metallic Spike Bra,"[[Clothing, Shoes & Jewelry,Women],[Clothing, Shoes & Jewelry,Novelty, Costumes & More,Exotic Apparel,Women,Bras]]"
2999,193488,Nickelodeon Boys 2-6 Teenage Mutant Ninja Turtles Pajama Set,"[[Clothing, Shoes & Jewelry,Boys,Clothing,Sleepwear & Robes,Pajama Sets]]"
3000,193504,"Kanu Surf Girls 7-16 Sweetheart Swimwear, Pink, Small 7","[[Clothing, Shoes & Jewelry,Girls,Clothing,Swim,Board Shorts]]"
3001,193529,Suzi Chin Women's Long Sleeve Dress,"[[Clothing, Shoes & Jewelry,Women,Clothing,Dresses,Wear to Work],[Clothing, Shoes & Jewelry,Women,Clothing,Dresses,Night Out & Cocktail],[Clothing, Shoes & Jewelry,Women,Petite,Dresses,Wear to Work],[Clothing, Shoes & Jewelry,Women,Petite,Dresses,Night Out & Cocktail]]"
3002,193561,Elegant Pink Rose Quartz Gemstone Heart Flower Pendant Bead Fit Necklace Making,"[[Clothing, Shoes & Jewelry,Women],[Clothing, Shoes & Jewelry,Novelty, Costumes & More,Novelty,Jewelry,Necklaces & Pendants]]"
3003,193578,Gino Giovanni Pinstripe Boys Formal Dresswear Vest Set,"[[Clothing, Shoes & Jewelry,Boys,Clothing,Suits & Sport Coats,Suits]]"
3004,193613,Kattee&reg; Ultra Soft Sexy Men's Smooth Underwear Stretch Boxer Briefs Shorts,"[[Clothing, Shoes & Jewelry,Men,Clothing,Underwear,Boxer Briefs]]"
3005,193619,Dreams Women's Plus Size Maxi Lounger,"[[Clothing, Shoes & Jewelry,D,Dreams],[Clothing, Shoes & Jewelry,Women,Clothing,Lingerie, Sleep & Lounge,Sleep & Lounge,Nightgowns & Sleepshirts],[Clothing, Shoes & Jewelry,Women,Plus-Size,Sleep & Lounge,Nightgowns & Sleepshirts]]"
3006,193624,Lucky Black Diamond Elephant Necklace in Sterling Silver,"[[Clothing, Shoes & Jewelry,Diamonds],[Clothing, Shoes & Jewelry,Women],[Clothing, Shoes & Jewelry,Novelty, Costumes & More,Novelty,Jewelry,Necklaces & Pendants]]"
3007,193630,7 For All Mankind Women's Slim Cigarette Jean,"[[Clothing, Shoes & Jewelry,0-9,7 For All Mankind],[Clothing, Shoes & Jewelry,Women,Clothing,Jeans],[Clothing, Shoes & Jewelry,Women's Luxury Brands]]"
3008,193639,MG Collection Antique Beaded Sequin Peacock Clutch Evening Hand Bag / Purse,"[[Clothing, Shoes & Jewelry,Women,Handbags & Wallets,Evening Bags]]"
3009,193660,CordiU Women's Rayon Jersey Side Ruching Maxi Skirt,"[[Sports & Outdoors,Clothing,Women,Skirts],[Clothing, Shoes & Jewelry,Women,Clothing,Active,Active Skirts]]"
3010,193721,"Cableknit Hat, Mitten &amp; Booties Gift Set","[[Clothing, Shoes & Jewelry,Baby,Baby Girls,Accessories,Hats & Caps],[Clothing, Shoes & Jewelry,Baby,Baby Boys,Accessories,Hats & Caps]]"
3011,193820,Cherokee Women's Workwear Scrubs Snap Front V-Neck Top,"[[Clothing, Shoes & Jewelry,Novelty, Costumes & More,Work Wear & Uniforms,Clothing,Medical,Women,Scrub Tops]]"
3012,193885,KEEN Men's Newport Sandal,"[[Clothing, Shoes & Jewelry,K,Keen],[Clothing, Shoes & Jewelry,Comfort Shoes],[Clothing, Shoes & Jewelry,Men,Shoes,Sandals],[Clothing, Shoes & Jewelry,Men,Shoes,Athletic,Sport Sandals]]"
3013,193952,The Mountain Underwater Peace Adult T-shirt,"[[Clothing, Shoes & Jewelry,Men],[Clothing, Shoes & Jewelry,Novelty, Costumes & More,Novelty,Clothing,Men,Shirts,T-Shirts]]"
3014,194036,Sakkas Stonewashed Rayon Embroidered Adjustable Spaghetti Straps Long Dress,"[[Clothing, Shoes & Jewelry,Women,Clothing,Dresses,Casual]]"
3015,194099,Sakkas Knee Length A-Line Skirt,"[[Clothing, Shoes & Jewelry,Women,Clothing,Skirts,Wear to Work],[Clothing, Shoes & Jewelry,Women,Petite,Skirts,Wear to Work]]"
3016,194136,Lilyette Women's Tailored Minimizer Bra #939,"[[Clothing, Shoes & Jewelry,Women,Clothing,Lingerie, Sleep & Lounge,Intimates,Bras,Minimizers],[Clothing, Shoes & Jewelry,Women,Petite,Intimates,Bras,Minimizers],[Clothing, Shoes & Jewelry,Women,Plus-Size,Intimates,Bras,Everyday Bras],[Clothing, Shoes & Jewelry,Women,Plus-Size,Intimates,Bras,Minimizers]]"
3017,194194,Timberland Men's White Ledge Mid Waterproof Ankle Boot,"[[Clothing, Shoes & Jewelry,Shoes & Accessories: International Shipping Available],[Clothing, Shoes & Jewelry,T,Timberland],[Clothing, Shoes & Jewelry,Boot Shop,Men,Outdoor & Work,Hiking & Trekking],[Clothing, Shoes & Jewelry,Men,Shoes,Outdoor,Hiking & Trekking,Hiking Boots]]"
3018,194196,Casio Men's AE1000W-1B,"[[Clothing, Shoes & Jewelry,New Arrivals],[Clothing, Shoes & Jewelry,Men,Watches,Wrist Watches]]"
3019,194281,MG Collection GALIENA Turn Lock Accent Brown Shopper Handbag / Shoulder Bag,"[[Clothing, Shoes & Jewelry,Women,Handbags & Wallets,Top-Handle Bags],[Clothing, Shoes & Jewelry,Women,Handbags & Wallets,Shoulder Bags]]"
3020,194336,PattyBoutik Trendy Diagonal Stripe Cowl Neck Long Sleeve Blouse Top,"[[Clothing, Shoes & Jewelry,Women,Clothing,Tops & Tees]]"
3021,194339,Allegra K Women Tie-Bow Neck All Over Dots 3/4 Sleeve NEW Leisure Blouse,"[[Clothing, Shoes & Jewelry,Women,Clothing,Tops & Tees,Blouses & Button-Down Shirts],[Clothing, Shoes & Jewelry,Women,Petite,Tops & Tees,Blouses & Button-Down Shirts,Blouses]]"
3022,194349,Haggar Men's Work To Weekend Hidden Expandable Waist No Iron Plain Front Pant,"[[Clothing, Shoes & Jewelry,Men,Clothing],[Clothing, Shoes & Jewelry,Men,Big & Tall],[Clothing, Shoes & Jewelry,Novelty, Costumes & More,Work Wear & Uniforms,Clothing,Work Utility & Safety]]"
3023,194438,Rainbow Spiral Tie Dye Butterfly Poncho Top Blouse,"[[Clothing, Shoes & Jewelry,Women,Clothing,Tops & Tees,Blouses & Button-Down Shirts]]"
3024,194570,Hot from Hollywood Women's Long Gaucho Boho Flare Elephant Wide Leg Sassy Pants,"[[Clothing, Shoes & Jewelry,Women,Clothing,Pants,Casual],[Clothing, Shoes & Jewelry,Women,Juniors,Pants,Casual]]"
3025,194584,Diesel Men's Umbx-Kory Two Pack Boxer Trunk,"[[Clothing, Shoes & Jewelry,D,Diesel],[Clothing, Shoes & Jewelry,Men,Clothing,Underwear,Boxer Briefs],[Clothing, Shoes & Jewelry,Men,Surf, Skate & Street,Clothing,Underwear,Boxer Briefs],[Clothing, Shoes & Jewelry,Women's Luxury Brands]]"
3026,194628,"Izod Kids Boys 8-20 1937 Tee Shirt, Core Navy, Small","[[Clothing, Shoes & Jewelry,I,IZOD],[Clothing, Shoes & Jewelry,Boys,Clothing,Tops & Tees,Tees]]"
3027,194690,IZOD Men's Polar Fleece Full Zip Jacket,"[[Clothing, Shoes & Jewelry,I,IZOD],[Clothing, Shoes & Jewelry,Men,Clothing,Jackets & Coats,Fleece]]"
3028,194779,Columbia Men's North Plains Trail Shoe,"[[Clothing, Shoes & Jewelry,Shoes & Accessories: International Shipping Available],[Clothing, Shoes & Jewelry,C,Columbia],[Clothing, Shoes & Jewelry,Men,Shoes,Outdoor,Hiking & Trekking,Hiking Shoes],[Clothing, Shoes & Jewelry,Men,Surf, Skate & Street,Shoes,Outdoor,Hiking & Trekking,Hiking Shoes]]"
3029,194919,Grandkids Silver heart Floating Locket Charm,"[[Clothing, Shoes & Jewelry,Women],[Clothing, Shoes & Jewelry,Novelty, Costumes & More,Novelty,Jewelry,Charms]]"
3030,194972,i play. Unisex-baby Infant Short Sleeve Rashguard Shirt,"[[Clothing, Shoes & Jewelry,Baby,Baby Girls]]"
3031,195098,Alex and Ani Earth Sultry &quot;Plume Feather&quot; Bangle,"[[Clothing, Shoes & Jewelry,New Arrivals,New Jewelry],[Clothing, Shoes & Jewelry,Jewelry: International Shipping Available],[Clothing, Shoes & Jewelry,Shop by Designer],[Clothing, Shoes & Jewelry,Contemporary Designer Jewelry],[Clothing, Shoes & Jewelry,Women,Jewelry,Fashion,Bracelets,Bangle],[Clothing, Shoes & Jewelry,Novelty, Costumes & More,Novelty]]"
3032,195127,Ben Sherman T-Shirt,"[[Clothing, Shoes & Jewelry,B,Ben Sherman],[Clothing, Shoes & Jewelry,Men,Clothing,Shirts,T-Shirts],[Clothing, Shoes & Jewelry,Men,Surf, Skate & Street,Clothing,Shirts,T-Shirts],[Clothing, Shoes & Jewelry,Women's Luxury Brands]]"
3033,195201,"XOXO Juniors Draped Sleeve Belted V-Neck Grommet Trim Dress, Orange, Small","[[Clothing, Shoes & Jewelry,X,XOXO],[Clothing, Shoes & Jewelry,Women,Clothing,Dresses,Casual],[Clothing, Shoes & Jewelry,Women,Juniors,Dresses,Casual]]"
3034,195207,Cocoons Fitovers Low Vision Sunglasses Wide Line (ML),"[[Clothing, Shoes & Jewelry,C,Cocoons],[Clothing, Shoes & Jewelry,Women,Accessories,Sunglasses & Eyewear Accessories,Sunglasses]]"
3035,195300,Casio Women's BG169R-7A &quot;Baby-G&quot; White Resin Sport Watch,"[[Clothing, Shoes & Jewelry,New Arrivals],[Clothing, Shoes & Jewelry,Women,Watches,Wrist Watches],[Clothing, Shoes & Jewelry,Men]]"
3036,195314,8ct Oval Shape Green Amethyst and Diamond Ring Crafted In Solid Sterling Silver,"[[Clothing, Shoes & Jewelry,Women,Jewelry,Fashion,Rings],[Clothing, Shoes & Jewelry,Novelty, Costumes & More,Novelty]]"
3037,195392,"Quiksilver Men's Revival, Black, Large","[[Clothing, Shoes & Jewelry,Q,Quiksilver],[Clothing, Shoes & Jewelry,Men,Clothing,Shirts,T-Shirts],[Clothing, Shoes & Jewelry,Men,Surf, Skate & Street,Clothing,Shirts,T-Shirts]]"
3038,195438,Hanes Men's Solid Knit Pant,"[[Clothing, Shoes & Jewelry,Men,Clothing,Sleep & Lounge,Sleep Bottoms],[Clothing, Shoes & Jewelry,Men,Big & Tall,Sleep & Lounge,Sleep Bottoms]]"
3039,195649,Sakkas 387 Catalina Island Relaxed Fit Blouse - Purple - One Size,"[[Clothing, Shoes & Jewelry,Women,Clothing,Tops & Tees,Blouses & Button-Down Shirts]]"
3040,195746,Stolen Jack Sparrow Ring Replica,"[[Clothing, Shoes & Jewelry,Novelty, Costumes & More,Novelty]]"
3041,195748,Ladies' New Liquid String Bikini 2 Piece Swimsuit By Gary Majdell Sport,"[[Clothing, Shoes & Jewelry,Women,Clothing,Swimsuits & Cover Ups,Bikinis]]"
3042,195819,PURPLE Amethyst Ball European Charm Bead,"[[Clothing, Shoes & Jewelry,Novelty, Costumes & More,Novelty,Jewelry,Charms]]"
3043,195841,Mad Engine Men's Spidey Costume T-Shirt,"[[Clothing, Shoes & Jewelry,Men],[Clothing, Shoes & Jewelry,Novelty, Costumes & More,Novelty,Clothing,Men,Shirts,T-Shirts]]"
3044,195960,ASICS Women's Low Cut Shorts,"[[Sports & Outdoors,Team Sports,Volleyball],[Clothing, Shoes & Jewelry,ASICS],[Clothing, Shoes & Jewelry,Women,Clothing,Active,Active Shorts]]"
3045,196011,Vip Boutique Cross Printed Leggings,"[[Clothing, Shoes & Jewelry,Women,Clothing,Leggings]]"
3046,196061,"Marilyn Monroe Collection Silky Smooth Stretch Chemise (X-Large, Shell Spots)","[[Clothing, Shoes & Jewelry,Women,Clothing,Lingerie, Sleep & Lounge,Intimates,Lingerie,Chemises & Negligees]]"
3047,196080,"Carter's Baby-Girls Newborn F13 6 Pack Heather Pointelle Booties, Grey/White/Navy/Teal/Pink/Red, 0-3 Months","[[Clothing, Shoes & Jewelry,Baby,Baby Girls,Accessories,Socks]]"
3048,196243,Hematite and Simulated Green Aventurine - Magnetic Therapy Bracelet,"[[Clothing, Shoes & Jewelry,Gemstones],[Clothing, Shoes & Jewelry,Women],[Clothing, Shoes & Jewelry,Novelty, Costumes & More,Novelty,Jewelry,Bracelets]]"
3049,196458,Willis Judd New Mens Titanium Black Extra Strong Double Row Magnetic Bracelet with in Black Velvet Gift Box Free Link Removal Tool,"[[Clothing, Shoes & Jewelry,Men,Jewelry,Bracelets,Link],[Clothing, Shoes & Jewelry,Novelty, Costumes & More,Novelty]]"
3050,196654,Youyoupifa Stylish 3 Dial Stainless Steel Quartz Watch NBW0SD6449-WH3,"[[Clothing, Shoes & Jewelry,Women],[Clothing, Shoes & Jewelry,Men]]"
3051,196940,Sheinside Women's Black Buttons Ripped Fringe Denim Shorts,"[[Clothing, Shoes & Jewelry,Women,Clothing,Shorts,Denim]]"
3052,196976,12 Pairs of Silver 4 Inch Hoop Earrings,"[[Clothing, Shoes & Jewelry,Women],[Clothing, Shoes & Jewelry,Novelty, Costumes & More,Novelty,Jewelry,Earrings]]"
3053,197003,Ladies Plus Size Skull Prints Front Long Sleeves Tee Shirt Tops,"[[Clothing, Shoes & Jewelry,Women,Clothing,Tops & Tees],[Clothing, Shoes & Jewelry,Women,Plus-Size,Tops & Tees,Blouses & Button-Down Shirts]]"
3054,197100,Little Lass Girls 2-6X 2 Piece Belted Envelope Collar Sweater Dress Set,"[[Clothing, Shoes & Jewelry,Girls,Clothing,Clothing Sets,Pant Sets]]"
3055,197279,Bella Materna Women's T-Shirt Nursing Bra,"[[Clothing, Shoes & Jewelry,Women,Maternity,Intimates,Nursing & Maternity Bras],[Clothing, Shoes & Jewelry,Women,Petite]]"
3056,197499,SJSP Plus-Size Womens Short Sleeve various Printed Unbalance Tunic Top,"[[Clothing, Shoes & Jewelry,Women,Clothing,Tops & Tees,Knits & Tees]]"
3057,197590,Keen Breezemont CNX Slip-On (Toddler/Little Kid/Big Kid),"[[Clothing, Shoes & Jewelry,Shoes & Accessories: International Shipping Available],[Clothing, Shoes & Jewelry,K,Keen],[Clothing, Shoes & Jewelry,Girls,Shoes,Sneakers],[Clothing, Shoes & Jewelry,Boys,Shoes,Sneakers]]"
3058,197666,"Little Rebels Boys 2-7 3 Piece Bone Yard Skater Vest And Pant Set, Black, 2T","[[Clothing, Shoes & Jewelry,Boys,Clothing,Clothing Sets,Pant Sets]]"
3059,197817,Clarisse Rustic Dress 2051,"[[Clothing, Shoes & Jewelry,Women,Clothing,Dresses,Night Out & Cocktail],[Clothing, Shoes & Jewelry,Women,Clothing,Dresses,Special Occasion]]"
3060,197821,"Women's Metallic Ballet Flat Shoes W/Rhinestone Embellishment microsuede Toe Cap (9/10, Black 4036)","[[Clothing, Shoes & Jewelry,Women,Shoes,Flats]]"
3061,197862,Yo Gabba Gabba Brobee &amp; Plex Long-Sleeve Pajama Set,"[[Clothing, Shoes & Jewelry,Baby,Baby Boys,Clothing,Sleepwear & Robes,Pajama Sets]]"
3062,197919,Leveret &quot;Bumble Bee&quot; 2 Piece Pajama 100% Cotton (Size 6M-5T),"[[Clothing, Shoes & Jewelry,Baby,Baby Girls,Clothing,Sleepwear & Robes,Pajama Sets],[Clothing, Shoes & Jewelry,Baby,Baby Boys,Clothing,Sleepwear & Robes,Pajama Sets]]"
3063,197939,"Maidenform Women's Control It! Singlet - 12466,Black,XX-Large","[[Clothing, Shoes & Jewelry,Women,Clothing,Lingerie, Sleep & Lounge,Intimates,Shapewear],[Clothing, Shoes & Jewelry,Women,Petite,Intimates,Shapewear],[Clothing, Shoes & Jewelry,Women,Plus-Size,Intimates,Shapewear]]"
3064,198058,VANELi Women's Tallis Sandal,"[[Clothing, Shoes & Jewelry,Shoes & Accessories: International Shipping Available],[Clothing, Shoes & Jewelry,V,VANELi],[Clothing, Shoes & Jewelry,Women,Shoes,Sandals]]"
3065,198099,Sub Sports COLD Men's Thermal Compression Base Layer Long Sleeve Top,"[[Sports & Outdoors,Clothing,Men,Shirts],[Clothing, Shoes & Jewelry,Men,Clothing,Active,Active Shirts & Tees]]"
3066,198217,Lauren Ralph Lauren Women's Cecilia Wedge Sandal,"[[Clothing, Shoes & Jewelry,Shoes & Accessories: International Shipping Available],[Clothing, Shoes & Jewelry,Women,Shoes,Sandals]]"
3067,198272,Disguise The Amazing Spider-Man Movie Deluxe Adult Licensed Costume,"[[Clothing, Shoes & Jewelry,Novelty, Costumes & More,Costumes & Accessories,Costumes,Men]]"
3068,198361,Sterling Silver Amethyst Ring (1 CT) In Size 7,"[[Clothing, Shoes & Jewelry,Gemstones],[Clothing, Shoes & Jewelry,Wedding Party Gifts,Gifts for the Bride],[Clothing, Shoes & Jewelry,Women],[Clothing, Shoes & Jewelry,Novelty, Costumes & More,Novelty,Jewelry,Rings]]"
3069,198366,925 Sterling Silver Flower Design Filigree Puff Heart 3-D Pendant Necklace for Women 18'',"[[Clothing, Shoes & Jewelry,Jewelry Outlet],[Clothing, Shoes & Jewelry,Women],[Clothing, Shoes & Jewelry,Novelty, Costumes & More,Novelty,Jewelry,Necklaces & Pendants]]"
3070,198418,Gillbro Women's Double Breasted Jacket Coat,"[[Clothing, Shoes & Jewelry,Women,Clothing,Coats & Jackets,Wool & Blends]]"
3071,198480,zeroUV&reg; - Oversized Vintage Inspired Super &amp; Bold Retro Designer Cat Eye Sunglasses,"[[Clothing, Shoes & Jewelry,Women],[Clothing, Shoes & Jewelry,Novelty, Costumes & More,Novelty,Clothing,Women,Accessories,Sunglasses & Eyewear]]"
3072,198610,GUESS Women's U13624L1 Active Shine Multi-Function Rose Gold-Tone Sport Watch,"[[Clothing, Shoes & Jewelry,New Arrivals],[Clothing, Shoes & Jewelry,Fashion Watches],[Clothing, Shoes & Jewelry,G,GUESS],[Clothing, Shoes & Jewelry,GUESS? Watches],[Clothing, Shoes & Jewelry,Women,Watches,Wrist Watches]]"
3073,198626,Werewolf Hands Halloween Costume Accessory,"[[Clothing, Shoes & Jewelry,Novelty, Costumes & More,Band & Music Fan,Accessories],[Clothing, Shoes & Jewelry,Novelty, Costumes & More,Costumes & Accessories,More Accessories,Women],[Clothing, Shoes & Jewelry,Novelty, Costumes & More,Costumes & Accessories,More Accessories,Men]]"
3074,198677,Classic Vintage Bronze Dragonfly Pendant Necklace Chain,"[[Clothing, Shoes & Jewelry,Women],[Clothing, Shoes & Jewelry,Novelty, Costumes & More,Novelty,Jewelry,Necklaces & Pendants]]"
3075,198690,Yazilind Blue Turquoise Crystal Tibetan Silver Navette Drop Dangle Earrings for Girl,"[[Clothing, Shoes & Jewelry,Girls,Jewelry,Earrings,Stud],[Clothing, Shoes & Jewelry,Novelty, Costumes & More,Novelty]]"
3076,198806,elope Where's Waldo Deluxe Wenda Socks,"[[Clothing, Shoes & Jewelry,Novelty, Costumes & More,Costumes & Accessories]]"
3077,198888,XOXO Women's XO5616  Black Rubber Double Wrap Rhinestones Bezel Watch,"[[Clothing, Shoes & Jewelry,New Arrivals],[Clothing, Shoes & Jewelry,Jewelry: International Shipping Available],[Clothing, Shoes & Jewelry,Fashion Watches],[Clothing, Shoes & Jewelry,Available for International Shipping],[Clothing, Shoes & Jewelry,X,XOXO],[Clothing, Shoes & Jewelry,XOXO Watches],[Clothing, Shoes & Jewelry,Women,Watches,Wrist Watches]]"
3078,198969,Aokin Ladies Scoop Neck Sleeveless Lace Shirt Blouse Top,"[[Clothing, Shoes & Jewelry,Women,Clothing,Tops & Tees,Blouses & Button-Down Shirts]]"
3079,199111,Franco Sarto Lafayette Hobo,"[[Clothing, Shoes & Jewelry,F,Franco Sarto],[Clothing, Shoes & Jewelry,Women,Handbags & Wallets,Shoulder Bags]]"
3080,199183,Capezio Women's EJ2 E-Series Jazz Slip-On,"[[Clothing, Shoes & Jewelry,Shoes & Accessories: International Shipping Available],[Clothing, Shoes & Jewelry,C,Capezio],[Clothing, Shoes & Jewelry,Women,Shoes,Athletic,Ballet & Dance]]"
3081,199231,US Traveler New Yorker 4 Piece Luggage Set Expandable,"[[Clothing, Shoes & Jewelry,Luggage & Travel Gear,Luggage,Luggage Sets]]"
3082,199235,DG Eyewear Ladies Womens Sunglasses Pink with Black Hard Case,"[[Clothing, Shoes & Jewelry,Women,Accessories,Sunglasses & Eyewear Accessories,Sunglasses]]"
3083,199244,LookbookStore Women's Double Notch Lapel Sharp Shoulder Pad Asymmetry Blazer,"[[Clothing, Shoes & Jewelry,Women,Clothing,Suits & Blazers,Blazers,Night Out & Special Occasion]]"
3084,199339,"KAMALIKULTURE Women's Short Sleeve Sweetheart Flaired Dress with Belt, Black/Off White Spinning Wheels, Small","[[Clothing, Shoes & Jewelry,Women,Clothing,Dresses,Casual]]"
3085,199718,Teva Men's Riva Mesh Hiking Shoe,"[[Clothing, Shoes & Jewelry,Shoes & Accessories: International Shipping Available],[Clothing, Shoes & Jewelry,T,Teva],[Clothing, Shoes & Jewelry,Men,Shoes,Outdoor,Hiking & Trekking,Hiking Shoes]]"
3086,199770,Carhartt Men's Anvil Belt,"[[Clothing, Shoes & Jewelry,Men,Clothing],[Clothing, Shoes & Jewelry,Men,Accessories,Belts]]"
3087,199827,Evil Eye Pendant Necklace Quality Blue Murano Glass Lucky Charm Talisman Celebrity 16&quot; Inch,"[[Clothing, Shoes & Jewelry,Women,Jewelry,Fashion,Necklaces,Chains],[Clothing, Shoes & Jewelry,Novelty, Costumes & More,Novelty]]"
3088,199944,NATO Ballistic Nylon Watchband - Orange 18mm Watch band - by deBeer,"[[Clothing, Shoes & Jewelry,Women,Watches,Watch Bands],[Clothing, Shoes & Jewelry,Men,Watches,Watch Bands]]"
3089,200061,Allegra K Women Dots Detail Ruffled Cap Sleeve Scoop Neck Slim Shirt w Brooch,"[[Clothing, Shoes & Jewelry,Women,Clothing,Tops & Tees,Blouses & Button-Down Shirts]]"
3090,200112,EasySteps Women's Canvas Slip-On Shoes with Padded Insole,"[[Clothing, Shoes & Jewelry,Women,Shoes,Fashion Sneakers]]"
3091,200186,Green Faux Shell and Crystal Necklace and Earrings Set,"[[Clothing, Shoes & Jewelry,Women],[Clothing, Shoes & Jewelry,Novelty, Costumes & More,Novelty,Jewelry]]"
3092,200189,Bali Women's Comfort Revolution Underwire Bra with Smart Sizes,"[[Clothing, Shoes & Jewelry,Women,Clothing,Lingerie, Sleep & Lounge,Intimates,Bras,Everyday Bras]]"
3093,200193,LifeStride Women's Kortina Pump,"[[Clothing, Shoes & Jewelry,Shoes & Accessories: International Shipping Available],[Clothing, Shoes & Jewelry,L,LifeStride],[Clothing, Shoes & Jewelry,Women,Shoes,Pumps]]"
3094,200276,Amour-Fashion Punk Women Solid Color Bandage Mesh BLACK/Red/Blue leggings,"[[Clothing, Shoes & Jewelry,Women],[Clothing, Shoes & Jewelry,Novelty, Costumes & More,Novelty,Clothing,Women,Leggings]]"
3095,200277,Michael Antonio Women's Kella Sandal,"[[Clothing, Shoes & Jewelry,Shoes & Accessories: International Shipping Available],[Clothing, Shoes & Jewelry,M,Michael Antonio],[Clothing, Shoes & Jewelry,Women,Shoes,Sandals]]"
3096,200280,"Western Chief Women's Ladybug Rain Boot,Red,6 M","[[Clothing, Shoes & Jewelry,Shoes & Accessories: International Shipping Available],[Clothing, Shoes & Jewelry,W,Western Chief],[Clothing, Shoes & Jewelry,Boot Shop,Women,Outdoor & Work,Rain],[Clothing, Shoes & Jewelry,Women,Shoes,Boots],[Clothing, Shoes & Jewelry,Women,Shoes,Outdoor,Rain Footwear]]"
3097,200405,Black Minidress,"[[Clothing, Shoes & Jewelry,Women],[Clothing, Shoes & Jewelry,Novelty, Costumes & More,Exotic Apparel,Women,Dresses]]"
3098,200431,Steve Madden Women's Glaare Sandal,"[[Clothing, Shoes & Jewelry,Shoes & Accessories: International Shipping Available],[Clothing, Shoes & Jewelry,S,Steve Madden],[Clothing, Shoes & Jewelry,Women,Shoes,Sandals]]"
3099,200545,"Nike Men's Performance Moisture-Wicking Crew Socks - 6 Pair (Black, Shoe size: 8-12)","[[Clothing, Shoes & Jewelry,Men,Clothing,Active,Athletic Socks]]"
3100,200573,BEARPAW Women's Bristol Boot,"[[Clothing, Shoes & Jewelry,Shoes & Accessories: International Shipping Available],[Clothing, Shoes & Jewelry,B,Bearpaw],[Clothing, Shoes & Jewelry,Boot Shop,Women,Fashion,Shearling],[Clothing, Shoes & Jewelry,Women,Shoes,Boots]]"
3101,200592,Fashion Silver Chain White Rhinestone Bunch Pendant Bib Statement Necklace,"[[Clothing, Shoes & Jewelry,Women],[Clothing, Shoes & Jewelry,Novelty, Costumes & More,Novelty,Jewelry,Necklaces & Pendants]]"
3102,200626,Adar Universal Mock Wrap Solid Trim Top,"[[Clothing, Shoes & Jewelry,Women,Clothing],[Clothing, Shoes & Jewelry,Novelty, Costumes & More,Work Wear & Uniforms,Clothing,Medical,Women,Scrub Tops]]"
3103,200688,Dickies Scrubs Women's Empire Waist Top,"[[Clothing, Shoes & Jewelry,D,Dickies],[Clothing, Shoes & Jewelry,Novelty, Costumes & More,Work Wear & Uniforms,Clothing,Medical]]"
3104,200722,U-Turn Style 312 Butt Lift Brazilian Style Skinny Leg Fashion Poly Cotton Moleton,"[[Clothing, Shoes & Jewelry,Women,Clothing,Jeans],[Clothing, Shoes & Jewelry,Women,Petite,Jeans]]"
3105,200758,Libian Women's Plus Size Leopard Print Lace Shoulder Strap Maxi Dress,"[[Clothing, Shoes & Jewelry,Women,Clothing,Dresses,Casual],[Clothing, Shoes & Jewelry,Women,Petite,Dresses,Casual],[Clothing, Shoes & Jewelry,Women,Plus-Size,Dresses,Casual]]"
3106,200784,Oulm Unique Quartz Analog Dark Blue Dial Men Watch,"[[Clothing, Shoes & Jewelry,Men,Watches,Wrist Watches]]"
3107,200878,The Mountain Dragonfly Dreamcatcher Adult T-shirt,"[[Clothing, Shoes & Jewelry,Novelty, Costumes & More,Novelty,Clothing,Men,Shirts,T-Shirts]]"
3108,200883,LifeStride Women's X-treme Knee-High Boot,"[[Clothing, Shoes & Jewelry,Shoes & Accessories: International Shipping Available],[Clothing, Shoes & Jewelry,L,LifeStride],[Clothing, Shoes & Jewelry,Women,Shoes,Boots]]"
3109,200910,Sterling Silver Garnet Ring (1.50 CT),"[[Clothing, Shoes & Jewelry,Gemstones],[Clothing, Shoes & Jewelry,Wedding Party Gifts,Gifts for the Bride],[Clothing, Shoes & Jewelry,Women,Jewelry,Fine,Rings],[Clothing, Shoes & Jewelry,Women,Jewelry,Fashion,Rings],[Clothing, Shoes & Jewelry,Novelty, Costumes & More,Novelty]]"
3110,200967,2 or 4 Pack Zenana Women's Lace Trim Tank Top,"[[Clothing, Shoes & Jewelry,Women,Clothing,Tops & Tees,Tanks & Camis]]"
3111,200968,Only Necessities Women's Plus Size Petite Broomstick Lounger,"[[Clothing, Shoes & Jewelry,Women,Clothing,Lingerie, Sleep & Lounge,Sleep & Lounge,Nightgowns & Sleepshirts],[Clothing, Shoes & Jewelry,Women,Petite,Sleep & Lounge,Nightgowns & Sleepshirts],[Clothing, Shoes & Jewelry,Women,Plus-Size,Sleep & Lounge,Nightgowns & Sleepshirts]]"
3112,200985,Wolf Hat - Grey Brown W39S15A,"[[Clothing, Shoes & Jewelry,Novelty, Costumes & More,Costumes & Accessories,Hats & Caps,Women],[Clothing, Shoes & Jewelry,Novelty, Costumes & More,Costumes & Accessories,Hats & Caps,Men]]"
3113,201139,Skechers Women's Shape Ups - Strength Fitness Walking Sneaker,"[[Clothing, Shoes & Jewelry,Shoes & Accessories: International Shipping Available],[Clothing, Shoes & Jewelry,S,Skechers],[Clothing, Shoes & Jewelry,Comfort Shoes],[Clothing, Shoes & Jewelry,Women,Shoes,Athletic,Walking]]"
3114,201189,"Kids T-Shirt - Marines, Olive Drab by Rothco","[[Clothing, Shoes & Jewelry,Novelty, Costumes & More,Novelty,Clothing],[Clothing, Shoes & Jewelry,Novelty, Costumes & More,Work Wear & Uniforms,Clothing,Military,Men,Tops],[Clothing, Shoes & Jewelry,Novelty, Costumes & More,Band & Music Fan,T-Shirts]]"
3115,201262,Nautica Baby-Boys Infant Solid Ticking Vest Set,"[[Clothing, Shoes & Jewelry,N,Nautica],[Clothing, Shoes & Jewelry,Baby,Baby Boys,Clothing,Suits & Sport Coats,Suits]]"
3116,201274,Tok Tok Designs&reg; B124 Men's Bow Ties (Navy Blue),"[[Clothing, Shoes & Jewelry,Men,Accessories,Bow Ties & Cummerbunds,Bow Ties]]"
3117,201289,Finejo Chiffon Scarf,"[[Clothing, Shoes & Jewelry,Women,Accessories,Scarves & Wraps,Fashion Scarves]]"
3118,201469,"CROOTA Mens Underwear, Bikini Thong, Low Rise T-Back, Stylish Waistband","[[Clothing, Shoes & Jewelry,Men,Clothing,Underwear,G-Strings & Thongs]]"
3119,201595,Allegra K Ladies Bowknot Decor Elastic Waist Lace Splicing Dots Dress w Belt,"[[Clothing, Shoes & Jewelry,Women,Clothing,Dresses,Casual]]"
3120,201618,Geneva Women's 5573_xmasblacksnowman Holiday Boyfriend White Dial with Snowman and Crystals Watch,"[[Clothing, Shoes & Jewelry,New Arrivals],[Clothing, Shoes & Jewelry,Jewelry: International Shipping Available],[Clothing, Shoes & Jewelry,Fashion Watches],[Clothing, Shoes & Jewelry,Available for International Shipping],[Clothing, Shoes & Jewelry,Women,Watches,Wrist Watches]]"
3121,201697,Woman Within Women's Plus Size Empire Waist Denim Dress,"[[Clothing, Shoes & Jewelry,Women,Clothing,Dresses,Casual],[Clothing, Shoes & Jewelry,Women,Petite,Dresses,Casual],[Clothing, Shoes & Jewelry,Women,Plus-Size,Dresses,Casual]]"
3122,201702,Led Zeppelin One-piece Baby Shirt/Bodysuit,"[[Clothing, Shoes & Jewelry,Novelty, Costumes & More,Novelty,Clothing,Baby,Baby Girls,Bodysuits],[Clothing, Shoes & Jewelry,Novelty, Costumes & More,Novelty,Clothing,Baby,Baby Boys,Bodysuits]]"
3123,201715,"Dragon Ear Cuff, Earring Cuff, Ear Wrap","[[Clothing, Shoes & Jewelry,Women],[Clothing, Shoes & Jewelry,Novelty, Costumes & More,Novelty,Jewelry,Earrings]]"
3124,201721,Scarleton Vintage Satchel H1068,"[[Clothing, Shoes & Jewelry,Women,Handbags & Wallets,Top-Handle Bags]]"
3125,201745,Bali Women's Comfort Revolution Convertible Wirefree Bra,"[[Clothing, Shoes & Jewelry,Women,Clothing,Lingerie, Sleep & Lounge,Intimates,Bras,Everyday Bras]]"
3126,201756,"Young Hearts Girls 2-6X 3 Piece Stripe Bow Skirt Set, Black, 4","[[Clothing, Shoes & Jewelry,Girls,Clothing,Clothing Sets,Skirt Sets]]"
3127,201791,Reef Men's Fanning Prints Thong Sandal,"[[Clothing, Shoes & Jewelry,Shoes & Accessories: International Shipping Available],[Clothing, Shoes & Jewelry,R,Reef],[Clothing, Shoes & Jewelry,Street, Surf & Skate],[Clothing, Shoes & Jewelry,Men,Shoes,Sandals],[Clothing, Shoes & Jewelry,Men,Surf, Skate & Street,Shoes,Sandals]]"
3128,201927,"ERIN erin fetherston Women's Twist And Tied Sleeveless Ruched Cocktail Dress, Grenadine Ombre, 2","[[Clothing, Shoes & Jewelry,Women,Clothing,Dresses,Night Out & Cocktail],[Clothing, Shoes & Jewelry,Women's Luxury Brands]]"
3129,202052,niceEshop(TM) Women Alloy Hot Air Balloon Pendant Chain Necklace-Gold Tone,"[[Clothing, Shoes & Jewelry,Women],[Clothing, Shoes & Jewelry,Novelty, Costumes & More,Novelty,Jewelry,Necklaces & Pendants]]"
3130,202076,niceEshop(TM) Fashion Vintage Eiffel Tower Pendant With Chain-Bronze,"[[Clothing, Shoes & Jewelry,Women],[Clothing, Shoes & Jewelry,Novelty, Costumes & More,Novelty,Jewelry,Necklaces & Pendants]]"
3131,202131,Fossil Explorer Hobo Shoulder Bag,"[[Clothing, Shoes & Jewelry,Shoes & Accessories: International Shipping Available],[Clothing, Shoes & Jewelry,F,FOSSIL],[Clothing, Shoes & Jewelry,Women,Handbags & Wallets,Top-Handle Bags],[Clothing, Shoes & Jewelry,Novelty, Costumes & More,Band & Music Fan,Accessories]]"
3132,202167,Allegra K Ladies Sequined Doll Collar Full Lined Mini Tiered Trapeze dress,"[[Clothing, Shoes & Jewelry,Women,Clothing,Dresses,Casual],[Clothing, Shoes & Jewelry,Women,Petite,Dresses,Casual]]"
3133,202174,TITLE Tricot Pro Warm-Up Set,"[[Clothing, Shoes & Jewelry,Men,Clothing,Active,Track & Active Jackets]]"
3134,202257,Fashion Accessories Trial Order New Quartz Fashion Wrap Around Leather Bracelet Lady Woman Wrist Watch,"[[Clothing, Shoes & Jewelry,Women,Watches,Wrist Watches]]"
3135,202361,Naturalizer Women's Maude Ballet Flat,"[[Clothing, Shoes & Jewelry,Shoes & Accessories: International Shipping Available],[Clothing, Shoes & Jewelry,N,Naturalizer],[Clothing, Shoes & Jewelry,Comfort Shoes],[Clothing, Shoes & Jewelry,Women,Shoes,Flats]]"
3136,202405,Armitron Sport Men's 40/8300BLU Blue and Silver-Tone Accented Black Resin Strap Chronograph Digital Watch,"[[Sports & Outdoors,Accessories,Sport Watches],[Clothing, Shoes & Jewelry,New Arrivals],[Clothing, Shoes & Jewelry,Jewelry: International Shipping Available],[Clothing, Shoes & Jewelry,Available for International Shipping],[Clothing, Shoes & Jewelry,Sport Watches],[Clothing, Shoes & Jewelry,Men,Watches,Wrist Watches],[Clothing, Shoes & Jewelry,Men's Athletic Watches]]"
3137,202482,Carhartt Mens Work Wear Cushioned 3 Pack Crew Sock,"[[Sports & Outdoors,Clothing,Men,Socks],[Clothing, Shoes & Jewelry,C,Carhartt],[Clothing, Shoes & Jewelry,Men,Clothing,Active,Athletic Socks]]"
3138,202610,"Skylanders Boys 2-7 Skylander Giants Tee, Green, 5","[[Clothing, Shoes & Jewelry,Boys,Clothing,Tops & Tees,Tees]]"
3139,202690,Elegant Faux Wrap Printed Dress,"[[Clothing, Shoes & Jewelry,Women,Clothing,Dresses,Special Occasion]]"
3140,202826,Officially Licensed Disney Toddler Mickey Mouse I'm A Big Deal T-shirt,"[[Clothing, Shoes & Jewelry,Boys],[Clothing, Shoes & Jewelry,Novelty, Costumes & More,Novelty,Clothing,Boys]]"
3141,202937,Michael Kors MK4255 Women's Watch,"[[Clothing, Shoes & Jewelry,Fashion Watches],[Clothing, Shoes & Jewelry,Michael Kors Watches],[Clothing, Shoes & Jewelry,Women,Watches,Wrist Watches],[Clothing, Shoes & Jewelry,Women's Luxury Brands]]"
3142,202939,Lucky Brand Women's Richmond Motif Tee,"[[Clothing, Shoes & Jewelry,L,Lucky Brand],[Clothing, Shoes & Jewelry,Women,Clothing,Tops & Tees,Knits & Tees]]"
3143,202980,MG Collection Chic Large Everyday Hobo Shopper Handbag w/ Shoulder Strap,"[[Clothing, Shoes & Jewelry,Women,Handbags & Wallets,Shoulder Bags]]"
3144,203037,"KONOV Jewelry Gothic Skull Cubic Zirconia Stainless Steel Men's Biker Ring, Silver Black","[[Clothing, Shoes & Jewelry,Men,Jewelry,Rings],[Clothing, Shoes & Jewelry,Novelty, Costumes & More,Novelty,Jewelry,Rings]]"
3145,203234,Finis Girls Swim Diapers,"[[Clothing, Shoes & Jewelry,Baby,Baby Girls,Clothing,Swim,Swim Diapers]]"
3146,203236,FM42 18k Yellow/White Gold Plated 1.5mm Braided Thin Band Stackable Ring Size 3-8,"[[Clothing, Shoes & Jewelry,Jewelry Outlet],[Clothing, Shoes & Jewelry,Women,Jewelry,Religious],[Clothing, Shoes & Jewelry,Novelty, Costumes & More,Novelty]]"
3147,203277,made2envy Combination 2 Pieces Set Resort Halter Cropped Top Midi Dress,"[[Clothing, Shoes & Jewelry,Women,Clothing,Dresses,Night Out & Cocktail]]"
3148,203289,Calvin Klein Men's 38mm Feather Edge Semi Shine Belt with Smooth Leather Harness,"[[Clothing, Shoes & Jewelry,Men,Accessories,Belts]]"
3149,203314,2 Inch Cuban Heel Leather Line Boot,"[[Clothing, Shoes & Jewelry,Men,Shoes,Boots],[Clothing, Shoes & Jewelry,Novelty, Costumes & More,Exotic Apparel]]"
3150,203327,"ABSORBA Baby-Girls Newborn L Snowsuit, Light Pink, 0-3 Months","[[Clothing, Shoes & Jewelry,Baby,Baby Girls,Clothing,Jackets & Coats,Snow Wear]]"
3151,203368,Patty Women's Boutik Scoop Neck Ruched Gathered Raglan Long Sleeve Blouse,"[[Clothing, Shoes & Jewelry,Women,Clothing,Tops & Tees,Blouses & Button-Down Shirts],[Clothing, Shoes & Jewelry,Women,Petite,Tops & Tees,Blouses & Button-Down Shirts,Blouses]]"
3152,203412,Seiko Men's SNKL07 &quot;Seiko 5&quot; Stainless Steel Automatic Casual Watch,"[[Clothing, Shoes & Jewelry,New Arrivals],[Clothing, Shoes & Jewelry,Seiko Watches],[Clothing, Shoes & Jewelry,Men,Watches,Wrist Watches]]"
3153,203423,zeroUV&reg; - Standard Retro Clear Lens Nerd Geek Assorted Color Wayfarers Glasses,"[[Clothing, Shoes & Jewelry,Men],[Clothing, Shoes & Jewelry,Novelty, Costumes & More,Novelty,Clothing,Men,Accessories,Sunglasses & Eyewear]]"
3154,203550,Fossil Sylvia Three Hand Stainless Steel Watch Am4407,"[[Clothing, Shoes & Jewelry,Fashion Watches],[Clothing, Shoes & Jewelry,F,FOSSIL],[Clothing, Shoes & Jewelry,Fossil Watches],[Clothing, Shoes & Jewelry,Women,Watches,Wrist Watches]]"
3155,203598,Levi's Boys 2-7 511 Slim Jean,"[[Clothing, Shoes & Jewelry,Boys,Clothing,Jeans]]"
3156,203639,Temptation Lace Open Bust Top And Crotchless Bottom,"[[Clothing, Shoes & Jewelry,Women],[Clothing, Shoes & Jewelry,Novelty, Costumes & More,Exotic Apparel,Women,Lingerie Sets]]"
3157,203680,YogaColors Juniors Grey Crystal Boatneck 3/4 Sleeve Longer Length Jersey Tee,"[[Clothing, Shoes & Jewelry,Women,Clothing,Tops & Tees,Knits & Tees]]"
3158,203715,Timberland Men's Natural Grain Leather Commuter Bifold Wallet D72242 More Colors,"[[Clothing, Shoes & Jewelry,T,Timberland],[Clothing, Shoes & Jewelry,Men,Accessories,Wallets, Card Cases & Money Organizers,Wallets],[Clothing, Shoes & Jewelry,Novelty, Costumes & More,Band & Music Fan,Accessories]]"
3159,203779,Sakkas Petite High Waist Stretch Pencil Skirt with Shirred Waist Detail,"[[Clothing, Shoes & Jewelry,Women,Clothing,Skirts],[Clothing, Shoes & Jewelry,Women,Petite,Skirts]]"
3160,203821,Sebago Men's Clovehitch II Boat Shoe,"[[Clothing, Shoes & Jewelry,Shoes & Accessories: International Shipping Available],[Clothing, Shoes & Jewelry,S,Sebago],[Clothing, Shoes & Jewelry,Men,Shoes]]"
3161,203902,Clarks Women's Billie Swing Sandal,"[[Clothing, Shoes & Jewelry,Shoes & Accessories: International Shipping Available],[Clothing, Shoes & Jewelry,C,Clarks],[Clothing, Shoes & Jewelry,Comfort Shoes],[Clothing, Shoes & Jewelry,Women,Shoes,Sandals]]"
3162,203972,Clarks Women's Shira Danika Dress Sandal,"[[Clothing, Shoes & Jewelry,Shoes & Accessories: International Shipping Available],[Clothing, Shoes & Jewelry,C,Clarks],[Clothing, Shoes & Jewelry,Comfort Shoes],[Clothing, Shoes & Jewelry,Women,Shoes,Sandals]]"
3163,204095,16&quot; Mickey Mouse Rolling Backpack,"[[Clothing, Shoes & Jewelry,Luggage & Travel Gear,Backpacks,Kids' Backpacks]]"
3164,204128,Lip Service Rockers Ladies F It Top Back Zip Tunic,"[[Clothing, Shoes & Jewelry,Women,Clothing,Tops & Tees,Tunics]]"
3165,204207,Loungefly Ivory Skull Embossed Wallet (Ivory),"[[Clothing, Shoes & Jewelry,Women],[Clothing, Shoes & Jewelry,Novelty, Costumes & More,Novelty,Clothing,Women,Accessories,Wallets]]"
3166,204328,Nine West Women's Taker Flat,"[[Clothing, Shoes & Jewelry,Shoes & Accessories: International Shipping Available],[Clothing, Shoes & Jewelry,N,Nine West],[Clothing, Shoes & Jewelry,Women,Shoes,Flats]]"
3167,204329,Invicta Men's 12828 Specialty Blue Dial Watch,"[[Clothing, Shoes & Jewelry,New Arrivals],[Clothing, Shoes & Jewelry,Jewelry: International Shipping Available],[Clothing, Shoes & Jewelry,Fashion Watches],[Clothing, Shoes & Jewelry,Available for International Shipping],[Clothing, Shoes & Jewelry,Invicta],[Clothing, Shoes & Jewelry,Men,Watches,Wrist Watches],[Clothing, Shoes & Jewelry,Novelty, Costumes & More,Watch Accessories]]"
3168,204412,Bostonian Men's Ipswich Lace-Up,"[[Clothing, Shoes & Jewelry,Shoes & Accessories: International Shipping Available],[Clothing, Shoes & Jewelry,B,Bostonian],[Clothing, Shoes & Jewelry,Men,Shoes,Oxfords]]"
3169,204479,Dickies Medical Scrubs 853202 Women's Jr Fit Hip Flip Cargo Flare Leg Scrub Pant,"[[Clothing, Shoes & Jewelry,D,Dickies],[Clothing, Shoes & Jewelry,Women,Clothing],[Clothing, Shoes & Jewelry,Novelty, Costumes & More,Work Wear & Uniforms,Clothing,Medical,Women,Scrub Bottoms]]"
3170,204622,Amour- Sexy Blur Women Lingerie Fantastic Lace Backless Teddy Black,"[[Clothing, Shoes & Jewelry,Women,Plus-Size],[Clothing, Shoes & Jewelry,Novelty, Costumes & More,Exotic Apparel,Women,Lingerie Sets]]"
3171,204703,Crocs Women's Kadee Ballet Flat,"[[Clothing, Shoes & Jewelry,Shoes & Accessories: International Shipping Available],[Clothing, Shoes & Jewelry,C,crocs],[Clothing, Shoes & Jewelry,Comfort Shoes],[Clothing, Shoes & Jewelry,Women,Shoes,Flats]]"
3172,204707,Timberland Women's Putnam Knee-High Boot,"[[Clothing, Shoes & Jewelry,Shoes & Accessories: International Shipping Available],[Clothing, Shoes & Jewelry,T,Timberland],[Clothing, Shoes & Jewelry,Boot Shop,Women,Outdoor & Work,Snow & Cold Weather],[Clothing, Shoes & Jewelry,Women,Shoes,Boots]]"
3173,204840,Aerosoles Women's Cinsual Boot,"[[Clothing, Shoes & Jewelry,Shoes & Accessories: International Shipping Available],[Clothing, Shoes & Jewelry,Winter Promo],[Clothing, Shoes & Jewelry,Aerosoles],[Clothing, Shoes & Jewelry,Comfort Shoes],[Clothing, Shoes & Jewelry,Women,Shoes,Boots]]"
3174,204862,Clarks Women's Loyal Pearl Boot,"[[Clothing, Shoes & Jewelry,Shoes & Accessories: International Shipping Available],[Clothing, Shoes & Jewelry,C,Clarks],[Clothing, Shoes & Jewelry,Comfort Shoes],[Clothing, Shoes & Jewelry,Women,Shoes,Boots]]"
3175,204906,KONOV Jewelry Stainless Steel Rubber Bracelet for Unisex Mens Womens - Black Silver - 8.8 Inch,"[[Clothing, Shoes & Jewelry,Women],[Clothing, Shoes & Jewelry,Novelty, Costumes & More,Novelty,Jewelry,Bracelets]]"
3176,204940,Carhartt Men's Cotton 3 Pack Crew Work Socks,"[[Sports & Outdoors,Clothing,Men,Socks],[Clothing, Shoes & Jewelry,C,Carhartt],[Clothing, Shoes & Jewelry,Men,Clothing,Active,Athletic Socks],[Clothing, Shoes & Jewelry,Men,Big & Tall,Active,Athletic Socks]]"
3177,204947,"Liebeskind Berlin Ellaglossy Shoulder Bag,Cherry,One Size","[[Clothing, Shoes & Jewelry,Women,Handbags & Wallets,Shoulder Bags]]"
3178,204971,Stride Rite Derek Shoe (Toddler/Little Kid),"[[Clothing, Shoes & Jewelry,Shoes & Accessories: International Shipping Available],[Clothing, Shoes & Jewelry,S,Stride Rite],[Clothing, Shoes & Jewelry,Girls,Shoes,Sneakers],[Clothing, Shoes & Jewelry,Boys,Shoes,Sneakers]]"
3179,205014,Cobb Hill Women's Shannon Boot,"[[Clothing, Shoes & Jewelry,Shoes & Accessories: International Shipping Available],[Clothing, Shoes & Jewelry,Women,Shoes,Boots]]"
3180,205094,Stanzino Women's Long Sleeve Surplice Printed Top,"[[Clothing, Shoes & Jewelry,Women,Clothing,Tops & Tees,Blouses & Button-Down Shirts]]"
3181,205097,Invicta Women's 0489 Angel Collection Cubic Zirconia Accented Polyurethane Watch,"[[Clothing, Shoes & Jewelry,New Arrivals],[Clothing, Shoes & Jewelry,Fashion Watches],[Clothing, Shoes & Jewelry,Invicta],[Clothing, Shoes & Jewelry,Women,Watches,Wrist Watches]]"
3182,205391,ToBeInStyle Men's A-Shirt Tank Top Muscle Shirt,"[[Clothing, Shoes & Jewelry,Men,Clothing,Underwear,Undershirts]]"
3183,205426,Polo Ralph Lauren Men's Faxon Low Sneaker,"[[Clothing, Shoes & Jewelry,Shoes & Accessories: International Shipping Available],[Clothing, Shoes & Jewelry,P,Polo Ralph Lauren],[Clothing, Shoes & Jewelry,Men,Shoes,Fashion Sneakers]]"
3184,205433,PrettyGuide Women's Semi Embroidery Floral Lace Blouse,"[[Clothing, Shoes & Jewelry,Women,Clothing,Tops & Tees,Blouses & Button-Down Shirts]]"
3185,205454,Blitz Gem &amp; Jewelry Cleaner Concentrate (8 Oz),"[[Clothing, Shoes & Jewelry,Novelty, Costumes & More,Jewelry Accessories,Cleaning & Care]]"
3186,205531,100pcs Heart Green Sheer Organza Jewelry Pouches Wedding Party Favor Gift Bags 3.8&quot;X4.6&quot;,"[[Clothing, Shoes & Jewelry,Novelty, Costumes & More,Jewelry Accessories,Jewelry Boxes & Organizers,Jewelry Boxes]]"
3187,205561,Womens Pullover Jumper Hoodie Hooded Coat Warm Sweatshirt Outerwear Jacket,"[[Sports & Outdoors,Clothing,Women,Hoodies],[Clothing, Shoes & Jewelry,Women,Clothing,Fashion Hoodies & Sweatshirts]]"
3188,205781,Delli Aldo Men's 18656-Black Patent Leather Horse Bit Loafers,"[[Clothing, Shoes & Jewelry,Men,Shoes,Loafers & Slip-Ons]]"
3189,205907,Ema Jane - Grosgrain Bows Glued to Soft Stretchy Headbands (17 Pack),"[[Clothing, Shoes & Jewelry,Baby,Baby Girls,Accessories,Hair Accessories]]"
3190,205956,Nine West Women's Allmine Wedge Pump,"[[Clothing, Shoes & Jewelry,Shoes & Accessories: International Shipping Available],[Clothing, Shoes & Jewelry,N,Nine West],[Clothing, Shoes & Jewelry,Women,Shoes,Pumps]]"
3191,206029,KONOV Jewelry Stainless Steel Gothic Biker Men's Ring,"[[Clothing, Shoes & Jewelry,Men,Jewelry,Rings],[Clothing, Shoes & Jewelry,Novelty, Costumes & More,Novelty,Jewelry,Rings]]"
3192,206103,BERRICLE Silver Tone Bold Openable Handcuffs Bracelet With Curb Chain,"[[Clothing, Shoes & Jewelry,Women],[Clothing, Shoes & Jewelry,Novelty, Costumes & More,Novelty,Jewelry,Bracelets]]"
3193,206130,Nine West Women's Topshoe Peep-Toe Pump,"[[Clothing, Shoes & Jewelry,Shoes & Accessories: International Shipping Available],[Clothing, Shoes & Jewelry,N,Nine West],[Clothing, Shoes & Jewelry,Women,Shoes,Pumps]]"
3194,206183,O'Neill Girl's Danni Denim Shorts,"[[Clothing, Shoes & Jewelry,Girls,Clothing,Shorts]]"
3195,206280,Lush Women's Crochet Lace Back Cardigan (S),"[[Clothing, Shoes & Jewelry,Women,Clothing,Sweaters,Cardigans]]"
3196,206458,Sterling Silver Cubic Zirconia Heart Ring,"[[Clothing, Shoes & Jewelry,Jewelry: International Shipping Available],[Clothing, Shoes & Jewelry,Amazon Curated Collection],[Clothing, Shoes & Jewelry,Women],[Clothing, Shoes & Jewelry,Novelty, Costumes & More,Novelty,Jewelry,Rings]]"
3197,206468,"Child's Costume, Bumblebee Tutu Costume","[[Clothing, Shoes & Jewelry,Girls],[Clothing, Shoes & Jewelry,Boys],[Clothing, Shoes & Jewelry,Novelty, Costumes & More,Costumes & Accessories,Costumes,Kids & Baby,Boys],[Clothing, Shoes & Jewelry,Novelty, Costumes & More,Costumes & Accessories,Costumes,Kids & Baby,Girls]]"
3198,206541,Timex Women's T47042 Expedition Metal Field Olive/Brown Leather Strap Watch,"[[Clothing, Shoes & Jewelry,Timex],[Clothing, Shoes & Jewelry,Timex test],[Clothing, Shoes & Jewelry,Women,Watches,Wrist Watches]]"
3199,206561,Koh Koh Women's Kimono Sleeve Retro Long Graphic Print Maxi Dress,"[[Clothing, Shoes & Jewelry,Women,Clothing,Dresses,Casual]]"
3200,206577,"Modern Heritage Women's 10 Pair Pack Dots and Stripes Low Cut Socks, Neon Bright Combo, One Size","[[Clothing, Shoes & Jewelry,Women,Clothing,Socks & Hosiery,Casual Socks],[Clothing, Shoes & Jewelry,Women's Luxury Brands]]"
3201,206614,Skechers Women's Upgrades-Splash Platform Sandal,"[[Clothing, Shoes & Jewelry,Shoes & Accessories: International Shipping Available],[Clothing, Shoes & Jewelry,S,Skechers],[Clothing, Shoes & Jewelry,Comfort Shoes],[Clothing, Shoes & Jewelry,Women,Shoes,Sandals]]"
3202,206619,Orient Men's CEM65004B 'Black Mako' Automatic Rubber Strap Dive Watch,"[[Sports & Outdoors,Accessories,Sport Watches],[Clothing, Shoes & Jewelry,New Arrivals],[Clothing, Shoes & Jewelry,Jewelry: International Shipping Available],[Clothing, Shoes & Jewelry,Available for International Shipping],[Clothing, Shoes & Jewelry,Sport Watches],[Clothing, Shoes & Jewelry,Orient],[Clothing, Shoes & Jewelry,Men,Watches,Wrist Watches],[Clothing, Shoes & Jewelry,Men's Athletic Watches]]"
3203,206752,KONOV Jewelry Biker Mechanic Wrench Stainless Steel Men's Ring,"[[Clothing, Shoes & Jewelry,Men,Jewelry,Rings],[Clothing, Shoes & Jewelry,Novelty, Costumes & More,Novelty,Jewelry,Rings]]"
3204,206792,KONOV Jewelry 2pcs Leather Rope Brown &amp; Black Unisex Surfer Wrap Bracelets,"[[Clothing, Shoes & Jewelry,Men,Jewelry,Bracelets,Link],[Clothing, Shoes & Jewelry,Novelty, Costumes & More,Novelty,Jewelry,Bracelets]]"
3205,206816,Sterling Silver 9mm Shell Pearl and Cubic Zirconia Ring,"[[Clothing, Shoes & Jewelry,Jewelry: International Shipping Available],[Clothing, Shoes & Jewelry,Amazon Curated Collection],[Clothing, Shoes & Jewelry,Women,Jewelry,Fine,Rings],[Clothing, Shoes & Jewelry,Novelty, Costumes & More,Novelty]]"
3206,206844,"Calvin Klein Performance Women's Multi Stitch Bermuda Cargo Short, Black, Large","[[Sports & Outdoors,Clothing,Women,Shorts],[Clothing, Shoes & Jewelry,C,Calvin Klein],[Clothing, Shoes & Jewelry,Women,Clothing,Active,Active Shorts],[Clothing, Shoes & Jewelry,Women,Petite,Active,Active Shorts]]"
3207,206896,Crocs Womens Women's Really Sexi Dress Sandal,"[[Clothing, Shoes & Jewelry,Shoes & Accessories: International Shipping Available],[Clothing, Shoes & Jewelry,C,crocs],[Clothing, Shoes & Jewelry,Comfort Shoes],[Clothing, Shoes & Jewelry,Women,Shoes,Sandals]]"
3208,206948,OTBT Women's Park Place Ballet Flat,"[[Clothing, Shoes & Jewelry,Shoes & Accessories: International Shipping Available],[Clothing, Shoes & Jewelry,O,OTBT],[Clothing, Shoes & Jewelry,Women,Shoes,Flats]]"
3209,206979,"Capezio Girls 7-16 Print Pull-On Skirt, Wild Kingdom, Large (12-14)","[[Sports & Outdoors,Other Sports,Dance,Clothing,Girls,Skirts],[Clothing, Shoes & Jewelry,C,Capezio],[Clothing, Shoes & Jewelry,Girls,Clothing,Active,Active Skirts],[Clothing, Shoes & Jewelry,Girls,Clothing,Skirts, Scooters & Skorts]]"
3210,207013,kate spade new york Women's 1YRU0049 Black Carousel Watch,"[[Clothing, Shoes & Jewelry,New Arrivals],[Clothing, Shoes & Jewelry,Jewelry: International Shipping Available],[Clothing, Shoes & Jewelry,Available for International Shipping],[Clothing, Shoes & Jewelry,Women,Watches,Wrist Watches],[Clothing, Shoes & Jewelry,Women's Luxury Brands]]"
3211,207026,"ASICS Women's GEL-Enduro 6 Running Shoe,Silver/Lightning/Turquoise,6 M US","[[Clothing, Shoes & Jewelry,ASICS],[Clothing, Shoes & Jewelry,Women,Shoes,Athletic,Running],[Clothing, Shoes & Jewelry,Women,Shoes,Athletic,Trail Running]]"
3212,207078,"Marc Ecko Cut &amp; Sew Men's Public Speakers, White, Medium","[[Clothing, Shoes & Jewelry,Men,Clothing,Shirts,T-Shirts]]"
3213,207290,5mm Princess Cut CZ Tarnish Free Stainless Steel Wedding 2 Rings Set,"[[Clothing, Shoes & Jewelry,Women,Jewelry,Fashion],[Clothing, Shoes & Jewelry,Novelty, Costumes & More,Novelty,Jewelry,Wedding & Engagement Rings,Wedding Rings]]"
3214,207306,"Sterling Silver Nail Cross (Crucifixion of Jesus) Pendant, 36mm tall","[[Clothing, Shoes & Jewelry,Women,Jewelry,Fine,Necklaces,Pendants],[Clothing, Shoes & Jewelry,Women,Jewelry,Religious,Necklaces & Pendants,Pendants],[Clothing, Shoes & Jewelry,Novelty, Costumes & More,Novelty]]"
3215,207361,Saxophone Cufflinks in Gift Box with Gift Box,"[[Clothing, Shoes & Jewelry,Men,Jewelry,Cuff Links],[Clothing, Shoes & Jewelry,Novelty, Costumes & More,Novelty]]"
3216,207402,KONOV Jewelry Vintage Style Anchor Cross Pendant Adjustable Brown Leather Cord Mens Necklace Chain,"[[Clothing, Shoes & Jewelry,Men,Jewelry,Necklaces],[Clothing, Shoes & Jewelry,Men,Jewelry,Religious,Necklaces & Pendants],[Clothing, Shoes & Jewelry,Novelty, Costumes & More,Novelty]]"
3217,207438,Delfin Spa Women's Bio Energy High Waisted Exercise Shorts,"[[Sports & Outdoors,Clothing,Women,Shorts],[Clothing, Shoes & Jewelry,Women,Clothing,Active,Active Shorts]]"
3218,207452,Dickies Women's Sherpa Lined Fleece Jacket,"[[Clothing, Shoes & Jewelry,D,Dickies],[Clothing, Shoes & Jewelry,Women,Clothing,Coats & Jackets,Fleece],[Clothing, Shoes & Jewelry,Women,Plus-Size]]"
3219,207502,Bostonian Men's Studio Dival Loafer,"[[Clothing, Shoes & Jewelry,Shoes & Accessories: International Shipping Available],[Clothing, Shoes & Jewelry,B,Bostonian],[Clothing, Shoes & Jewelry,Men,Shoes,Loafers & Slip-Ons]]"
3220,207520,Change Women Square Scarf Head Scarves Shawl Classical Pattern Warp (Pink),"[[Clothing, Shoes & Jewelry,Women,Accessories,Scarves & Wraps,Fashion Scarves]]"
3221,207562,"ADULT Prestige Deluxe Vinyl Boot TOPS - For Pirate Costumes, Renaissance Costumes and More!","[[Clothing, Shoes & Jewelry,Novelty, Costumes & More,Costumes & Accessories,Shoes]]"
3222,207593,Laser Cut Metal Venetian Pretty Masquerade Mask w/ Clear Rhinestones,"[[Clothing, Shoes & Jewelry,Novelty, Costumes & More,Costumes & Accessories,Masks,Women]]"
3223,207754,925 Sterling Silver Princess Cut Black Cubic Zirconia Stud Earrings,"[[Clothing, Shoes & Jewelry,Women],[Clothing, Shoes & Jewelry,Novelty, Costumes & More,Novelty,Jewelry,Earrings]]"
3224,208064,Paidu918 Watches,"[[Clothing, Shoes & Jewelry,Fashion Watches],[Clothing, Shoes & Jewelry,Women,Watches,Wrist Watches]]"
3225,208203,Open For Business Boyshorts,"[[Clothing, Shoes & Jewelry,Women,Petite,Intimates,Panties,Boy Shorts],[Clothing, Shoes & Jewelry,Women,Plus-Size,Intimates,Panties,Boy Shorts],[Clothing, Shoes & Jewelry,Novelty, Costumes & More,Exotic Apparel,Women,Panties]]"
3226,208331,MG Collection HANNAH Glamorous Flirty Doctors Style Purse Candy Hand Bag,"[[Clothing, Shoes & Jewelry,Women,Handbags & Wallets,Top-Handle Bags]]"
3227,208379,Roxy Girls 7-16 RG Oceanside Pant,"[[Clothing, Shoes & Jewelry,R,Roxy],[Clothing, Shoes & Jewelry,Girls,Clothing,Pants & Capris]]"
3228,208399,Ollio Women's Shoe Ballet Basic Light Comfort Low Heel Flat,"[[Clothing, Shoes & Jewelry,Women,Shoes,Flats]]"
3229,208413,ToBeInStyle Women's Low Rise Sweatpants w/ Fold-Over Waistband,"[[Sports & Outdoors,Clothing],[Clothing, Shoes & Jewelry,Women,Clothing,Active,Active Pants]]"
3230,208562,XOXO Women's XO5567 Two-Tone Bracelet Analog Watch,"[[Clothing, Shoes & Jewelry,New Arrivals],[Clothing, Shoes & Jewelry,Jewelry: International Shipping Available],[Clothing, Shoes & Jewelry,Fashion Watches],[Clothing, Shoes & Jewelry,Available for International Shipping],[Clothing, Shoes & Jewelry,X,XOXO],[Clothing, Shoes & Jewelry,XOXO Watches],[Clothing, Shoes & Jewelry,Women,Watches,Wrist Watches]]"
3231,208598,Pewter Love to Cheer Necklace,"[[Clothing, Shoes & Jewelry,Novelty, Costumes & More,Novelty,Jewelry,Necklaces & Pendants]]"
3232,208610,Allegra K Single Breast Button Closure Dots Print Blouse for Lady,"[[Clothing, Shoes & Jewelry,Women,Clothing,Tops & Tees,Blouses & Button-Down Shirts]]"
3233,208763,Devon &amp; Jones D555W Ladies Five-Star Performance Twill,"[[Sports & Outdoors,Clothing,Women,Shirts,Button-Down Shirts],[Clothing, Shoes & Jewelry,Women,Clothing,Tops & Tees,Blouses & Button-Down Shirts]]"
3234,208827,Dance Bag- Dancin' Dots Ballet Duffel,"[[Clothing, Shoes & Jewelry,Girls],[Clothing, Shoes & Jewelry,Luggage & Travel Gear]]"
3235,208865,"Sterling Silver &quot;Love Is Not Finding Someone You Can Live With, It's Finding Someone You Can't Live Without&quot; Catch Bangle Bracelet, 7&quot;","[[Clothing, Shoes & Jewelry,New Arrivals,New Jewelry],[Clothing, Shoes & Jewelry,Jewelry: International Shipping Available],[Clothing, Shoes & Jewelry,Plain Silver Jewelry],[Clothing, Shoes & Jewelry,Amazon Curated Collection],[Clothing, Shoes & Jewelry,Women,Jewelry,Fine,Bracelets,Bangle],[Clothing, Shoes & Jewelry,Novelty, Costumes & More,Novelty],[Clothing, Shoes & Jewelry,Test Women AAQ]]"
3236,208922,GGI Deluxe 16-piece Watch Repair Tool Kit WTK-16,"[[Clothing, Shoes & Jewelry,Novelty, Costumes & More,Watch Accessories,Repair Tools & Kits]]"
3237,209119,"Young Hearts Girls 2-6X 3 Piece Butterfly Pant Set, Pink, 6X","[[Clothing, Shoes & Jewelry,Girls,Clothing,Clothing Sets,Pant Sets]]"
3238,209206,Carter's Baby Boys' 3 Pc Turn Me Around Set,"[[Clothing, Shoes & Jewelry,Baby,Baby Boys],[Clothing, Shoes & Jewelry,Novelty, Costumes & More,Novelty,Clothing,Baby,Baby Boys,Clothing Sets]]"
3239,209334,Walking Cradles Women's Zack 5&quot; Bootie,"[[Clothing, Shoes & Jewelry,W,Walking Cradles],[Clothing, Shoes & Jewelry,Women,Shoes,Boots]]"
3240,209393,Multi Color Tribal Style Fringe Scarf - Different Colors Available,"[[Clothing, Shoes & Jewelry,Women,Accessories,Scarves & Wraps,Fashion Scarves]]"
3241,209445,Hanes Men's Classics 5-Pack Dyed Boxer Brief - Colors May Vary,"[[Clothing, Shoes & Jewelry,Men,Clothing,Underwear,Boxer Briefs]]"
3242,209669,Anita Women's Extreme Control Sport Bra,"[[Clothing, Shoes & Jewelry,Women,Clothing,Lingerie, Sleep & Lounge,Intimates,Bras,Sports Bras],[Clothing, Shoes & Jewelry,Women,Petite,Intimates,Bras,Sports Bras],[Clothing, Shoes & Jewelry,Women,Plus-Size]]"
3243,209704,The Original MuckBoots Arctic Sport Mid Outdoor Boot,"[[Clothing, Shoes & Jewelry,Shoes & Accessories: International Shipping Available],[Clothing, Shoes & Jewelry,Winter Promo],[Clothing, Shoes & Jewelry,M,Muck Boot],[Clothing, Shoes & Jewelry,Boot Shop,Women,Outdoor & Work,Rain],[Clothing, Shoes & Jewelry,Boot Shop,Men,Outdoor & Work,Rain],[Clothing, Shoes & Jewelry,Women,Shoes,Boots],[Clothing, Shoes & Jewelry,Women,Shoes,Outdoor,Rain Footwear],[Clothing, Shoes & Jewelry,Men,Shoes,Boots]]"
3244,209726,"Lucky Brand Women's Giacomo Paisley Top, Nigori/Multi, Medium","[[Clothing, Shoes & Jewelry,L,Lucky Brand],[Clothing, Shoes & Jewelry,Women,Clothing,Tops & Tees,Knits & Tees]]"
3245,209740,PattyBoutik Cowl Neck Backless Chain Draping Halter Top,"[[Clothing, Shoes & Jewelry,Women,Clothing,Tops & Tees]]"
3246,209784,Stuhrling Original Women's 544.1145W4 Vogue Audrey Dawn Swiss Quartz Swarovski Crystal Date Rose Tone Strap Watch,"[[Clothing, Shoes & Jewelry,New Arrivals],[Clothing, Shoes & Jewelry,Jewelry: International Shipping Available],[Clothing, Shoes & Jewelry,Available for International Shipping],[Clothing, Shoes & Jewelry,Women,Watches,Wrist Watches]]"
3247,209787,.925 Sterling Silver Happy Girl Charm Bead Charm For European Charm Bracelets,"[[Clothing, Shoes & Jewelry,Women],[Clothing, Shoes & Jewelry,Novelty, Costumes & More,Novelty,Jewelry,Charms]]"
3248,209805,MOD 20 Women's Pintuck Detail Cardigan Gray S(6746),"[[Clothing, Shoes & Jewelry,Women,Clothing,Sweaters,Cardigans]]"
3249,209889,Retro Environmental Protection Alloy Colorful Acrylic Pendant Necklace,"[[Clothing, Shoes & Jewelry,Women],[Clothing, Shoes & Jewelry,Novelty, Costumes & More,Novelty,Jewelry,Necklaces & Pendants]]"
3250,210115,KEEN Women's Betty II Snow Boot,"[[Clothing, Shoes & Jewelry,Shoes & Accessories: International Shipping Available],[Clothing, Shoes & Jewelry,K,Keen],[Clothing, Shoes & Jewelry,Comfort Shoes],[Clothing, Shoes & Jewelry,Boot Shop,Women,Outdoor & Work,Snow & Cold Weather],[Clothing, Shoes & Jewelry,Women,Shoes,Boots],[Clothing, Shoes & Jewelry,Women,Shoes,Outdoor,Snow Boots]]"
3251,210156,Dazzling Love 1.75 Carats Created Blue Sapphire Ring in Sterling Silver Rhodium Nickel Finish Size 5 to 9,"[[Clothing, Shoes & Jewelry,Heart-Shaped Jewelry],[Clothing, Shoes & Jewelry,Women],[Clothing, Shoes & Jewelry,Novelty, Costumes & More,Novelty,Jewelry,Rings]]"
3252,210197,Ladies Chic Colorful Striped Design Winter Cable-Knitted Hat,"[[Clothing, Shoes & Jewelry,Women,Accessories,Hats & Caps,Skullies & Beanies]]"
3253,210206,"Luvable Friends Cotton Rib Tights For Baby, White","[[Clothing, Shoes & Jewelry,Girls]]"
3254,210249,One Rhinestone Crown Princess Tiara,"[[Clothing, Shoes & Jewelry,Novelty, Costumes & More,Costumes & Accessories,Hats & Caps]]"
3255,210283,"Ray-Ban 0RB3507 136/N551 Polarized Clubmaster Sunglasses, 51 mm","[[Clothing, Shoes & Jewelry,R,Ray-Ban],[Clothing, Shoes & Jewelry,Women,Accessories,Sunglasses & Eyewear Accessories,Sunglasses],[Clothing, Shoes & Jewelry,Men,Accessories,Sunglasses & Eyewear Accessories,Sunglasses]]"
3256,210326,Scarleton Medium Satchel H1041,"[[Clothing, Shoes & Jewelry,Women,Handbags & Wallets,Top-Handle Bags],[Clothing, Shoes & Jewelry,Women,Handbags & Wallets,Shoulder Bags]]"
3257,210346,"Ankin Hot New Sexy Women's Tassel Padded Bandeau Fringe Bikini 2pcs Set Swimwear Swimsuit Bathing Suit (Black, M)","[[Sports & Outdoors,Boating & Water Sports,Swimming,Swimwear],[Clothing, Shoes & Jewelry,Women]]"
3258,210386,Connected Apparel Solid Ruffle Trim Skirt,"[[Clothing, Shoes & Jewelry,Women,Clothing,Skirts,Night Out & Special Occasion]]"
3259,210418,Arrow Men's Short Sleeve Chest Stripe Crew,"[[Clothing, Shoes & Jewelry,Men,Clothing,Shirts,T-Shirts]]"
3260,210573,Yoursclothing Womens Plus Size Charcoal Cat Print Knitted Tunic With Stud Detail Size 24-26 Grey,"[[Clothing, Shoes & Jewelry,Women,Clothing,Dresses,Casual],[Clothing, Shoes & Jewelry,Women,Plus-Size,Dresses,Casual]]"
3261,210629,Leg Avenue Women's Sheer Lace Top Stockings with Back Seam #1101,"[[Clothing, Shoes & Jewelry,L,Leg Avenue],[Clothing, Shoes & Jewelry,Women,Plus-Size,Socks & Hosiery,Hosiery],[Clothing, Shoes & Jewelry,Novelty, Costumes & More,Novelty],[Clothing, Shoes & Jewelry,Novelty, Costumes & More,Exotic Apparel]]"
3262,210645,Isotoner Men's Microterry Slipper,"[[Clothing, Shoes & Jewelry,Shoes & Accessories: International Shipping Available],[Clothing, Shoes & Jewelry,Men,Shoes,Slippers]]"
3263,210771,Asolo Men's Reston WP Hiking Boot,"[[Clothing, Shoes & Jewelry,Boot Shop,Men,Outdoor & Work,Hiking & Trekking],[Clothing, Shoes & Jewelry,Men,Shoes,Outdoor,Hiking & Trekking,Hiking Boots]]"
3264,210890,FitFlop Women's Gogh Clog,"[[Clothing, Shoes & Jewelry,Shoes & Accessories: International Shipping Available],[Clothing, Shoes & Jewelry,F,FitFlop],[Clothing, Shoes & Jewelry,Comfort Shoes],[Clothing, Shoes & Jewelry,Women,Shoes,Mules & Clogs]]"
3265,210911,eVogues Plus Size Leatherette Elastic Belt Black,"[[Clothing, Shoes & Jewelry,Women,Accessories,Belts],[Clothing, Shoes & Jewelry,Women,Petite],[Clothing, Shoes & Jewelry,Women,Plus-Size,Belts]]"
3266,210987,Disney Baby-Girls Newborn Minnie Mouse My First Christmas Sleep And Play Romper,"[[Clothing, Shoes & Jewelry,Baby,Baby Girls,Clothing,Footies & Rompers,Rompers]]"
3267,211014,Lilly Pulitzer Women's Callahan Short,"[[Clothing, Shoes & Jewelry,Women,Clothing,Shorts,Casual]]"
3268,211112,The North Face Women's North Face Aconcagua Jacket,"[[Clothing, Shoes & Jewelry,Women,Clothing,Coats & Jackets,Active & Performance,Insulated]]"
3269,211118,Naturalizer Women's Malvina Loafer,"[[Clothing, Shoes & Jewelry,Shoes & Accessories: International Shipping Available],[Clothing, Shoes & Jewelry,N,Naturalizer],[Clothing, Shoes & Jewelry,Women,Shoes,Loafers & Slip-Ons]]"
3270,211148,Speedo Surfwalker Extreme Water Shoe (Little Kid/Big Kid),"[[Clothing, Shoes & Jewelry,Shoes & Accessories: International Shipping Available],[Clothing, Shoes & Jewelry,Winter Promo],[Clothing, Shoes & Jewelry,S,Speedo],[Clothing, Shoes & Jewelry,Girls,Shoes,Athletic,Water Shoes]]"
3271,211200,Qupid Relax-114X Quilted Basic Knee High Riding Boot,"[[Clothing, Shoes & Jewelry,Boot Shop,Women,Fashion,Riding],[Clothing, Shoes & Jewelry,Women,Shoes,Boots]]"
3272,211247,AK Anne Klein Women's Joetta Leather Riding Boot,"[[Clothing, Shoes & Jewelry,Shoes & Accessories: International Shipping Available],[Clothing, Shoes & Jewelry,Boot Shop],[Clothing, Shoes & Jewelry,Women,Shoes,Boots]]"
3273,211249,"18k Yellow Gold Plated Sterling Silver Multi-Gemstone Flower Y Necklace, 17&quot;","[[Clothing, Shoes & Jewelry,Gemstones],[Clothing, Shoes & Jewelry,Jewelry: International Shipping Available],[Clothing, Shoes & Jewelry,Amazon Curated Collection],[Clothing, Shoes & Jewelry,Women,Jewelry,Fine,Necklaces,Y-Necklaces],[Clothing, Shoes & Jewelry,Novelty, Costumes & More,Novelty]]"
3274,211401,Jessica Simpson Women's Laurin Mule,"[[Clothing, Shoes & Jewelry,Shoes & Accessories: International Shipping Available],[Clothing, Shoes & Jewelry,J,Jessica Simpson],[Clothing, Shoes & Jewelry,Women,Shoes,Mules & Clogs]]"
3275,211519,Women Button Closed High Waist Fake Pocket Front Shorts Jeans,"[[Clothing, Shoes & Jewelry,Women,Clothing,Shorts,Denim]]"
3276,211537,Papi Men's 3-Pack Cotton Jockstrap,"[[Clothing, Shoes & Jewelry,Men,Clothing,Underwear,G-Strings & Thongs]]"
3277,211549,Green Sprouts Unisex-baby Infant Training 2 Pack Underwear,"[[Clothing, Shoes & Jewelry,Baby,Baby Girls,Clothing,Bloomers, Diaper Covers & Underwear,Training Pants],[Clothing, Shoes & Jewelry,Baby,Baby Boys,Clothing,Bloomers, Diaper Covers & Underwear,Training Pants]]"
3278,211725,Womens Knee High Boots Strappy Buckles Faux Leather Casual Comfort Shoes,"[[Clothing, Shoes & Jewelry,Women,Shoes,Boots]]"
3279,211740,H2H Mens Shawl Collar Sweater Cardigan with Point Button,"[[Clothing, Shoes & Jewelry,Men,Clothing,Sweaters,Cardigans]]"
3280,211749,Aquatalia by Marvin K. Women's Famous Bootie,"[[Clothing, Shoes & Jewelry,Shoes & Accessories: International Shipping Available],[Clothing, Shoes & Jewelry,Aquatalia by Marvin K.],[Clothing, Shoes & Jewelry,Boot Shop,Women,Fashion,Dress],[Clothing, Shoes & Jewelry,Women,Shoes,Boots]]"
3281,211798,WinWin Korean Fashion Leather Double Wrap Belt Bracelet Black,"[[Clothing, Shoes & Jewelry,Men],[Clothing, Shoes & Jewelry,Novelty, Costumes & More,Novelty]]"
3282,211804,Princess Blue Opal CZ Ring 9MM Sterling Silver 925,"[[Clothing, Shoes & Jewelry,Jewelry Outlet],[Clothing, Shoes & Jewelry,Novelty, Costumes & More,Novelty]]"
3283,211840,Hollywood Exxtreme Cleavage Satin &amp; Lace Demi Bra 36C White,"[[Clothing, Shoes & Jewelry,Women,Clothing,Lingerie, Sleep & Lounge,Intimates,Bras,Everyday Bras]]"
3284,211842,Warner's Women's Unbelievable Unwire Push Up,"[[Clothing, Shoes & Jewelry,Women,Clothing,Lingerie, Sleep & Lounge,Intimates,Bras,Everyday Bras]]"
3285,212088,Speedo Women's Beach Runner Water Shoe,"[[Clothing, Shoes & Jewelry,Shoes & Accessories: International Shipping Available],[Clothing, Shoes & Jewelry,S,Speedo],[Clothing, Shoes & Jewelry,Women,Shoes,Athletic,Water Shoes]]"
3286,212100,"Betsey Johnson Women's Fair Isle Heavy Knit Leg Warmer, Grey, One Size","[[Clothing, Shoes & Jewelry,Women,Clothing,Socks & Hosiery,Leg Warmers],[Clothing, Shoes & Jewelry,Women,Accessories],[Clothing, Shoes & Jewelry,Women,Petite,Socks & Hosiery,Leg Warmers]]"
3287,212112,Bridal Silver-Tone Flower Bouquet Tear Drop Dangle Earrings Clear Austrian Crystal N01264-4,"[[Clothing, Shoes & Jewelry,Women,Jewelry,Fashion,Earrings,Drop & Dangle],[Clothing, Shoes & Jewelry,Novelty, Costumes & More,Novelty]]"
3288,212159,Genuine Gaspeite 8 mm Round Post Earrings Good Fortune Stone Sterling Silver Gift Box,"[[Clothing, Shoes & Jewelry,Women],[Clothing, Shoes & Jewelry,Novelty, Costumes & More,Novelty,Jewelry,Earrings]]"
3289,212173,Bass Women's Sharon Sandal,"[[Clothing, Shoes & Jewelry,Shoes & Accessories: International Shipping Available],[Clothing, Shoes & Jewelry,B,Bass],[Clothing, Shoes & Jewelry,Comfort Shoes],[Clothing, Shoes & Jewelry,Women,Shoes,Sandals]]"
3290,212386,Minnetonka Women's Hardsole Pile-Lined Slipper,"[[Clothing, Shoes & Jewelry,Shoes & Accessories: International Shipping Available],[Clothing, Shoes & Jewelry,Winter Promo],[Clothing, Shoes & Jewelry,M,Minnetonka],[Clothing, Shoes & Jewelry,Women],[Clothing, Shoes & Jewelry,Men]]"
3291,212472,Allegra K Ladies Convertible Collar Double Breasted Sheathy Dress,"[[Clothing, Shoes & Jewelry,Women,Clothing,Dresses,Casual]]"
3292,212501,Extreme Push Up Padded Lace Bra and Matching Panty,"[[Clothing, Shoes & Jewelry,Women,Clothing,Lingerie, Sleep & Lounge,Intimates,Lingerie Sets],[Clothing, Shoes & Jewelry,Women,Petite,Intimates,Lingerie Sets]]"
3293,212588,STAR Professional Metal Shoe Horn Heavy Duty Steel 7.5&quot;,"[[Clothing, Shoes & Jewelry,Novelty, Costumes & More,Shoe Care & Accessories,Shoe Horns & Boot Jacks]]"
3294,212660,Leveret Kids &quot;Guitars &amp; Stars&quot; 2 Piece Pajama Set 100% Cotton (Size 5-14 Years),"[[Clothing, Shoes & Jewelry,Boys,Clothing,Sleepwear & Robes,Pajama Sets]]"
3295,212669,kyle &amp; deena Baby-Girls Newborn Embossed Hearts with Sherpa Backing-Pink,"[[Baby Products,Nursery,Bedding,Blankets & Swaddling],[Clothing, Shoes & Jewelry,Baby,Baby Girls,Accessories,Receiving Blankets]]"
3296,212716,Leveret &quot;Multi Colored&quot; Striped 2 Piece Pajama set-2 Toddler,"[[Clothing, Shoes & Jewelry,Baby,Baby Girls,Clothing,Sleepwear & Robes,Pajama Sets],[Clothing, Shoes & Jewelry,Baby,Baby Boys,Clothing,Sleepwear & Robes,Pajama Sets]]"
3297,212756,"Jessica Simpson Girls 7-16 Baby Boucle Coat, Mustard, 10/12","[[Clothing, Shoes & Jewelry,J,Jessica Simpson],[Clothing, Shoes & Jewelry,Girls,Clothing,Jackets & Coats,Dress Coats]]"
3298,212846,Birthstone May Emerald Green Rhinestone Spacer Bead Pandora Troll Chamilia Biagi Bead Compatible,"[[Clothing, Shoes & Jewelry,Women],[Clothing, Shoes & Jewelry,Novelty, Costumes & More,Novelty,Jewelry,Charms]]"
3299,212899,Teva Men's Mush II Sublimation Flip Flop,"[[Clothing, Shoes & Jewelry,Shoes & Accessories: International Shipping Available],[Clothing, Shoes & Jewelry,T,Teva],[Clothing, Shoes & Jewelry,Men,Shoes,Sandals],[Clothing, Shoes & Jewelry,Men,Shoes,Athletic,Sport Sandals]]"
3300,212941,Allegra K Women's Scoop Neck Short Sleeve Letters Skull Print Loose Shirt,"[[Clothing, Shoes & Jewelry,Women,Clothing,Tops & Tees,Tunics]]"
3301,212946,Kenneth Cole REACTION Women's Tell Tales Bootie,"[[Clothing, Shoes & Jewelry,Shoes & Accessories: International Shipping Available],[Clothing, Shoes & Jewelry,K,Kenneth Cole REACTION],[Clothing, Shoes & Jewelry,Women,Shoes,Boots]]"
3302,213037,Born Concept Women's Geranium Leather Sandals in Champange,"[[Clothing, Shoes & Jewelry,B,Born],[Clothing, Shoes & Jewelry,Women,Shoes,Sandals]]"
3303,213152,Allegra K Women Check Pattern Point Collar Single Breasted NEW Fashion Shirt,"[[Clothing, Shoes & Jewelry,Women,Clothing,Tops & Tees,Blouses & Button-Down Shirts]]"
3304,213229,Mix &amp; Match Sexy White Double Layered Ruffle A-Line Pleated Mini Skirt,"[[Clothing, Shoes & Jewelry,Women],[Clothing, Shoes & Jewelry,Novelty, Costumes & More,Exotic Apparel,Women,Dresses]]"
3305,213351,Ever Pretty Women's Captivate Lace Long Dress,"[[Clothing, Shoes & Jewelry,Women,Clothing,Dresses],[Clothing, Shoes & Jewelry,Women,Petite,Dresses]]"
3306,213394,SOLE Women's Sport Flip-Flop,"[[Clothing, Shoes & Jewelry,Shoes & Accessories: International Shipping Available],[Clothing, Shoes & Jewelry,S,SOLE],[Clothing, Shoes & Jewelry,Women,Shoes,Sandals]]"
3307,213620,Glamorise Women's Stretch-Lace Wonderwire Bra #9245,"[[Clothing, Shoes & Jewelry,Women,Clothing,Lingerie, Sleep & Lounge,Intimates,Bras,Everyday Bras],[Clothing, Shoes & Jewelry,Women,Petite,Intimates,Bras,Everyday Bras],[Clothing, Shoes & Jewelry,Women,Plus-Size,Intimates,Bras,Everyday Bras]]"
3308,213621,Ben Sherman Men's Twill Dress Shirt,"[[Clothing, Shoes & Jewelry,B,Ben Sherman],[Clothing, Shoes & Jewelry,Men,Clothing,Shirts,Dress Shirts],[Clothing, Shoes & Jewelry,Men,Surf, Skate & Street,Clothing,Shirts,Dress Shirts],[Clothing, Shoes & Jewelry,Women's Luxury Brands]]"
3309,213691,18 Karat Rose Gold over Sterling Silver 3-mm Bismark Chain (18 Inch),"[[Clothing, Shoes & Jewelry,Women],[Clothing, Shoes & Jewelry,Novelty, Costumes & More,Novelty,Jewelry,Necklaces & Pendants]]"
3310,213727,PUMA Tallula Glamm V Dance Sneaker (Toddler/Little Kid/Big Kid),"[[Clothing, Shoes & Jewelry,Shoes & Accessories: International Shipping Available],[Clothing, Shoes & Jewelry,P,Puma],[Clothing, Shoes & Jewelry,Girls,Shoes,Sneakers],[Clothing, Shoes & Jewelry,Girls,Shoes,Athletic,Dance]]"
3311,213742,ASICS Men's GEL-Windom Cross Trainer,"[[Clothing, Shoes & Jewelry,ASICS],[Clothing, Shoes & Jewelry,Men,Shoes,Athletic,Running]]"
3312,213910,Little Lass Baby-Girls Infant 2 Piece Fancy Dress Set Puckered Dot Tulle,"[[Clothing, Shoes & Jewelry,Baby,Baby Girls,Clothing,Clothing Sets,Pant Sets]]"
3313,214005,Miusol Sexy Lovely Celeb Womens Deep V Bodycon Evening Party Dress Red Green,"[[Clothing, Shoes & Jewelry,Women,Clothing,Dresses,Night Out & Cocktail]]"
3314,214191,Ribbed Cuff Socks Girl 4 Pair,"[[Clothing, Shoes & Jewelry,Novelty, Costumes & More,Novelty,Clothing,Baby,Baby Girls,Accessories,Socks]]"
3315,214251,"WrightSock Women's Coolmesh II Lo 4 Pack, White/Neon Green/Neon Pink/Neon Yellow, Large","[[Sports & Outdoors,Clothing,Women,Socks],[Clothing, Shoes & Jewelry,Women,Clothing,Active,Athletic Socks]]"
3316,214283,"Amy Byer Girls 2-6X Asymmetrical Tier Set, Pink, 4","[[Clothing, Shoes & Jewelry,Girls,Clothing,Clothing Sets,Pant Sets]]"
3317,214345,Croota Men's Low Rise Briefs,"[[Clothing, Shoes & Jewelry,Men,Clothing,Underwear,Briefs]]"
3318,214409,Irish Harp Half Penny Coin Cufflinks with Gift Box,"[[Clothing, Shoes & Jewelry,Men,Jewelry,Cuff Links],[Clothing, Shoes & Jewelry,Novelty, Costumes & More,Novelty]]"
3319,214480,Nautica Men's N17526G NST Stainless Steel Watch,"[[Sports & Outdoors,Accessories,Sport Watches],[Clothing, Shoes & Jewelry,New Arrivals],[Clothing, Shoes & Jewelry,Jewelry: International Shipping Available],[Clothing, Shoes & Jewelry,Fashion Watches],[Clothing, Shoes & Jewelry,Available for International Shipping],[Clothing, Shoes & Jewelry,N,Nautica],[Clothing, Shoes & Jewelry,Sport Watches],[Clothing, Shoes & Jewelry,Men,Watches,Wrist Watches],[Clothing, Shoes & Jewelry,Men's Athletic Watches]]"
3320,214490,DC Kids Court Graffik Vulcanized Skate Shoe (Little Kid/Big Kid),"[[Clothing, Shoes & Jewelry,Shoes & Accessories: International Shipping Available],[Clothing, Shoes & Jewelry,D,DC],[Clothing, Shoes & Jewelry,Motorcycle & ATV Casual Footwear,Shoes],[Clothing, Shoes & Jewelry,Men,Surf, Skate & Street]]"
3321,214586,Allegra K Women Off Shoulder Short Sleeve Hiphop Cropped Top,"[[Clothing, Shoes & Jewelry,Women,Clothing,Tops & Tees,Blouses & Button-Down Shirts]]"
3322,214633,"Baby Togs Baby-Girls Newborn Butterfly 5 Piece Bib Set, Pink, 3-6 Months","[[Clothing, Shoes & Jewelry,Baby,Baby Girls,Clothing,Clothing Sets,Pant Sets],[Clothing, Shoes & Jewelry,Novelty, Costumes & More,Band & Music Fan,Accessories]]"
3323,214676,Bonnie Baby Baby-Girls Infant Dot Satin Dress with Sash,"[[Clothing, Shoes & Jewelry,Baby,Baby Girls,Clothing,Dresses,Special Occasion]]"
3324,214787,Le Donne Leather Two Pocket Crossbody,"[[Clothing, Shoes & Jewelry,Women,Handbags & Wallets,Cross-Body Bags]]"
3325,214850,Magicleg Ultra Soft Lightweight Tagless Magic Stretch Leg Warmers - Gray,"[[Clothing, Shoes & Jewelry,Women,Clothing,Socks & Hosiery,Leg Warmers],[Clothing, Shoes & Jewelry,Women,Accessories],[Clothing, Shoes & Jewelry,Women,Petite,Socks & Hosiery,Leg Warmers]]"
3326,214891,SJSP Women Boat neck Long Sleeve Stripes Tunics Top include plus size,"[[Clothing, Shoes & Jewelry,Women,Clothing,Tops & Tees,Knits & Tees]]"
3327,214907,DV by Dolce Vita Women's Archer Sandal,"[[Clothing, Shoes & Jewelry,Shoes & Accessories: International Shipping Available],[Clothing, Shoes & Jewelry,D,DV by Dolce Vita],[Clothing, Shoes & Jewelry,Women,Shoes,Sandals]]"
3328,214960,Ingear Women's Beach Skirts,"[[Clothing, Shoes & Jewelry,Women,Clothing,Swimsuits & Cover Ups,Cover-Ups]]"
3329,214963,Seamless Bandeau Strapless Tube Top Bra White (One Size),"[[Clothing, Shoes & Jewelry,Women,Clothing,Lingerie, Sleep & Lounge,Intimates,Bras,Everyday Bras]]"
3330,215005,"143Fashion Ladies Fashion Sleeveless Maxi Dress, Blue/Mustard, X-Large","[[Clothing, Shoes & Jewelry,Women,Clothing,Dresses,Casual],[Clothing, Shoes & Jewelry,Women,Petite,Dresses,Casual]]"
3331,215008,Allegra K Women's Round Neck Long-Sleeved Skull Pattern Loose Top,"[[Clothing, Shoes & Jewelry,Women,Clothing,Tops & Tees,Blouses & Button-Down Shirts]]"
3332,215068,Ultimate Warrior - Darkness Soft T-Shirt,"[[Clothing, Shoes & Jewelry,Men],[Clothing, Shoes & Jewelry,Novelty, Costumes & More,Novelty,Clothing,Men,Shirts,T-Shirts]]"
3333,215124,LifeStride Women's Highlite Shoe,"[[Clothing, Shoes & Jewelry,Shoes & Accessories: International Shipping Available],[Clothing, Shoes & Jewelry,L,LifeStride],[Clothing, Shoes & Jewelry,Women,Shoes,Sandals]]"
3334,215210,PalmBeach Jewelry 2.37 TCW Cubic Zirconia 14k Gold-Plated Wedding Band Set,"[[Clothing, Shoes & Jewelry,Women],[Clothing, Shoes & Jewelry,Novelty, Costumes & More,Novelty,Jewelry,Wedding & Engagement Rings,Bridal Sets]]"
3335,215310,Hot from Hollywood Women's Polka Dot Halter Deep V-Neck Swimsuit(1 Piece),"[[Clothing, Shoes & Jewelry,Women,Clothing,Swimsuits & Cover Ups,One-Pieces],[Clothing, Shoes & Jewelry,Women,Juniors,Swimsuits & Cover Ups,One-Pieces]]"
3336,215386,Guess Women's Wanetta Wedge Sandal,"[[Clothing, Shoes & Jewelry,Shoes & Accessories: International Shipping Available],[Clothing, Shoes & Jewelry,G,GUESS],[Clothing, Shoes & Jewelry,Women,Shoes,Sandals]]"
3337,215416,High Polished Stainless Steel Solitaire Engagement Ring For Women with Small Round Cubic Zirconia,"[[Clothing, Shoes & Jewelry,Women],[Clothing, Shoes & Jewelry,Novelty, Costumes & More,Novelty,Jewelry,Wedding & Engagement Rings,Engagement Rings]]"
3338,215520,"Aquatalia by Marvin K. Women's Operate Riding Boot,Espresso Combo/Elastic,6.5 M US","[[Clothing, Shoes & Jewelry,Shoes & Accessories: International Shipping Available],[Clothing, Shoes & Jewelry,Aquatalia by Marvin K.],[Clothing, Shoes & Jewelry,Boot Shop,Women,Fashion,Riding],[Clothing, Shoes & Jewelry,Women,Shoes,Boots]]"
3339,215604,Allegra K Women's Scoop Neck Sheer Short Sleeve Blouse,"[[Clothing, Shoes & Jewelry,Women,Clothing,Tops & Tees,Blouses & Button-Down Shirts]]"
3340,215844,Embers in Gio Brown by Life Stride (9),"[[Clothing, Shoes & Jewelry,L,LifeStride],[Clothing, Shoes & Jewelry,Women,Shoes,Flats],[Clothing, Shoes & Jewelry,Women,Shoes,Loafers & Slip-Ons]]"
3341,215920,Fruit of the Loom Women's 3 pack Cotton Pullover Sportsbra,"[[Clothing, Shoes & Jewelry,Women,Clothing,Lingerie, Sleep & Lounge,Intimates,Bras,Sports Bras],[Clothing, Shoes & Jewelry,Women,Petite,Intimates,Bras,Sports Bras]]"
3342,216022,Neon Buddha Women's Shanghai Dress,"[[Clothing, Shoes & Jewelry,Women,Clothing,Dresses,Casual]]"
3343,216094,Wigwam Men's El Pine Sock,"[[Sports & Outdoors,Clothing,Men,Socks],[Clothing, Shoes & Jewelry,Men,Clothing,Active,Athletic Socks],[Clothing, Shoes & Jewelry,Men,Big & Tall]]"
3344,216113,Miss Me Juniors Easy Fit Horseshoe Pocket Bootcut Jean,"[[Clothing, Shoes & Jewelry,M,Miss Me],[Clothing, Shoes & Jewelry,Women,Clothing,Jeans],[Clothing, Shoes & Jewelry,Women,Juniors,Jeans]]"
3345,216136,"4pairs Heather Charcoal Black Mens Merino Wool Acrylic Blend Calf Boot Socks, Fits Mens Shoe size 6-12","[[Sports & Outdoors,Clothing,Men,Socks],[Clothing, Shoes & Jewelry,Men,Clothing,Active,Athletic Socks]]"
3346,216187,WOD Shorts Agility 1.0,"[[Clothing, Shoes & Jewelry,Men,Clothing,Active,Active Shorts]]"
3347,216297,3-piece Elvis Presley Scarf Adult Accessory,"[[Clothing, Shoes & Jewelry,Women],[Clothing, Shoes & Jewelry,Novelty, Costumes & More,Novelty,Clothing,Women,Accessories,Scarves]]"
3348,216333,GUESS Men's U10627G1 Classic Brown Leather Watch,"[[Clothing, Shoes & Jewelry,New Arrivals],[Clothing, Shoes & Jewelry,Fashion Watches],[Clothing, Shoes & Jewelry,G,GUESS],[Clothing, Shoes & Jewelry,GUESS? Watches],[Clothing, Shoes & Jewelry,Men,Watches,Wrist Watches]]"
3349,216399,Designer Crystal Beads Necklace Set with Matching Earrings Crafted by Jewelry Nexus,"[[Clothing, Shoes & Jewelry,Jewelry Outlet],[Clothing, Shoes & Jewelry,Women,Jewelry,Fashion,Jewelry Sets],[Clothing, Shoes & Jewelry,Novelty, Costumes & More,Novelty]]"
3350,216401,Seiko SSB101 Mens Watch Chronograph Stainless Steel Case and Bracelet Burgundy Tone Dial Date Display,"[[Clothing, Shoes & Jewelry,Seiko Watches],[Clothing, Shoes & Jewelry,Men,Watches,Wrist Watches]]"
3351,216440,Bling Jewelry Pink South Sea Pearl Crystal Sterling Leverback Earrings 10mm,"[[Clothing, Shoes & Jewelry,Women],[Clothing, Shoes & Jewelry,Novelty, Costumes & More,Novelty,Jewelry,Earrings]]"
3352,216453,Woman Within Women's Plus Size Plush Tunic-Length Velour Knit Sweatshirt,"[[Clothing, Shoes & Jewelry,Women,Clothing,Tops & Tees],[Clothing, Shoes & Jewelry,Women,Petite,Tops & Tees],[Clothing, Shoes & Jewelry,Women,Plus-Size,Tops & Tees,Tunics]]"
3353,216603,Michael Kors Chronograph Gold Dial Crystal set Ladies Watch MK2249,"[[Clothing, Shoes & Jewelry,Fashion Watches],[Clothing, Shoes & Jewelry,Michael Kors Watches],[Clothing, Shoes & Jewelry,Women,Watches,Wrist Watches],[Clothing, Shoes & Jewelry,Novelty, Costumes & More,Watch Accessories],[Clothing, Shoes & Jewelry,Women's Luxury Brands]]"
3354,216607,TopTie Unisex New Fashion Black &amp; White College Stripe Skinny 2&quot; inch Necktie,"[[Clothing, Shoes & Jewelry,Men,Accessories,Neckties]]"
3355,216610,"New Balance KX20 Grade Minimus Cross Training Shoe (Little Kid/Big Kid),Blue,5.5 W US Big Kid","[[Clothing, Shoes & Jewelry,Shoes & Accessories: International Shipping Available],[Clothing, Shoes & Jewelry,N,New Balance],[Clothing, Shoes & Jewelry,Girls,Shoes,Athletic,Running]]"
3356,216679,Men Rib Drawstring Waist Slant Pocket Sport Capri Pants,"[[Clothing, Shoes & Jewelry,Men,Clothing,Pants,Casual]]"
3357,216744,Rockport Men's Rocsports Lite Slip-On,"[[Clothing, Shoes & Jewelry,Shoes & Accessories: International Shipping Available],[Clothing, Shoes & Jewelry,R,Rockport],[Clothing, Shoes & Jewelry,Comfort Shoes],[Clothing, Shoes & Jewelry,Men,Shoes,Loafers & Slip-Ons]]"
3358,216772,Bella Materna Women's Maternity Sexy T-Shirt Nursing Bra,"[[Clothing, Shoes & Jewelry,Women,Maternity,Intimates,Nursing & Maternity Bras],[Clothing, Shoes & Jewelry,Women,Plus-Size,Maternity,Intimates,Nursing & Maternity Bras]]"
3359,216785,Freya Deco Flamingo Underwire Contour Plunge Bra (AA1431),"[[Clothing, Shoes & Jewelry,Women,Clothing,Lingerie, Sleep & Lounge,Intimates,Bras,Everyday Bras],[Clothing, Shoes & Jewelry,Women's Luxury Brands]]"
3360,216974,Light Shamrock Green Frog Toad Animal Pendant Necklace Charm Fashion Jewelry,"[[Clothing, Shoes & Jewelry,Women],[Clothing, Shoes & Jewelry,Novelty, Costumes & More,Novelty,Jewelry,Necklaces & Pendants]]"
3361,217138,Taylor Dresses Women's 3/4 Sleeve Sheath Dress,"[[Clothing, Shoes & Jewelry,Women,Clothing,Dresses,Wear to Work]]"
3362,217164,Woman Within Women's Plus Size Cooling Panty (3 Pack),"[[Clothing, Shoes & Jewelry,Women,Clothing,Lingerie, Sleep & Lounge,Intimates,Panties,Boy Shorts],[Clothing, Shoes & Jewelry,Women,Plus-Size,Intimates,Panties,Boy Shorts]]"
3363,217204,Michael Kors Men's Slim Sapphire Solid Tie,"[[Clothing, Shoes & Jewelry,Men,Accessories,Neckties]]"
3364,217223,Love Goes Round Hearts Murano Glass Authentic 925 Sterling Silver Solid Core Charm Fits Pandora Chamilia Biagi Troll Beads Europen Style Bracelets,"[[Clothing, Shoes & Jewelry,Women],[Clothing, Shoes & Jewelry,Novelty, Costumes & More,Novelty,Jewelry,Charms]]"
3365,217255,"Southpole Juniors Plus-Size Stripe Fashion Racerback Tank Top with Contrast Color Lace Trim, Acid Orange, 1X","[[Clothing, Shoes & Jewelry,S,Southpole],[Clothing, Shoes & Jewelry,Women,Clothing,Tops & Tees,Tanks & Camis],[Clothing, Shoes & Jewelry,Women,Juniors,Tops & Tees,Tanks & Camis],[Clothing, Shoes & Jewelry,Women,Plus-Size,Tops & Tees,Tanks & Camis]]"
3366,217302,Leveret Footed Pajama Sleeper 100% Cotton (Size 6M-5T)*Christmas* (12-18 Months),"[[Clothing, Shoes & Jewelry,Baby,Baby Boys,Clothing,Sleepwear & Robes,Blanket Sleepers]]"
3367,217350,FEA Merchandising Men's Kiss Lightening Strikes T-Shirt,"[[Clothing, Shoes & Jewelry,Men,Big & Tall],[Clothing, Shoes & Jewelry,Novelty, Costumes & More,Band & Music Fan,T-Shirts]]"
3368,217406,iSaddle Classic Vintage Champagne Cross Pendant With Chain,"[[Clothing, Shoes & Jewelry,Women,Jewelry,Religious,Necklaces & Pendants],[Clothing, Shoes & Jewelry,Novelty, Costumes & More,Novelty]]"
3369,217468,Hanes TAGLESS 6.1 Short Sleeve Tee with Pocket Ash S Hanes TAGLESS 6.1 Short,"[[Sports & Outdoors,Clothing,Women,Shirts,T-Shirts],[Clothing, Shoes & Jewelry,Women,Petite,Tops & Tees,Knits & Tees]]"
3370,217482,"Yes I Do Have A Beautiful Daughter, I Also Have A Gun, A Shovel and An Alibi Men's T-shirt","[[Clothing, Shoes & Jewelry,Men],[Clothing, Shoes & Jewelry,Novelty, Costumes & More,Novelty,Clothing,Men,Shirts,T-Shirts]]"
3371,217558,Naturalizer Women's Jenkins Flat,"[[Clothing, Shoes & Jewelry,Shoes & Accessories: International Shipping Available],[Clothing, Shoes & Jewelry,N,Naturalizer],[Clothing, Shoes & Jewelry,Women,Shoes,Flats],[Clothing, Shoes & Jewelry,Women,Shoes,Loafers & Slip-Ons],[Clothing, Shoes & Jewelry,Women,Shoes,Sandals]]"
3372,217609,Toe 9K Little Girls Caged Flat Gladiator Sandals White,"[[Clothing, Shoes & Jewelry,Girls,Shoes,Sandals]]"
3373,217626,"Dollie &amp; Me Girls Short Sleeve Drop Wait Dress With Printed Bottom And Matching Doll Garment, Pink/Multi, 4","[[Clothing, Shoes & Jewelry,Girls,Clothing,Dresses,Playwear]]"
3374,217709,2 Pieces of Small Gold Filled Designer Hamsa Pendant,"[[Clothing, Shoes & Jewelry,Women],[Clothing, Shoes & Jewelry,Novelty, Costumes & More,Novelty,Jewelry,Necklaces & Pendants]]"
3375,217899,Cotton Cantina Juniors Rayon Spaghetti Strap Tank Top with Lace Trim,"[[Clothing, Shoes & Jewelry,Women,Clothing,Tops & Tees,Tanks & Camis]]"
3376,217992,Canyon Men's Italian Leather Designer Dress Belt,"[[Clothing, Shoes & Jewelry,Men,Accessories,Belts]]"
3377,218036,Kenneth Cole REACTION Women's Soley Roller 3 Wedge Sandal,"[[Clothing, Shoes & Jewelry,Shoes & Accessories: International Shipping Available],[Clothing, Shoes & Jewelry,K,Kenneth Cole REACTION],[Clothing, Shoes & Jewelry,Women,Shoes,Sandals]]"
3378,218072,KATGI Fashion Vintage Glazed Black Lady Cat Pendant Chain Necklace,"[[Clothing, Shoes & Jewelry,Women],[Clothing, Shoes & Jewelry,Novelty, Costumes & More,Novelty,Jewelry,Necklaces & Pendants]]"
3379,218097,G by GUESS Women's Logo-Detail Aviator Sunglasses,"[[Clothing, Shoes & Jewelry,G,G by GUESS],[Clothing, Shoes & Jewelry,Women,Accessories,Sunglasses & Eyewear Accessories,Sunglasses]]"
3380,218119,Nine West Women's Cadee Platform Pump,"[[Clothing, Shoes & Jewelry,Shoes & Accessories: International Shipping Available],[Clothing, Shoes & Jewelry,N,Nine West],[Clothing, Shoes & Jewelry,Women,Shoes,Pumps]]"
3381,218181,niceEshop(TM) 2Pcs Pack- Brown Bohemian Vintage Style Feather Beads Leather Bracelet Adjustable Wirstaband + Leaf Pendant Pandora Beads Leather Bracelet,"[[Clothing, Shoes & Jewelry,Women],[Clothing, Shoes & Jewelry,Novelty, Costumes & More,Novelty,Jewelry,Bracelets]]"
3382,218223,"Nautica Sportswear Kids Boys 8-20 Shawl Collar Sweater, Black Mearl, Small","[[Clothing, Shoes & Jewelry,N,Nautica],[Clothing, Shoes & Jewelry,Boys,Clothing,Sweaters,Pullover]]"
3383,218362,Gerber Unisex-Baby Newborn 6 Pack Cozy Designer Socks,"[[Clothing, Shoes & Jewelry,Baby,Baby Girls,Accessories,Socks],[Clothing, Shoes & Jewelry,Baby,Baby Boys,Accessories,Socks]]"
3384,218364,California Costumes Women's Fashion Flapper Plus Size Costume,"[[Clothing, Shoes & Jewelry,Novelty, Costumes & More,Costumes & Accessories,Costumes,Women]]"
3385,218374,Ever Pretty Padded One Shoulder Flower Rhinestones Evening Dress 09869,"[[Clothing, Shoes & Jewelry,Women,Clothing,Dresses,Special Occasion]]"
3386,218428,Poly Zipper Tote Bag,"[[Clothing, Shoes & Jewelry,Women,Handbags & Wallets,Shoulder Bags]]"
3387,218474,Glamorise Women's No-Bounce Full-Support Sport Bra,"[[Clothing, Shoes & Jewelry,Women,Clothing,Lingerie, Sleep & Lounge,Intimates,Bras,Sports Bras],[Clothing, Shoes & Jewelry,Women,Petite,Intimates,Bras,Sports Bras],[Clothing, Shoes & Jewelry,Women,Plus-Size,Intimates,Bras,Everyday Bras],[Clothing, Shoes & Jewelry,Women,Plus-Size,Intimates,Bras,Sports Bras]]"
3388,218476,Assets Red Hot by Spanx Flipside Firmers 4 Way Tank (1873),"[[Clothing, Shoes & Jewelry,Women,Clothing,Tops & Tees,Tanks & Camis]]"
3389,218629,Raya Sun Cotton/Rayon Swing Dress Ombre Missy/Plus SM-3X,"[[Clothing, Shoes & Jewelry,Women,Clothing,Dresses,Casual]]"
3390,218669,Tri-Mountain Men's Big And Tall Button-Down Collar Easy Care Twill Shirt. 770,"[[Sports & Outdoors,Clothing,Men,Shirts,Button-Down Shirts],[Clothing, Shoes & Jewelry,Men,Clothing,Shirts,Casual Button-Down Shirts],[Clothing, Shoes & Jewelry,Men,Big & Tall]]"
3391,218848,"Marc Ecko Cut &amp; Sew Men's M-16 Mayhem, Black, X-large","[[Clothing, Shoes & Jewelry,Men,Clothing,Shirts,T-Shirts]]"
3392,218986,Embroidered Polar Fleece Watch Caps,"[[Clothing, Shoes & Jewelry,Novelty, Costumes & More,Work Wear & Uniforms,Clothing,Military,Men,Accessories],[Clothing, Shoes & Jewelry,Novelty, Costumes & More,Work Wear & Uniforms,Clothing,Military,Women],[Clothing, Shoes & Jewelry,Novelty, Costumes & More,Band & Music Fan,Accessories]]"
3393,219119,AX Paris Women's Twist Front Bodycon Dress,"[[Clothing, Shoes & Jewelry,Women,Clothing,Dresses,Night Out & Cocktail]]"
3394,219164,privo Women's Swift Hydro Fisherman Sandal,"[[Clothing, Shoes & Jewelry,Shoes & Accessories: International Shipping Available],[Clothing, Shoes & Jewelry,C,Clarks],[Clothing, Shoes & Jewelry,Women,Shoes,Sandals]]"
3395,219177,Wrightsock Anti-Blister Double Layer Running II Lo Quarter,"[[Sports & Outdoors,Exercise & Fitness,Running,Clothing,Men,Socks],[Clothing, Shoes & Jewelry,Men,Clothing,Active,Athletic Socks],[Clothing, Shoes & Jewelry,Men,Big & Tall]]"
3396,219234,Casio Men's DW-5600MS-1DR G-Shock Black Rubber Digital Dial Watch,"[[Sports & Outdoors,Accessories,Sport Watches],[Clothing, Shoes & Jewelry,New Arrivals],[Clothing, Shoes & Jewelry,Sport Watches],[Clothing, Shoes & Jewelry,Men,Watches,Wrist Watches],[Clothing, Shoes & Jewelry,Men's Athletic Watches]]"
3397,219294,Baby Banz Retro Banz Oval Baby Sunglasses,"[[Clothing, Shoes & Jewelry,Baby,Baby Boys,Accessories]]"
3398,219352,Rufskin-Galeno-Flattering European Cut Bikini Swimsuit with Contoured Seams,"[[Clothing, Shoes & Jewelry,Men,Clothing,Swim,Briefs]]"
3399,219361,Sterling Silver 10mm Square Blue Lapis Gemstone 2mm Band Ring,"[[Clothing, Shoes & Jewelry,Gemstones],[Clothing, Shoes & Jewelry,Women,Jewelry,Fine,Rings,Bands],[Clothing, Shoes & Jewelry,Novelty, Costumes & More,Novelty]]"
3400,219440,Nickelodeon Boy's 2-7 Mike The Knight Stripe Long Sleeve Tee,"[[Clothing, Shoes & Jewelry,Boys,Clothing,Tops & Tees,Tees]]"
3401,219592,"Minnetonka Fringe Handbag,Black","[[Clothing, Shoes & Jewelry,Shoes & Accessories: International Shipping Available],[Clothing, Shoes & Jewelry,M,Minnetonka],[Clothing, Shoes & Jewelry,Women,Handbags & Wallets,Cross-Body Bags],[Clothing, Shoes & Jewelry,Women,Handbags & Wallets,Shoulder Bags]]"
3402,219799,Threadrock 'What Does The Fox Say' Youth T-Shirt XL Yellow,"[[Clothing, Shoes & Jewelry,Girls],[Clothing, Shoes & Jewelry,Boys],[Clothing, Shoes & Jewelry,Novelty, Costumes & More,Novelty,Clothing,Girls,Tops & Tees,T-Shirts],[Clothing, Shoes & Jewelry,Novelty, Costumes & More,Novelty,Clothing,Boys,Tops & Tees,T-Shirts]]"
3403,219819,Women's Lala-02 Buckle Straps Low Heel Casual Trendy Round Toe Mid Calf Knee High Boots,"[[Clothing, Shoes & Jewelry,Women,Shoes,Boots]]"
3404,219879,Hee Grand Women's Wool Blends Slim Trench Coat,"[[Clothing, Shoes & Jewelry,Women,Clothing,Coats & Jackets,Wool & Blends]]"
3405,219880,Calvin Klein Women's Madison Ponte with Zipper,"[[Clothing, Shoes & Jewelry,C,Calvin Klein],[Clothing, Shoes & Jewelry,Women,Clothing,Pants,Wear to Work]]"
3406,219884,Fashion Womens Boyfriend Pocket Cardigan Shrug Sweater,"[[Clothing, Shoes & Jewelry,Women,Clothing,Sweaters,Cardigans]]"
3407,219958,DG26 Style 2 DG Eyewear Vintage Oversized Women's Sunglasses w/ Black Hard Case,"[[Clothing, Shoes & Jewelry,Women,Accessories,Sunglasses & Eyewear Accessories,Sunglasses]]"
3408,219960,18mm Classic SS Nylon Striped Navy Blue / White - Easily Interchangeable Replacement Military Watch Strap / Band - Fits All Watches!!!,"[[Clothing, Shoes & Jewelry,Women,Watches,Watch Bands],[Clothing, Shoes & Jewelry,Men,Watches,Watch Bands]]"
3409,219979,Girls Dress Purple Paisley Flower Print Double Bow Tie Size 4-12,"[[Clothing, Shoes & Jewelry,Girls,Clothing,Dresses,Playwear]]"
3410,219985,"InCharacter Costumes, LLC Women's Enchanting Princess Costume","[[Clothing, Shoes & Jewelry,Novelty, Costumes & More,Costumes & Accessories,Costumes,Women]]"
3411,220037,Dolce Vita Women's Orla Wedge Sandal,"[[Clothing, Shoes & Jewelry,Shoes & Accessories: International Shipping Available],[Clothing, Shoes & Jewelry,D,Dolce Vita],[Clothing, Shoes & Jewelry,Women,Shoes,Sandals],[Clothing, Shoes & Jewelry,Women's Luxury Brands]]"
3412,220046,Dolce Vita Women's Isolde Sandal,"[[Clothing, Shoes & Jewelry,Shoes & Accessories: International Shipping Available],[Clothing, Shoes & Jewelry,D,Dolce Vita],[Clothing, Shoes & Jewelry,Women,Shoes,Sandals],[Clothing, Shoes & Jewelry,Women's Luxury Brands]]"
3413,220047,"NY Collection Women's Petite 3/4 Sleeve Lace Peasant Blouse With Cami, Blush Kelly, Large","[[Clothing, Shoes & Jewelry,Women,Clothing,Tops & Tees,Blouses & Button-Down Shirts],[Clothing, Shoes & Jewelry,Women,Petite,Tops & Tees,Blouses & Button-Down Shirts,Blouses]]"
3414,220061,"Unionbay Girls 7-16 Lucille Skinny Mojave Cord, Plum Jam, 14","[[Clothing, Shoes & Jewelry,U,UNIONBAY],[Clothing, Shoes & Jewelry,Girls,Clothing,Pants & Capris]]"
3415,220137,Soffe Juniors Football Capri,"[[Sports & Outdoors,Team Sports,Football],[Sports & Outdoors,Clothing],[Clothing, Shoes & Jewelry,Women,Clothing,Active,Active Pants],[Clothing, Shoes & Jewelry,Women,Petite,Active,Active Pants]]"
3416,220245,Star Vixen Women's Plus-Size Elbow Sleeve Wrap Dress with Necklace,"[[Clothing, Shoes & Jewelry,Women,Clothing,Dresses,Wear to Work],[Clothing, Shoes & Jewelry,Women,Plus-Size,Dresses,Wear to Work]]"
3417,220253,Luvable Friends 3 Pack Beary Cute Non-Skid,"[[Clothing, Shoes & Jewelry,Baby,Baby Girls]]"
3418,220405,"CROOTA Mens Underwear, Low-Rise Bikini, Brief, Satin Accented Waistband","[[Clothing, Shoes & Jewelry,Men,Clothing,Underwear,Bikinis],[Clothing, Shoes & Jewelry,Men,Big & Tall]]"
3419,220477,Gerber Baby-Boys Newborn 2 Pack Sleep N Play Gorilla,"[[Clothing, Shoes & Jewelry,Baby,Baby Boys,Clothing,Sleepwear & Robes,Blanket Sleepers]]"
3420,220525,Nine West Women's Hellsfire Pump,"[[Clothing, Shoes & Jewelry,Shoes & Accessories: International Shipping Available],[Clothing, Shoes & Jewelry,N,Nine West],[Clothing, Shoes & Jewelry,Women,Shoes,Pumps]]"
3421,220766,Lingstar(TM) Retro Bronze Red Heart Earrings Vintage Palace Angel Wings A pair,"[[Clothing, Shoes & Jewelry,Novelty, Costumes & More,Novelty]]"
3422,220815,Rhino by Marc Ecko Men's E8M053MV Stone on Metal Three-Eye Chronograph Watch,"[[Clothing, Shoes & Jewelry,New Arrivals],[Clothing, Shoes & Jewelry,Men,Watches,Wrist Watches]]"
3423,220824,Allegra K Ladies Softness Knit Stretchy Scoop Neck Long Sleeve Sweater Yellow Large,"[[Clothing, Shoes & Jewelry,Women,Clothing,Sweaters,Pullovers]]"
3424,220869,Dr. Martens Women's Triumph 1914 Boot,"[[Clothing, Shoes & Jewelry,Shoes & Accessories: International Shipping Available],[Clothing, Shoes & Jewelry,D,Dr. Martens],[Clothing, Shoes & Jewelry,Boot Shop,Women,Fashion,Motorcycle],[Clothing, Shoes & Jewelry,Women,Shoes,Boots]]"
3425,220924,Betsey Johnson Women's Heart Mesh Balconette Bra,"[[Clothing, Shoes & Jewelry,B,Betsey Johnson],[Clothing, Shoes & Jewelry,Women,Clothing,Lingerie, Sleep & Lounge,Intimates,Bras,Everyday Bras],[Clothing, Shoes & Jewelry,Women's Luxury Brands]]"
3426,220946,New York Hobo Handbag,"[[Clothing, Shoes & Jewelry,Women,Handbags & Wallets,Shoulder Bags]]"
3427,220991,WallFlower Juniors Sassy Skinny Glitter Jeans in PP Wash Size: 1,"[[Clothing, Shoes & Jewelry,Women,Clothing,Jeans],[Clothing, Shoes & Jewelry,Women,Juniors,Jeans],[Clothing, Shoes & Jewelry,Women,Petite,Jeans]]"
3428,221084,Dreamgirl Women's Queen Size Budapest Bodystocking,"[[Clothing, Shoes & Jewelry,Women,Plus-Size],[Clothing, Shoes & Jewelry,Novelty, Costumes & More,Exotic Apparel,Women,Bodystockings]]"
3429,221146,Nike Team Training Gymsack,"[[Clothing, Shoes & Jewelry,N,Nike],[Clothing, Shoes & Jewelry,Luggage & Travel Gear,Gym Bags,Drawstring Bags]]"
3430,221209,"Floating Charm Chalkboard with I Love my Boy Fits Glass Lockets, Neonblond","[[Clothing, Shoes & Jewelry,Boys,Jewelry,Necklaces],[Clothing, Shoes & Jewelry,Novelty, Costumes & More,Novelty]]"
3431,221320,Sexy Peplum Casual Basic Trendy Teen Spring Fit-N-Flare Top,"[[Clothing, Shoes & Jewelry,Women,Clothing,Tops & Tees,Tunics],[Clothing, Shoes & Jewelry,Women,Juniors,Tops & Tees,Tunics]]"
3432,221340,New Balance Men's MB1000 Turf Cleat,"[[Clothing, Shoes & Jewelry,Shoes & Accessories: International Shipping Available],[Clothing, Shoes & Jewelry,N,New Balance],[Clothing, Shoes & Jewelry,Men,Shoes,Athletic,Baseball & Softball]]"
3433,221456,Gold Toe Men's Cotton Crew Athletic Sock,"[[Sports & Outdoors,Clothing,Men,Socks],[Clothing, Shoes & Jewelry,Men,Clothing,Active,Athletic Socks],[Clothing, Shoes & Jewelry,Men,Big & Tall,Active,Athletic Socks]]"
3434,221513,"Komar Kids Boys 8-20 Supercross 2 Piece Pajama Set, Brown, Medium","[[Clothing, Shoes & Jewelry,Boys,Clothing,Sleepwear & Robes,Pajama Sets]]"
3435,221570,Dockers Men's Castaway Boat Shoe,"[[Clothing, Shoes & Jewelry,Shoes & Accessories: International Shipping Available],[Clothing, Shoes & Jewelry,D,Dockers],[Clothing, Shoes & Jewelry,Comfort Shoes],[Clothing, Shoes & Jewelry,Men,Shoes,Loafers & Slip-Ons]]"
3436,221588,Nautical Pinup Rockabilly Vintage Retro Pencil Women's Dress Navy Black,"[[Clothing, Shoes & Jewelry,Women,Clothing,Dresses,Casual],[Clothing, Shoes & Jewelry,Women,Clothing,Dresses,Night Out & Cocktail]]"
3437,221803,Champagne Color Crystals Ball Pendant,"[[Clothing, Shoes & Jewelry,Women],[Clothing, Shoes & Jewelry,Novelty, Costumes & More,Novelty]]"
3438,221860,Dragon Ball Z Black and White Seatbelt Belt,"[[Clothing, Shoes & Jewelry,Novelty, Costumes & More,Novelty,Clothing,Women,Accessories],[Clothing, Shoes & Jewelry,Novelty, Costumes & More,Novelty,Clothing,Men,Accessories],[Clothing, Shoes & Jewelry,Novelty, Costumes & More,Band & Music Fan,Accessories]]"
3439,221921,Kanu Surf Boys 8-20 Fiji UV Rashguard Shirt,"[[Clothing, Shoes & Jewelry,Boys,Clothing,Swim,Rash Guard Shirts]]"
3440,221955,Purple Princess Pendant Necklace in Tiara Crown Shaped Gift Box,"[[Clothing, Shoes & Jewelry,Girls],[Clothing, Shoes & Jewelry,Novelty, Costumes & More,Jewelry Accessories,Jewelry Boxes & Organizers,Jewelry Boxes]]"
3441,221999,Black Feather &amp; Flower Fascinator on a Headband,"[[Clothing, Shoes & Jewelry,Novelty, Costumes & More,Costumes & Accessories,Hats & Caps,Women]]"
3442,222019,316L Surgical Steel 14G Clear Crystal Silver Color Tree of Life Dangle Navel Ring Belly Bar Button,"[[Clothing, Shoes & Jewelry,Girls],[Clothing, Shoes & Jewelry,Novelty, Costumes & More,Novelty,Jewelry],[Clothing, Shoes & Jewelry,Novelty, Costumes & More,Body Jewelry,Piercing Jewelry,Rings]]"
3443,222081,Fashion Forms Women's U Plunge Body Suit,"[[Clothing, Shoes & Jewelry,Women,Clothing,Lingerie, Sleep & Lounge,Intimates,Shapewear,Bodysuits]]"
3444,222159,Dollie &amp; Me Girls 2-6X Short Sleeve Peace Sign Dress,"[[Clothing, Shoes & Jewelry,Girls,Clothing,Clothing Sets,Pant Sets]]"
3445,222224,Polo Ralph Lauren men's socks Classic Cotton quarter white 3 pairs,"[[Sports & Outdoors,Clothing,Men,Socks],[Clothing, Shoes & Jewelry,P,Polo Ralph Lauren],[Clothing, Shoes & Jewelry,Men,Clothing,Active,Athletic Socks]]"
3446,222255,Mens Black Stainless Steel Rosary Necklace with Cross - 32&quot;,"[[Clothing, Shoes & Jewelry,Men,Jewelry,Necklaces],[Clothing, Shoes & Jewelry,Men,Jewelry,Religious,Necklaces & Pendants],[Clothing, Shoes & Jewelry,Novelty, Costumes & More,Novelty]]"
3447,222343,"Cozy &amp; Comfortable 2-Pc Pajamas - Size 1X to 5X, Color Red, Size 5X","[[Clothing, Shoes & Jewelry,Women,Clothing,Lingerie, Sleep & Lounge,Sleep & Lounge,Sets],[Clothing, Shoes & Jewelry,Women,Petite,Sleep & Lounge,Sets]]"
3448,222375,Chain &amp; Spike Punk Necklace,"[[Clothing, Shoes & Jewelry,Novelty, Costumes & More,Novelty,Jewelry,Necklaces & Pendants]]"
3449,222421,Doublju Womens Fitted Long Sleeve Knit Jersey Dress,"[[Clothing, Shoes & Jewelry,Women,Clothing,Dresses,Night Out & Cocktail]]"
3450,222460,FootJoy Contour Casual Spikeless 54268 Men's Navy Ruby Red,"[[Clothing, Shoes & Jewelry,Men,Shoes,Athletic,Golf]]"
3451,222574,"Isaac Mizrahi Women's Sleeveless Boat Neck Printed Dress, Purple/Black, 2","[[Clothing, Shoes & Jewelry,I,Isaac Mizrahi],[Clothing, Shoes & Jewelry,Women,Clothing,Dresses,Casual]]"
3452,222646,Reebok Women's Real Flex Run 2.0 EX Running Shoe,"[[Clothing, Shoes & Jewelry,Shoes & Accessories: International Shipping Available],[Clothing, Shoes & Jewelry,R,Reebok],[Clothing, Shoes & Jewelry,Women,Shoes,Athletic,Running]]"
3453,222708,FOSSIL CH2848 Retro Traveler Chronograph Stainless Steel Watch,"[[Clothing, Shoes & Jewelry,New Arrivals],[Clothing, Shoes & Jewelry,Jewelry: International Shipping Available],[Clothing, Shoes & Jewelry,Fashion Watches],[Clothing, Shoes & Jewelry,Available for International Shipping],[Clothing, Shoes & Jewelry,F,FOSSIL],[Clothing, Shoes & Jewelry,Fossil Watches],[Clothing, Shoes & Jewelry,Men,Watches,Wrist Watches],[Clothing, Shoes & Jewelry,Novelty, Costumes & More,Watch Accessories]]"
3454,222738,Connoisseurs Silver Polishing Cloth,"[[Clothing, Shoes & Jewelry,Novelty, Costumes & More,Jewelry Accessories,Cleaning & Care]]"
3455,222749,Skidders Women's Gripper Socks - Black/White Polka Dots,"[[Clothing, Shoes & Jewelry,Women,Clothing,Socks & Hosiery,Slipper Socks],[Clothing, Shoes & Jewelry,Girls]]"
3456,222754,Keen Women's Bern Baby Bern Casual Boot,"[[Clothing, Shoes & Jewelry,Shoes & Accessories: International Shipping Available],[Clothing, Shoes & Jewelry,K,Keen],[Clothing, Shoes & Jewelry,Comfort Shoes],[Clothing, Shoes & Jewelry,Boot Shop,Women,Fashion,Riding],[Clothing, Shoes & Jewelry,Women,Shoes,Boots]]"
3457,222768,"KONOV Jewelry Stainless Steel Mens Skull Stkeleton Stud Earrings Set, 2pcs, Color Silver Black","[[Clothing, Shoes & Jewelry,Men,Jewelry,Earrings],[Clothing, Shoes & Jewelry,Novelty, Costumes & More,Novelty,Jewelry,Earrings]]"
3458,222788,Hello Kitty Women's Plush Hour B Solid Short,"[[Clothing, Shoes & Jewelry,Women,Clothing,Lingerie, Sleep & Lounge,Sleep & Lounge,Bottoms],[Clothing, Shoes & Jewelry,Women,Juniors,Lingerie, Sleep & Lounge,Sleep & Lounge,Bottoms]]"
3459,222795,Motherhood Maternity: Molded Cup Underwire Demi Nursing Bra,"[[Clothing, Shoes & Jewelry,Women,Maternity,Intimates,Nursing & Maternity Bras]]"
3460,222818,"Big Great Britain Flag Juniors T-shirt, Faded Oversized Great Britain Flag Junior's Tee Shirt","[[Clothing, Shoes & Jewelry,Novelty, Costumes & More,Novelty,Clothing,Women,Tops & Tees,T-Shirts],[Clothing, Shoes & Jewelry,Novelty, Costumes & More,Band & Music Fan,T-Shirts]]"
3461,222903,Perry Ellis Men's Tubular Dress Belt,"[[Clothing, Shoes & Jewelry,Men,Accessories,Belts]]"
3462,222928,Coquette Women's Wet Look Thigh High Stockings,"[[Clothing, Shoes & Jewelry,Women,Petite],[Clothing, Shoes & Jewelry,Novelty, Costumes & More,Exotic Apparel]]"
3463,222931,"Dollie &amp; Me Girls Floral Crochet Legging Set With Doll Outfit, Blue Multi, 4","[[Clothing, Shoes & Jewelry,Girls,Clothing,Clothing Sets,Pant Sets]]"
3464,223079,Under Armour Men's Team UA Tech&trade; Short Sleeve T-Shirt,"[[Clothing, Shoes & Jewelry,Men,Clothing,Active]]"
3465,223104,Mens Womens Unique Hollowed-out Triangular Dial Black Fashion Watch,"[[Clothing, Shoes & Jewelry,Women,Watches,Wrist Watches],[Clothing, Shoes & Jewelry,Men,Watches,Wrist Watches]]"
3466,223107,Sterling Silver Cubic Zirconia Medium Round Hoop Earrings,"[[Clothing, Shoes & Jewelry,Jewelry: International Shipping Available],[Clothing, Shoes & Jewelry,Amazon Curated Collection],[Clothing, Shoes & Jewelry,Women,Jewelry,Fine,Earrings,Hoop],[Clothing, Shoes & Jewelry,Women,Jewelry,Fashion,Earrings,Hoop],[Clothing, Shoes & Jewelry,Novelty, Costumes & More,Novelty]]"
3467,223232,Mossy Oak Buck Charm Garter Womens Hunter Orange Lace Bridal Wedding Garter,"[[Clothing, Shoes & Jewelry,Women,Clothing,Lingerie, Sleep & Lounge,Intimates,Lingerie,Garters]]"
3468,223283,Rubie's Costume Goth Cheerleader Wig,"[[Clothing, Shoes & Jewelry,Novelty, Costumes & More,Costumes & Accessories]]"
3469,223316,Invicta Women's 8945 Pro Diver Collection Gold-Tone Watch,"[[Sports & Outdoors,Accessories,Sport Watches],[Clothing, Shoes & Jewelry,Jewelry: International Shipping Available],[Clothing, Shoes & Jewelry,Fashion Watches],[Clothing, Shoes & Jewelry,Available for International Shipping],[Clothing, Shoes & Jewelry,Sport Watches],[Clothing, Shoes & Jewelry,Invicta],[Clothing, Shoes & Jewelry,Women,Watches,Wrist Watches],[Clothing, Shoes & Jewelry,Novelty, Costumes & More,Watch Accessories]]"
3470,223373,"niceEshop Art Deco Owl Head Charm Stud Earrings, Random Color (2 Pairs)","[[Clothing, Shoes & Jewelry,Women],[Clothing, Shoes & Jewelry,Novelty, Costumes & More,Novelty,Jewelry,Earrings]]"
3471,223377,crocs Men's Santa Cruz Slip-On,"[[Clothing, Shoes & Jewelry,Shoes & Accessories: International Shipping Available],[Clothing, Shoes & Jewelry,C,crocs],[Clothing, Shoes & Jewelry,Comfort Shoes],[Clothing, Shoes & Jewelry,Men,Shoes,Loafers & Slip-Ons]]"
3472,223466,ASSETS by Sara Blakely Marvelous Mama Lucky Leggings 800M,"[[Clothing, Shoes & Jewelry,Women,Clothing],[Clothing, Shoes & Jewelry,Women,Maternity,Tights & Hosiery],[Clothing, Shoes & Jewelry,Women,Petite]]"
3473,223487,1928 Jewelry Heart Charm Earrings,"[[Clothing, Shoes & Jewelry,Jewelry: International Shipping Available],[Clothing, Shoes & Jewelry,Shop by Designer],[Clothing, Shoes & Jewelry,Women,Jewelry,Fashion,Earrings,Drop & Dangle],[Clothing, Shoes & Jewelry,Novelty, Costumes & More,Novelty]]"
3474,223505,Waitress Role Play Set,"[[Toys & Games,Baby & Toddler Toys],[Clothing, Shoes & Jewelry,Girls],[Clothing, Shoes & Jewelry,Novelty, Costumes & More,Costumes & Accessories,Costumes,Kids & Baby,Girls]]"
3475,223596,Doublju Mens V-Neck Sweater Pull-over with Tipping,"[[Clothing, Shoes & Jewelry,Men,Clothing,Sweaters,Pullovers],[Clothing, Shoes & Jewelry,Men,Big & Tall]]"
3476,223657,"Stripe Cycle Chevron Infinity Zebra Scarf,nl-2002,10 Color Available","[[Clothing, Shoes & Jewelry,Women,Accessories,Scarves & Wraps,Fashion Scarves]]"
3477,223703,Black Velvet Bracelet T-Bar Jewelry Display Bangle,"[[Clothing, Shoes & Jewelry,Novelty, Costumes & More,Jewelry Accessories,Jewelry Boxes & Organizers,Jewelry Towers]]"
3478,223744,Tok Tok Designs&reg; B26 Men's Bow Ties,"[[Clothing, Shoes & Jewelry,Men,Accessories,Bow Ties & Cummerbunds,Bow Ties]]"
3479,223922,Zehui Beautiful Toddler Baby Girls Boys Owls Animal Crochet Knit Woolly Cap Ear Hat Pink,"[[Clothing, Shoes & Jewelry,Novelty, Costumes & More,Novelty,Clothing,Baby,Baby Girls,Accessories,Hats & Caps],[Clothing, Shoes & Jewelry,Novelty, Costumes & More,Novelty,Clothing,Baby,Baby Boys,Accessories,Hats & Caps],[Clothing, Shoes & Jewelry,Novelty, Costumes & More,Costumes & Accessories,Hats & Caps,Kids & Baby]]"
3480,223990,Mardi Gras Striped Socks (Purple/Green/Yellow) Adult Accessory,"[[Clothing, Shoes & Jewelry,Novelty, Costumes & More,Costumes & Accessories,More Accessories,Women]]"
3481,224122,"Woodleigh Women's Ginny Pull Over, Charcoal/Black, Large","[[Clothing, Shoes & Jewelry,Women,Clothing,Tops & Tees,Tanks & Camis],[Clothing, Shoes & Jewelry,Women's Luxury Brands]]"
3482,224250,Amour Women's Pattern Leggings Cotton Stretch Pant,"[[Clothing, Shoes & Jewelry,Women],[Clothing, Shoes & Jewelry,Novelty, Costumes & More,Novelty,Clothing,Women,Leggings]]"
3483,224257,Sanuk Women's Yoga Sling Slingback Sandal,"[[Clothing, Shoes & Jewelry,Shoes & Accessories: International Shipping Available],[Clothing, Shoes & Jewelry,S,Sanuk],[Clothing, Shoes & Jewelry,Comfort Shoes],[Clothing, Shoes & Jewelry,Street, Surf & Skate],[Clothing, Shoes & Jewelry,Women,Shoes,Sandals]]"
3484,224290,niceEshop(TM) 1 Set (8pcs) Vintage Fashion Mixed Charms Lettering Wishing Ring Rings-Copper&amp;Silver&amp;Gold,"[[Clothing, Shoes & Jewelry,Women],[Clothing, Shoes & Jewelry,Novelty, Costumes & More,Novelty,Jewelry,Rings]]"
3485,224417,Arnette Bacon AN3063-06 Polarized Square Sunglasses,"[[Sports & Outdoors,Accessories,Sports Sunglasses],[Sports & Outdoors,Clothing,Men,Accessories,Sunglasses],[Clothing, Shoes & Jewelry,Arnette],[Clothing, Shoes & Jewelry,Men,Accessories,Sunglasses & Eyewear Accessories,Sunglasses]]"
3486,224478,Mens Stainless Steel and Black Rubber Link Bracelet 8 1/2 inches,"[[Clothing, Shoes & Jewelry,Men,Jewelry,Bracelets,Link],[Clothing, Shoes & Jewelry,Novelty, Costumes & More,Novelty]]"
3487,224524,Hollywood Quality F/X Latex Wound Big Round Ears Prosthetics Kit,"[[Clothing, Shoes & Jewelry,Novelty, Costumes & More,Costumes & Accessories,More Accessories,Women],[Clothing, Shoes & Jewelry,Novelty, Costumes & More,Costumes & Accessories,More Accessories,Men]]"
3488,224664,Sakkas Tie Dye Butterfly Tank Sheath Caftan Mid Length Cotton Dress,"[[Clothing, Shoes & Jewelry,Women,Clothing,Dresses]]"
3489,224865,Diesel Unisex Adult Watch DZ4276,"[[Clothing, Shoes & Jewelry,Fashion Watches],[Clothing, Shoes & Jewelry,D,Diesel],[Clothing, Shoes & Jewelry,Diesel Watches],[Clothing, Shoes & Jewelry,Women],[Clothing, Shoes & Jewelry,Men,Watches,Wrist Watches],[Clothing, Shoes & Jewelry,Women's Luxury Brands]]"
3490,224962,Western Boots Boot Chains Black Leather with 2 Steel Chains,"[[Clothing, Shoes & Jewelry,Men]]"
3491,225060,JBlue Jewelry Men's Stainless Steel Hoop Stud Earrings Gold Silver Greek Vintage (with Gift Bag),"[[Clothing, Shoes & Jewelry,Men,Jewelry,Earrings],[Clothing, Shoes & Jewelry,Novelty, Costumes & More,Novelty]]"
3492,225119,Open Toe Ankle Buckle Strap Platform High Wedge Sandal ROBLES-S,"[[Clothing, Shoes & Jewelry,Women,Shoes,Sandals]]"
3493,225217,Disney Baby-Boys Newborn Mickey Mouse My First Christmas Romper,"[[Clothing, Shoes & Jewelry,Baby,Baby Boys,Clothing,Footies & Rompers,Rompers]]"
3494,225261,Russell Athletic Men's Basic Cotton Tee,"[[Sports & Outdoors,Clothing],[Clothing, Shoes & Jewelry,Men,Clothing,Active,Active Shirts & Tees],[Clothing, Shoes & Jewelry,Men,Big & Tall]]"
3495,225319,Baggallini Luggage Big Zipper Bag,"[[Clothing, Shoes & Jewelry,Women,Handbags & Wallets,Cross-Body Bags],[Clothing, Shoes & Jewelry,Luggage & Travel Gear]]"
3496,225371,Silly yogi multi knit boot sleeves,"[[Clothing, Shoes & Jewelry,Novelty, Costumes & More,Costumes & Accessories,Shoes,Women]]"
3497,225372,"Burnside Men's Denver Burnside's Printed Fleece Sleeves Jacket, Charcoal, Medium","[[Clothing, Shoes & Jewelry,Men,Clothing,Jackets & Coats,Down & Down Alternative],[Clothing, Shoes & Jewelry,Men,Big & Tall],[Clothing, Shoes & Jewelry,Men,Surf, Skate & Street,Clothing,Jackets & Coats,Down & Down Alternative]]"
3498,225453,Skechers Men's Vigor 2.0 Legend Seeker Sneaker,"[[Clothing, Shoes & Jewelry,Shoes & Accessories: International Shipping Available],[Clothing, Shoes & Jewelry,S,Skechers],[Clothing, Shoes & Jewelry,Comfort Shoes],[Clothing, Shoes & Jewelry,Men,Shoes]]"
3499,225571,Barely There Women's Gotcha Covered Underwire Bra,"[[Clothing, Shoes & Jewelry,Women,Clothing,Lingerie, Sleep & Lounge,Intimates,Bras,Everyday Bras],[Clothing, Shoes & Jewelry,Women,Plus-Size]]"
3500,225573,HDE Women's High Polished Metal Plate Stretch Belt with Leather Accent,"[[Clothing, Shoes & Jewelry,Women,Accessories,Belts]]"
3501,225745,Crocs Women's Kadee W Flip Flop,"[[Clothing, Shoes & Jewelry,Shoes & Accessories: International Shipping Available],[Clothing, Shoes & Jewelry,C,crocs],[Clothing, Shoes & Jewelry,Comfort Shoes],[Clothing, Shoes & Jewelry,Women,Shoes,Sandals]]"
3502,225751,Sterling Silver Horse with Horseshoe Necklace Pendant with Box Chain,"[[Clothing, Shoes & Jewelry,Women,Jewelry,Fine,Necklaces,Pendants],[Clothing, Shoes & Jewelry,Novelty, Costumes & More,Novelty]]"
3503,225806,Neckties By Scott Allan - Azure Beige and Brown Men's Tie,"[[Clothing, Shoes & Jewelry,Men,Accessories,Neckties]]"
3504,225873,"MadPax Blok Full Pack, Black Out, One Size","[[Toys & Games,Toy Remote Control & Play Vehicles,Play Vehicles],[Clothing, Shoes & Jewelry,Luggage & Travel Gear,Backpacks,Kids' Backpacks]]"
3505,225874,Haflinger Women's GZW Rhythm Teal Flat,"[[Clothing, Shoes & Jewelry,Shoes & Accessories: International Shipping Available],[Clothing, Shoes & Jewelry,H,Haflinger],[Clothing, Shoes & Jewelry,Comfort Shoes],[Clothing, Shoes & Jewelry,Women,Shoes,Mules & Clogs]]"
3506,225889,Bundle Monster Womens Vintage Satin Envelope Evening Cocktail Party Handbag,"[[Clothing, Shoes & Jewelry,Women,Handbags & Wallets,Evening Bags]]"
3507,225908,Jellypop Women's Foy Pump,"[[Clothing, Shoes & Jewelry,Shoes & Accessories: International Shipping Available],[Clothing, Shoes & Jewelry,Women,Shoes,Pumps]]"
3508,226008,Calvin Klein Women's Diema Pump,"[[Clothing, Shoes & Jewelry,Shoes & Accessories: International Shipping Available],[Clothing, Shoes & Jewelry,C,Calvin Klein],[Clothing, Shoes & Jewelry,Women,Shoes,Pumps],[Clothing, Shoes & Jewelry,Calvin Klein Test Store,Shoes],[Clothing, Shoes & Jewelry,WF Inheritance Test Women's CK Custom Store]]"
3509,226022,Trina Turk Women's Roatan Daintree Wrap Dress,"[[Clothing, Shoes & Jewelry,Women,Clothing,Dresses,Casual],[Clothing, Shoes & Jewelry,Women's Luxury Brands]]"
3510,226027,"JA305 Large Skull Head Necklace, Skull Bone Skeleton Necklace, 3&quot; Inches 7.5cm","[[Clothing, Shoes & Jewelry,Women],[Clothing, Shoes & Jewelry,Novelty, Costumes & More,Novelty,Jewelry,Necklaces & Pendants]]"
3511,226048,Under Armour Men's Charged Cotton&reg; Tank,"[[Clothing, Shoes & Jewelry,Men,Clothing,Active,Active Shirts & Tees]]"
3512,226066,Cherokee Women's Pull-On Scrub Pant,"[[Clothing, Shoes & Jewelry,Novelty, Costumes & More,Work Wear & Uniforms,Clothing,Medical,Women,Scrub Bottoms]]"
3513,226104,Champion Men's Champion Eco Open Bottom Pant,"[[Sports & Outdoors,Clothing,Men,Pants],[Clothing, Shoes & Jewelry,Men,Clothing,Active,Active Pants]]"
3514,226109,Allegra K Ladies Boat Neck Short Batwing Sleeve Colorblock Side Pockets Shirt,"[[Clothing, Shoes & Jewelry,Women,Clothing,Tops & Tees,Knits & Tees]]"
3515,226217,Star Vixen Women's Plus-Size 3/4 Sleeve Fauxwrap Dress with Collar,"[[Clothing, Shoes & Jewelry,Women,Clothing,Dresses,Wear to Work],[Clothing, Shoes & Jewelry,Women,Plus-Size,Dresses,Wear to Work]]"
3516,226235,"Donna Morgan Women's Sleeveless Dress with Front Slit and Full Skirt, Kinetic Blue Multi, 6","[[Clothing, Shoes & Jewelry,Women,Clothing,Dresses,Wear to Work],[Clothing, Shoes & Jewelry,Women,Clothing,Dresses,Night Out & Cocktail]]"
3517,226242,Celtic Ring Woven Knot Stainless Steel Wedding Band,"[[Clothing, Shoes & Jewelry,Women,Jewelry,Religious],[Clothing, Shoes & Jewelry,Women,Jewelry,Wedding & Engagement,Wedding Rings],[Clothing, Shoes & Jewelry,Novelty, Costumes & More,Novelty]]"
3518,226250,Paper Magic Group Inc Men's Wicked Rabbit Costume,"[[Clothing, Shoes & Jewelry,Novelty, Costumes & More,Costumes & Accessories,Costumes,Men]]"
3519,226299,Dickies Women's Women'S Wrinkle And Stain Resistant Cargo Multi Pocket Pant,"[[Clothing, Shoes & Jewelry,D,Dickies],[Clothing, Shoes & Jewelry,Women,Clothing,Pants,Casual]]"
3520,226342,Vintage Steampunk Nautical Style Antiqued Bronze Octopus Necklace 28 inch Long Chain,"[[Clothing, Shoes & Jewelry,Women],[Clothing, Shoes & Jewelry,Men],[Clothing, Shoes & Jewelry,Novelty, Costumes & More,Novelty]]"
3521,226425,Volcom Men's Circle Stone T-Shirt,"[[Clothing, Shoes & Jewelry,Men,Surf, Skate & Street],[Clothing, Shoes & Jewelry,Novelty, Costumes & More,Novelty,Clothing,Men,Shirts,T-Shirts],[Clothing, Shoes & Jewelry,Novelty, Costumes & More,Band & Music Fan,T-Shirts]]"
3522,226439,Leg Avenue Seamless Crochet Open Crotch Bodystocking,"[[Clothing, Shoes & Jewelry,L,Leg Avenue],[Clothing, Shoes & Jewelry,Women],[Clothing, Shoes & Jewelry,Novelty, Costumes & More,Exotic Apparel,Women,Bodystockings]]"
3523,226475,Sterling Silver CZ Double Eternity Necklace,"[[Clothing, Shoes & Jewelry,Women],[Clothing, Shoes & Jewelry,Novelty, Costumes & More,Novelty,Jewelry,Necklaces & Pendants]]"
3524,226489,Taffeta Halter Bridesmaid Dress Prom Party Formal Gown Knee-Length,"[[Clothing, Shoes & Jewelry,Women,Clothing,Dresses,Special Occasion],[Clothing, Shoes & Jewelry,Women,Clothing,Dresses,Wedding,Bridesmaid Dresses],[Clothing, Shoes & Jewelry,Women,Juniors,Dresses,Special Occasion],[Clothing, Shoes & Jewelry,Women,Petite,Dresses,Special Occasion],[Clothing, Shoes & Jewelry,Women,Petite,Dresses,Wedding,Bridesmaid Dresses]]"
3525,226500,PattyBoutik Unique V Neck Shawl Collar Short Sleeve Knit Jumper Blouse Tunic Top,"[[Clothing, Shoes & Jewelry,Women,Clothing,Tops & Tees,Blouses & Button-Down Shirts]]"
3526,226647,"Nufoot Mary Janes Slipper, Black, Small","[[Clothing, Shoes & Jewelry,Women,Shoes,Slippers]]"
3527,226698,Caparros Women's Baldwin Platform Pump,"[[Clothing, Shoes & Jewelry,Shoes & Accessories: International Shipping Available],[Clothing, Shoes & Jewelry,C,Caparros],[Clothing, Shoes & Jewelry,Women,Shoes,Pumps]]"
3528,226828,Diplomat Cherry Wood Eight Watch Winder with Off-White Leather Interior,"[[Clothing, Shoes & Jewelry,New Arrivals],[Clothing, Shoes & Jewelry,Diplomat],[Clothing, Shoes & Jewelry,Novelty, Costumes & More,Watch Accessories,Watch Winders]]"
3529,226849,Carhartt Men's Double Front Dungaree Flannel Lined Pant,"[[Clothing, Shoes & Jewelry,C,Carhartt],[Clothing, Shoes & Jewelry,Men,Clothing],[Clothing, Shoes & Jewelry,Novelty, Costumes & More,Work Wear & Uniforms,Clothing,Work Utility & Safety,Men,Pants]]"
3530,226937,MOD 20 Women's Floral Print 5-Pocket Skinny Jeans,"[[Clothing, Shoes & Jewelry,Women,Clothing,Jeans]]"
3531,226967,Monicaca Women's V Neck Bodycon Midi Dress,"[[Clothing, Shoes & Jewelry,Women,Clothing,Dresses,Night Out & Cocktail]]"
3532,226969,"Blooms - Sexy Women Painted Off Shoulder Wild Sleeveless Blouse Top,one size","[[Clothing, Shoes & Jewelry,Women,Clothing,Tops & Tees,Blouses & Button-Down Shirts],[Clothing, Shoes & Jewelry,Women,Petite,Tops & Tees,Blouses & Button-Down Shirts,Blouses]]"
3533,227031,Franco Sarto Women's Trooper-Wide Calf Boot,"[[Clothing, Shoes & Jewelry,Shoes & Accessories: International Shipping Available],[Clothing, Shoes & Jewelry,F,Franco Sarto],[Clothing, Shoes & Jewelry,Boot Shop,Women,Fashion,Riding],[Clothing, Shoes & Jewelry,Women,Shoes,Boots]]"
3534,227052,Andrew Christian Color Vibe Sports Brief,"[[Clothing, Shoes & Jewelry,Men,Clothing,Underwear,Briefs]]"
3535,227073,Nsstar Women's Batwing Dolman Short Sleeve Loose Tops Vest T-shirt Blouse,"[[Clothing, Shoes & Jewelry,Women,Clothing],[Clothing, Shoes & Jewelry,Women,Maternity]]"
3536,227144,DG65 S2 DG Eyewear Celebrity Unisex Men's Women's Aviator Sunglasses,"[[Clothing, Shoes & Jewelry,Women,Accessories,Sunglasses & Eyewear Accessories,Sunglasses],[Clothing, Shoes & Jewelry,Men,Accessories,Sunglasses & Eyewear Accessories,Sunglasses]]"
3537,227154,Patty Women's Off Shoulder Long Sleeve Fitted Dress,"[[Clothing, Shoes & Jewelry,Women,Clothing,Dresses,Casual],[Clothing, Shoes & Jewelry,Women,Clothing,Dresses,Night Out & Cocktail]]"
3538,227229,DC Men's Command FX Skateboarding Shoe,"[[Clothing, Shoes & Jewelry,Shoes & Accessories: International Shipping Available],[Clothing, Shoes & Jewelry,D,DC],[Clothing, Shoes & Jewelry,Motorcycle & ATV Casual Footwear,Shoes],[Clothing, Shoes & Jewelry,Street, Surf & Skate],[Clothing, Shoes & Jewelry,Men,Shoes,Fashion Sneakers],[Clothing, Shoes & Jewelry,Men,Surf, Skate & Street,Shoes,Fashion Sneakers]]"
3539,227246,Sterling Silver Double Elongated Oval Twist French Wire Earrings,"[[Clothing, Shoes & Jewelry,Jewelry: International Shipping Available],[Clothing, Shoes & Jewelry,Plain Silver Jewelry],[Clothing, Shoes & Jewelry,Amazon Curated Collection],[Clothing, Shoes & Jewelry,Women,Jewelry,Fine,Earrings,Drop & Dangle],[Clothing, Shoes & Jewelry,Women,Jewelry,Fashion,Earrings,Drop & Dangle],[Clothing, Shoes & Jewelry,Novelty, Costumes & More,Novelty]]"
3540,227254,Dickies Women's Rib Inset Hoodie,"[[Clothing, Shoes & Jewelry,D,Dickies],[Clothing, Shoes & Jewelry,Women,Clothing,Fashion Hoodies & Sweatshirts],[Clothing, Shoes & Jewelry,Women,Plus-Size]]"
3541,227301,WallFlower Juniors Plus Size Moleton Skinny Pants in Black Size: 14,"[[Clothing, Shoes & Jewelry,Women,Clothing,Leggings],[Clothing, Shoes & Jewelry,Women,Juniors,Leggings],[Clothing, Shoes & Jewelry,Women,Petite,Leggings],[Clothing, Shoes & Jewelry,Women,Plus-Size,Leggings]]"
3542,227329,Tin Man Oil Can,"[[Clothing, Shoes & Jewelry,Novelty, Costumes & More,Costumes & Accessories,Costumes,Men]]"
3543,227358,Hi-Tec Kid's Nepal Waterproof Junior Hiking Boot (Toddler/Little Kid/Big Kid),"[[Clothing, Shoes & Jewelry,Shoes & Accessories: International Shipping Available],[Clothing, Shoes & Jewelry,H,Hi-Tec],[Clothing, Shoes & Jewelry,Boot Shop,Girls,Outdoor & Work,Hiking & Trekking],[Clothing, Shoes & Jewelry,Boot Shop,Boys,Outdoor & Work,Hiking & Trekking],[Clothing, Shoes & Jewelry,Girls,Shoes,Boots],[Clothing, Shoes & Jewelry,Girls,Shoes,Outdoor,Hiking & Trekking,Hiking Boots],[Clothing, Shoes & Jewelry,Boys,Shoes,Boots],[Clothing, Shoes & Jewelry,Boys,Shoes,Outdoor,Hiking & Trekking,Hiking Boots]]"
3544,227428,crocs 11745 Baya Lined Clog (Toddler/Little Kid),"[[Clothing, Shoes & Jewelry,Shoes & Accessories: International Shipping Available],[Clothing, Shoes & Jewelry,C,crocs],[Clothing, Shoes & Jewelry,Girls,Shoes,Clogs & Mules],[Clothing, Shoes & Jewelry,Boys,Shoes,Clogs & Mules]]"
3545,227459,"Sterling Silver Cubic Zirconia Round-Cut Solitaire Earrings and Pendant Set, 18&quot;","[[Clothing, Shoes & Jewelry,Jewelry: International Shipping Available],[Clothing, Shoes & Jewelry,Amazon Curated Collection],[Clothing, Shoes & Jewelry,Women],[Clothing, Shoes & Jewelry,Novelty, Costumes & More,Novelty,Jewelry]]"
3546,227497,VIV Collection Women's Rayon Modal Solid Flared Maxi Long Skirt,"[[Clothing, Shoes & Jewelry,Women,Clothing,Skirts,Casual]]"
3547,227516,Underwraps Baby's Penguin Belly-Babies,"[[Clothing, Shoes & Jewelry,Boys],[Clothing, Shoes & Jewelry,Novelty, Costumes & More,Costumes & Accessories,Costumes,Kids & Baby]]"
3548,227638,Lovely Cotton Girls Baby Light Purple Feather Hairband Black Flower Headband,"[[Clothing, Shoes & Jewelry,Novelty, Costumes & More,Costumes & Accessories,Hats & Caps,Kids & Baby]]"
3549,227728,"14k Gold Plated 925 Silver Baby Open Heart Children Screwback Earrings Baby, Toddler, Kids &amp; Children","[[Clothing, Shoes & Jewelry,Girls],[Clothing, Shoes & Jewelry,Boys],[Clothing, Shoes & Jewelry,Novelty, Costumes & More,Novelty,Jewelry,Earrings]]"
3550,227810,Fruit of the Loom Women's 3 pack Built-Up Sportsbra,"[[Clothing, Shoes & Jewelry,Women,Clothing,Lingerie, Sleep & Lounge,Intimates,Bras,Sports Bras],[Clothing, Shoes & Jewelry,Women,Petite,Intimates,Bras,Sports Bras]]"
3551,227819,Bonnie Jean Girls 2-6X Zebra Print and Colorblock Legging Set,"[[Clothing, Shoes & Jewelry,Baby,Baby Girls,Clothing,Clothing Sets,Pant Sets]]"
3552,227827,Antiqued Silver Family on Heart Bead Charm,"[[Clothing, Shoes & Jewelry,Women],[Clothing, Shoes & Jewelry,Novelty, Costumes & More,Novelty,Jewelry,Charms]]"
3553,227898,Juniors Pack Neon Sheer Mesh Thong Panties with Lace Trim,"[[Clothing, Shoes & Jewelry,Women,Clothing,Lingerie, Sleep & Lounge,Intimates,Panties,G-Strings, Thongs & Tangas]]"
3554,227940,"MSK Women's Long Sleeve Wrap Dress, Red, Small","[[Clothing, Shoes & Jewelry,Women,Clothing,Dresses,Wear to Work]]"
3555,227994,Sterling Silver Earring Backs (Earnuts) Butterfly Clutches (20),"[[Clothing, Shoes & Jewelry,Novelty, Costumes & More,Novelty]]"
3556,228045,Rockabilia ZZ Top Gear 2008 Tour T-shirt XX-Large,"[[Clothing, Shoes & Jewelry,Novelty, Costumes & More,Band & Music Fan,T-Shirts]]"
3557,228050,Easy Street Women's Chloe Pump,"[[Clothing, Shoes & Jewelry,Shoes & Accessories: International Shipping Available],[Clothing, Shoes & Jewelry,E,Easy Street],[Clothing, Shoes & Jewelry,Women,Shoes,Pumps]]"
3558,228089,Arinna Blue Natural Turquoise Cocktail Ring 18K White Gold Gp Swarovski Crystal,"[[Clothing, Shoes & Jewelry,Jewelry Outlet],[Clothing, Shoes & Jewelry,Women],[Clothing, Shoes & Jewelry,Novelty, Costumes & More,Novelty,Jewelry,Rings,Statement]]"
3559,228091,"Oxypas Women's Stream Casual Shoes,Light Blue,37/38 M EU","[[Clothing, Shoes & Jewelry,Women,Shoes,Mules & Clogs]]"
3560,228140,Gorgeous Boutique Quality Crystal Pav&eacute; Ribbon Bow Stud Earrings - Silver Rhodium Plated,"[[Clothing, Shoes & Jewelry,Women],[Clothing, Shoes & Jewelry,Novelty, Costumes & More,Novelty,Jewelry,Earrings]]"
3561,228272,Skechers Women's Reggae Bright Idea Sandal,"[[Clothing, Shoes & Jewelry,Shoes & Accessories: International Shipping Available],[Clothing, Shoes & Jewelry,S,Skechers],[Clothing, Shoes & Jewelry,Comfort Shoes],[Clothing, Shoes & Jewelry,Women,Shoes,Sandals]]"
3562,228384,Cloris Murphy Brazilian Metallic Bikini Top &amp; Scrunchie Butt Bathing Suit BN04,"[[Clothing, Shoes & Jewelry,Women,Clothing,Swimsuits & Cover Ups,Bikinis]]"
3563,228501,Hurley Men's Loyalty Premium Short Sleeve T-Shirt,"[[Clothing, Shoes & Jewelry,Men,Clothing,Shirts,T-Shirts],[Clothing, Shoes & Jewelry,Men,Surf, Skate & Street,Clothing,Shirts,T-Shirts]]"
3564,228520,STR-0019 4mm High Polished Stainless Steel Triple Band Ring; Comes Free Gift Box,"[[Clothing, Shoes & Jewelry,Women],[Clothing, Shoes & Jewelry,Novelty, Costumes & More,Novelty,Jewelry,Rings]]"
3565,228530,made2envy Hollow Out Colorblock 2 piece Open Back Dress,"[[Clothing, Shoes & Jewelry,Women,Clothing,Dresses,Night Out & Cocktail]]"
3566,228559,Fashion Golden Black Orange White Ribbon Buckle Chain Pendant Necklace,"[[Clothing, Shoes & Jewelry,Women],[Clothing, Shoes & Jewelry,Novelty, Costumes & More,Novelty,Jewelry,Necklaces & Pendants]]"
3567,228570,Everbling Red Pave Lights with Red Austrian Crystal July Birthstone Authentic 925 Sterling Silver Bead Fits Pandora Chamilia Biagi Troll Charms Europen Style Bracelets,"[[Clothing, Shoes & Jewelry,Women],[Clothing, Shoes & Jewelry,Novelty, Costumes & More,Novelty,Jewelry,Charms]]"
3568,228599,Nine West Women's Congenial1 Wedge Sandal,"[[Clothing, Shoes & Jewelry,Shoes & Accessories: International Shipping Available],[Clothing, Shoes & Jewelry,N,Nine West],[Clothing, Shoes & Jewelry,Women,Shoes,Sandals]]"
3569,228768,Universal Studios Silver Screen Edition Frankenstein Mask,"[[Clothing, Shoes & Jewelry,Novelty, Costumes & More,Costumes & Accessories,Masks,Men]]"
3570,228984,Yazilind Ethnic Tibetan Silver Oval Rimous Turquoise Drop Dangle Earrings,"[[Clothing, Shoes & Jewelry,Women],[Clothing, Shoes & Jewelry,Novelty, Costumes & More,Novelty,Jewelry,Earrings]]"
3571,229117,Manitobah Mukluks Women's Tipi Moc Slipper,"[[Clothing, Shoes & Jewelry,Shoes & Accessories: International Shipping Available],[Clothing, Shoes & Jewelry,M,Manitobah Mukluks],[Clothing, Shoes & Jewelry,Women,Shoes,Slippers]]"
3572,229179,"Turquoise, Rhinestone and Silver Tone Metal Chandelier Earrings","[[Clothing, Shoes & Jewelry,Gemstones],[Clothing, Shoes & Jewelry,Jewelry: International Shipping Available],[Clothing, Shoes & Jewelry,Amazon Curated Collection],[Clothing, Shoes & Jewelry,Women,Jewelry,Fashion,Earrings,Drop & Dangle],[Clothing, Shoes & Jewelry,Novelty, Costumes & More,Novelty]]"
3573,229220,Nyya Women's Winter Fleece Lined Leggings Pants Seamless One,"[[Clothing, Shoes & Jewelry,Novelty, Costumes & More,Exotic Apparel,Women,Bodystockings]]"
3574,229272,Ecosusi Style Soft Shopper Hobo Tote Handbag Patterns with Coin Wallet,"[[Clothing, Shoes & Jewelry,Women,Handbags & Wallets,Top-Handle Bags]]"
3575,229372,Leveret Baby-girls &quot;Christmas Candy&quot; Pajama Cotton (2 Piece),"[[Clothing, Shoes & Jewelry,Baby,Baby Girls,Clothing,Sleepwear & Robes,Pajama Sets],[Clothing, Shoes & Jewelry,Baby,Baby Boys,Clothing,Sleepwear & Robes,Pajama Sets]]"
3576,229434,BestDealUSA Silver Strap Lava Style Iron Digital LED Mirror Watch,"[[Clothing, Shoes & Jewelry,Women]]"
3577,229460,"KONOV Jewelry Black Leather Biker Mens Bracelet Magnetic Stainless Steel Clasp - 8&quot;, 8.5&quot;, 9&quot;","[[Clothing, Shoes & Jewelry,Men,Jewelry,Bracelets,Link],[Clothing, Shoes & Jewelry,Novelty, Costumes & More,Novelty,Jewelry,Bracelets]]"
3578,229727,Doublju Womens Short Sleeve T-shirt with Unique Hem Line,"[[Clothing, Shoes & Jewelry,Women,Clothing,Tops & Tees,Tanks & Camis]]"
3579,229731,Franco Sarto Women's L-Vasca Sandal,"[[Clothing, Shoes & Jewelry,Shoes & Accessories: International Shipping Available],[Clothing, Shoes & Jewelry,F,Franco Sarto],[Clothing, Shoes & Jewelry,Women,Shoes,Sandals]]"
3580,229868,Allegra K Women's Striped Double V-Neck Long Sleeve Shirt Top,"[[Clothing, Shoes & Jewelry,Women,Clothing,Tops & Tees,Blouses & Button-Down Shirts]]"
3581,229953,Isotoner Women's Smartouch Tech Stretch Glove,"[[Clothing, Shoes & Jewelry,Women,Accessories,Gloves & Mittens,Cold Weather Gloves]]"
3582,229959,Big Head Evil Gnome Costume,"[[Clothing, Shoes & Jewelry,Novelty, Costumes & More,Costumes & Accessories,Costumes,Men]]"
3583,230011,Deluxe Pink 24&quot; Satin Cape,"[[Clothing, Shoes & Jewelry,Novelty, Costumes & More,Costumes & Accessories,More Accessories,Kids & Baby]]"
3584,230026,Maybe Women's Reindeer Snowflake Footless Pantyhose Legging,"[[Clothing, Shoes & Jewelry,Women,Clothing,Leggings]]"
3585,230032,TeeShirtPalace Breast Cancer Tie-Dye Awareness Ribbon T-Shirt,"[[Clothing, Shoes & Jewelry,Novelty, Costumes & More,Novelty,Clothing,Women,Tops & Tees,T-Shirts],[Clothing, Shoes & Jewelry,Novelty, Costumes & More,Novelty,Clothing,Men,Shirts,T-Shirts]]"
3586,230070,"My Michelle Juniors Dew Dot Tank Top, Salmon, Small","[[Clothing, Shoes & Jewelry,Women,Clothing,Tops & Tees,Tanks & Camis],[Clothing, Shoes & Jewelry,Women,Juniors,Tops & Tees,Tanks & Camis],[Clothing, Shoes & Jewelry,Women,Petite,Tops & Tees,Tanks & Camis]]"
3587,230078,Van Heusen Men's Regular-Fit Pincord Dress Shirt,"[[Clothing, Shoes & Jewelry,Men,Clothing,Shirts,Dress Shirts],[Clothing, Shoes & Jewelry,Men,Big & Tall]]"
3588,230080,Lee Men's Dungarees Wyoming Belted Cargo Short,"[[Clothing, Shoes & Jewelry,Men,Clothing,Shorts,Cargo]]"
3589,230095,zeroUV&reg; - Super Cateyes Vintage Inspired Fashion Mod Chic High Pointed Cat-Eye Sunglasses,"[[Clothing, Shoes & Jewelry,Women],[Clothing, Shoes & Jewelry,Novelty, Costumes & More,Novelty,Clothing,Women,Accessories,Sunglasses & Eyewear]]"
3590,230114,BabyLegs  Leg Warmers,"[[Clothing, Shoes & Jewelry,Baby,Baby Girls,Accessories,Leg Warmers]]"
3591,230249,Smash -- The Incredible Hulk -- Marvel Comics -- Junk Food Mens T-Shirt,"[[Clothing, Shoes & Jewelry,Men],[Clothing, Shoes & Jewelry,Novelty, Costumes & More,Novelty],[Clothing, Shoes & Jewelry,Novelty, Costumes & More,Movie & TV Fan,Tops & Tees,T-Shirts]]"
3592,230303,PattyBoutik Trendy Solid Fitted Off Shoulder Long Sleeve Blouse Top,"[[Clothing, Shoes & Jewelry,Women,Clothing,Tops & Tees,Blouses & Button-Down Shirts]]"
3593,230476,Invicta Men's 14330 Specialty Tonneau Watch with 3 Textured Leather Strap Set,"[[Clothing, Shoes & Jewelry,New Arrivals],[Clothing, Shoes & Jewelry,Jewelry: International Shipping Available],[Clothing, Shoes & Jewelry,Fashion Watches],[Clothing, Shoes & Jewelry,Available for International Shipping],[Clothing, Shoes & Jewelry,Invicta],[Clothing, Shoes & Jewelry,Men,Watches,Wrist Watches],[Clothing, Shoes & Jewelry,Novelty, Costumes & More,Watch Accessories]]"
3594,230510,Women's Ryka Outdoor Lace up/Low Casual - Dark Chestnut/Pinecone/Teal,"[[Clothing, Shoes & Jewelry,Women,Shoes,Athletic,Walking]]"
3595,230517,KATGI Fashion Sterling Silver Plated Diamond Accent Austrian Crystals Heart Shape Pendant Necklace,"[[Clothing, Shoes & Jewelry,Heart-Shaped Jewelry],[Clothing, Shoes & Jewelry,Women,Jewelry,Religious,Necklaces & Pendants,Pendants],[Clothing, Shoes & Jewelry,Novelty, Costumes & More,Novelty]]"
3596,230530,LeggingsQueen Women's Long Sleeve Basic Tunic Top,"[[Clothing, Shoes & Jewelry,Women,Clothing,Tops & Tees,Knits & Tees]]"
3597,230563,Swarovski Padparadscha Screw Nose Ring,"[[Clothing, Shoes & Jewelry,Women],[Clothing, Shoes & Jewelry,Novelty, Costumes & More,Novelty,Jewelry],[Clothing, Shoes & Jewelry,Novelty, Costumes & More,Body Jewelry,Piercing Jewelry,Screws]]"
3598,230570,MG Collection MARISSA Top Double Handle Doctor Style Handbag,"[[Clothing, Shoes & Jewelry,Women,Handbags & Wallets,Shoulder Bags]]"
3599,230651,Hee Grand Sport Pants Men,"[[Sports & Outdoors,Clothing,Men,Pants],[Clothing, Shoes & Jewelry,Men,Clothing,Active,Active Pants]]"
3600,230757,K-Swiss Men's Ultrascendor Tennis Shoe,"[[Clothing, Shoes & Jewelry,Shoes & Accessories: International Shipping Available],[Clothing, Shoes & Jewelry,K,K-Swiss],[Clothing, Shoes & Jewelry,Men,Shoes,Athletic,Racquet Sports,Tennis]]"
3601,230807,Wet Seal Women's Cascade Open Cardigan L Black,"[[Clothing, Shoes & Jewelry,Women,Clothing,Sweaters,Cardigans],[Clothing, Shoes & Jewelry,Women,Juniors,Sweaters,Cardigans]]"
3602,230945,"180s Men's Performer Liner Glove with Alltouch, Black Soot, Small","[[Sports & Outdoors,Clothing,Men,Accessories,Gloves, Mittens & Liners,Gloves],[Clothing, Shoes & Jewelry,Men,Accessories,Gloves & Mittens,Cold Weather Gloves]]"
3603,230946,"Men's TOP Stylish Slim Fit Knitwear Jumper Cardigan Sweaters (XL (US M), navy blue)","[[Clothing, Shoes & Jewelry,Men,Clothing,Sweaters,Cardigans]]"
3604,231001,Hello Kitty Watch for Girls 3D + Free Extra Battery,"[[Clothing, Shoes & Jewelry,Women]]"
3605,231010,BEARPAW Women's Abigail Boot,"[[Clothing, Shoes & Jewelry,Shoes & Accessories: International Shipping Available],[Clothing, Shoes & Jewelry,Winter Promo],[Clothing, Shoes & Jewelry,B,Bearpaw],[Clothing, Shoes & Jewelry,Boot Shop,Women,Fashion,Shearling],[Clothing, Shoes & Jewelry,Women,Shoes,Boots]]"
3606,231069,"Crocs Women's Carlie Open-Toe Flat,Khaki/Espresso,8 M US","[[Clothing, Shoes & Jewelry,Shoes & Accessories: International Shipping Available],[Clothing, Shoes & Jewelry,C,crocs],[Clothing, Shoes & Jewelry,Comfort Shoes],[Clothing, Shoes & Jewelry,Women,Shoes,Flats]]"
3607,231337,Mizuno Men's 9-Spike Franchise 7 Mid Baseball Cleat,"[[Clothing, Shoes & Jewelry,Shoes & Accessories: International Shipping Available],[Clothing, Shoes & Jewelry,M,Mizuno],[Clothing, Shoes & Jewelry,Men,Shoes,Athletic,Baseball & Softball]]"
3608,231452,Motherhood Maternity Women's Wireless Full Coverage Nursing Bra,"[[Clothing, Shoes & Jewelry,Women,Maternity,Intimates,Nursing & Maternity Bras],[Clothing, Shoes & Jewelry,Women,Petite]]"
3609,231507,"Dominik Sheer Mesh Boxer Briefs Underwear, Mens","[[Clothing, Shoes & Jewelry,Men,Clothing,Underwear,Boxer Briefs]]"
3610,231629,XOXO Girls Faux Fur Trim Quilted Shiny Ruffled Bubble Jacket - Sizes 4-16,"[[Clothing, Shoes & Jewelry,X,XOXO],[Clothing, Shoes & Jewelry,Girls,Clothing,Jackets & Coats,Down & Down Alternative]]"
3611,231666,"Vigoss Skinny Jean Destroyed Thompson, Medium Wash, 27","[[Clothing, Shoes & Jewelry,Women,Clothing,Jeans],[Clothing, Shoes & Jewelry,Women,Juniors,Jeans]]"
3612,231917,Mouse Tutu Kids Costume,"[[Clothing, Shoes & Jewelry,Girls],[Clothing, Shoes & Jewelry,Novelty, Costumes & More,Costumes & Accessories,Costumes,Kids & Baby,Girls]]"
3613,231998,Speedo Surfwalker Pro Water Shoe (Toddler),"[[Clothing, Shoes & Jewelry,Shoes & Accessories: International Shipping Available],[Clothing, Shoes & Jewelry,S,Speedo],[Clothing, Shoes & Jewelry,Girls,Shoes,Athletic,Water Shoes],[Clothing, Shoes & Jewelry,Boys,Shoes,Athletic,Water Shoes]]"
3614,232004,Tribal Armor Ring Full Finger Etched Silver Tone RC21 Knuckle Plate Fashion Jewelry,"[[Clothing, Shoes & Jewelry,Women],[Clothing, Shoes & Jewelry,Novelty, Costumes & More,Novelty,Jewelry,Rings,Statement]]"
3615,232060,Anita Active Women's Sports bra 5523 001 black 32A,"[[Clothing, Shoes & Jewelry,Women,Clothing,Lingerie, Sleep & Lounge,Intimates,Bras,Sports Bras],[Clothing, Shoes & Jewelry,Women,Petite,Intimates,Bras,Sports Bras]]"
3616,232148,BC Footwear Women's Up All Night Ballet Flat,"[[Clothing, Shoes & Jewelry,Shoes & Accessories: International Shipping Available],[Clothing, Shoes & Jewelry,B,BC Footwear],[Clothing, Shoes & Jewelry,Women,Shoes,Flats]]"
3617,232158,ASICS Men's Iyashi Slide Sandal,"[[Clothing, Shoes & Jewelry,Shoes & Accessories: International Shipping Available],[Clothing, Shoes & Jewelry,ASICS],[Clothing, Shoes & Jewelry,Women],[Clothing, Shoes & Jewelry,Men,Shoes,Sandals],[Clothing, Shoes & Jewelry,Men,Shoes,Athletic,Sport Sandals]]"
3618,232175,Forum Big-Tall Big Fun Pirate Captain Costume,"[[Clothing, Shoes & Jewelry,Novelty, Costumes & More,Band & Music Fan,Accessories],[Clothing, Shoes & Jewelry,Novelty, Costumes & More,Costumes & Accessories,Costumes,Men]]"
3619,232208,G2 Chic Women's Sleeveless Button Up Cotton Tank Top,"[[Clothing, Shoes & Jewelry,Women,Clothing,Tops & Tees,Tanks & Camis]]"
3620,232452,Womens Fold Over Linen Pants,"[[Clothing, Shoes & Jewelry,Women,Clothing,Pants,Casual]]"
3621,232522,Nike Men's Air Jordan 13 Retro Basketball Shoe,"[[Clothing, Shoes & Jewelry,N,Nike],[Clothing, Shoes & Jewelry,Men,Shoes,Athletic,Basketball]]"
3622,232591,Skechers Kids Superstyle Sneaker with Blinking Lights (Little Kid),"[[Clothing, Shoes & Jewelry,Shoes & Accessories: International Shipping Available],[Clothing, Shoes & Jewelry,Girls,Shoes,Sneakers],[Clothing, Shoes & Jewelry,Boys,Shoes,Sneakers]]"
3623,232718,Tommy Hilfiger Boys 2-7 Ken T-Shirt,"[[Clothing, Shoes & Jewelry,T,Tommy Hilfiger],[Clothing, Shoes & Jewelry,Boys,Clothing,Tops & Tees,Tees]]"
3624,232815,Pro Jewelry (10 Beads) of Christmas Green Charms Mix Crystal Rhinestone &amp; Glass for Bracelets,"[[Clothing, Shoes & Jewelry,Women],[Clothing, Shoes & Jewelry,Novelty, Costumes & More,Novelty,Jewelry,Charms]]"
3625,232869,"Fathers Day Mens T-shirt, Different Names For Father Mens Shirt","[[Clothing, Shoes & Jewelry,Men],[Clothing, Shoes & Jewelry,Novelty, Costumes & More,Novelty,Clothing,Men,Shirts,T-Shirts],[Clothing, Shoes & Jewelry,Novelty, Costumes & More,Band & Music Fan,T-Shirts]]"
3626,232870,A.S Juniors Cotton Stretchy Cap Sleeve Casual Ballerina Crop Top,"[[Clothing, Shoes & Jewelry,Women,Clothing,Active,Active Base Layers]]"
3627,232880,"Urban Boundaries Fashion Argyle &amp; Stripe Socks,
Colors Grey, Pink, and Periwinkle.","[[Clothing, Shoes & Jewelry,Novelty, Costumes & More,Novelty,Clothing,Women,Socks & Hosiery,Socks]]"
3628,232940,Luvable Friends 6 Pack No-Show Striped Socks,"[[Clothing, Shoes & Jewelry,Novelty, Costumes & More,Novelty,Clothing,Baby,Baby Girls,Accessories,Socks],[Clothing, Shoes & Jewelry,Novelty, Costumes & More,Novelty,Clothing,Baby,Baby Boys,Accessories,Socks]]"
3629,232969,"Aokin Women Chiffon Slim Sleeveless High Low Shirt Tops Blouse (M, Black)","[[Clothing, Shoes & Jewelry,Women,Clothing,Tops & Tees,Blouses & Button-Down Shirts]]"
3630,233023,YogaColors Womens Emoticon Flowy Scoop Neck Tank Top,"[[Clothing, Shoes & Jewelry,Women,Clothing,Tops & Tees,Tanks & Camis]]"
3631,233111,U.S. Polo Assn. Men's Short Sleeve Embroidered V-Neck T-Shirt,"[[Clothing, Shoes & Jewelry,Men,Clothing,Shirts,T-Shirts]]"
3632,233179,316L Stainless Steel 14 Guage Blue Multi Star Dangle Belly Ring Bar Navel Ring Button Jeweled 14g 7/16&quot;,"[[Clothing, Shoes & Jewelry,Women],[Clothing, Shoes & Jewelry,Novelty, Costumes & More,Novelty,Jewelry],[Clothing, Shoes & Jewelry,Novelty, Costumes & More,Body Jewelry,Piercing Jewelry,Rings]]"
3633,233220,Retro Cateyes Vintage Style Polka Dot Cat Eye Sunglasses (Black),"[[Clothing, Shoes & Jewelry,Women,Accessories,Sunglasses & Eyewear Accessories,Sunglasses]]"
3634,233239,Doublju Mens Long Sleeve Slim Fit Henley Shirts,"[[Clothing, Shoes & Jewelry,Men,Clothing,Shirts,Henleys],[Clothing, Shoes & Jewelry,Men,Big & Tall]]"
3635,233253,2 Pieces of All Gold Designer Style Lion Adjustable Ring,"[[Clothing, Shoes & Jewelry,Women],[Clothing, Shoes & Jewelry,Novelty, Costumes & More,Novelty,Jewelry,Rings]]"
3636,233282,Women's Stretch Seamless Tube Top Bandeau by Level 33,"[[Clothing, Shoes & Jewelry,Women,Clothing,Lingerie, Sleep & Lounge,Intimates,Bras,Everyday Bras],[Clothing, Shoes & Jewelry,Women,Petite,Intimates,Bras,Everyday Bras]]"
3637,233332,Zebra Print Gothic Cross Studded Handbag Hot Pink Trim,"[[Clothing, Shoes & Jewelry,Women,Handbags & Wallets,Top-Handle Bags]]"
3638,233348,Women's Feminine Unique Design Lace Chemise &amp; Thong Set - Navy Blue,"[[Clothing, Shoes & Jewelry,Women],[Clothing, Shoes & Jewelry,Novelty, Costumes & More,Exotic Apparel,Women,Bustiers & Corsets],[Clothing, Shoes & Jewelry,Novelty, Costumes & More,Exotic Apparel,Women,Lingerie Sets]]"
3639,233370,"Angelina Brushed Interior Thermal Tights, #009","[[Clothing, Shoes & Jewelry,Women],[Clothing, Shoes & Jewelry,Novelty, Costumes & More,Novelty,Clothing,Women,Leggings]]"
3640,233476,Striped Long Texting Knit Fashion Gloves,"[[Clothing, Shoes & Jewelry,Women,Accessories,Gloves & Mittens,Cold Weather Gloves]]"
3641,233494,Invicta Men's 14337 Specialty Grey Dial Black Polyurethane Watch,"[[Clothing, Shoes & Jewelry,New Arrivals],[Clothing, Shoes & Jewelry,Jewelry: International Shipping Available],[Clothing, Shoes & Jewelry,Fashion Watches],[Clothing, Shoes & Jewelry,Available for International Shipping],[Clothing, Shoes & Jewelry,Invicta],[Clothing, Shoes & Jewelry,Men,Watches,Wrist Watches],[Clothing, Shoes & Jewelry,Novelty, Costumes & More,Watch Accessories]]"
3642,233560,"Watch Me Grow! by Sesame Street Girls 2-6X 2 Piece Dotted Flower Dress and Pant, Melon Twist, 2T","[[Clothing, Shoes & Jewelry,Girls,Clothing,Clothing Sets,Pant Sets]]"
3643,233626,Genuine Leather Handbag Purse with Cell Phone Holder &amp; Many Pockets Choice of Colors,"[[Clothing, Shoes & Jewelry,Women,Handbags & Wallets,Shoulder Bags]]"
3644,233634,Dockers Men's 3 Pack Boxer Brief,"[[Clothing, Shoes & Jewelry,D,Dockers],[Clothing, Shoes & Jewelry,Men,Clothing,Underwear,Boxer Briefs]]"
3645,233666,Cotton/Spandex Fitness Pant,"[[Clothing, Shoes & Jewelry,B,Bella]]"
3646,233707,Betsey Johnson Women's Fari Isle Leg Warmer,"[[Clothing, Shoes & Jewelry,Women,Clothing,Socks & Hosiery,Leg Warmers],[Clothing, Shoes & Jewelry,Women,Accessories],[Clothing, Shoes & Jewelry,Women,Petite,Socks & Hosiery,Leg Warmers]]"
3647,233720,Skechers Men's Gander Sandal,"[[Clothing, Shoes & Jewelry,Shoes & Accessories: International Shipping Available],[Clothing, Shoes & Jewelry,S,Skechers],[Clothing, Shoes & Jewelry,Comfort Shoes],[Clothing, Shoes & Jewelry,Men,Shoes,Sandals]]"
3648,233837,Sakkas Button Down Embroidered Short Sleeve Semi-Sheer Gauzy Cotton Top / Blouse,"[[Clothing, Shoes & Jewelry,Women,Clothing,Tops & Tees,Blouses & Button-Down Shirts]]"
3649,233889,Women's Sheer Back Seam Cuban Heel Thigh High Stockings,"[[Clothing, Shoes & Jewelry,Women],[Clothing, Shoes & Jewelry,Novelty, Costumes & More,Exotic Apparel,Women,Hosiery]]"
3650,233906,1mm Curb Diamond Cut 925 Sterling Silver Nickel Free Chain Necklace Italy,"[[Clothing, Shoes & Jewelry,Women],[Clothing, Shoes & Jewelry,Novelty, Costumes & More,Novelty,Jewelry,Necklaces & Pendants]]"
3651,234121,Betsey Johnson Women's Evve Flat,"[[Clothing, Shoes & Jewelry,Shoes & Accessories: International Shipping Available],[Clothing, Shoes & Jewelry,B,Betsey Johnson],[Clothing, Shoes & Jewelry,Women,Shoes,Flats],[Clothing, Shoes & Jewelry,Women's Luxury Brands]]"
3652,234171,Kenneth Cole Reaction (AP) 112518-W08 Urban Organizer Wallet,"[[Clothing, Shoes & Jewelry,Women,Accessories,Handbag Accessories,Handbag Organizers]]"
3653,234360,Lee Uniforms Mens Slim Straight 5 Pocket Pant,"[[Clothing, Shoes & Jewelry,Men,Clothing,Pants,Casual]]"
3654,234377,Bacon Strips Meal Time Funny Epic Adult Black T-Shirt Tee (XX-Large),"[[Clothing, Shoes & Jewelry,Novelty, Costumes & More,Novelty,Clothing,Women,Tops & Tees,T-Shirts],[Clothing, Shoes & Jewelry,Novelty, Costumes & More,Novelty,Clothing,Men,Shirts,T-Shirts]]"
3655,234385,NIKE SUNRAY ADJUST 4 (GS/PS) (BOYS),"[[Clothing, Shoes & Jewelry,N,Nike],[Clothing, Shoes & Jewelry,Girls],[Clothing, Shoes & Jewelry,Boys,Shoes,Sandals]]"
3656,234531,Marc Ecko Men's E16533G1 Silver Iced Watch,"[[Clothing, Shoes & Jewelry,Fashion Watches],[Clothing, Shoes & Jewelry,Women],[Clothing, Shoes & Jewelry,Men,Watches,Wrist Watches]]"
3657,234556,WonderWink Women's Scrubs Peek-A-Boo Top,"[[Clothing, Shoes & Jewelry,Novelty, Costumes & More,Work Wear & Uniforms,Clothing,Medical]]"
3658,234607,"2 Hip by Wrapper Girls 2-6X Sweater Toggle, Red/Black, 2T","[[Clothing, Shoes & Jewelry,Girls,Clothing,Sweaters,Cardigan]]"
3659,234631,Allegra K Women One Shoulder Full Length Jumpsuit Black S,"[[Clothing, Shoes & Jewelry,Women,Clothing,Jumpsuits, Rompers & Overalls],[Clothing, Shoes & Jewelry,Women,Petite,Jumpsuits & Rompers]]"
3660,234794,X Loop Mens Sports Shield Baseball Cycling Triathalon Sunglasses - xl021,"[[Clothing, Shoes & Jewelry,Men,Accessories,Sunglasses & Eyewear Accessories,Sunglasses]]"
3661,234824,Ever Pretty Chiffon Sexy V-neck Ruffles Empire Line Evening Dress 09672,"[[Clothing, Shoes & Jewelry,Women,Clothing,Dresses],[Clothing, Shoes & Jewelry,Women,Petite,Dresses]]"
3662,234831,Women's Solid Color Stretchy Maxi Dress -More Colors Available,"[[Clothing, Shoes & Jewelry,Women,Clothing,Dresses,Casual]]"
3663,234834,14k Gold Filled Chevron Midi Toe Ring (Not Plated),"[[Clothing, Shoes & Jewelry,Women],[Clothing, Shoes & Jewelry,Novelty, Costumes & More,Novelty,Jewelry],[Clothing, Shoes & Jewelry,Novelty, Costumes & More,Body Jewelry,Toe Rings]]"
3664,234846,Bella + Canvas Womens 2X1 Rib Tank Top,"[[Sports & Outdoors,Clothing,Women,Shirts,Tank Tops],[Clothing, Shoes & Jewelry,B,Bella],[Clothing, Shoes & Jewelry,Women,Clothing,Tops & Tees,Tanks & Camis],[Clothing, Shoes & Jewelry,Women,Petite,Tops & Tees,Tanks & Camis],[Clothing, Shoes & Jewelry,Women,Plus-Size]]"
3665,234876,Bling Jewelry Sterling Silver 2.9ct Princess Cut CZ Engagement Ring,"[[Clothing, Shoes & Jewelry,Women,Jewelry,Fashion],[Clothing, Shoes & Jewelry,Novelty, Costumes & More,Novelty,Jewelry,Wedding & Engagement Rings,Engagement Rings]]"
3666,234885,Scott Allan Men's Floral Necktie - Goldenrod Yellow and Purple,"[[Clothing, Shoes & Jewelry,Men,Accessories,Neckties]]"
3667,235004,Star Vixen Women's Sleeveless Drapeneck Top,"[[Clothing, Shoes & Jewelry,Women,Clothing,Tops & Tees,Tanks & Camis]]"
3668,235017,Levi's Men's 569 Loose Straight Leg Jean,"[[Clothing, Shoes & Jewelry,Men,Clothing,Jeans],[Clothing, Shoes & Jewelry,Men,Big & Tall,Jeans]]"
3669,235120,Active Basic Women's Sexy Camisole Cami with Lace and Adjustable Straps,"[[Clothing, Shoes & Jewelry,Women,Clothing,Tops & Tees,Tanks & Camis]]"
3670,235163,PUMA Speeder Illuminescent V Light-Up Sneaker (Toddler/Little Kid/Big Kid),"[[Clothing, Shoes & Jewelry,Shoes & Accessories: International Shipping Available],[Clothing, Shoes & Jewelry,P,Puma],[Clothing, Shoes & Jewelry,Girls,Shoes,Sneakers],[Clothing, Shoes & Jewelry,Boys,Shoes,Sneakers]]"
3671,235175,Men's Itasca Sport Mocs,"[[Clothing, Shoes & Jewelry,Men,Shoes,Loafers & Slip-Ons]]"
3672,235188,Goodhew Men's Outdoors Tech Pack of 2 Crew Socks,"[[Clothing, Shoes & Jewelry,Men,Clothing,Active,Athletic Socks]]"
3673,235222,Orient Men's CEM65001B &quot;Black Mako&quot; Automatic Dive Watch,"[[Sports & Outdoors,Accessories,Sport Watches],[Clothing, Shoes & Jewelry,New Arrivals],[Clothing, Shoes & Jewelry,Jewelry: International Shipping Available],[Clothing, Shoes & Jewelry,Available for International Shipping],[Clothing, Shoes & Jewelry,Sport Watches],[Clothing, Shoes & Jewelry,Orient],[Clothing, Shoes & Jewelry,Men,Watches,Wrist Watches],[Clothing, Shoes & Jewelry,Men's Athletic Watches]]"
3674,235419,Bundle Monster 18pc Girl Baby Toddler Ribbon Bows Flowers Mixed Design Hair Clip,"[[Clothing, Shoes & Jewelry,Baby,Baby Girls,Accessories,Hair Accessories]]"
3675,235432,Loungefly Ivory Skull Embossed Satchel (Ivory),"[[Clothing, Shoes & Jewelry,Women,Handbags & Wallets,Top-Handle Bags],[Clothing, Shoes & Jewelry,Women,Handbags & Wallets,Shoulder Bags]]"
3676,235438,Converse Boys' Chuck Taylor Batman High Top Sneaker,"[[Clothing, Shoes & Jewelry,C,Converse],[Clothing, Shoes & Jewelry,Boys,Shoes,Athletic,Running]]"
3677,235529,AGB Women's Two-Piece Set Cardigan Fit-And-Flare Dress,"[[Clothing, Shoes & Jewelry,Women,Clothing,Dresses,Wear to Work]]"
3678,235723,Nomad Women's Crew Ballet Flat,"[[Clothing, Shoes & Jewelry,Shoes & Accessories: International Shipping Available],[Clothing, Shoes & Jewelry,N,Nomad],[Clothing, Shoes & Jewelry,Women,Shoes,Flats]]"
3679,235733,"Bentex Group Inc Baby-Girls Newborn Supergirl Creeper Pant Set, Pink, 3 Months","[[Clothing, Shoes & Jewelry,Baby,Baby Girls,Clothing,Layette Sets]]"
3680,235736,"Solmate Lovingly Mismatched Adult Cotton Socks, Ankle Length","[[Clothing, Shoes & Jewelry,Women,Clothing,Socks & Hosiery,Casual Socks]]"
3681,235913,XOXO Juniors High Waisted Pencil Skirt,"[[Clothing, Shoes & Jewelry,X,XOXO],[Clothing, Shoes & Jewelry,Women,Clothing,Skirts,Wear to Work],[Clothing, Shoes & Jewelry,Women,Clothing,Skirts,Night Out & Special Occasion],[Clothing, Shoes & Jewelry,Women,Juniors,Skirts,Night Out & Special Occasion],[Clothing, Shoes & Jewelry,Women,Juniors,Skirts,Wear to Work]]"
3682,235978,Child Baby Boy Girl Owls Animal Crochet Knit Cap Ear Hat Toddler 6-18 Month,"[[Clothing, Shoes & Jewelry,Baby,Baby Girls,Accessories,Hats & Caps],[Clothing, Shoes & Jewelry,Baby,Baby Boys,Accessories,Hats & Caps]]"
3683,235982,Bali Passion For Comfort Minimizer Underwire Bra,"[[Clothing, Shoes & Jewelry,Women,Clothing,Lingerie, Sleep & Lounge,Intimates,Bras,Minimizers],[Clothing, Shoes & Jewelry,Women,Petite,Intimates,Bras,Minimizers],[Clothing, Shoes & Jewelry,Women,Plus-Size,Intimates,Bras,Everyday Bras],[Clothing, Shoes & Jewelry,Women,Plus-Size,Intimates,Bras,Minimizers]]"
3684,236071,Haggar Men's Cool 18 Gabardine Hidden Expandable-Waist Plain-Front Short,"[[Clothing, Shoes & Jewelry,Men,Clothing,Shorts,Flat Front]]"
3685,236077,Vip Women's Monochrome Weaved Pencil Midi Skirt,"[[Clothing, Shoes & Jewelry,Women,Clothing,Skirts,Casual]]"
3686,236127,Dare To Wear Victorian Gothic Women's Plus Size Sweetheart Corset Top,"[[Clothing, Shoes & Jewelry,Women,Clothing,Tops & Tees,Blouses & Button-Down Shirts]]"
3687,236134,NFL Dallas Cowboys Dog Tag Necklace,"[[Clothing, Shoes & Jewelry,Novelty, Costumes & More,Novelty,Jewelry,Necklaces & Pendants]]"
3688,236173,Ladies' Sheer Rib Short Sleeve Scoop Neck Tee Shirt,"[[Sports & Outdoors,Clothing,Women,Shirts,T-Shirts],[Clothing, Shoes & Jewelry,B,Bella],[Clothing, Shoes & Jewelry,Women,Clothing,Tops & Tees,Knits & Tees],[Clothing, Shoes & Jewelry,Women,Petite,Tops & Tees,Knits & Tees]]"
3689,236212,Dreamgirl Women's Plus Size Shalimar Charmeuse Chemise with Robe &amp; padded Hanger,"[[Clothing, Shoes & Jewelry,Women,Plus-Size],[Clothing, Shoes & Jewelry,Novelty, Costumes & More,Exotic Apparel]]"
3690,236310,Wing Drop Butterfly Austrian Crystal Necklace W Long Chain (Green and Blue) 2036401,"[[Clothing, Shoes & Jewelry,Women],[Clothing, Shoes & Jewelry,Novelty, Costumes & More,Novelty,Jewelry,Necklaces & Pendants]]"
3691,236376,Men's Dress Vest NeckTie BLACK Color Neck Tie Set for Suit or Tuxedo,"[[Clothing, Shoes & Jewelry,Men,Clothing,Suits & Sport Coats,Vests],[Clothing, Shoes & Jewelry,Men,Big & Tall]]"
3692,236387,Young Men's Uniform Long-Sleeve Pique Polo,"[[Clothing, Shoes & Jewelry,Women,Petite,Tops & Tees,Polos],[Clothing, Shoes & Jewelry,Novelty, Costumes & More,Work Wear & Uniforms,Clothing]]"
3693,236388,"Reneeze DORA-01 Women's Studded Low Heel Sandals, Color: BLACK, Size: 8.5","[[Clothing, Shoes & Jewelry,Women,Shoes,Sandals]]"
3694,236389,"Studded Buckle Strap Thongs in Black, 9","[[Clothing, Shoes & Jewelry,Women,Shoes,Sandals]]"
3695,236390,Adult Under New Management Funny Groom Wedding Bachelor Party T-Shirt,"[[Clothing, Shoes & Jewelry,Men],[Clothing, Shoes & Jewelry,Novelty, Costumes & More,Novelty,Clothing,Men,Shirts,T-Shirts]]"
3696,236391,Team Groom Groomsman Wedding Party Adult T-Shirt Tee,"[[Clothing, Shoes & Jewelry,Novelty, Costumes & More,Novelty]]"
3697,236392,Sage N-2B Flight Jacket,"[[Clothing, Shoes & Jewelry,Novelty, Costumes & More,Work Wear & Uniforms,Clothing,Military,Men,Outerwear]]"
3698,236393,"Beautiful Silver Mother And Son Spacer Dangle Bead Charm - Fits All Brand Charm Bracelets Pugster, Troll, Chamilla, Biagi and Pandora","[[Clothing, Shoes & Jewelry,Women],[Clothing, Shoes & Jewelry,Novelty, Costumes & More,Novelty,Jewelry,Bracelets]]"
3699,236394,Harley Quinn and The Joker -- Batman Crop Sleeve Fitted Juniors T-Shirt,"[[Clothing, Shoes & Jewelry,Women],[Clothing, Shoes & Jewelry,Novelty, Costumes & More,Novelty],[Clothing, Shoes & Jewelry,Novelty, Costumes & More,Movie & TV Fan,Tops & Tees,T-Shirts]]"
3700,236395,French Toast S/S Notched Collar Blouse (Sizes 7 - 20),"[[Clothing, Shoes & Jewelry,Girls,Clothing,Tops & Tees,Blouses & Button-Down Shirts],[Clothing, Shoes & Jewelry,Girls,School Uniforms,Clothing,Tops]]"
3701,236396,"PUMA Girls 7-16 Mesh Inset Hoodie, Sunset Orange, Large","[[Sports & Outdoors,Clothing,Girls,Hoodies],[Clothing, Shoes & Jewelry,P,Puma],[Clothing, Shoes & Jewelry,Girls,Clothing,Active,Active Hoodies]]"
3702,236397,Sterling Silver Cz Rhodium Plated Cats Pendant,"[[Clothing, Shoes & Jewelry,Women],[Clothing, Shoes & Jewelry,Novelty, Costumes & More,Novelty,Jewelry,Necklaces & Pendants]]"
3703,236400,Women's Black Leather Moto Jacket With Zip Chest Pocket,"[[Clothing, Shoes & Jewelry,Women,Clothing,Coats & Jackets,Leather & Faux Leather]]"
3704,236401,Brinley Co Women's Two-tone Star Print Sweater,"[[Clothing, Shoes & Jewelry,Women,Clothing,Sweaters,Pullovers]]"
3705,236403,&quot;Loyal and Steadfast&quot; or &quot;Endless Love&quot; Engraved Stainless Steel Engagement Wedding Anniversary Promise Ring for Couple,"[[Clothing, Shoes & Jewelry,Novelty, Costumes & More,Novelty,Jewelry]]"
3706,236405,Pair (2) Black &amp; White Skull Print Spiral Tapers Ear Plugs Acrylic Expanders Gauges- 0G 8MM,"[[Clothing, Shoes & Jewelry,Women],[Clothing, Shoes & Jewelry,Novelty, Costumes & More,Novelty,Jewelry],[Clothing, Shoes & Jewelry,Novelty, Costumes & More,Body Jewelry,Piercing Jewelry,Plugs],[Clothing, Shoes & Jewelry,Novelty, Costumes & More,Body Jewelry,Piercing Jewelry,Tapers]]"
3707,236407,FORPLAY FP883811 Murcia Tank dress with mesh criss cross detail,"[[Clothing, Shoes & Jewelry,Women],[Clothing, Shoes & Jewelry,Novelty, Costumes & More,Exotic Apparel,Women,Dresses]]"
3708,236408,Women's Open Toe Pumps Hades Orion Steampunk Platform Ankle High ABS Heel Metal Buckle Black B(M),"[[Clothing, Shoes & Jewelry,Women,Shoes,Sandals]]"
3709,236409,Betula slippers Woogie in size 35.0 N EU made of Birko-Flor in Basic Red with a narrow insole,"[[Clothing, Shoes & Jewelry,Women,Shoes,Slippers]]"
3710,236411,Little Lass Girls 2-6X 2 Piece Ruffled Cable Knit Sweater Dress Set,"[[Clothing, Shoes & Jewelry,Girls,Clothing,Clothing Sets,Pant Sets]]"
3711,236412,"Little Lass Baby-Girls Infant 3 Piece Elastic Waist Puffy Vest Set, Gold, 24 Months","[[Clothing, Shoes & Jewelry,Baby,Baby Girls,Clothing,Clothing Sets,Pant Sets]]"
3712,236413,Nannette Baby-girls Infant 2 Piece Poodle Pant And Shirt,"[[Clothing, Shoes & Jewelry,Baby,Baby Girls,Clothing,Clothing Sets,Pant Sets]]"
3713,236414,BT Kids Infant Baby Boys 2 Piece Green Baseball Polo Shirt Plaid Shorts Set,"[[Clothing, Shoes & Jewelry,Baby,Baby Boys,Clothing]]"
3714,236415,BT Kids Infant Baby Boys 2 Piece Orange Pirate Polo Shirt Plaid Shorts Set,"[[Clothing, Shoes & Jewelry,Baby,Baby Boys,Clothing]]"
3715,236418,"A. Marinelli Women's Sway Sandal,Pewter,8 M US","[[Clothing, Shoes & Jewelry,Shoes & Accessories: International Shipping Available],[Clothing, Shoes & Jewelry,A. Marinelli],[Clothing, Shoes & Jewelry,Women,Shoes,Sandals]]"
3716,236421,Lulu 52 Little Girls Shearling Boots Grey,"[[Clothing, Shoes & Jewelry,Boot Shop,Girls,Fashion,Shearling],[Clothing, Shoes & Jewelry,Girls,Shoes,Boots]]"
3717,236422,Quiksilver Men's Rover,"[[Clothing, Shoes & Jewelry,Men,Accessories,Hats & Caps,Baseball Caps]]"
3718,236424,18mm Classic SS Nylon Striped Black / Sky Blue - Easily Interchangeable Replacement Military Watch Strap / Band - Fits All Watches!!!,"[[Clothing, Shoes & Jewelry,Women,Watches,Watch Bands]]"
3719,236425,"Rampage Women's Berlynn Boot,Camel Smooth,7.5 M US","[[Clothing, Shoes & Jewelry,Shoes & Accessories: International Shipping Available],[Clothing, Shoes & Jewelry,R,Rampage],[Clothing, Shoes & Jewelry,Boot Shop,Women,Fashion,Dress],[Clothing, Shoes & Jewelry,Women,Shoes,Boots]]"
3720,236426,Rockabilia Motley Crue Vintage Shout At The Devil T-shirt Medium,"[[Clothing, Shoes & Jewelry,Men],[Clothing, Shoes & Jewelry,Novelty, Costumes & More,Band & Music Fan,T-Shirts]]"
3721,236427,Carter's Baby Boys &quot;Handsome Like Daddy&quot; Zip Up Sleep &amp; Play (3-9 Months) (9 Months),"[[Clothing, Shoes & Jewelry,Boys,Clothing],[Clothing, Shoes & Jewelry,Baby,Baby Boys,Clothing]]"
3722,236428,Women's UA Hero Warm-Up Pants Bottoms by Under Armour Small Charcoal,"[[Clothing, Shoes & Jewelry,Women,Clothing,Active,Active Pants]]"
3723,236430,"Southpole - Kids Boys 8-20 Cargo Shorts, Black, 8","[[Clothing, Shoes & Jewelry,S,Southpole],[Clothing, Shoes & Jewelry,Boys,Clothing,Shorts]]"
3724,236431,"Southpole - Kids Boys 8-20 Cargo Shorts With Twill Stripe Belt, Black, 16","[[Clothing, Shoes & Jewelry,S,Southpole],[Clothing, Shoes & Jewelry,Boys,Clothing,Shorts]]"
3725,236432,"Jack Juniors Rolfe Hoodie, Whitecap Beige, Small","[[Clothing, Shoes & Jewelry,Women,Clothing,Tops & Tees,Henleys],[Clothing, Shoes & Jewelry,Women,Juniors,Tops & Tees,Henleys]]"
3726,236433,"Annalee + Hope Women's Lux Lace Top, Black/Nude, Small","[[Clothing, Shoes & Jewelry,Women,Clothing,Tops & Tees,Knits & Tees],[Clothing, Shoes & Jewelry,Women,Petite,Tops & Tees,Knits & Tees]]"
3727,236434,Women's Platform Stilettos High Heel Crystal Rhinestone Evening Dress Sandals Fashion Shoes,"[[Clothing, Shoes & Jewelry,C,Celeste],[Clothing, Shoes & Jewelry,Women,Shoes,Sandals]]"
3728,236435,20 Gauge 3/8&quot; Yellow Anodized Titanium Nose Hoop,"[[Clothing, Shoes & Jewelry,Women],[Clothing, Shoes & Jewelry,Novelty, Costumes & More,Novelty,Jewelry],[Clothing, Shoes & Jewelry,Novelty, Costumes & More,Body Jewelry,Piercing Jewelry,Screws]]"
3729,236436,"Camouflage Vintage Paratrooper Fatigues Cargo Pants, Medium, Olive","[[Clothing, Shoes & Jewelry,Novelty, Costumes & More,Work Wear & Uniforms,Clothing,Military,Women]]"
3730,236437,Artisan Filigree Antiqued Silver-Tone Heart Trio Earrings Jewelry Set,"[[Clothing, Shoes & Jewelry,Jewelry: International Shipping Available],[Clothing, Shoes & Jewelry,Amazon Curated Collection],[Clothing, Shoes & Jewelry,Women,Jewelry,Fashion,Jewelry Sets],[Clothing, Shoes & Jewelry,Novelty, Costumes & More,Novelty]]"
3731,236438,Sterling Silver Keshi and Star Coin Freshwater Keshi Cultured Pearl Dangle Earrings,"[[Clothing, Shoes & Jewelry,Pearl Jewelry],[Clothing, Shoes & Jewelry,Jewelry: International Shipping Available],[Clothing, Shoes & Jewelry,Amazon Curated Collection],[Clothing, Shoes & Jewelry,Women,Jewelry,Fine,Earrings,Drop & Dangle],[Clothing, Shoes & Jewelry,Novelty, Costumes & More,Novelty]]"
3732,236439,Boobies Rule Awareness for Breast Cancer Mens Zip Hoodie,"[[Clothing, Shoes & Jewelry,Men],[Clothing, Shoes & Jewelry,Novelty, Costumes & More,Novelty,Clothing,Men,Hoodies]]"
3733,236440,"Kids Headquarters Girls 2-6X Tunir With Flower Print Leggings Toddler, Orange, 4T","[[Clothing, Shoes & Jewelry,Girls,Clothing,Clothing Sets,Pant Sets]]"
3734,236441,Authentic Gucci Black Canvas Leather Trimmed Logo Accents Hobo Bag,"[[Clothing, Shoes & Jewelry,G,Gucci],[Clothing, Shoes & Jewelry,Women,Handbags & Wallets,Shoulder Bags],[Clothing, Shoes & Jewelry,Designer Shoes & Handbags],[Clothing, Shoes & Jewelry,Women's Luxury Brands]]"
3735,236442,HelloKitty Wallet / Coin Pink Small Purse 1858,"[[Clothing, Shoes & Jewelry,Women,Accessories,Wallets, Card Cases & Money Organizers,Wallets]]"
3736,236443,Black Hello Kitty Small ''Knotted Hobo'',"[[Clothing, Shoes & Jewelry,Girls,Clothing]]"
3737,236444,Women's Guess iPhone Wristlet ID Holder Noella Black,"[[Clothing, Shoes & Jewelry,G,GUESS],[Clothing, Shoes & Jewelry,Women,Handbags & Wallets,Wristlets]]"
3738,236446,Funky Pop Black Afro - Adult Std.,"[[Clothing, Shoes & Jewelry,Novelty, Costumes & More,Costumes & Accessories,More Accessories,Women]]"
3739,236447,60s Love Child Adult Costume Size 12-14 Large,"[[Clothing, Shoes & Jewelry,Novelty, Costumes & More]]"
3740,236448,Fashion Colorized Knit Chain Crystal White Water Drop Beads Pendant Statement Necklace,"[[Clothing, Shoes & Jewelry,Women],[Clothing, Shoes & Jewelry,Novelty, Costumes & More,Novelty,Jewelry,Necklaces & Pendants]]"
3741,236449,Fashion Colorized Knit Chain Crystal Lightblue Water Drop Beads Pendant Statement Necklace,"[[Clothing, Shoes & Jewelry,Women],[Clothing, Shoes & Jewelry,Novelty, Costumes & More,Novelty,Jewelry,Necklaces & Pendants]]"
3742,236450,Angry Bird Star Wars 4 Piece Pajama Set,"[[Clothing, Shoes & Jewelry,Boys,Clothing,Sleepwear & Robes,Pajama Sets]]"
3743,236451,Batman Boys Toddler and Boys Character Short Sleeve Shortie Pajamas size 5T Red,"[[Clothing, Shoes & Jewelry,Baby,Baby Boys,Clothing,Sleepwear & Robes,Pajama Sets]]"
3744,236452,Rare Editions Baby Girls Infant Legging Set,"[[Clothing, Shoes & Jewelry,Baby,Baby Girls,Clothing,Clothing Sets,Pant Sets]]"
3745,236453,Little Lass Baby-Girls Infant 2 Piece Belted Zebra Sweater Set,"[[Clothing, Shoes & Jewelry,Baby,Baby Girls,Clothing,Clothing Sets,Pant Sets]]"
3746,236454,Little Lass Baby-Girls Infant 3 Piece Turtle Neck Sweater Dress Set,"[[Clothing, Shoes & Jewelry,Baby,Baby Girls,Clothing,Dresses,Playwear]]"
3747,236456,"DUMAN Fashion Jewelry Silver Plated Frosted Round Earrings Hoop Earrings Valentine's day,Thanks Giving, Christmas Gifts","[[Clothing, Shoes & Jewelry,Novelty, Costumes & More,Novelty,Jewelry,Earrings]]"
3748,236458,Bravado Men's Red Hot Chili Peppers Multiply T-Shirt,"[[Clothing, Shoes & Jewelry,Men,Big & Tall],[Clothing, Shoes & Jewelry,Novelty, Costumes & More,Band & Music Fan,T-Shirts]]"
3749,236459,Terra Nomad Italian Two Piece Floral Lace Sleeveless Tunic - Summer Collection,"[[Clothing, Shoes & Jewelry,Women,Clothing,Dresses,Casual]]"
3750,236460,"Jones New York Women's Sleeveless Eyelet Ruffle Dress, Admiral Navy, 8","[[Clothing, Shoes & Jewelry,Women,Clothing,Dresses,Casual]]"
3751,236461,BLEULAB Women's Fortis Reversible Legging in Medium/Light Blue Denim,"[[Clothing, Shoes & Jewelry,Women,Clothing,Jeans],[Clothing, Shoes & Jewelry,Women's Luxury Brands]]"
3752,236462,Romwe Women's Off-shoulder Melting Creep Print Polyester T-shirt-White-M,"[[Clothing, Shoes & Jewelry,Women,Clothing,Tops & Tees,Knits & Tees]]"
3753,236463,Luxury Hip Hop Bling Watch Genuine Diamond Iced Out 24k Rose Gold Plated,"[[Clothing, Shoes & Jewelry,Women,Watches,Wrist Watches]]"
3754,236465,"10k Yellow Gold, Freshwater Cultured Pearl (9-9.5 mm), and White Topaz Stud Earrings","[[Clothing, Shoes & Jewelry,Pearl Jewelry],[Clothing, Shoes & Jewelry,Gemstones],[Clothing, Shoes & Jewelry,Jewelry: International Shipping Available],[Clothing, Shoes & Jewelry,Amazon Curated Collection],[Clothing, Shoes & Jewelry,Women,Jewelry,Fine,Earrings,Stud],[Clothing, Shoes & Jewelry,Novelty, Costumes & More,Novelty]]"
3755,236466,"10k Yellow Gold Amethyst Diamond Chandelier Earrings (0.008 cttw, I-J Color, I1-I2 Clarity)","[[Clothing, Shoes & Jewelry,Gemstones],[Clothing, Shoes & Jewelry,Jewelry: International Shipping Available],[Clothing, Shoes & Jewelry,Amazon Curated Collection],[Clothing, Shoes & Jewelry,Women,Jewelry,Fine,Earrings,Drop & Dangle],[Clothing, Shoes & Jewelry,Novelty, Costumes & More,Novelty]]"
3756,236469,Disney Lilo &amp; Stitch Ohana Panel Girls T-Shirt 2XL,"[[Clothing, Shoes & Jewelry,Women,Clothing,Tops & Tees,Knits & Tees],[Clothing, Shoes & Jewelry,Women,Juniors,Tops & Tees,Knits & Tees]]"
3757,236470,Toddler Boys 4PC Black and White Plaid Vest Set (18M),"[[Clothing, Shoes & Jewelry,Baby,Baby Boys,Clothing,Clothing Sets,Pant Sets]]"
3758,236473,CTMWEB Naruto Cosplay Costume Accessories White Ninja Shoes / Sandals X-Small,"[[Clothing, Shoes & Jewelry,Novelty, Costumes & More,Costumes & Accessories,More Accessories,Kids & Baby]]"
3759,236474,The Abbey Cap in Plush Red,"[[Clothing, Shoes & Jewelry,Women,Accessories,Hats & Caps,Skullies & Beanies]]"
3760,236475,The Abbey Cap in Ruffle Multi Color Leopard Sequin Print,"[[Clothing, Shoes & Jewelry,Women,Accessories,Hats & Caps,Skullies & Beanies]]"
3761,236476,"Nine West Women's Angellica Bootie,Black,11 M US","[[Clothing, Shoes & Jewelry,Shoes & Accessories: International Shipping Available],[Clothing, Shoes & Jewelry,N,Nine West],[Clothing, Shoes & Jewelry,Boot Shop,Women,Fashion,Dress],[Clothing, Shoes & Jewelry,Women,Shoes,Boots]]"
3762,236477,"14k Diamond And Citrine Heart Pendant, Best Quality Free Gift Box Satisfaction Guaranteed","[[Clothing, Shoes & Jewelry,Diamonds],[Clothing, Shoes & Jewelry,Women],[Clothing, Shoes & Jewelry,Novelty, Costumes & More,Novelty,Jewelry,Necklaces & Pendants]]"
3763,236480,The Big Bang Theory Keep Calm And Bazinga Ripple Junction TV Show Adult T-Shirt,"[[Clothing, Shoes & Jewelry,Novelty, Costumes & More,Novelty],[Clothing, Shoes & Jewelry,Novelty, Costumes & More,Movie & TV Fan,Tops & Tees,T-Shirts]]"
3764,236481,Capelli New York Striped Buffalo Plaid Earflap Hat With Faux Beaver Fur Trim Pink Combo,"[[Sports & Outdoors,Snow Sports,Skiing,Clothing,Women,Hats],[Clothing, Shoes & Jewelry,Women,Accessories,Hats & Caps]]"
3765,236482,"J.Renee Women's Denise Peep Toe Pump,Black,12 M","[[Clothing, Shoes & Jewelry,Shoes & Accessories: International Shipping Available],[Clothing, Shoes & Jewelry,J,J.Renee],[Clothing, Shoes & Jewelry,Women,Shoes,Pumps]]"
3766,236483,"VANELi Women's Gerilyn Pump,Black Patent,6 N US","[[Clothing, Shoes & Jewelry,Shoes & Accessories: International Shipping Available],[Clothing, Shoes & Jewelry,V,VANELi],[Clothing, Shoes & Jewelry,Women,Shoes,Pumps]]"
3767,236485,"French Connection Men's Rustic Revisited Sweater, Charcoal Melange, Medium","[[Clothing, Shoes & Jewelry,F,French Connection],[Clothing, Shoes & Jewelry,Men,Clothing,Sweaters,Pullovers],[Clothing, Shoes & Jewelry,Men,Big & Tall]]"
3768,236486,"Sanuk Scribble Slip-On (Little Kid/Big Kid),Grey,1 M US Little Kid","[[Clothing, Shoes & Jewelry,Shoes & Accessories: International Shipping Available],[Clothing, Shoes & Jewelry,S,Sanuk],[Clothing, Shoes & Jewelry,Girls,Shoes,Flats],[Clothing, Shoes & Jewelry,Girls,Shoes,Loafers]]"
3769,236488,"Little Me Baby-boys Infant 2 Pocket Washable Pant, Black Multi, 12 Months","[[Clothing, Shoes & Jewelry,Baby,Baby Boys,Clothing,Bottoms,Pants]]"
3770,236489,"Carter's Watch the Wear Baby-Boys Newborn Dog Bodysuit Pant Set, Grey, 6-9 Months","[[Clothing, Shoes & Jewelry,Baby,Baby Boys,Clothing,Clothing Sets,Pant Sets]]"
3771,236490,"Roxy Girls 2-6x Teenie Wahine Sweet Mare Vest, Black, Medium","[[Clothing, Shoes & Jewelry,R,Roxy],[Clothing, Shoes & Jewelry,Girls,Clothing,Jackets & Coats]]"
3772,236491,"Roxy Girls 2-6X Snowball Printed Knit Skirt, Wildflower Print, Medium","[[Clothing, Shoes & Jewelry,R,Roxy],[Clothing, Shoes & Jewelry,Girls]]"
3773,236492,"Roxy Girls 7-16 Road Trip Blazer, Red Plum Stripe, X-Large","[[Sports & Outdoors,Clothing,Women,Hoodies],[Sports & Outdoors,Clothing,Girls,Hoodies],[Clothing, Shoes & Jewelry,R,Roxy],[Clothing, Shoes & Jewelry,Women,Juniors,Active,Active Hoodies],[Clothing, Shoes & Jewelry,Girls]]"
3774,236493,FBTS-9320 - Mens Self Tie Bow Tie,"[[Clothing, Shoes & Jewelry,Men,Accessories,Bow Ties & Cummerbunds,Bow Ties]]"
3775,236494,FBTS-9003 - Gold - Navy - Sky - Mens Self Tie Bow Tie,"[[Clothing, Shoes & Jewelry,Men,Accessories,Bow Ties & Cummerbunds,Bow Ties]]"
3776,236495,Sequin Athletic Flip Flop,"[[Clothing, Shoes & Jewelry,Women,Shoes,Sandals],[Clothing, Shoes & Jewelry,Women,Shoes,Athletic,Sport Sandals]]"
3777,236498,Shiekh Womens Ceduce-15XX Casual Wedge,"[[Clothing, Shoes & Jewelry,Women,Shoes,Pumps]]"
3778,236500,3 Strand Chrome Link Chain Black Leather Bracelet,"[[Clothing, Shoes & Jewelry,Women],[Clothing, Shoes & Jewelry,Novelty, Costumes & More,Novelty,Jewelry,Bracelets],[Clothing, Shoes & Jewelry,Novelty, Costumes & More,Band & Music Fan]]"
3779,236501,Gothic Leather O Ring Belt with Cone Spikes and Chains,"[[Clothing, Shoes & Jewelry,Novelty, Costumes & More,Novelty,Clothing,Women,Accessories],[Clothing, Shoes & Jewelry,Novelty, Costumes & More,Novelty,Clothing,Men,Accessories],[Clothing, Shoes & Jewelry,Novelty, Costumes & More,Band & Music Fan,Accessories]]"
3780,236502,"Chiffon Pink Chevron - So Tutu Ruffle Leg Warmers - for Infant, Baby, Toddler, Girls","[[Clothing, Shoes & Jewelry,Baby,Baby Girls,Accessories,Leg Warmers]]"
3781,236503,"14k White Gold Diamond Engagement Ring (3/4 cttw, G-H Color, I1-I2 Clarity), Size 7","[[Clothing, Shoes & Jewelry,Diamonds],[Clothing, Shoes & Jewelry,Jewelry: International Shipping Available],[Clothing, Shoes & Jewelry,Amazon Curated Collection],[Clothing, Shoes & Jewelry,Women,Jewelry,Wedding & Engagement,Engagement Rings],[Clothing, Shoes & Jewelry,Novelty, Costumes & More,Novelty]]"
3782,236504,Tender-2 of SAT -9.0 B-Black,"[[Clothing, Shoes & Jewelry,Women,Shoes,Pumps]]"
3783,236505,"Vince Camuto Women's One Button Blazer, True Rose, 10","[[Clothing, Shoes & Jewelry,V,Vince Camuto],[Clothing, Shoes & Jewelry,Women,Clothing,Suits & Blazers,Blazers,Wear to Work],[Clothing, Shoes & Jewelry,Women,Clothing,Suits & Blazers,Blazers,Casual]]"
3784,236506,"Charles by Charles David Women's Beat Ankle Strap Sandal,Bone,7.5 M","[[Clothing, Shoes & Jewelry,Shoes & Accessories: International Shipping Available],[Clothing, Shoes & Jewelry,C,Charles by Charles David],[Clothing, Shoes & Jewelry,Women,Shoes,Sandals]]"
3785,236507,Hugo Boss Women's 36181114/2211 Silver-Tone Bracelet Watch,"[[Clothing, Shoes & Jewelry,Jewelry: International Shipping Available],[Clothing, Shoes & Jewelry,Available for International Shipping],[Clothing, Shoes & Jewelry,Women,Watches,Wrist Watches]]"
3786,236508,Stainless Steel Oval Dangle Earrings,"[[Clothing, Shoes & Jewelry,Women],[Clothing, Shoes & Jewelry,Novelty, Costumes & More,Novelty,Jewelry,Earrings]]"
3787,236509,Stride Rite SRT SM Crash Water Sandal (Infant/Toddler),"[[Clothing, Shoes & Jewelry,Shoes & Accessories: International Shipping Available],[Clothing, Shoes & Jewelry,S,Stride Rite],[Clothing, Shoes & Jewelry,Girls],[Clothing, Shoes & Jewelry,Boys]]"
3788,236510,Little Me Baby-Girls Infant Swim Coverup,"[[Clothing, Shoes & Jewelry,Baby,Baby Girls,Clothing,Swim,Cover-Ups]]"
3789,236512,Workwear Women's V-neck 2-pocket Scrub Top,"[[Clothing, Shoes & Jewelry,Novelty, Costumes & More,Work Wear & Uniforms,Clothing,Medical,Women,Scrub Tops]]"
3790,236513,Women Faceted Crystal Inlaid Organza Flower Decor Elastic Waist Band Belt,"[[Clothing, Shoes & Jewelry,Women,Accessories,Belts]]"
3791,236514,Cilo41 Wide Ankle Strap Suede Wedges RED,"[[Clothing, Shoes & Jewelry,Women,Shoes,Flats]]"
3792,236515,Prestige Biatta Women's Plus Size Cassandra Babydoll &amp; G-String Lingerie,"[[Clothing, Shoes & Jewelry,Women,Clothing,Lingerie, Sleep & Lounge,Intimates,Lingerie,Baby Dolls]]"
3793,236516,Capelli New York Shiny Tipped Leopard Ladies Short Sporty Body Rubber Rain Boot Natural Combo 7,"[[Clothing, Shoes & Jewelry,Boot Shop,Women,Outdoor & Work,Rain],[Clothing, Shoes & Jewelry,Women,Shoes,Boots],[Clothing, Shoes & Jewelry,Women,Shoes,Outdoor,Rain Footwear]]"
3794,236517,Skechers Women's Go Walk 2 Night Owl Walking Shoe,"[[Clothing, Shoes & Jewelry,S,Skechers],[Clothing, Shoes & Jewelry,Women,Shoes]]"
3795,236518,Olive &amp; Oak Women's Stripe Jersey Tank Maxi Dress,"[[Clothing, Shoes & Jewelry,Women,Clothing,Dresses,Casual]]"
3796,236519,Urbanized Boys Childrens Knitted Thermal Winter Beanie Hat with Stripe Pattern (10-13 years) (Grey),"[[Clothing, Shoes & Jewelry,Boys,Accessories,Cold Weather,Hats & Caps],[Clothing, Shoes & Jewelry,Boys,Accessories,Hats & Caps]]"
3797,236520,Circa Joan &amp; David Women's Bechira Sandal,"[[Clothing, Shoes & Jewelry,Shoes & Accessories: International Shipping Available],[Clothing, Shoes & Jewelry,C,Circa Joan & David],[Clothing, Shoes & Jewelry,Women,Shoes,Sandals]]"
3798,236522,Owl Cotton Handmade Crossbody Shoulder Bag Small,"[[Clothing, Shoes & Jewelry,Women,Handbags & Wallets,Shoulder Bags]]"
3799,236523,Shell and Enamel Bracelet,"[[Clothing, Shoes & Jewelry,Women],[Clothing, Shoes & Jewelry,Novelty, Costumes & More,Novelty,Jewelry,Bracelets]]"
3800,236525,TdZ Crosshatch Woven Satin Party Clutch 9-inch w/Strap,"[[Clothing, Shoes & Jewelry,Women,Handbags & Wallets,Clutches]]"
3801,236526,Blowfish Norco Womens Size 7.5 Black Peep Toe Fabric Flats Shoes,"[[Clothing, Shoes & Jewelry,B,Blowfish],[Clothing, Shoes & Jewelry,Women,Shoes,Flats]]"
3802,236527,Gucci YFA50011 U-Play Medium Kit Pistachio Rubber Watch Bracelet and Matching Bezel,"[[Clothing, Shoes & Jewelry,New Arrivals],[Clothing, Shoes & Jewelry,G,Gucci],[Clothing, Shoes & Jewelry,Gucci Watches],[Clothing, Shoes & Jewelry,Novelty, Costumes & More,Watch Accessories,Repair Tools & Kits]]"
3803,236528,Gucci YFA50026 U-Play Medium Kit Black Leather Watch Bracelet and Matching Bezel,"[[Clothing, Shoes & Jewelry,New Arrivals],[Clothing, Shoes & Jewelry,G,Gucci],[Clothing, Shoes & Jewelry,Gucci Watches],[Clothing, Shoes & Jewelry,Novelty, Costumes & More,Watch Accessories,Repair Tools & Kits]]"
3804,236529,Gucci YFA50012 U-Play Medium Kit Interchangeable Brown Leather Watch Bracelet and Matching Bezel,"[[Clothing, Shoes & Jewelry,New Arrivals],[Clothing, Shoes & Jewelry,G,Gucci],[Clothing, Shoes & Jewelry,Gucci Watches],[Clothing, Shoes & Jewelry,Novelty, Costumes & More,Watch Accessories,Repair Tools & Kits]]"
3805,236530,Gucci YFA50005 U-Play Medium Kit White Leather Watch Bracelet and Matching Bezel,"[[Clothing, Shoes & Jewelry,New Arrivals],[Clothing, Shoes & Jewelry,G,Gucci],[Clothing, Shoes & Jewelry,Gucci Watches],[Clothing, Shoes & Jewelry,Novelty, Costumes & More,Watch Accessories,Repair Tools & Kits]]"
3806,236531,"Gucci Women's YA129443 U-Play Medium Watch Set, Two Interchangeable Straps and Bezels Included","[[Clothing, Shoes & Jewelry,New Arrivals],[Clothing, Shoes & Jewelry,Jewelry: International Shipping Available],[Clothing, Shoes & Jewelry,Luxury Watches],[Clothing, Shoes & Jewelry,Available for International Shipping],[Clothing, Shoes & Jewelry,G,Gucci],[Clothing, Shoes & Jewelry,Gucci Watches],[Clothing, Shoes & Jewelry,Women,Watches,Wrist Watches],[Clothing, Shoes & Jewelry,Women's Luxury Brands]]"
3807,236532,Baretraps Women's Kimmie Slide Sandals,"[[Clothing, Shoes & Jewelry,Women,Shoes,Sandals]]"
3808,236533,AFTCO Fishing Sandal,"[[Clothing, Shoes & Jewelry,Women,Shoes,Sandals]]"
3809,236534,Iron Fist Women's Manslayer Wedge,"[[Clothing, Shoes & Jewelry,Women,Shoes,Pumps]]"
3810,236535,Manslayer Wedge - Pink Size 9,"[[Clothing, Shoes & Jewelry,Women,Shoes,Pumps]]"
3811,236536,Celebrity Keyhole Frill Ruffle Sleeve Rockabilly Evening Pencil Women's Dress - Medium,"[[Clothing, Shoes & Jewelry,Women,Clothing,Dresses,Night Out & Cocktail]]"
3812,236539,Under Armour Women's UA Wobo Bandeau,"[[Clothing, Shoes & Jewelry,Women,Clothing,Swimsuits & Cover Ups,Bikinis]]"
3813,236542,Only Necessities Women's Plus Size Pointelle cardigan sweater,"[[Clothing, Shoes & Jewelry,Women,Clothing,Sweaters,Pullovers],[Clothing, Shoes & Jewelry,Women,Plus-Size,Sweaters,Pullovers]]"
3814,236543,"Only Necessities Women's Plus Size Shirt, camp in cotton print","[[Clothing, Shoes & Jewelry,Women,Clothing,Tops & Tees,Blouses & Button-Down Shirts],[Clothing, Shoes & Jewelry,Women,Plus-Size,Tops & Tees,Blouses & Button-Down Shirts]]"
3815,236544,Quiksilver Monkey Wrench 2 Flip Flop (Toddler),"[[Clothing, Shoes & Jewelry,Shoes & Accessories: International Shipping Available],[Clothing, Shoes & Jewelry,Q,Quiksilver],[Clothing, Shoes & Jewelry,Baby,Baby Boys]]"
3816,236545,Qupid Sawyer-03 Suede Slashed Peep Toe Chucky Heel Bootie - Taupe,"[[Clothing, Shoes & Jewelry,Women,Shoes,Boots]]"
3817,236546,INC International Concepts Women's Jade Mary Jane Heels in Taupe,"[[Clothing, Shoes & Jewelry,Women,Shoes,Pumps]]"
3818,236550,PalmBeach Jewelry Emerald-Cut Birthstone Sterling Silver Eternity Band- April- Simulated Diamond,"[[Clothing, Shoes & Jewelry,Women],[Clothing, Shoes & Jewelry,Novelty, Costumes & More,Novelty,Jewelry]]"
3819,236551,"Roxy Chillax 452P33 Travel Tote,Crown Jewel,One Size","[[Clothing, Shoes & Jewelry,Shoes & Accessories: International Shipping Available],[Clothing, Shoes & Jewelry,R,Roxy],[Clothing, Shoes & Jewelry,Luggage & Travel Gear,Luggage,Travel Totes]]"
3820,236553,Roxy Getaway Tote,"[[Clothing, Shoes & Jewelry,R,Roxy],[Clothing, Shoes & Jewelry,Women,Handbags & Wallets,Top-Handle Bags]]"
3821,236555,KATGI Fashion 316L Stainless Steel Triple Black Padded Cross Crystal Pendant Necklace,"[[Clothing, Shoes & Jewelry,Women,Jewelry,Religious,Necklaces & Pendants,Pendants],[Clothing, Shoes & Jewelry,Novelty, Costumes & More,Novelty]]"
3822,236556,KATGI Fashion Dual Heart Chain Pendant Necklace,"[[Clothing, Shoes & Jewelry,Women],[Clothing, Shoes & Jewelry,Novelty, Costumes & More,Novelty,Jewelry,Necklaces & Pendants]]"
3823,236558,Touch Of Europe Practice Gear Girls Electric Waist Spandex Yoga Pants,"[[Sports & Outdoors,Exercise & Fitness,Yoga,Clothing],[Sports & Outdoors,Clothing,Girls,Pants,Capri Pants],[Clothing, Shoes & Jewelry,Girls,Clothing,Active,Active Pants]]"
3824,236560,CloseoutZone Men's Realistic Spider Image T-Shirt Dye Sublimated Vividly Creepy,"[[Clothing, Shoes & Jewelry,Men],[Clothing, Shoes & Jewelry,Novelty, Costumes & More,Novelty,Clothing,Men,Shirts,T-Shirts]]"
3825,236561,Quiksilver Snow Boys 8-20 Porter Youth Pant,"[[Sports & Outdoors,Snow Sports,Snowboarding],[Sports & Outdoors,Clothing],[Clothing, Shoes & Jewelry,Q,Quiksilver],[Clothing, Shoes & Jewelry,Boys,Clothing,Jackets & Coats,Snow Wear],[Clothing, Shoes & Jewelry,Boys,Clothing,Active]]"
3826,236562,SockShop Men's 3 Pair Gentle Grip Purple Stripe Bamboo Socks,"[[Clothing, Shoes & Jewelry,Men,Clothing,Socks,Casual Socks],[Clothing, Shoes & Jewelry,Men,Big & Tall]]"
3827,236563,Kenneth Cole New York &quot;Shiny Earrings&quot; Silver Large Rectangle Hoop Earrings,"[[Clothing, Shoes & Jewelry,Jewelry: International Shipping Available],[Clothing, Shoes & Jewelry,Shop by Designer],[Clothing, Shoes & Jewelry,K,Kenneth Cole New York],[Clothing, Shoes & Jewelry,Contemporary Designer Jewelry],[Clothing, Shoes & Jewelry,Women,Jewelry,Fashion,Earrings,Hoop],[Clothing, Shoes & Jewelry,Novelty, Costumes & More,Novelty]]"
3828,236564,Green Turtle - Ford Cobra Women Red Small T-Shirt,"[[Clothing, Shoes & Jewelry,Novelty, Costumes & More,Novelty,Clothing,Women,Tops & Tees,T-Shirts]]"
3829,236565,"Volcom Boys 8-20 Mustablishment Short Sleeve Tee Youth, Grey Vintage, Medium","[[Clothing, Shoes & Jewelry,Boys,Clothing,Tops & Tees,Tees]]"
3830,236566,SCJ Sterling Silver Necklace Labradorite Stone Pendant 16&quot;+2&quot;,"[[Clothing, Shoes & Jewelry,Women,Jewelry,Fashion,Necklaces,Pendants],[Clothing, Shoes & Jewelry,Novelty, Costumes & More,Novelty]]"
3831,236569,"Request Girls 7-16 Hartford Short, Hartford, 12","[[Clothing, Shoes & Jewelry,Girls,Clothing,Shorts]]"
3832,236571,Rubie's Costume Nuclear Witch Wig,"[[Clothing, Shoes & Jewelry,Novelty, Costumes & More,Band & Music Fan,Accessories],[Clothing, Shoes & Jewelry,Novelty, Costumes & More,Costumes & Accessories,Wigs,Women]]"
3833,236572,Nike Air Max Solas '09 [354824-104] White/Black-Varsity Royal-Metallic Silver Mens Shoes 354824-104-13,"[[Clothing, Shoes & Jewelry,N,Nike],[Clothing, Shoes & Jewelry,Men,Shoes,Athletic,Running]]"
3834,236576,Style &amp; Co Sierria Womens Open Toe Platforms Sandals Shoes,"[[Clothing, Shoes & Jewelry,Women,Shoes,Pumps]]"
3835,236577,SACAS Sexy Zebra Animal Print Stretch Footless Leggings Tights 5 colors XS ~ M,"[[Clothing, Shoes & Jewelry,Women,Clothing,Socks & Hosiery,Tights]]"
3836,236578,Punk Style Wild PU Leather Zebra Corset Women Body Beauty Corset-White And Black,"[[Clothing, Shoes & Jewelry,Women],[Clothing, Shoes & Jewelry,Novelty, Costumes & More,Exotic Apparel,Women,Bustiers & Corsets]]"
3837,236579,Meilun Women's Rayon Bandage Bodycon Mini Skirt,"[[Clothing, Shoes & Jewelry,Women,Clothing,Skirts,Night Out & Special Occasion]]"
3838,236580,Alivila.Y Fashion Corset Women's Lace Front Buckle Up Corset Bustier,"[[Clothing, Shoes & Jewelry,Women],[Clothing, Shoes & Jewelry,Novelty, Costumes & More,Exotic Apparel,Women,Bustiers & Corsets]]"
3839,236581,Reebok Women's One Series Short Camo Bra,"[[Clothing, Shoes & Jewelry,Women,Clothing,Lingerie, Sleep & Lounge,Intimates,Bras,Sports Bras]]"
3840,236583,"Evolution Of Man, Go Back We F*cked Everything Up Men's T-shirt","[[Clothing, Shoes & Jewelry,Men],[Clothing, Shoes & Jewelry,Novelty, Costumes & More,Novelty,Clothing,Men,Shirts,T-Shirts]]"
3841,236584,Obama Can't Ban These Guns Sleeveless T-Shirt,"[[Clothing, Shoes & Jewelry,Novelty, Costumes & More,Novelty,Clothing,Women,Tops & Tees,T-Shirts],[Clothing, Shoes & Jewelry,Novelty, Costumes & More,Novelty,Clothing,Men,Shirts,T-Shirts]]"
3842,236585,Black Titanium Twist Belly Navel Ring Anodized Button Piercing Jewelry 14G 7/16&quot;,"[[Clothing, Shoes & Jewelry,Women],[Clothing, Shoes & Jewelry,Novelty, Costumes & More,Novelty,Jewelry],[Clothing, Shoes & Jewelry,Novelty, Costumes & More,Body Jewelry,Piercing Jewelry,Rings]]"
3843,236586,3 Pairs of 8g 8 gauge 3mm screw flesh tunnels ear plugs acrylic stretching AHJQ Body piercing Jewelry,"[[Clothing, Shoes & Jewelry,Women],[Clothing, Shoes & Jewelry,Novelty, Costumes & More,Novelty,Jewelry],[Clothing, Shoes & Jewelry,Novelty, Costumes & More,Body Jewelry,Piercing Jewelry,Tunnels]]"
3844,236587,Color Block Chiffon Blouse,"[[Clothing, Shoes & Jewelry,Women,Clothing,Tops & Tees,Blouses & Button-Down Shirts],[Clothing, Shoes & Jewelry,Women,Juniors,Tops & Tees,Blouses & Button-Down Shirts],[Clothing, Shoes & Jewelry,Women,Plus-Size,Tops & Tees,Blouses & Button-Down Shirts]]"
3845,236588,ImPrincess Fascinators HF1202 Clip flower,"[[Clothing, Shoes & Jewelry,Women,Accessories,Hats & Caps],[Clothing, Shoes & Jewelry,Women,Accessories,Special Occasion Accessories,Fascinators]]"
3846,236589,Nike Air Flight 89 (GS) Boys Basketball Shoes 318003-006,"[[Clothing, Shoes & Jewelry,N,Nike],[Clothing, Shoes & Jewelry,Boys,Shoes,Athletic,Basketball]]"
3847,236590,Billabong Men's 2 Ups Short Sleeve Crew Neck Knit Shirt,"[[Sports & Outdoors,Clothing,Men,Shirts,T-Shirts],[Clothing, Shoes & Jewelry,Men,Clothing,Shirts,T-Shirts],[Clothing, Shoes & Jewelry,Men,Surf, Skate & Street,Clothing,Shirts,T-Shirts],[Clothing, Shoes & Jewelry,Novelty, Costumes & More,Band & Music Fan,T-Shirts]]"
3848,236594,2 Pairs ear lobe kit gauge 7/8 inch 22mm Acrylic screw flesh tunnel plugs ring stretchers Expanders AYLU,"[[Clothing, Shoes & Jewelry,Women],[Clothing, Shoes & Jewelry,Novelty, Costumes & More,Novelty,Jewelry],[Clothing, Shoes & Jewelry,Novelty, Costumes & More,Body Jewelry,Piercing Jewelry,Tunnels]]"
3849,236595,Caribbean Joe Women's Plus-Size Short Sleeve Top Side Rouch,"[[Clothing, Shoes & Jewelry,Women,Clothing,Tops & Tees,Knits & Tees],[Clothing, Shoes & Jewelry,Women,Plus-Size,Tops & Tees,Knits & Tees]]"
3850,236596,WIIPU Fashion Neon Candy Colored Braided Chunky Statement Choker Necklace Christmas Gift(WP-C432),"[[Clothing, Shoes & Jewelry,Women],[Clothing, Shoes & Jewelry,Novelty, Costumes & More,Novelty,Jewelry,Necklaces & Pendants]]"
3851,236599,FINEJO Women's Casual Loose Big Size Bat Sleeve Cat Pattern Round Collar T-sh...,"[[Clothing, Shoes & Jewelry,Women,Clothing,Tops & Tees]]"
3852,236600,Hollywood Star Fashion Women's Short Sleeve Striped V Neck Tank Top Shirt,"[[Clothing, Shoes & Jewelry,Women,Clothing,Tops & Tees,Blouses & Button-Down Shirts]]"
3853,236601,"Gas Mask Dangle Charm Fits Troll, Biagi and Charmilia Bracelets","[[Clothing, Shoes & Jewelry,Women],[Clothing, Shoes & Jewelry,Novelty, Costumes & More,Novelty,Jewelry,Charms],[Clothing, Shoes & Jewelry,Novelty, Costumes & More,Costumes & Accessories]]"
3854,236602,&quot; Hair Dryer Charm &quot; Dangle Bead Spacer Pandora Style Troll Biagi Chamilia European Charm Bracelets Compatible,"[[Clothing, Shoes & Jewelry,Women],[Clothing, Shoes & Jewelry,Novelty, Costumes & More,Novelty,Jewelry,Charms]]"
3855,236603,Black Gold Cardigan Sweater Romeo and Juliet Couture Womens Tie Front Sweater,"[[Clothing, Shoes & Jewelry,Women,Clothing,Sweaters,Cardigans]]"
3856,236604,DownEast Basics Girl's Mini Cami,"[[Clothing, Shoes & Jewelry,Girls,Clothing,Tops & Tees,Tanks & Camis]]"
3857,236606,Element Men's Mountain Short Sleeve T-Shirt,"[[Clothing, Shoes & Jewelry,E,Element],[Clothing, Shoes & Jewelry,Men,Clothing,Shirts,T-Shirts],[Clothing, Shoes & Jewelry,Men,Surf, Skate & Street,Clothing,Shirts,T-Shirts],[Clothing, Shoes & Jewelry,Novelty, Costumes & More,Band & Music Fan,T-Shirts]]"
3858,236607,Billabong Men's On The Go Hip Pack Charcoal One Size,"[[Clothing, Shoes & Jewelry,Novelty, Costumes & More,Exotic Apparel,Men]]"
3859,236608,"Yoki Phoenix Brown Women Flat Sandals, 8 M US","[[Clothing, Shoes & Jewelry,Women,Shoes,Sandals]]"
3860,236609,Fossil Memoir Flap Wallet Sl4316841 Color: Apricot Wallet,"[[Clothing, Shoes & Jewelry,F,FOSSIL],[Clothing, Shoes & Jewelry,Women,Accessories,Wallets, Card Cases & Money Organizers,Wallets],[Clothing, Shoes & Jewelry,Novelty, Costumes & More,Band & Music Fan,Accessories]]"
3861,236610,Sara-01 Women twotone COLORBLOCK Slingback T-Strap Sandals,"[[Clothing, Shoes & Jewelry,Women,Shoes,Sandals]]"
3862,236611,"Colosseum Women's Can't Beat The Sweat Tank Top, Rose Violet, X-Small","[[Clothing, Shoes & Jewelry,Women,Clothing,Active,Active Shirts & Tees]]"
3863,236612,Geneva Platinum Women's 2786.Gold.Black Black Silicone Quartz Watch with Black Dial,"[[Clothing, Shoes & Jewelry,Fashion Watches],[Clothing, Shoes & Jewelry,Women,Watches,Wrist Watches]]"
3864,236613,Geneva Women's 2377-J-GEN Gold-Tone and Gray Faux Leather Square Oversized Boyfriend Watch,"[[Clothing, Shoes & Jewelry,New Arrivals],[Clothing, Shoes & Jewelry,Jewelry: International Shipping Available],[Clothing, Shoes & Jewelry,Fashion Watches],[Clothing, Shoes & Jewelry,Available for International Shipping],[Clothing, Shoes & Jewelry,Women,Watches,Wrist Watches]]"
3865,236614,MLB New York Yankees Mens Wind Breaker with Emboridered Logo XL Dark Blue,"[[Sports & Outdoors,Clothing,Men,Track Jackets],[Clothing, Shoes & Jewelry,Men]]"
3866,236615,"EDFORCE Men's Cross Pave Bling Ring with Bright CZ Stones on Top and Sides in Polished Stainless Steel, Size: 12 (249-0008-R12)","[[Clothing, Shoes & Jewelry,Men,Jewelry,Rings],[Clothing, Shoes & Jewelry,Novelty, Costumes & More,Novelty]]"
3867,236616,"EDFORCE Men's Pave Bling Ring with Bright CZ Stones on Top and Sides in Polished Stainless Steel, Size: 9 (249-0012-R9)","[[Clothing, Shoes & Jewelry,Men,Jewelry,Rings],[Clothing, Shoes & Jewelry,Novelty, Costumes & More,Novelty]]"
3868,236617,"Croota Mens Tank Top, Undershirt, Gymwear, Square Cut, Navy (Red Trim) (M)","[[Sports & Outdoors,Clothing,Men,Shirts,Tank Tops],[Clothing, Shoes & Jewelry,Men,Clothing,Active,Active Shirts & Tees]]"
3869,236618,UniKoala Infants Joey Sheepskin Baby Crib Boots Chestnut,"[[Clothing, Shoes & Jewelry,Baby,Baby Girls,Shoes,Boots],[Clothing, Shoes & Jewelry,Baby,Baby Boys,Shoes,Boots]]"
3870,236619,Joe's Jeans Boys 8-20 Brixton Colored Jean,"[[Clothing, Shoes & Jewelry,Boys,Clothing,Jeans],[Clothing, Shoes & Jewelry,Women's Luxury Brands]]"
3871,236620,"Kipling Honeybee Medium Backpack,Red,One Size","[[Clothing, Shoes & Jewelry,Luggage & Travel Gear,Backpacks,Casual Daypacks]]"
3872,236621,Kids Buccaneer Pirate Shirt - Child Medium,"[[Clothing, Shoes & Jewelry,Novelty, Costumes & More,Costumes & Accessories,Costumes,Kids & Baby,Boys]]"
3873,236622,INC International Concepts Print Trim Shirt Black/Boysenberry M,"[[Clothing, Shoes & Jewelry,Women],[Clothing, Shoes & Jewelry,Novelty, Costumes & More,Novelty,Clothing,Women,Tops & Tees,T-Shirts]]"
3874,236623,Woman Long Sleeve Scoop Neck Pullover Shirt Tunic Top Fuchsia S,"[[Clothing, Shoes & Jewelry,Women,Clothing,Tops & Tees,Tunics]]"
3875,236627,Sterling Silver Diamond Accented Angel Pendant w/ 18&quot; Chain,"[[Clothing, Shoes & Jewelry,Women],[Clothing, Shoes & Jewelry,Novelty, Costumes & More,Novelty,Jewelry,Necklaces & Pendants]]"
3876,236628,Skechers Reggae Drum Beat Womens Sandals Natural 9,"[[Clothing, Shoes & Jewelry,S,Skechers],[Clothing, Shoes & Jewelry,Comfort Shoes],[Clothing, Shoes & Jewelry,Women,Shoes,Sandals]]"
3877,236629,Sterling Silver Twin Heart Baby Ring with Amethyst CZ Stone - February Birthstone,"[[Clothing, Shoes & Jewelry,Women],[Clothing, Shoes & Jewelry,Novelty, Costumes & More,Novelty,Jewelry,Rings]]"
3878,236636,"G2 Chic Women's One Shoulder Satin and Ruched Dress(DRS-CLB,PPL-M)","[[Clothing, Shoes & Jewelry,Women,Clothing,Dresses,Night Out & Cocktail],[Clothing, Shoes & Jewelry,Women,Clothing,Dresses,Special Occasion]]"
3879,236637,London Times Women's Tigress Abstract Printed Satin Shutter Tuck Dress,"[[Clothing, Shoes & Jewelry,Women,Clothing,Dresses,Night Out & Cocktail],[Clothing, Shoes & Jewelry,Women,Clothing,Dresses,Special Occasion]]"
3880,236638,14 Karat Gold Plated Amethyst Earrings,"[[Clothing, Shoes & Jewelry,Women,Jewelry,Fine,Earrings,Drop & Dangle],[Clothing, Shoes & Jewelry,Novelty, Costumes & More,Novelty]]"
3881,236642,Sakkas Mens Triangle Stripe Zip Pocket Skate Surf Board Short / Swim Trunks,"[[Clothing, Shoes & Jewelry,Men,Clothing,Swim,Board Shorts],[Clothing, Shoes & Jewelry,Men,Big & Tall]]"
3882,236643,Gold-Tone and White Epoxy Anchor Button Earrings,"[[Clothing, Shoes & Jewelry,Jewelry: International Shipping Available],[Clothing, Shoes & Jewelry,Amazon Curated Collection],[Clothing, Shoes & Jewelry,Women,Jewelry,Fashion,Earrings],[Clothing, Shoes & Jewelry,Novelty, Costumes & More,Novelty]]"
3883,236644,"Steve Madden &quot;White&quot; Multi-Colored Bead Stretch and Spike Adjustable Macrame Bracelet, 11&quot;","[[Clothing, Shoes & Jewelry,Jewelry: International Shipping Available],[Clothing, Shoes & Jewelry,Shop by Designer],[Clothing, Shoes & Jewelry,S,Steve Madden],[Clothing, Shoes & Jewelry,Contemporary Designer Jewelry],[Clothing, Shoes & Jewelry,Women,Jewelry,Fashion,Bracelets,Stretch],[Clothing, Shoes & Jewelry,Novelty, Costumes & More,Novelty]]"
3884,236645,NINE WEST VINTAGE AMERICA &quot;Charmed Life&quot; Silver-Tone Heart Slider Bracelet,"[[Clothing, Shoes & Jewelry,Jewelry: International Shipping Available],[Clothing, Shoes & Jewelry,Shop by Designer],[Clothing, Shoes & Jewelry,Women,Jewelry,Fashion,Bracelets],[Clothing, Shoes & Jewelry,Novelty, Costumes & More,Novelty]]"
3885,236646,"Juicy Couture White Daisy Stud Leather Bracelet, 8.47&quot;","[[Clothing, Shoes & Jewelry,Jewelry: International Shipping Available],[Clothing, Shoes & Jewelry,Shop by Designer],[Clothing, Shoes & Jewelry,J,Juicy Couture],[Clothing, Shoes & Jewelry,Contemporary Designer Jewelry],[Clothing, Shoes & Jewelry,Women],[Clothing, Shoes & Jewelry,Novelty, Costumes & More,Novelty,Jewelry,Bracelets],[Clothing, Shoes & Jewelry,Women's Luxury Brands]]"
3886,236647,Nine West &quot;Classics&quot; Gold-Tone and Crystal Drop Off Hoop Earrings,"[[Clothing, Shoes & Jewelry,Jewelry: International Shipping Available],[Clothing, Shoes & Jewelry,Shop by Designer],[Clothing, Shoes & Jewelry,N,Nine West],[Clothing, Shoes & Jewelry,Timeless Designer Jewelry],[Clothing, Shoes & Jewelry,Women,Jewelry,Fashion,Earrings,Hoop],[Clothing, Shoes & Jewelry,Novelty, Costumes & More,Novelty]]"
3887,236651,Seafolly Girls 7-16 Short Sleeve Rashguard,"[[Clothing, Shoes & Jewelry,Girls,Clothing,Swim,Rash Guard Shirts],[Clothing, Shoes & Jewelry,Women's Luxury Brands]]"
3888,236652,14k Opal Earring,"[[Clothing, Shoes & Jewelry,Gemstones],[Clothing, Shoes & Jewelry,Women,Jewelry,Fine,Earrings,Stud],[Clothing, Shoes & Jewelry,Novelty, Costumes & More,Novelty]]"
3889,236655,"Jump Juniors Ruched Mesh Tube Dress, Black, X-Small","[[Clothing, Shoes & Jewelry,J,JUMP],[Clothing, Shoes & Jewelry,Women,Clothing,Dresses,Night Out & Cocktail],[Clothing, Shoes & Jewelry,Women,Juniors,Dresses,Night Out & Cocktail]]"
3890,236657,MA by Michael Antonio Women's Riordan Platform Sandal,"[[Clothing, Shoes & Jewelry,Shoes & Accessories: International Shipping Available],[Clothing, Shoes & Jewelry,M,Michael Antonio],[Clothing, Shoes & Jewelry,Women,Shoes,Sandals]]"
3891,236658,6mm Stone Beads Station Sterling Silver Box Chain Bracelet 7.5 inch,"[[Clothing, Shoes & Jewelry,Gemstones],[Clothing, Shoes & Jewelry,Women],[Clothing, Shoes & Jewelry,Novelty, Costumes & More,Novelty,Jewelry,Bracelets]]"
3892,236659,Rhodium White Gold Plated Bracelet for Women Open Heart Link Womens Bracelet with Diamond Cut Clear Purple Bracelet,"[[Clothing, Shoes & Jewelry,Women],[Clothing, Shoes & Jewelry,Novelty, Costumes & More,Novelty,Jewelry,Bracelets]]"
3893,236663,Wholesale! Beautiful Ruby in Fuchsite Pendant Bead Pick 9pcs,"[[Clothing, Shoes & Jewelry,Women],[Clothing, Shoes & Jewelry,Novelty, Costumes & More,Novelty,Jewelry,Necklaces & Pendants]]"
3894,236664,12pcs 25x18x7mm Beautiful Picasso Jasper CAB Cabochon,"[[Clothing, Shoes & Jewelry,Women],[Clothing, Shoes & Jewelry,Novelty, Costumes & More,Novelty,Jewelry,Necklaces & Pendants]]"
3895,236665,Beautiful 10pcs Mixed Color Dragon Veins Agate CAB Cabochon 30x20x6mm,"[[Clothing, Shoes & Jewelry,Women],[Clothing, Shoes & Jewelry,Novelty, Costumes & More,Novelty,Jewelry,Necklaces & Pendants]]"
3896,236666,27pcs Beautiful Purple Sea Sediment Jasper Pendant Bead Set,"[[Clothing, Shoes & Jewelry,Women],[Clothing, Shoes & Jewelry,Novelty, Costumes & More,Novelty,Jewelry,Necklaces & Pendants]]"
3897,236667,Gemstone Donuts - 1/2 Pound Assortment,"[[Clothing, Shoes & Jewelry,Novelty, Costumes & More,Novelty]]"
3898,236668,3pcs Mixed Color Sea Sediment Jasper &amp; Pyrite Pendant Bead 8 Set,"[[Clothing, Shoes & Jewelry,Women],[Clothing, Shoes & Jewelry,Novelty, Costumes & More,Novelty,Jewelry,Necklaces & Pendants]]"
3899,236671,Johnnie Lene Natural Color Textured Suit Set for Boys From Baby to Teen,"[[Clothing, Shoes & Jewelry,Boys,Clothing,Suits & Sport Coats,Suits]]"
3900,236672,Yoursclothing Womens Plus Size Jersey Sleevesless Shirt Top With Lace Insert Det Size 26-28 Grey,"[[Sports & Outdoors,Clothing,Women,Shirts,T-Shirts],[Clothing, Shoes & Jewelry,Women,Clothing,Active,Active Shirts & Tees],[Clothing, Shoes & Jewelry,Women,Plus-Size,Active,Active Shirts & Tees]]"
3901,236674,Yoursclothing Womens Plus Size Wine Caviar Beaded Leggings Red,"[[Clothing, Shoes & Jewelry,Women,Clothing,Leggings],[Clothing, Shoes & Jewelry,Women,Plus-Size,Leggings]]"
3902,236675,"Hello Kitty Girls 2-6X On Tee Shirt, Aspen Gold, 4T","[[Clothing, Shoes & Jewelry,Girls,Clothing,Tops & Tees,Tees]]"
3903,236676,"Almost Famous Girls 2-6X Rainbow Embroidery Short, Dark Night Wash, 5","[[Clothing, Shoes & Jewelry,Girls,Clothing,Shorts]]"
3904,236679,Hatley Baby Girls Newborn Zip Up Coverall Candy Cane Stripes,"[[Clothing, Shoes & Jewelry,H,Hatley],[Clothing, Shoes & Jewelry,Baby,Baby Girls,Clothing]]"
3905,236680,Aventura Women's Nadia Dress,"[[Clothing, Shoes & Jewelry,Women,Clothing,Dresses,Casual]]"
3906,236681,Clarisse Cocktail Dress 2041,"[[Clothing, Shoes & Jewelry,Women,Clothing,Dresses,Night Out & Cocktail],[Clothing, Shoes & Jewelry,Women,Clothing,Dresses,Special Occasion]]"
3907,236683,"Pink Gold Plated Sterling Silver Clear Crystal Circle Pendant Necklace, 18&quot;","[[Clothing, Shoes & Jewelry,Jewelry: International Shipping Available],[Clothing, Shoes & Jewelry,Amazon Curated Collection],[Clothing, Shoes & Jewelry,Women,Jewelry,Fashion,Necklaces,Pendants],[Clothing, Shoes & Jewelry,Novelty, Costumes & More,Novelty]]"
3908,236684,WallFlower Juniors Bling Irresistible Jegging Jean in Alpha Rinse Size: 7,"[[Clothing, Shoes & Jewelry,Women,Clothing,Leggings],[Clothing, Shoes & Jewelry,Women,Juniors,Leggings]]"
3909,236685,Nila Anthony Women's Iridescent Backpack One Size Gold,"[[Clothing, Shoes & Jewelry,Luggage & Travel Gear,Backpacks,Casual Daypacks]]"
3910,236686,Torrid Denim - Black Denim Jacket,"[[Clothing, Shoes & Jewelry,Women,Clothing,Suits & Blazers,Blazers,Wear to Work],[Clothing, Shoes & Jewelry,Women,Clothing,Suits & Blazers,Blazers,Casual],[Clothing, Shoes & Jewelry,Women,Plus-Size,Blazers & Jackets,Casual],[Clothing, Shoes & Jewelry,Women,Plus-Size,Blazers & Jackets,Wear to Work]]"
3911,236687,Ladies Plus Size Point Collar Leopard Prints Casual Semi Sheer Shirt,"[[Clothing, Shoes & Jewelry,Women,Clothing,Tops & Tees,Blouses & Button-Down Shirts],[Clothing, Shoes & Jewelry,Women,Plus-Size,Tops & Tees,Blouses & Button-Down Shirts]]"
3912,236688,Wet Seal Women's Tiered Babydoll Tunic L Pastel Tan Rose,"[[Clothing, Shoes & Jewelry,Women,Clothing,Tops & Tees],[Clothing, Shoes & Jewelry,Women,Juniors,Tops & Tees]]"
3913,236689,Wet Seal Women's Whitney Tonal Striped V-Neck Tee L Charcoal,"[[Clothing, Shoes & Jewelry,Women,Clothing,Tops & Tees,Knits & Tees],[Clothing, Shoes & Jewelry,Women,Juniors,Tops & Tees,Knits & Tees]]"
3914,236690,Wet Seal Women's Long Sleeve V-Neck Top L Palace Blue,"[[Clothing, Shoes & Jewelry,Women,Clothing,Tops & Tees,Knits & Tees],[Clothing, Shoes & Jewelry,Women,Juniors,Tops & Tees,Knits & Tees]]"
3915,236691,Living Dead Souls Black Stretch Skinny Jeans Rocker Chick Jeans,"[[Clothing, Shoes & Jewelry,Women,Clothing,Jeans],[Clothing, Shoes & Jewelry,Women,Petite,Jeans]]"
3916,236692,Oat Beige Rhinestone Peep Toe Faux Suede Cover Platform Wedge Alter,"[[Clothing, Shoes & Jewelry,Women,Shoes,Pumps]]"
3917,236694,Yellow Green &amp; Orange Sea Shell Charm Pendant Jewelry Scarf/Necklace,"[[Clothing, Shoes & Jewelry,Women,Accessories,Scarves & Wraps,Fashion Scarves]]"
3918,236697,ROSEMANDY Flower Long Thin Scarf Scarves 72.8 X 17.7 Inches (Blue),"[[Clothing, Shoes & Jewelry,Women,Accessories,Scarves & Wraps,Fashion Scarves]]"
3919,236698,"Sterling Silver5-6mm Genuine Freshwater Chocolate Pearl Necklace, Stretch Bracelet and Earring Set","[[Clothing, Shoes & Jewelry,Novelty, Costumes & More,Novelty,Jewelry]]"
3920,236699,TRENDY FASHION COLOR STONE BLOCKS STATEMENT NECKLACE SET BY FASHION DESTINATION,"[[Clothing, Shoes & Jewelry,Women,Jewelry,Fashion,Necklaces,Chains],[Clothing, Shoes & Jewelry,Novelty, Costumes & More,Novelty]]"
3921,236700,16 Gauge Single Gem Captive Ring Chain Link Cartilage Tragus Barbell Earring,"[[Clothing, Shoes & Jewelry,Women],[Clothing, Shoes & Jewelry,Novelty, Costumes & More,Novelty,Jewelry],[Clothing, Shoes & Jewelry,Novelty, Costumes & More,Body Jewelry,Piercing Jewelry,Rings]]"
3922,236702,"Robert Rodriguez Women's Burnout Cascade Dress, White, 12","[[Clothing, Shoes & Jewelry,Women,Clothing,Dresses,Night Out & Cocktail],[Clothing, Shoes & Jewelry,Women,Petite,Dresses,Night Out & Cocktail],[Clothing, Shoes & Jewelry,Women's Luxury Brands]]"
3923,236703,Klub Nico Women's Chiara Pump,"[[Clothing, Shoes & Jewelry,Shoes & Accessories: International Shipping Available],[Clothing, Shoes & Jewelry,K,Klub Nico],[Clothing, Shoes & Jewelry,Women,Shoes,Pumps]]"
3924,236704,"Levi's Boys 8-20 550 Relaxed Fit Jean Husky, PALMER, 10 Husky","[[Clothing, Shoes & Jewelry,Boys,Clothing,Jeans]]"
3925,236705,"Reebok Boy's 8-20 RBK Mesh Short with Contrast Side, Graphite, Small","[[Sports & Outdoors,Clothing,Boys,Shorts,Workout Shorts],[Clothing, Shoes & Jewelry,R,Reebok],[Clothing, Shoes & Jewelry,Boys,Clothing,Active,Active Shorts]]"
3926,236706,"Akademiks Men's Seaside Long Sleeve Woven, Khaki, Large","[[Clothing, Shoes & Jewelry,Akademiks],[Clothing, Shoes & Jewelry,Men,Clothing,Shirts,Casual Button-Down Shirts],[Clothing, Shoes & Jewelry,Men,Big & Tall]]"
3927,236707,Ice Blue Ladies Leopard Graphic Print Capri Leggings,"[[Clothing, Shoes & Jewelry,Women,Clothing,Leggings]]"
3928,236708,Green Ladies Newspaper Print Capri Leggings,"[[Clothing, Shoes & Jewelry,Women,Clothing,Leggings]]"
3929,236709,Hand By Hand Women's Capri Leggings,"[[Clothing, Shoes & Jewelry,Women,Clothing,Leggings]]"
3930,236711,Sexy Low Rise Yoga Lounge Capri Pants Gym Workout &quot;LOVE&quot; At the Back,"[[Clothing, Shoes & Jewelry,Women,Clothing]]"
3931,236712,"Show Story Colourful Sweetheart Neckline Short Sleeves Casual Dress 03002, AL03002BK08, Black, 6US","[[Clothing, Shoes & Jewelry,Women,Clothing,Dresses,Casual]]"
3932,236713,"Kenneth Cole REACTION Men's Plaid Woven Sleep Pants, Grey Dawn, Medium","[[Clothing, Shoes & Jewelry,K,Kenneth Cole REACTION],[Clothing, Shoes & Jewelry,Men,Clothing,Sleep & Lounge,Sleep Bottoms]]"
3933,236714,Best. Grandpa. Ever. Men's T-shirt,"[[Clothing, Shoes & Jewelry,Men],[Clothing, Shoes & Jewelry,Novelty, Costumes & More,Novelty,Clothing,Men,Shirts,T-Shirts]]"
3934,236715,Gloria Vanderbilt Kristine Knit Waist Shorts,"[[Clothing, Shoes & Jewelry,Women,Clothing,Shorts,Casual]]"
3935,236717,Bi.tencon 5 Colors Satin Embroidered Corsets and Bustiers Lingerie Tops,"[[Clothing, Shoes & Jewelry,Women,Clothing,Lingerie, Sleep & Lounge,Intimates,Lingerie,Bustiers & Corsets]]"
3936,236718,Dreamgirl Women's Plus-Size Sexy Kiss Tank Top and Boyshort,"[[Clothing, Shoes & Jewelry,Women,Plus-Size,Tops & Tees,Tanks & Camis],[Clothing, Shoes & Jewelry,Novelty, Costumes & More,Exotic Apparel,Women]]"
3937,236720,Flower Painting Strappy Peplum Top,"[[Clothing, Shoes & Jewelry,Women,Clothing,Tops & Tees,Tanks & Camis]]"
3938,236721,Akademiks Men's Cooper PU Sleeve T-Shirt,"[[Clothing, Shoes & Jewelry,Akademiks],[Clothing, Shoes & Jewelry,Men,Clothing,Shirts,T-Shirts]]"
3939,236722,"Diesel Women's Cud Hat, Light Brown, Large","[[Clothing, Shoes & Jewelry,Women,Accessories,Hats & Caps,Sun Hats]]"
3940,236723,Aeropostale Women's Embellished T-Shirt,"[[Clothing, Shoes & Jewelry,Women,Clothing,Tops & Tees,Knits & Tees]]"
3941,236724,"14K White Gold Plated Sterling Silver Synthetic Opal Inlay Butterfly Ring, with Marquise Shape Amethyst Cubic Zirconia For Women 16MM ( Size 6 to 9)","[[Clothing, Shoes & Jewelry,Gemstones],[Clothing, Shoes & Jewelry,Women,Jewelry],[Clothing, Shoes & Jewelry,Novelty, Costumes & More,Novelty,Jewelry,Wedding & Engagement Rings,Engagement Rings]]"
3942,236725,Calvin Klein Jeans Men's Plaid Trouser Short,"[[Clothing, Shoes & Jewelry,Men,Clothing,Shorts,Flat Front]]"
3943,236726,Cole Haan Men's Three-Pack Assorted Modern Argyle Crew Socks,"[[Clothing, Shoes & Jewelry,C,Cole Haan],[Clothing, Shoes & Jewelry,Men,Clothing,Socks,Dress & Trouser Socks]]"
3944,236727,"adidas Men's Response Traditional Polo Short-Sleeve Top, White/High Energy/Prime Blue, Large","[[Sports & Outdoors,Racquet Sports,Tennis,Clothing,Men,Shirts],[Clothing, Shoes & Jewelry,adidas],[Clothing, Shoes & Jewelry,Men,Clothing,Active,Active Shirts & Tees],[Clothing, Shoes & Jewelry,Men,Big & Tall]]"
3945,236728,Adidas Mens Adizero Feather 2 M Bright BlueWhiteRed Running-Shoes US 8.5 NIB,"[[Clothing, Shoes & Jewelry,adidas],[Clothing, Shoes & Jewelry,Men,Shoes,Athletic,Running]]"
3946,236729,Vobaga Men's Double-breasted Long Trench Coat Jacket Overcoat,"[[Clothing, Shoes & Jewelry,Men,Clothing,Jackets & Coats,Trench & Rain],[Clothing, Shoes & Jewelry,Men,Big & Tall]]"
3947,236731,"Zoo York Men's Cracker Chisel Tee, Purple, Medium","[[Clothing, Shoes & Jewelry,T,TapouT],[Clothing, Shoes & Jewelry,Men,Clothing,Shirts,T-Shirts],[Clothing, Shoes & Jewelry,Men,Big & Tall]]"
3948,236738,Maxstar 777 1 Band Zipper Synthetic Leather Wedge Heels Shoes,"[[Clothing, Shoes & Jewelry,Women,Shoes,Fashion Sneakers]]"
3949,236739,Marc Ecko Men's E14512G2 The Beacon Three Hand Watch,"[[Clothing, Shoes & Jewelry,New Arrivals],[Clothing, Shoes & Jewelry,Jewelry: International Shipping Available],[Clothing, Shoes & Jewelry,Fashion Watches],[Clothing, Shoes & Jewelry,Available for International Shipping],[Clothing, Shoes & Jewelry,Men,Watches,Wrist Watches]]"
3950,236740,Roberto Cavalli Sunglasses RC499S Prehnite 08C Gunmetal/Leopard 499,"[[Clothing, Shoes & Jewelry,R,Roberto Cavalli],[Clothing, Shoes & Jewelry,Women,Accessories,Sunglasses & Eyewear Accessories,Sunglasses],[Clothing, Shoes & Jewelry,Designer Shoes & Handbags]]"
3951,236741,Invicta Men's 10773 Sea Spider Black Dial Watch,"[[Clothing, Shoes & Jewelry,New Arrivals],[Clothing, Shoes & Jewelry,Jewelry: International Shipping Available],[Clothing, Shoes & Jewelry,Fashion Watches],[Clothing, Shoes & Jewelry,Available for International Shipping],[Clothing, Shoes & Jewelry,Invicta],[Clothing, Shoes & Jewelry,Men,Watches,Wrist Watches]]"
3952,236742,XOXO XH51026 Classy Girl Croco Double Handle (Black),"[[Clothing, Shoes & Jewelry,X,XOXO],[Clothing, Shoes & Jewelry,Women,Handbags & Wallets,Top-Handle Bags]]"
3953,236743,8MM Men's Gold Plated Tungsten Carbide Ring Wedding Band W/ Black &amp; Blue Carbon Fiber Inaly Size 12,"[[Clothing, Shoes & Jewelry,Men,Jewelry,Wedding Rings],[Clothing, Shoes & Jewelry,Novelty, Costumes & More,Novelty]]"
3954,236744,Rock em Sock em T-Shirt as seen on the Big Bang Theory,"[[Clothing, Shoes & Jewelry,Men],[Clothing, Shoes & Jewelry,Novelty, Costumes & More,Movie & TV Fan,Tops & Tees,T-Shirts]]"
3955,236747,"Marchez Vous Women's Babette Boots,Black Suede,11 M US","[[Clothing, Shoes & Jewelry,Boot Shop,Women,Fashion],[Clothing, Shoes & Jewelry,Women,Shoes,Boots]]"
3956,236748,"Marc by Marc Jacobs Women's 635084/4 Slipper,Grey,41 EU/11 M US","[[Clothing, Shoes & Jewelry,Shoes & Accessories: International Shipping Available],[Clothing, Shoes & Jewelry,M,Marc by Marc Jacobs],[Clothing, Shoes & Jewelry,Women,Shoes,Slippers],[Clothing, Shoes & Jewelry,Designer Shoes & Handbags],[Clothing, Shoes & Jewelry,Women's Luxury Brands]]"
3957,236749,Womens Ash Footwear Thelma,"[[Clothing, Shoes & Jewelry,Women,Shoes,Fashion Sneakers]]"
3958,236750,Adidas Seeley (Black/White/Pool) Mens Skate Shoes,"[[Clothing, Shoes & Jewelry,adidas],[Clothing, Shoes & Jewelry,Men,Shoes,Fashion Sneakers]]"
3959,236753,Christian Audigier Clutch Handbag Porte-cartes MRS7004_TURQUOISE,"[[Clothing, Shoes & Jewelry,Women,Handbags & Wallets,Cross-Body Bags]]"
3960,236755,Stretch Multicoloured Wooden Saints Bracelet / Jesus Bracelet / All Saints Bracelet - Up to 20cm Length,"[[Clothing, Shoes & Jewelry,Women],[Clothing, Shoes & Jewelry,Novelty, Costumes & More,Novelty,Jewelry,Bracelets]]"
3961,236756,"Naked &amp; Famous Denim Men's Regular Shirt Print, Brown, Large","[[Clothing, Shoes & Jewelry,Men,Clothing,Shirts,Casual Button-Down Shirts]]"
3962,236757,Barack Obama &quot;Paving The Road&quot; Men's T-Shirt #B307,"[[Clothing, Shoes & Jewelry,Men],[Clothing, Shoes & Jewelry,Novelty, Costumes & More,Novelty,Clothing,Men,Shirts,T-Shirts]]"
3963,236758,Mary Engelbreit M3137 Women's Spade Neck Tunic,"[[Clothing, Shoes & Jewelry,Novelty, Costumes & More,Work Wear & Uniforms,Clothing,Medical]]"
3964,236759,Cherokee Runway Meadow Medley Stretch V-Neck Top,"[[Clothing, Shoes & Jewelry,Novelty, Costumes & More,Work Wear & Uniforms,Clothing,Medical]]"
3965,236760,Kitty Stainless Steel Bangle Watch (Pink),"[[Clothing, Shoes & Jewelry,Women,Watches,Wrist Watches]]"
3966,236763,Howe Men's White Leather Black Pills,"[[Clothing, Shoes & Jewelry,Men,Clothing]]"
3967,236764,Neff Mens 2 Chainz Tee,"[[Clothing, Shoes & Jewelry,Men,Clothing,Shirts,T-Shirts],[Clothing, Shoes & Jewelry,Men,Surf, Skate & Street,Clothing,Shirts,T-Shirts],[Clothing, Shoes & Jewelry,Novelty, Costumes & More,Band & Music Fan,T-Shirts]]"
3968,236765,Skulls Print Long Peasant Sleeve Wide Open Bottom Chiffon Blouse Turquoise,"[[Clothing, Shoes & Jewelry,Women,Clothing,Tops & Tees,Blouses & Button-Down Shirts]]"
3969,236768,Faux Pearl Rhinestones Dog Detailing Bracelet Bangle Jewelry Silver Tone White 2 Pcs,"[[Clothing, Shoes & Jewelry,Women],[Clothing, Shoes & Jewelry,Novelty, Costumes & More,Novelty,Jewelry,Bracelets]]"
3970,236769,925 Sterling Silver Cute Kitten And Dog BFF Pendant,"[[Clothing, Shoes & Jewelry,Women],[Clothing, Shoes & Jewelry,Novelty, Costumes & More,Novelty,Jewelry,Necklaces & Pendants]]"
3971,236770,Gold Ion Plated in Stainless Steel Braided Bangle Bracelet,"[[Clothing, Shoes & Jewelry,Jewelry: International Shipping Available],[Clothing, Shoes & Jewelry,Amazon Curated Collection],[Clothing, Shoes & Jewelry,Women,Jewelry,Fashion,Bracelets,Bangle],[Clothing, Shoes & Jewelry,Novelty, Costumes & More,Novelty]]"
3972,236771,Nine West &quot;Mix It Up&quot; Tri-Tone Linear Open Link Drop Earrings,"[[Clothing, Shoes & Jewelry,Jewelry: International Shipping Available],[Clothing, Shoes & Jewelry,Shop by Designer],[Clothing, Shoes & Jewelry,N,Nine West],[Clothing, Shoes & Jewelry,Timeless Designer Jewelry],[Clothing, Shoes & Jewelry,Women,Jewelry,Fashion,Earrings,Drop & Dangle],[Clothing, Shoes & Jewelry,Novelty, Costumes & More,Novelty]]"
3973,236772,Sexy Black Long Sleeve Bandeau Mesh Top - Large,"[[Clothing, Shoes & Jewelry,Women],[Clothing, Shoes & Jewelry,Novelty, Costumes & More,Exotic Apparel,Women]]"
3974,236775,XOXO XH50929 Fresh jacquard Hobo (Black),"[[Clothing, Shoes & Jewelry,X,XOXO],[Clothing, Shoes & Jewelry,Women,Handbags & Wallets,Shoulder Bags]]"
3975,236776,"XOXO Pleated Monogram Wallet W/ Pebbled Trim [XS70155], BLACK","[[Clothing, Shoes & Jewelry,X,XOXO],[Clothing, Shoes & Jewelry,Women,Accessories,Wallets, Card Cases & Money Organizers,Wallets],[Clothing, Shoes & Jewelry,Novelty, Costumes & More,Band & Music Fan,Accessories]]"
3976,236777,Pink metal link necklace and earring set Fashion Jewelry Costume Jewelry fashion accessory Beautiful Charms,"[[Clothing, Shoes & Jewelry,Novelty, Costumes & More,Novelty,Jewelry]]"
3977,236778,Lavender Purple Lime Green &amp; Silver Grey Bead Stone Interlaced Bib Fashion Jewlery Statement Necklace &amp; Earring Set,"[[Clothing, Shoes & Jewelry,Novelty, Costumes & More,Novelty,Jewelry]]"
3978,236779,Yellow Gold Plated Sterling Silver Princess-Cut Cubic Zirconia Stud Earrings,"[[Clothing, Shoes & Jewelry,New Arrivals,New Jewelry],[Clothing, Shoes & Jewelry,Jewelry: International Shipping Available],[Clothing, Shoes & Jewelry,Amazon Curated Collection],[Clothing, Shoes & Jewelry,Women,Jewelry,Fine,Earrings,Stud],[Clothing, Shoes & Jewelry,Women,Jewelry,Fashion,Earrings,Stud],[Clothing, Shoes & Jewelry,Novelty, Costumes & More,Novelty]]"
3979,236780,"IMoshion Nisha 7736D Tote,Black,One Size","[[Clothing, Shoes & Jewelry,Women,Handbags & Wallets,Top-Handle Bags],[Clothing, Shoes & Jewelry,Women,Handbags & Wallets,Shoulder Bags]]"
3980,236781,"Hurley Men's Marvel Premium Long Sleeve, Black, Medium","[[Clothing, Shoes & Jewelry,Men,Clothing,Shirts,T-Shirts],[Clothing, Shoes & Jewelry,Men,Surf, Skate & Street,Clothing,Shirts,T-Shirts]]"
3981,236782,"DOLLHOUSE Glen Plaid Bomber Hoodie [6233B], NAVY/PINK, SMALL","[[Clothing, Shoes & Jewelry,D,dollhouse],[Clothing, Shoes & Jewelry,Women,Clothing,Coats & Jackets,Wool & Blends],[Clothing, Shoes & Jewelry,Women,Juniors,Coats & Jackets,Wool & Blends]]"
3982,236783,Little Me Baby-boys Newborn Lovable Lion Footie and Bib,"[[Clothing, Shoes & Jewelry,Baby,Baby Boys,Clothing,Footies & Rompers,Footies]]"
3983,236784,NWT Baby Togs Boys 2 pc cord overalls set (6-9 mo),"[[Clothing, Shoes & Jewelry,Baby,Baby Boys,Clothing,Clothing Sets]]"
3984,236785,"Little Me Baby-Boys Newborn Country Shortall Pant Set, Blue Plaid, 12 Months","[[Clothing, Shoes & Jewelry,Baby,Baby Boys,Clothing]]"
3985,236786,Leveret &quot;Space Rocket&quot; 2 Piece Pajama 100% Cotton (Size 6M-5T),"[[Clothing, Shoes & Jewelry,Baby,Baby Boys,Clothing,Sleepwear & Robes,Pajama Sets]]"
3986,236788,Spasilk 2 Piece Sleepwear With Hat - Boy Elephant Print,"[[Clothing, Shoes & Jewelry,Baby,Baby Boys,Clothing,Bodysuits],[Clothing, Shoes & Jewelry,Novelty, Costumes & More,Costumes & Accessories,Hats & Caps,Kids & Baby]]"
3987,236789,Converse All Star Simple Slip Toddler Athletic 722411f,"[[Clothing, Shoes & Jewelry,C,Converse],[Clothing, Shoes & Jewelry,Baby,Baby Girls],[Clothing, Shoes & Jewelry,Baby,Baby Boys]]"
3988,236790,Monsters University: Mike Deluxe Hoodie,"[[Clothing, Shoes & Jewelry,Novelty, Costumes & More,Novelty,Clothing,Women,Hoodies],[Clothing, Shoes & Jewelry,Novelty, Costumes & More,Novelty,Clothing,Men,Hoodies]]"
3989,236792,Vintage Plumes Passport Holder,"[[Clothing, Shoes & Jewelry,Luggage & Travel Gear,Travel Accessories,Passport Covers]]"
3990,236793,Desigual Women's Brasilia Knitted Skirt Knee,"[[Clothing, Shoes & Jewelry,Women,Clothing,Skirts,Night Out & Special Occasion],[Clothing, Shoes & Jewelry,Women,Petite,Skirts,Night Out & Special Occasion],[Clothing, Shoes & Jewelry,Women,Plus-Size,Skirts,Night Out & Special Occasion]]"
3991,236794,&quot; Dog &quot; 3d Dangle Charm Bead Fits Pandora Troll Chamilia Biagi and Other Add-a-bead Bracelets.,"[[Clothing, Shoes & Jewelry,Women],[Clothing, Shoes & Jewelry,Novelty, Costumes & More,Novelty,Jewelry,Charms]]"
3992,236795,Pro Jewelry .925 Sterling Silver &quot;Green w/ Rainbow Flowers&quot; Glass Charm Bead for Snake Chain Charm Bracelet,"[[Clothing, Shoes & Jewelry,Women],[Clothing, Shoes & Jewelry,Novelty, Costumes & More,Novelty,Jewelry,Charms]]"
3993,236796,.925 Sterling Silver Dangling &quot;Splish-Splash Deep Blue Treated Topaz Charm&quot; for Snake Chain Charm Bracelets,"[[Clothing, Shoes & Jewelry,Novelty, Costumes & More,Novelty,Jewelry,Charms]]"
3994,236797,Pro Jewelry .925 Sterling Silver &quot;White w/ Black Paw Print&quot; Glass Charm Bead for Snake Chain Charm Bracelet,"[[Clothing, Shoes & Jewelry,Women],[Clothing, Shoes & Jewelry,Novelty, Costumes & More,Novelty,Jewelry,Charms]]"
3995,236798,Pro Jewelry .925 Sterling Silver &quot;Multicolor Paws on Round&quot; Charm Bead for Snake Chain Charm Bracelet 5073,"[[Clothing, Shoes & Jewelry,Women],[Clothing, Shoes & Jewelry,Novelty, Costumes & More,Novelty,Jewelry,Charms]]"
3996,236799,Annie  Women's Charlene T-Strap,"[[Clothing, Shoes & Jewelry,Shoes & Accessories: International Shipping Available],[Clothing, Shoes & Jewelry,Annie],[Clothing, Shoes & Jewelry,Women,Shoes,Sandals]]"
3997,236800,AlmaDanza Women's Latin Dance Shoes A269201,"[[Clothing, Shoes & Jewelry,Women,Shoes,Athletic,Ballet & Dance]]"
3998,236801,AlmaDanza Women's Latin Dance Shoes,"[[Clothing, Shoes & Jewelry,Women,Shoes,Athletic,Ballet & Dance]]"
3999,236803,14k Solid White Gold 1.5 mm Singapore Chain Necklace 16&quot; w/ Lobster Claw Clasp,"[[Clothing, Shoes & Jewelry,Women,Jewelry,Fine,Necklaces,Chains],[Clothing, Shoes & Jewelry,Novelty, Costumes & More,Novelty]]"
4000,236806,DEARFOAMS CHELSEA LS098 BLACK WOMENS SLIPPERS Size SM,"[[Clothing, Shoes & Jewelry,D,Dearfoams],[Clothing, Shoes & Jewelry,Women,Shoes,Flats]]"
4001,236807,Gorgeous Bridal Women's Satin Sweetheart Long Wedding Dress,"[[Clothing, Shoes & Jewelry,Women,Clothing,Dresses,Special Occasion],[Clothing, Shoes & Jewelry,Women,Clothing,Dresses,Wedding,Wedding Dresses]]"
4002,236808,Oh So Sexy Male Power Silver Streak Insert Short,"[[Clothing, Shoes & Jewelry,Men],[Clothing, Shoes & Jewelry,Novelty, Costumes & More,Exotic Apparel,Men,Boxers]]"
4003,236809,Adjustable Black Mariners Cord Necklace with Unique Yak Bone Carving Tiki Man Totem Pendant 2&quot; Long,"[[Clothing, Shoes & Jewelry,Men,Jewelry,Necklaces],[Clothing, Shoes & Jewelry,Novelty, Costumes & More,Novelty,Jewelry,Necklaces & Pendants]]"
4004,236810,Zeagoo Women's Handmade Bead Shoulder Bow Belt Sleeveless Pleated Dress Blue XL,"[[Clothing, Shoes & Jewelry,Women,Clothing,Dresses,Casual]]"
4005,236811,"Hello Kitty Girls 2-6X Sequin Shirt, Purple, 2T","[[Clothing, Shoes & Jewelry,Girls,Clothing,Tops & Tees,Tees]]"
4006,236812,Splendid Littles Baby-Girls Newborn Always Cargo Short,"[[Clothing, Shoes & Jewelry,Baby,Baby Girls,Clothing,Bottoms,Shorts],[Clothing, Shoes & Jewelry,Women's Luxury Brands]]"
4007,236813,Flap Happy Baby-girls Infant Lettuce Edge Screen Printed Tee,"[[Clothing, Shoes & Jewelry,Baby,Baby Girls,Clothing,Tops,Tees]]"
4008,236818,"Mark Naimer Fashion Watch in Zebra Print, Black/White Colors","[[Clothing, Shoes & Jewelry,Women]]"
4009,236819,Breda Women's 2302-redzebra &quot;Ravynn&quot; Rhinestone Bezel Silicone Band Watch,"[[Clothing, Shoes & Jewelry,New Arrivals],[Clothing, Shoes & Jewelry,Jewelry: International Shipping Available],[Clothing, Shoes & Jewelry,Fashion Watches],[Clothing, Shoes & Jewelry,Available for International Shipping],[Clothing, Shoes & Jewelry,Breda],[Clothing, Shoes & Jewelry,Women,Watches,Wrist Watches]]"
4010,236820,Teal Color Mark Naimer Woman's Fashion Watch with Teal Silicone Band. Japanese Movement Dial,"[[Clothing, Shoes & Jewelry,Women,Watches,Wrist Watches]]"
4011,236821,599fashion Strapless tunic/dress w/elasticized bust,"[[Clothing, Shoes & Jewelry,Women,Clothing,Tops & Tees,Tunics]]"
4012,236822,Mass Effect 3 Dog Tags Necklace Alliance Shepard,"[[Clothing, Shoes & Jewelry,Novelty, Costumes & More,Novelty,Clothing,Men,Accessories,Keychains]]"
4013,236824,Sheinside Women's Fashion Cute Print Sweatshirt Sweater,"[[Clothing, Shoes & Jewelry,Women,Clothing,Fashion Hoodies & Sweatshirts]]"
4014,236827,"Sheinside Beige Long Sleeve Contrast Lace Pullovers Sweater (one size, Beige)","[[Clothing, Shoes & Jewelry,Women,Clothing,Sweaters,Pullovers]]"
4015,236831,"Luvable Friends Cotton Pattern Tights, Purple","[[Clothing, Shoes & Jewelry,Girls,Clothing,Socks & Tights,Tights]]"
4016,236832,Cufflinks Fish Christian Black Silver Ichthys Gift Boxed Mrcuff,"[[Clothing, Shoes & Jewelry,Men],[Clothing, Shoes & Jewelry,Novelty, Costumes & More,Novelty]]"
4017,236833,Croft &amp; Barrow Womens Black Studs Scarf Gloves &amp; Beanie Hat Set Stocking Cap,"[[Clothing, Shoes & Jewelry,Women,Accessories,Gloves & Mittens,Cold Weather Gloves]]"
4018,236834,6ct Simulated Alexandrite &amp; Diamond Accent Infinity Bracelet,"[[Clothing, Shoes & Jewelry,Diamonds],[Clothing, Shoes & Jewelry,Women],[Clothing, Shoes & Jewelry,Novelty, Costumes & More,Novelty,Jewelry,Bracelets]]"
4019,236836,Sterling Silver Three Dimensional Lamb Sheep Charm,"[[Clothing, Shoes & Jewelry,Women],[Clothing, Shoes & Jewelry,Novelty, Costumes & More,Novelty,Jewelry,Charms]]"
4020,236837,Feelib Womens Open Shoulder Top,"[[Clothing, Shoes & Jewelry,Women],[Clothing, Shoes & Jewelry,Novelty, Costumes & More,Novelty,Clothing,Women,Tops & Tees,T-Shirts]]"
4021,236838,"Rock And Roll Mens Thermal Shirt, Winged Guitar and Pinstriping Design Mens Long Sleeve Thermal Shirt","[[Clothing, Shoes & Jewelry,Women],[Clothing, Shoes & Jewelry,Men],[Clothing, Shoes & Jewelry,Novelty, Costumes & More,Novelty,Clothing,Men,Sweatshirts],[Clothing, Shoes & Jewelry,Novelty, Costumes & More,Band & Music Fan,Sweatshirts]]"
4022,236839,Guitar T-shirt Boney's Riff Ribcage Skeleton Rocker,"[[Clothing, Shoes & Jewelry,Men,Big & Tall],[Clothing, Shoes & Jewelry,Novelty, Costumes & More,Novelty,Clothing,Women,Tops & Tees,T-Shirts],[Clothing, Shoes & Jewelry,Novelty, Costumes & More,Novelty,Clothing,Men,Shirts,T-Shirts]]"
4023,236840,Jewelry Necklace Collection - Scarlet Bubble Rider Fairy,"[[Clothing, Shoes & Jewelry,Novelty, Costumes & More,Novelty,Jewelry,Necklaces & Pendants]]"
4024,236841,"Sterling Silver Beaded Wire Wedding Band / Thumb Ring 3/8 inch wide, size 10","[[Clothing, Shoes & Jewelry,Women],[Clothing, Shoes & Jewelry,Novelty, Costumes & More,Novelty,Jewelry,Rings]]"
4025,236842,"Hurley Men's Kogi Premium Shore, Red, Medium","[[Clothing, Shoes & Jewelry,Men,Clothing,Shirts,T-Shirts],[Clothing, Shoes & Jewelry,Men,Surf, Skate & Street,Clothing,Shirts,T-Shirts]]"
4026,236845,Zehui Toddler Baby Sleepwear Pajama Set 5T,"[[Clothing, Shoes & Jewelry,Baby,Baby Boys,Clothing,Sleepwear & Robes,Pajama Sets]]"
4027,236847,Zehui Unisex Trousers Couples Sweetheart Slacks Pants Mens-Asia XXL,"[[Sports & Outdoors,Clothing,Men,Pants],[Clothing, Shoes & Jewelry,Men,Clothing,Active,Active Pants]]"
4028,236848,Zehui Lady Jacket Epaulet Navy Long Sleeves Cotton Double Breasted Coat US10,"[[Clothing, Shoes & Jewelry,Women,Clothing,Coats & Jackets,Wool & Blends]]"
4029,236850,Allegra K Sexy Ladies Transparent Lace Sleeveless V Neck Straight Chic Dress Black XS,"[[Clothing, Shoes & Jewelry,Women,Clothing,Dresses,Night Out & Cocktail]]"
4030,236851,Ladies Spaghetti Straps Metallic Decor Stretchy Mini Dress Black Xs,"[[Clothing, Shoes & Jewelry,Women,Clothing,Dresses,Night Out & Cocktail]]"
4031,236853,VALEO VRL 6in TN XL; VA4689XL [PRICE is per BELT],"[[Clothing, Shoes & Jewelry,Men,Accessories,Belts]]"
4032,236854,"FOL-Youth 5.6 oz., 50/50 Best T-Shirt~Jade~Youth-LG","[[Clothing, Shoes & Jewelry,Boys,Clothing,Tops & Tees,Tees]]"
4033,236855,Batman Caped Logo Adult Black Boxer Brief (Adult Medium),"[[Clothing, Shoes & Jewelry,Men],[Clothing, Shoes & Jewelry,Novelty, Costumes & More,Novelty,Clothing,Men,Underwear,Boxer Briefs]]"
4034,236856,MOD 20 Women's Button Lace Cami Cream L(6986),"[[Clothing, Shoes & Jewelry,Women,Clothing,Tops & Tees,Tanks & Camis]]"
4035,236857,La Leela Black Chain Stitched Embroidered Caftan Kaftan Beach Swim Cover up,"[[Clothing, Shoes & Jewelry,Women,Clothing,Swimsuits & Cover Ups,Cover-Ups],[Clothing, Shoes & Jewelry,Women,Plus-Size,Swim,Cover-Ups]]"
4036,236858,Stainless Steel Egyptian-style Skull Ring,"[[Clothing, Shoes & Jewelry,Novelty, Costumes & More,Novelty,Jewelry,Rings]]"
4037,236860,Clothes Effect Women's Melange Long Sleeve Cardigan,"[[Clothing, Shoes & Jewelry,Women,Clothing,Sweaters,Cardigans]]"
4038,236861,Ana Silver Co Prehnite 925 Sterling Silver Earrings 1/2&quot; Jewelry,"[[Clothing, Shoes & Jewelry,Women],[Clothing, Shoes & Jewelry,Novelty, Costumes & More,Novelty,Jewelry,Earrings]]"
4039,236862,Ana Silver Co Prehnite 925 Sterling Silver Ring Size 8.5 Jewelry,"[[Clothing, Shoes & Jewelry,Women],[Clothing, Shoes & Jewelry,Novelty, Costumes & More,Novelty,Jewelry,Rings]]"
4040,236863,"Ana Silver Co Prehnite, Amethyst 925 Sterling Silver Pendant 1 3/4&quot; Jewelry","[[Clothing, Shoes & Jewelry,Women],[Clothing, Shoes & Jewelry,Novelty, Costumes & More,Novelty,Jewelry,Necklaces & Pendants]]"
4041,236864,I Love Lucy Signature Product Women's I Love LucyTM Collage Medium Tote LU613,"[[Clothing, Shoes & Jewelry,Women,Handbags & Wallets,Shoulder Bags]]"
4042,236865,I Love Lucy Signature Product Women's I Love LucyTM Collage Shopping Bag LU614,"[[Clothing, Shoes & Jewelry,Women,Handbags & Wallets,Shoulder Bags]]"
4043,236866,Nautica Men's Stripe Botton Mock Sweater,"[[Clothing, Shoes & Jewelry,N,Nautica],[Clothing, Shoes & Jewelry,Men,Clothing,Sweaters,Pullovers]]"
4044,236867,French Connection Men's Man Ray Knit Sweater,"[[Clothing, Shoes & Jewelry,F,French Connection],[Clothing, Shoes & Jewelry,Men,Clothing,Sweaters,Pullovers]]"
4045,236868,Sterling Silver Small Polished Square Tube Organic Click-Top Hoop Earrings,"[[Clothing, Shoes & Jewelry,Jewelry: International Shipping Available],[Clothing, Shoes & Jewelry,Plain Silver Jewelry],[Clothing, Shoes & Jewelry,Amazon Curated Collection],[Clothing, Shoes & Jewelry,Women,Jewelry,Fine,Earrings,Hoop],[Clothing, Shoes & Jewelry,Novelty, Costumes & More,Novelty]]"
4046,236869,Hematite &amp; Single Simulated Red Agate - Magnetic Therapy Bracelet,"[[Clothing, Shoes & Jewelry,Women,Jewelry,Fashion,Bracelets,Link],[Clothing, Shoes & Jewelry,Novelty, Costumes & More,Novelty]]"
4047,236871,Asics Gel Triangles Women's Running Shoes,"[[Clothing, Shoes & Jewelry,ASICS],[Clothing, Shoes & Jewelry,Women,Shoes,Fashion Sneakers]]"
4048,236873,"My Michelle Girls 7-16 Rosette Ruffle Front Dress, Fuschia, 12","[[Clothing, Shoes & Jewelry,Girls,Clothing,Dresses,Playwear]]"
4049,236874,"Rare Editions Girls 7-16 U-Neck Soutach Dress, Ivory, 12","[[Clothing, Shoes & Jewelry,Girls,Clothing,Dresses,Special Occasion]]"
4050,236876,"Macy's Holiday Lane Charter Club Brooch, Gold-Tone Glass Red Bow Pin","[[Clothing, Shoes & Jewelry,Women],[Clothing, Shoes & Jewelry,Novelty, Costumes & More,Novelty,Jewelry,Brooches & Pins]]"
4051,236877,"Moon and Tree Design Fashion Brooch Pin in Gold and Silver Tone Colors, Clear Rhinestones","[[Clothing, Shoes & Jewelry,Women],[Clothing, Shoes & Jewelry,Novelty, Costumes & More,Novelty,Jewelry,Brooches & Pins]]"
4052,236879,Sexy Seduction Tie Side Scrunch Bikini Bottoms - SMALL,"[[Clothing, Shoes & Jewelry,Women,Petite,Swim,Bikinis,Bottoms],[Clothing, Shoes & Jewelry,Novelty, Costumes & More,Novelty,Clothing],[Clothing, Shoes & Jewelry,Novelty, Costumes & More,Exotic Apparel,Women,Swim]]"
4053,236880,Sexy Seduction Triangle Bikini Swimwear Top - SMALL,"[[Clothing, Shoes & Jewelry,Women,Petite,Swim,Bikinis,Tops],[Clothing, Shoes & Jewelry,Novelty, Costumes & More,Novelty,Clothing],[Clothing, Shoes & Jewelry,Novelty, Costumes & More,Exotic Apparel,Women,Swim]]"
4054,236881,"Irregular Choice Women's Mcgillionare,Purple Multi,US 5.5 M","[[Clothing, Shoes & Jewelry,I,Irregular Choice],[Clothing, Shoes & Jewelry,Women,Shoes,Pumps]]"
4055,236883,"A. Byer Juniors Sleeveless Mesh Embroidered Top, Ivory, Medium","[[Clothing, Shoes & Jewelry,Women,Clothing,Tops & Tees,Knits & Tees],[Clothing, Shoes & Jewelry,Women,Juniors,Tops & Tees,Knits & Tees]]"
4056,236884,"See by Chloe Joyrider 9S7465 Tote,Black,One Size","[[Clothing, Shoes & Jewelry,Women,Handbags & Wallets,Shoulder Bags],[Clothing, Shoes & Jewelry,Designer Shoes & Handbags],[Clothing, Shoes & Jewelry,Women's Luxury Brands]]"
4057,236887,Rubie's Costume Friday The 13Th Jason Voorhees Kit,"[[Clothing, Shoes & Jewelry,Novelty, Costumes & More,Costumes & Accessories,Costumes,Men]]"
4058,236888,Gone Squatchin Black T-Shirt,"[[Clothing, Shoes & Jewelry,Men],[Clothing, Shoes & Jewelry,Novelty, Costumes & More,Novelty,Clothing,Men,Shirts,T-Shirts]]"
4059,236889,Medium Black Womens Keep It Squatchy Bigfoot Sasquatch Deluxe Soft Fashion Hooded Sweatshirt Hoodie,"[[Clothing, Shoes & Jewelry,Women],[Clothing, Shoes & Jewelry,Novelty, Costumes & More,Novelty,Clothing,Women,Hoodies]]"
4060,236890,Rich Uncle Pennybags Monopoly Baller Fashion Urban Tee Shirt,"[[Clothing, Shoes & Jewelry,Men,Clothing,Shirts,T-Shirts]]"
4061,236891,Ring 1210c 65 Full Finger Silver Plated Blue Red,"[[Clothing, Shoes & Jewelry,Women],[Clothing, Shoes & Jewelry,Novelty, Costumes & More,Novelty,Jewelry,Rings]]"
4062,236892,BPSFStudios Navy Blue Bateau Neck Floor Length Evening Dress,"[[Clothing, Shoes & Jewelry,Women,Clothing,Dresses]]"
4063,236893,JM DREAMLINE Ivory/Lime Satin &amp; Tulle Flower Girl Dress With Petals &amp; Sash-8,"[[Clothing, Shoes & Jewelry,Girls,Clothing,Dresses,Special Occasion]]"
4064,236895,Ladies My Love Leatherette Dress Burgundy-Large,"[[Clothing, Shoes & Jewelry,Women,Clothing,Dresses,Night Out & Cocktail]]"
4065,236896,Rizilia Jewelry Fashion Designer White Gold Plated Emerald Cut Green Color Stone Cocktail Ring Size 7,"[[Clothing, Shoes & Jewelry,Women],[Clothing, Shoes & Jewelry,Novelty, Costumes & More,Novelty,Jewelry,Rings,Statement]]"
4066,236897,Fashion Plaza Green Peridot Flower Ring Pendant Necklace Cz 18k Rose Gold Plated N198,"[[Clothing, Shoes & Jewelry,Jewelry Outlet],[Clothing, Shoes & Jewelry,Women],[Clothing, Shoes & Jewelry,Novelty, Costumes & More,Novelty,Jewelry,Necklaces & Pendants]]"
4067,236898,"Lucky Brand &quot;Pyramid &amp; Hearts&quot; Floral Drop Pendant Necklace, 16&quot;","[[Clothing, Shoes & Jewelry,Jewelry: International Shipping Available],[Clothing, Shoes & Jewelry,Shop by Designer],[Clothing, Shoes & Jewelry,L,Lucky Brand],[Clothing, Shoes & Jewelry,Women,Jewelry,Fashion,Necklaces,Pendants],[Clothing, Shoes & Jewelry,Novelty, Costumes & More,Novelty]]"
4068,236899,Serenity In Flight Babydoll Womens Black T-Shirt,"[[Clothing, Shoes & Jewelry,Women],[Clothing, Shoes & Jewelry,Novelty, Costumes & More,Novelty,Clothing,Women,Tops & Tees,T-Shirts]]"
4069,236901,Black Ceramic 3mm Multi Faceted Stackable Ring,"[[Clothing, Shoes & Jewelry,Women],[Clothing, Shoes & Jewelry,Novelty, Costumes & More,Novelty]]"
4070,236903,925 Silver BELIEVE FAITH Kanji Chinese Character Pendant Hawaiian Silver Jewelry,"[[Clothing, Shoes & Jewelry,Women,Jewelry,Fine,Necklaces,Pendants],[Clothing, Shoes & Jewelry,Women,Jewelry,Religious,Necklaces & Pendants,Pendants],[Clothing, Shoes & Jewelry,Novelty, Costumes & More,Novelty]]"
4071,236904,Monopoly Living the Dream T-Shirt,"[[Clothing, Shoes & Jewelry,Men],[Clothing, Shoes & Jewelry,Novelty, Costumes & More,Novelty,Clothing,Men,Shirts,T-Shirts]]"
4072,236906,Dasein Patent Croco Leather Like Chic Bi-fold Checkbook Wallet w/ Buckle Accent,"[[Clothing, Shoes & Jewelry,Women,Accessories,Wallets, Card Cases & Money Organizers,Wallets]]"
4073,236909,"Lowa Women's S-Crown GTX Trail Running Shoe,Black/Champagne,8 M US","[[Clothing, Shoes & Jewelry,Shoes & Accessories: International Shipping Available],[Clothing, Shoes & Jewelry,Women,Shoes,Outdoor,Hiking & Trekking,Hiking Shoes],[Clothing, Shoes & Jewelry,Women,Shoes,Athletic,Running],[Clothing, Shoes & Jewelry,Women,Shoes,Athletic,Trail Running]]"
4074,236910,J.Renee Women's Artie Boot,"[[Clothing, Shoes & Jewelry,Shoes & Accessories: International Shipping Available],[Clothing, Shoes & Jewelry,J,J.Renee],[Clothing, Shoes & Jewelry,Comfort Shoes],[Clothing, Shoes & Jewelry,Boot Shop,Women,Fashion,Motorcycle],[Clothing, Shoes & Jewelry,Women,Shoes,Boots]]"
4075,236911,Luxury Divas Purple Classy Polyester Turban Hat Head Cover Sun Cap,"[[Clothing, Shoes & Jewelry,Women,Accessories,Hats & Caps]]"
4076,236912,"Sterling Silver Marcasite Clover Ring, w/ Brilliant Cut Amethyst CZ, 1/2 inch (13 mm) wide","[[Clothing, Shoes & Jewelry,Women],[Clothing, Shoes & Jewelry,Novelty, Costumes & More,Novelty,Jewelry,Rings]]"
4077,236915,Pair of 3/4 Gauge (20mm) Spider Inlay Bug Plugs - Double Flare,"[[Clothing, Shoes & Jewelry,Novelty, Costumes & More,Novelty,Jewelry],[Clothing, Shoes & Jewelry,Novelty, Costumes & More,Body Jewelry,Piercing Jewelry,Plugs]]"
4078,236916,Pair of 15/16 Gauge (24mm) Scorpion Inlay Bug Plugs - Double Flare,"[[Clothing, Shoes & Jewelry,Women],[Clothing, Shoes & Jewelry,Novelty, Costumes & More,Novelty,Jewelry],[Clothing, Shoes & Jewelry,Novelty, Costumes & More,Body Jewelry,Piercing Jewelry,Plugs]]"
4079,236919,"Cudas Women's Stono Thong Sandal,Brown,9 M US","[[Clothing, Shoes & Jewelry,Shoes & Accessories: International Shipping Available],[Clothing, Shoes & Jewelry,C,Cudas],[Clothing, Shoes & Jewelry,Women,Shoes,Sandals]]"
4080,236920,RVCA Boys 8-20 Change Up Shirt,"[[Clothing, Shoes & Jewelry,Boys,Clothing,Button-Down & Dress Shirts,Button-Down Shirts]]"
4081,236921,LRG - Kids Boys 2-7 Little Treeline Tee,"[[Clothing, Shoes & Jewelry,Boys,Clothing,Tops & Tees,Tees]]"
4082,236924,L*Space Women's L*Novelties Hipster Bikini Bottom,"[[Clothing, Shoes & Jewelry,Women,Clothing,Swimsuits & Cover Ups,Bikinis],[Clothing, Shoes & Jewelry,Women's Luxury Brands]]"
4083,236925,ViX Women's Carioca Vintage Tunic,"[[Clothing, Shoes & Jewelry,Women,Clothing,Swimsuits & Cover Ups,Cover-Ups],[Clothing, Shoes & Jewelry,Women's Luxury Brands]]"
4084,236926,ViX Women's Carioca Bia Tube Bikini Top,"[[Clothing, Shoes & Jewelry,Women,Clothing,Swimsuits & Cover Ups,Bikinis],[Clothing, Shoes & Jewelry,Women's Luxury Brands]]"
4085,236927,Kenneth Cole Reaction Women's Under The Sun Bandeau One Piece,"[[Clothing, Shoes & Jewelry,K,Kenneth Cole REACTION],[Clothing, Shoes & Jewelry,Women,Clothing,Swimsuits & Cover Ups,One-Pieces]]"
4086,236928,BERRICLE 925 Silver CZ Simulated Amethyst Solitaire Pendant Necklace - 5mm,"[[Clothing, Shoes & Jewelry,Women],[Clothing, Shoes & Jewelry,Novelty, Costumes & More,Novelty,Jewelry,Necklaces & Pendants]]"
4087,236929,Timetech Women's 2655L Gold-tone Expansion Watch,"[[Clothing, Shoes & Jewelry,Women,Watches,Wrist Watches]]"
4088,236930,3.50 Carat Genuine Blue Sapphire Silver Hoop Earrings,"[[Clothing, Shoes & Jewelry,Women],[Clothing, Shoes & Jewelry,Novelty, Costumes & More,Novelty,Jewelry,Earrings]]"
4089,236931,14 kt White Gold Wheat Chain Necklace 0.8mm 18 inches,"[[Clothing, Shoes & Jewelry,Women,Jewelry,Fine,Necklaces,Chains],[Clothing, Shoes & Jewelry,Novelty, Costumes & More,Novelty]]"
4090,236932,Everbling Double Love Amethyst Heart Pendant Rhodium Plated 925 Sterling Silver Swarovski Elements Crystal with 18&quot; Silver Necklace,"[[Clothing, Shoes & Jewelry,Women,Jewelry],[Clothing, Shoes & Jewelry,Novelty, Costumes & More,Novelty]]"
4091,236933,"Retro Style Simple leather wrist watch,Handmade Women's Watch leather wrist watch 2189W","[[Clothing, Shoes & Jewelry,Women,Watches,Wrist Watches]]"
4092,236934,Landisun 74K Silver Red Black Floral Mens Silk Tie Set: Tie+Hanky &amp;Plastic Hook,"[[Clothing, Shoes & Jewelry,Men,Accessories,Neckties]]"
4093,236936,Kawaii Lolita Glamorous Pink Pig Pearl Charm Bracelet,"[[Clothing, Shoes & Jewelry,Women],[Clothing, Shoes & Jewelry,Novelty, Costumes & More,Novelty,Jewelry,Bracelets]]"
4094,236937,Light Blue Short Sleeves Bow Sweet Lolita Dress with Ruffles (X-Large),"[[Clothing, Shoes & Jewelry,Novelty, Costumes & More,Band & Music Fan,Accessories],[Clothing, Shoes & Jewelry,Novelty, Costumes & More,Costumes & Accessories,Costumes,Women]]"
4095,236939,Ol' Dirty Bastard - Gold Grill T-Shirt,"[[Clothing, Shoes & Jewelry,Men],[Clothing, Shoes & Jewelry,Novelty, Costumes & More,Novelty],[Clothing, Shoes & Jewelry,Novelty, Costumes & More,Band & Music Fan,T-Shirts]]"
4096,236940,2B Double Breasted Wool Coat&nbsp;&nbsp; 2b Outerwear Blk-l,"[[Clothing, Shoes & Jewelry,Women,Clothing,Coats & Jackets,Wool & Blends]]"
4097,236941,Virgin Shine Platinum-Plate Necklace With Curved N Zircon Pendant,"[[Clothing, Shoes & Jewelry,Women],[Clothing, Shoes & Jewelry,Novelty, Costumes & More,Novelty,Jewelry,Necklaces & Pendants]]"
4098,236943,"Longsleeve Eye Sweater in Black, Small","[[Clothing, Shoes & Jewelry,Women,Clothing,Sweaters,Pullovers]]"
4099,236944,"Pinc Premium Girls 7-16 5 Pocket Denim Short, Tangerine, 8","[[Clothing, Shoes & Jewelry,Girls,Clothing,Shorts]]"
4100,236945,Teenage Runaway Double Skull Girls Tank Top Size : X-Small,"[[Clothing, Shoes & Jewelry,Women,Clothing,Tops & Tees,Tanks & Camis],[Clothing, Shoes & Jewelry,Women,Juniors,Tops & Tees,Tanks & Camis]]"
4101,236946,"Wrangler Men's Western Jean Shirt, Black/Red/Blue, XX-Large","[[Clothing, Shoes & Jewelry,Men,Clothing,Shirts,Casual Button-Down Shirts]]"
4102,236947,"Cherokee Round Neck Top, Fluttering About, Small","[[Clothing, Shoes & Jewelry,Women,Clothing],[Clothing, Shoes & Jewelry,Novelty, Costumes & More,Work Wear & Uniforms,Clothing,Medical,Women,Scrub Tops]]"
4103,236950,K&amp;BROS Men's 9408-3 Ice-Time Bent Black and Yellow Watch,"[[Clothing, Shoes & Jewelry,Jewelry: International Shipping Available],[Clothing, Shoes & Jewelry,Fashion Watches],[Clothing, Shoes & Jewelry,Available for International Shipping],[Clothing, Shoes & Jewelry,Men,Watches,Wrist Watches]]"
4104,236951,NFL Houston Texans Reversible Crystal Heart Pendant with 16&quot; Chain,"[[Clothing, Shoes & Jewelry,Novelty, Costumes & More,Novelty,Jewelry,Necklaces & Pendants]]"
4105,236952,Gun Metal Piano Cufflinks,"[[Clothing, Shoes & Jewelry,Men,Jewelry,Cuff Links],[Clothing, Shoes & Jewelry,Novelty, Costumes & More,Novelty,Jewelry]]"
4106,236954,"AM PM Kids / Infant and Toddler Costume, Bee","[[Clothing, Shoes & Jewelry,Novelty, Costumes & More,Costumes & Accessories,Costumes,Kids & Baby,Infants & Toddlers,Baby Girls]]"
4107,236955,2 Pairs of Gold Filled 10mm Pearl Ball Stud Earrings,"[[Clothing, Shoes & Jewelry,Women],[Clothing, Shoes & Jewelry,Novelty, Costumes & More,Novelty,Jewelry,Earrings]]"
4108,236956,Classics Retro Snake Shape Ring Gothic Ring Punk Rock Ring,"[[Clothing, Shoes & Jewelry,Women],[Clothing, Shoes & Jewelry,Novelty, Costumes & More,Novelty]]"
4109,236957,MOD 20 Women's Water Color Stripe Blouse,"[[Clothing, Shoes & Jewelry,Women,Clothing,Tops & Tees,Blouses & Button-Down Shirts]]"
4110,236958,MOD 20 Women's Chevron High Low Top,"[[Clothing, Shoes & Jewelry,Women,Clothing,Tops & Tees,Knits & Tees]]"
4111,236959,Sexy Black Mosaic Patterned Fashion Fishnet Tights S/M,"[[Clothing, Shoes & Jewelry,Women,Clothing,Socks & Hosiery,Tights]]"
4112,236960,Vintage Blue Shaper 1-PC,"[[Clothing, Shoes & Jewelry,Women,Clothing,Swimsuits & Cover Ups,Bikinis],[Clothing, Shoes & Jewelry,Women,Plus-Size]]"
4113,236963,DC SHOES Men's Patriot USA America skateboard Shirt-Red-XL,"[[Clothing, Shoes & Jewelry,D,DC],[Clothing, Shoes & Jewelry,Men,Clothing,Shirts,T-Shirts],[Clothing, Shoes & Jewelry,Men,Surf, Skate & Street,Clothing,Shirts,T-Shirts]]"
4114,236964,Sterling Silver Cubic Zirconia Stud Earrings for Women - SP005e1,"[[Clothing, Shoes & Jewelry,Heart-Shaped Jewelry],[Clothing, Shoes & Jewelry,Women],[Clothing, Shoes & Jewelry,Novelty, Costumes & More,Novelty,Jewelry,Earrings]]"
4115,236965,Sterling Silver Blue Lapis Inlays 17mm x 22mm Teardrop Pendant,"[[Clothing, Shoes & Jewelry,Gemstones],[Clothing, Shoes & Jewelry,Women],[Clothing, Shoes & Jewelry,Novelty, Costumes & More,Novelty,Jewelry,Necklaces & Pendants]]"
4116,236967,JiYe Lady Quilted Small Cross-Body 1ST Genuine Leather Handbag,"[[Clothing, Shoes & Jewelry,Women,Accessories,Wallets, Card Cases & Money Organizers,Wallets]]"
4117,236968,"Sheinside White Hooded Long Sleeve Biscuit Print Sweatshirt (One-Size, Multicolor)","[[Clothing, Shoes & Jewelry,Women,Clothing,Fashion Hoodies & Sweatshirts]]"
4118,236969,SUPRA KIDS VAIDER HIGH TOP SNEAKERS S11208K SUPRA KIDS VAIDER HIGH TOP SNEAKERS,"[[Clothing, Shoes & Jewelry,Boys,Shoes,Sneakers],[Clothing, Shoes & Jewelry,Boys,Shoes,Athletic,Skateboarding]]"
4119,236970,Supra Wmns Cuttler SW35007 Womens Laced Zip Velvet Fur Trainers,"[[Clothing, Shoes & Jewelry,Street, Surf & Skate],[Clothing, Shoes & Jewelry,Women,Shoes,Fashion Sneakers]]"
4120,236971,Supra Skytop Womens,"[[Clothing, Shoes & Jewelry,Street, Surf & Skate],[Clothing, Shoes & Jewelry,Women,Shoes,Fashion Sneakers]]"
4121,236972,Sheinside Women's Black White Spaghetti Strap Lace Vest,"[[Clothing, Shoes & Jewelry,Women,Clothing,Tops & Tees,Tanks & Camis]]"
4122,236975,Rubber Shackles,"[[Clothing, Shoes & Jewelry,Novelty, Costumes & More,Costumes & Accessories]]"
4123,236976,Small Pixie Nose Prosthetic,"[[Clothing, Shoes & Jewelry,Novelty, Costumes & More,Costumes & Accessories,More Accessories,Men]]"
4124,236977,Forum Novelties Men's Shadow Walker Trench Coat Adult Costume,"[[Clothing, Shoes & Jewelry,Novelty, Costumes & More,Costumes & Accessories,Costumes,Men]]"
4125,236978,Sterling Silver CZ Dangle Toe Ring,"[[Clothing, Shoes & Jewelry,Jewelry Outlet],[Clothing, Shoes & Jewelry,Women],[Clothing, Shoes & Jewelry,Novelty, Costumes & More,Novelty,Jewelry],[Clothing, Shoes & Jewelry,Novelty, Costumes & More,Body Jewelry,Toe Rings]]"
4126,236979,Gold Plated Venitian Link Ankle Bracelet -11&quot; Lifetime Warranty,"[[Clothing, Shoes & Jewelry,Women],[Clothing, Shoes & Jewelry,Novelty, Costumes & More,Novelty,Jewelry]]"
4127,236981,Lurex leopard print footless tights O/S LEOPARD,"[[Clothing, Shoes & Jewelry,L,Leg Avenue],[Clothing, Shoes & Jewelry,Women],[Clothing, Shoes & Jewelry,Novelty, Costumes & More,Exotic Apparel,Women,Hosiery]]"
4128,236982,Premier 10 Strap White Garter Belt,"[[Clothing, Shoes & Jewelry,Women,Clothing,Lingerie, Sleep & Lounge,Intimates,Lingerie,Garter Belts]]"
4129,236983,InkAddict 'Fox' Crew Wide Neck Tattoo Sweatshirt,"[[Clothing, Shoes & Jewelry,Women,Clothing,Fashion Hoodies & Sweatshirts]]"
4130,236984,Hot from Hollywood Women's Lace Sleeveless Fitted Stretchy One Size Tank Top,"[[Clothing, Shoes & Jewelry,Women,Clothing,Tops & Tees,Tanks & Camis],[Clothing, Shoes & Jewelry,Women,Juniors,Tops & Tees,Tanks & Camis]]"
4131,236985,Pinkyee Women's Sexy Neck Holder Long Sleeve Shirt One Size Blue,"[[Clothing, Shoes & Jewelry,Women,Clothing,Tops & Tees,Tunics],[Clothing, Shoes & Jewelry,Women,Petite,Tops & Tees,Tunics]]"
4132,236987,Karen Kane Women's Plus-Size Leather Inset Sheath,"[[Clothing, Shoes & Jewelry,Women,Clothing,Dresses,Casual],[Clothing, Shoes & Jewelry,Women,Plus-Size,Dresses,Casual]]"
4133,236988,Vera Wang V252 Rectangle Sunglasses,"[[Clothing, Shoes & Jewelry,Women,Accessories,Sunglasses & Eyewear Accessories,Sunglasses]]"
4134,236989,Rago Women's Control Panty Brief,"[[Clothing, Shoes & Jewelry,Women,Clothing,Lingerie, Sleep & Lounge,Intimates,Shapewear,Control Panties],[Clothing, Shoes & Jewelry,Women,Petite,Intimates,Shapewear,Control Panties]]"
4135,236990,Dreambell Rhodium On .925 Sterling Silver Black 2mm Silk Cord Necklace with Trigger Spring Ring Clasp (Many Sizes),"[[Clothing, Shoes & Jewelry,Heart-Shaped Jewelry],[Clothing, Shoes & Jewelry,Women],[Clothing, Shoes & Jewelry,Novelty, Costumes & More,Novelty,Jewelry,Necklaces & Pendants]]"
4136,236991,16 Gauge Surgical Steel Aurora Gem Ball Lippy Loop Labret,"[[Clothing, Shoes & Jewelry,Women],[Clothing, Shoes & Jewelry,Novelty, Costumes & More,Novelty,Jewelry],[Clothing, Shoes & Jewelry,Novelty, Costumes & More,Body Jewelry,Piercing Jewelry,Screws]]"
4137,236993,8MM Tungsten Carbide Mens/Ladies/Unisex Brushed &amp; Polished Rose Gold Plated Comfort Fit Wedding Band Ring w/ 3 Synthetic CZ Diamonds (Available Sizes 7-14 Including Half Sizes),"[[Clothing, Shoes & Jewelry,Men],[Clothing, Shoes & Jewelry,Novelty, Costumes & More,Novelty,Jewelry,Wedding & Engagement Rings,Wedding Rings]]"
4138,236995,"16g 16 gauge 1.2mm , 1/4 inch 6mm long - green color anodized surgical steel circular barbell bulk eyebrow bar lip tragus horseshoe rings earrings lot ANZC- Pierced Jewelry Body Piercing Jewellery- Set of 3","[[Clothing, Shoes & Jewelry,Women],[Clothing, Shoes & Jewelry,Novelty, Costumes & More,Novelty,Jewelry],[Clothing, Shoes & Jewelry,Novelty, Costumes & More,Body Jewelry,Piercing Jewelry,Rings]]"
4139,236997,Sterling Silver Waning Crescent CZ Moon Pendant,"[[Clothing, Shoes & Jewelry,Women],[Clothing, Shoes & Jewelry,Novelty, Costumes & More,Novelty,Jewelry,Necklaces & Pendants]]"
4140,237000,"New Jammies Baby-Boys Newborn Organic Footie Football Field, Green, 12 Months","[[Clothing, Shoes & Jewelry,Baby,Baby Boys,Clothing,Footies & Rompers,Footies]]"
4141,237002,Cliffs by White Mountain 'Freehand ' Women's Boot,"[[Clothing, Shoes & Jewelry,Women,Shoes,Boots]]"
4142,237003,Eastern Floral Pear Drop Earrings in 925 Sterling Silver,"[[Clothing, Shoes & Jewelry,Women],[Clothing, Shoes & Jewelry,Novelty, Costumes & More,Novelty,Jewelry,Earrings]]"
4143,237005,"Gamiss Women's Hooded Down Vest, Black, Small","[[Clothing, Shoes & Jewelry,Women,Clothing,Coats & Jackets,Vests]]"
4144,237006,Akee Women's Down Vest and Warm Hoody,"[[Clothing, Shoes & Jewelry,Women,Clothing,Coats & Jackets,Vests]]"
4145,237007,Very Fine Women's Salsa Ballroom Tango Latin Dance Shoes 9624 Bundle with Heel Protectors 2.5&quot; Heel,"[[Clothing, Shoes & Jewelry,Women,Shoes,Athletic,Ballet & Dance]]"
4146,237008,VBS Women's Plus Size Lingerie 3X 4X 5X 6X Ruffled Satin &amp; Jacquard Corset,"[[Clothing, Shoes & Jewelry,Women,Clothing,Lingerie, Sleep & Lounge,Intimates,Lingerie,Bustiers & Corsets],[Clothing, Shoes & Jewelry,Women,Plus-Size,Intimates,Lingerie,Bustiers & Corsets]]"
4147,237009,Ladies 680407 Flesh Satin Elastic Court Shoe - 2.2&quot; Flare Heel,"[[Clothing, Shoes & Jewelry,Women,Shoes,Athletic,Ballet & Dance]]"
4148,237010,Little Hand Baby Animal Honey Bee Jumper Toddler Winter Hoodie 6-24 M Pink 2T,"[[Clothing, Shoes & Jewelry,Baby,Baby Girls,Clothing,Hoodies & Active],[Clothing, Shoes & Jewelry,Baby,Baby Boys,Clothing,Hoodies & Active]]"
4149,237012,American Classics Men's Macho Man Mackin' and Smackin' T-Shirt,"[[Clothing, Shoes & Jewelry,Men],[Clothing, Shoes & Jewelry,Novelty, Costumes & More,Novelty,Clothing,Men,Shirts,T-Shirts]]"
4150,237013,Macho Man Randy Savage - Madness is Forever 1952-2011 Men's T-Shirt,"[[Clothing, Shoes & Jewelry,Men],[Clothing, Shoes & Jewelry,Novelty, Costumes & More,Novelty,Clothing,Men,Shirts,T-Shirts]]"
4151,237014,Bret &quot;The Hitman&quot; Hart WWF Tank Top XX-LARGE,"[[Clothing, Shoes & Jewelry,Men],[Clothing, Shoes & Jewelry,Novelty, Costumes & More,Novelty,Clothing,Men,Shirts,Tanks Tops]]"
4152,237015,Legion of Doom LOD WWF Tank Top XX-LARGE,"[[Clothing, Shoes & Jewelry,Men],[Clothing, Shoes & Jewelry,Novelty, Costumes & More,Novelty,Clothing,Men,Shirts,Tanks Tops]]"
4153,237016,Capelli New York Neoprene &amp; Mesh Toddler Girls Aqua Shoes Green Combo 8/9,"[[Clothing, Shoes & Jewelry,Girls,Shoes,Athletic,Water Shoes],[Clothing, Shoes & Jewelry,Boys]]"
4154,237019,Ladies Red Worsted Preppy Layered Embossed Button up Cake Skirt M,"[[Clothing, Shoes & Jewelry,Women,Clothing,Skirts,Casual]]"
4155,237021,Spunk Platform Wedge Dress Sandal w Thick Buckles,"[[Clothing, Shoes & Jewelry,Women,Shoes,Sandals]]"
4156,237023,Carter's Baby Girl's Micro Fleece 3 Pc Vest &amp; Pant Set,"[[Clothing, Shoes & Jewelry,Baby,Baby Girls,Clothing,Clothing Sets,Pant Sets]]"
4157,237024,Carter's Micro Fleece Snap - Purple Multi Stripe Bear-9M,"[[Clothing, Shoes & Jewelry,Baby,Baby Girls,Clothing]]"
4158,237025,Carter's 3 Pc Cardigan &amp; Pant Set - Purple-9M,"[[Clothing, Shoes & Jewelry,Baby,Baby Girls,Clothing,Clothing Sets,Pant Sets]]"
4159,237026,Generation19 Girls Basic Flip Flops (Toddler/Little Kid/Big Kid),"[[Clothing, Shoes & Jewelry,Girls,Shoes,Sandals]]"
4160,237027,Soffe Girls 7-16 Lowrise Slick Short,"[[Sports & Outdoors,Other Sports,Dance,Clothing,Girls,Shorts],[Clothing, Shoes & Jewelry,Girls,Clothing,Active,Active Shorts]]"
4161,237030,DataSafe RFID Shielding Italian Leather Croc Embossed Mid-Flap Credit Card Wallet,"[[Clothing, Shoes & Jewelry,K,Kena Kai],[Clothing, Shoes & Jewelry,Women,Accessories,Wallets, Card Cases & Money Organizers,Wallets],[Clothing, Shoes & Jewelry,Novelty, Costumes & More,Band & Music Fan,Accessories]]"
4162,237033,K-Swiss Clean Laguna T VNZ Sneaker,"[[Clothing, Shoes & Jewelry,Shoes & Accessories: International Shipping Available],[Clothing, Shoes & Jewelry,K,K-Swiss],[Clothing, Shoes & Jewelry,Women,Shoes,Fashion Sneakers],[Clothing, Shoes & Jewelry,Men,Shoes,Fashion Sneakers]]"
4163,237036,Black Fuchsia Plus Size Women's Close to My Heart Chemise and G-string Set,"[[Clothing, Shoes & Jewelry,Women,Clothing,Lingerie, Sleep & Lounge,Intimates,Lingerie,Chemises & Negligees]]"
4164,237038,Nuance Polka Dot Mesh Push up Bra and Panty Set,"[[Clothing, Shoes & Jewelry,Women,Clothing,Lingerie, Sleep & Lounge,Intimates,Lingerie Sets]]"
4165,237040,Life is good. Womens Crusher Tee - Love Shamrock - Lime Green,"[[Clothing, Shoes & Jewelry,Women,Clothing,Tops & Tees,Knits & Tees]]"
4166,237041,"Life is good Girl's Crusher Stacked Tee, Sunset Coral, Small","[[Clothing, Shoes & Jewelry,Girls,Clothing,Active,Active Shirts & Tees]]"
4167,237042,Guess Women's Sabin Platform Sandal,"[[Clothing, Shoes & Jewelry,Shoes & Accessories: International Shipping Available],[Clothing, Shoes & Jewelry,G,GUESS],[Clothing, Shoes & Jewelry,Women,Shoes,Sandals]]"
4168,237044,One Step Up Little Girls' Toddler &quot;Rib Cuff&quot; Bike Shorts,"[[Clothing, Shoes & Jewelry,Girls,Clothing,Shorts]]"
4169,237045,Mens Full Zip Sherpa Lined Hoodie,"[[Clothing, Shoes & Jewelry,Men],[Clothing, Shoes & Jewelry,Novelty, Costumes & More,Novelty,Clothing,Men,Hoodies]]"
4170,237046,Simplicity Men's Assassins Creed Full Zipper Hoodies Jacket Costume Top Coat,"[[Clothing, Shoes & Jewelry,Men]]"
4171,237047,Fuse Lenses for Oakley Plaintiff Squared Ice Blue Polarized Lenses,"[[Clothing, Shoes & Jewelry,Men,Accessories,Sunglasses & Eyewear Accessories,Replacement Sunglass Lenses]]"
4172,237048,Fuse Lenses for Oakley Jupiter Factory Lite Ice Blue Polarized Lenses,"[[Clothing, Shoes & Jewelry,Men,Accessories,Sunglasses & Eyewear Accessories,Replacement Sunglass Lenses]]"
4173,237049,Womens Black Sleeveless Swing Modal Draped Vest Tank Top T Shirt Camisole Medium,"[[Clothing, Shoes & Jewelry,Women,Clothing,Tops & Tees,Tanks & Camis]]"
4174,237056,Beige Strappy Buckle Open Toe Platform High Wedge,"[[Clothing, Shoes & Jewelry,Women,Shoes,Sandals]]"
4175,237057,Burgundy Strappy Buckle Open Toe Platform High Wedge,"[[Clothing, Shoes & Jewelry,Women,Shoes,Sandals]]"
4176,237058,"Floating Locket Set Chalkboard with I Love my Boys + 12 Crystals + Charm, Neonblond","[[Clothing, Shoes & Jewelry,Boys,Jewelry,Necklaces],[Clothing, Shoes & Jewelry,Novelty, Costumes & More,Novelty]]"
4177,237059,"Floating Charm I Love My Grandmother Fits Glass Lockets, Neonblond","[[Clothing, Shoes & Jewelry,Women],[Clothing, Shoes & Jewelry,Novelty, Costumes & More,Novelty,Jewelry,Necklaces & Pendants]]"
4178,237060,"Floating Charm I Love my Kids Fits Glass Lockets, Neonblond","[[Clothing, Shoes & Jewelry,Girls,Jewelry,Necklaces & Pendants],[Clothing, Shoes & Jewelry,Boys,Jewelry,Necklaces],[Clothing, Shoes & Jewelry,Novelty, Costumes & More,Novelty,Jewelry,Necklaces & Pendants]]"
4179,237061,"Floating Charm I Love Scrapbooking, Vintage design Fits Glass Lockets, Neonblond","[[Clothing, Shoes & Jewelry,Women],[Clothing, Shoes & Jewelry,Novelty, Costumes & More,Novelty,Jewelry,Necklaces & Pendants]]"
4180,237064,Pewter Irish Shamrock Kilt Pin,"[[Clothing, Shoes & Jewelry,Men],[Clothing, Shoes & Jewelry,Novelty, Costumes & More,Band & Music Fan,Accessories],[Clothing, Shoes & Jewelry,Novelty, Costumes & More,World Apparel]]"
4181,237065,Kendra Scott &quot;Signature&quot; Danielle Drop Earrings,"[[Clothing, Shoes & Jewelry,Jewelry: International Shipping Available],[Clothing, Shoes & Jewelry,Shop by Designer],[Clothing, Shoes & Jewelry,Women,Jewelry,Fashion,Earrings,Drop & Dangle],[Clothing, Shoes & Jewelry,Novelty, Costumes & More,Novelty]]"
4182,237069,The Voyage Sterling Silver Ship Compass Charm Necklace,"[[Clothing, Shoes & Jewelry,Women],[Clothing, Shoes & Jewelry,Novelty, Costumes & More,Novelty,Jewelry,Necklaces & Pendants]]"
4183,237070,"Sterling Silver Cubic Zirconia Double Heart Pendant Necklace, 18&quot;","[[Clothing, Shoes & Jewelry,Jewelry: International Shipping Available],[Clothing, Shoes & Jewelry,Amazon Curated Collection],[Clothing, Shoes & Jewelry,Women,Jewelry,Fine,Necklaces,Pendants],[Clothing, Shoes & Jewelry,Women,Jewelry,Fashion,Necklaces,Pendants],[Clothing, Shoes & Jewelry,Novelty, Costumes & More,Novelty]]"
4184,237077,Green Enamel Love Heart Authentic 925 Sterling Silver Bead Fits Pandora Chamilia Biagi Troll Charms Europen Style Bracelets,"[[Clothing, Shoes & Jewelry,Women],[Clothing, Shoes & Jewelry,Novelty, Costumes & More,Novelty,Jewelry,Charms]]"
4185,237078,Yellow Enamel Love Heart Authentic 925 Sterling Silver Bead Fits Pandora Chamilia Biagi Troll Charms Europen Style Bracelets,"[[Clothing, Shoes & Jewelry,Women],[Clothing, Shoes & Jewelry,Novelty, Costumes & More,Novelty,Jewelry,Charms]]"
4186,237079,Green Swirls Design Handmade Sterling Silver Core Murano Glass Bead Europen Style Charms,"[[Clothing, Shoes & Jewelry,Women],[Clothing, Shoes & Jewelry,Novelty, Costumes & More,Novelty,Jewelry,Charms]]"
4187,237082,Stainless Steel Oval Red-Orange Cubic Zirconia CZ Solitaire Womens Engagement Wedding Ring G5001JY508,"[[Clothing, Shoes & Jewelry,Women],[Clothing, Shoes & Jewelry,Novelty, Costumes & More,Novelty,Jewelry,Wedding & Engagement Rings,Engagement Rings]]"
4188,237084,PalmBeach Jewelry Marquise-Cut Birthstone 14k Yellow Gold-Plated Filigree Ring- February,"[[Clothing, Shoes & Jewelry,Women],[Clothing, Shoes & Jewelry,Novelty, Costumes & More,Novelty,Jewelry,Rings]]"
4189,237086,"Seven7 Women's Kaftan Stripe Block Top, Off White/Black, X-Large","[[Clothing, Shoes & Jewelry,Women,Clothing,Tops & Tees,Knits & Tees]]"
4190,237087,"Jack Juniors Danny Hooded Sweater, Ivory, Large","[[Clothing, Shoes & Jewelry,Women,Clothing,Sweaters,Cardigans],[Clothing, Shoes & Jewelry,Women,Juniors,Sweaters,Cardigans]]"
4191,237090,"Jessica Simpson Women's Astor Platform Pump,Bright Pink,7.5 M US","[[Clothing, Shoes & Jewelry,Shoes & Accessories: International Shipping Available],[Clothing, Shoes & Jewelry,J,Jessica Simpson],[Clothing, Shoes & Jewelry,Women,Shoes,Pumps]]"
4192,237091,Qupid Immortal-41 Vegan Leather Peep Toe Lace Up Cut Out Knee High Boots,"[[Clothing, Shoes & Jewelry,Women,Shoes,Boots]]"
4193,237093,HIPPIE LAUNDRY Tropical Girls Denim Cutoff Shorts,"[[Clothing, Shoes & Jewelry,Girls,Clothing,Shorts]]"
4194,237094,Room Seven Girls 7-16 Dixie 4904-01 Floral Print Dress,"[[Clothing, Shoes & Jewelry,Girls,Clothing,Dresses,Playwear]]"
4195,237096,"Diesel Girls 7-16 Gidea Denim Ruffle Skirt, Indigo, 8 Years","[[Clothing, Shoes & Jewelry,D,Diesel],[Clothing, Shoes & Jewelry,Girls,Clothing,Skirts, Scooters & Skorts],[Clothing, Shoes & Jewelry,Women's Luxury Brands]]"
4196,237101,Clarks Men's Deck Boat Shoe,"[[Clothing, Shoes & Jewelry,Shoes & Accessories: International Shipping Available],[Clothing, Shoes & Jewelry,C,Clarks],[Clothing, Shoes & Jewelry,Comfort Shoes],[Clothing, Shoes & Jewelry,Men,Shoes,Loafers & Slip-Ons]]"
4197,237102,"14 K Gold Plated Rope Chain Necklace - Men's - 4mm Wide, Diamond Cut Bling 24&quot; Inch Long -Free Pair Of Earrings-","[[Clothing, Shoes & Jewelry,Men,Jewelry,Necklaces],[Clothing, Shoes & Jewelry,Novelty, Costumes & More,Novelty,Jewelry,Necklaces & Pendants]]"
4198,237103,Royal Palm Jewelry 5053110 4.42 TCW Round Cubic Zirconia 14k Yellow Gold-Plated Engagement Anniversary Split-Shank Ring - Size 10,"[[Clothing, Shoes & Jewelry,Women],[Clothing, Shoes & Jewelry,Novelty, Costumes & More,Novelty,Jewelry,Wedding & Engagement Rings,Engagement Rings]]"
4199,237104,Chunky 2-layers Curb Necklace in Rose Gold Tones w/ Earrings,"[[Clothing, Shoes & Jewelry,Women],[Clothing, Shoes & Jewelry,Novelty, Costumes & More,Novelty,Jewelry,Necklaces & Pendants]]"
4200,237105,10 Karat Yellow Gold Polished Teardrop Hook Earrings,"[[Clothing, Shoes & Jewelry,Women,Jewelry,Fine,Earrings,Drop & Dangle],[Clothing, Shoes & Jewelry,Novelty, Costumes & More,Novelty]]"
4201,237106,"Young Hearts Girls 2-6x 3 Piece Hooded Jacket With Shirt And Pant, Beige, 5","[[Clothing, Shoes & Jewelry,Girls,Clothing,Clothing Sets,Pant Sets]]"
4202,237107,"Tommy Hilfiger Boys 8-20 Ivy Polo Summer Shirt, Lime Tonic, Small","[[Clothing, Shoes & Jewelry,T,Tommy Hilfiger],[Clothing, Shoes & Jewelry,Boys,Clothing,Tops & Tees,Polos]]"
4203,237108,"Betsey Johnson Women's Hit The Slopes Fair Isle Otk, Black, One Size","[[Clothing, Shoes & Jewelry,B,Betsey Johnson],[Clothing, Shoes & Jewelry,Women,Clothing,Socks & Hosiery,Casual Socks],[Clothing, Shoes & Jewelry,Women's Luxury Brands]]"
4204,237109,"Sterling Silver Multi Color Gemstone and Diamond Heart Pendant Necklace (0.15 cttw, I-J Color, I2-I3 Clarity), 18&quot;","[[Clothing, Shoes & Jewelry,Gemstones],[Clothing, Shoes & Jewelry,Jewelry: International Shipping Available],[Clothing, Shoes & Jewelry,Amazon Curated Collection],[Clothing, Shoes & Jewelry,Women],[Clothing, Shoes & Jewelry,Novelty, Costumes & More,Novelty,Jewelry,Necklaces & Pendants]]"
4205,237110,Jet Set Juniors V-Neck Burnout Camisole,"[[Clothing, Shoes & Jewelry,Women,Clothing,Tops & Tees,Tanks & Camis],[Clothing, Shoes & Jewelry,Women,Juniors,Tops & Tees,Tanks & Camis]]"
4206,237111,Women Winter Warm Parka Thicken Padded Jacket Hoodie Down Fur Collar Coat,"[[Clothing, Shoes & Jewelry,Women,Clothing,Coats & Jackets]]"
4207,237115,NEW! 18&quot; Kids Size Neon Green Royal Blue WhiteTornado Necklace With Case,"[[Clothing, Shoes & Jewelry,Novelty, Costumes & More,Shoe Care & Accessories,Shoelaces]]"
4208,237116,Mens Stiff Competition Graphic Athletic T-Shirt,"[[Clothing, Shoes & Jewelry,Men,Clothing,Shirts,T-Shirts],[Clothing, Shoes & Jewelry,Men,Big & Tall]]"
4209,237117,Mens Physicals Today Graphic Athletic T-Shirt,"[[Clothing, Shoes & Jewelry,Men,Clothing,Shirts,T-Shirts]]"
4210,237118,Andrew Christian Retro Pop Boxer w/ Show-It,"[[Clothing, Shoes & Jewelry,Men,Clothing,Underwear,Boxer Briefs]]"
4211,237119,Skechers Women's Disco Bunny-Security Slide Pump,"[[Clothing, Shoes & Jewelry,Shoes & Accessories: International Shipping Available],[Clothing, Shoes & Jewelry,S,Skechers],[Clothing, Shoes & Jewelry,Comfort Shoes],[Clothing, Shoes & Jewelry,Women,Shoes,Pumps]]"
4212,237120,Royal Blue Chandelier Teardrop Drop Prom Earrings Dangle Style Cobalt Blue Fashion Jewelry,"[[Clothing, Shoes & Jewelry,Heart-Shaped Jewelry],[Clothing, Shoes & Jewelry,Women],[Clothing, Shoes & Jewelry,Novelty, Costumes & More,Novelty,Jewelry,Earrings]]"
4213,237121,Fineplus Women's New Fashion High-class Double Zipper Leather Shoulder Bag,"[[Clothing, Shoes & Jewelry,Women,Handbags & Wallets,Top-Handle Bags]]"
4214,237122,Platinum Plated Sterling Silver Round Cubic Zirconia Lever Back Earrings,"[[Clothing, Shoes & Jewelry,Jewelry: International Shipping Available],[Clothing, Shoes & Jewelry,Amazon Curated Collection],[Clothing, Shoes & Jewelry,Women,Jewelry,Fine,Earrings],[Clothing, Shoes & Jewelry,Women,Jewelry,Fashion,Earrings],[Clothing, Shoes & Jewelry,Novelty, Costumes & More,Novelty]]"
4215,237123,"T Tahari &quot;Status Chain&quot; Textured and Polished Link Bracelet, 8&quot;","[[Clothing, Shoes & Jewelry,Jewelry: International Shipping Available],[Clothing, Shoes & Jewelry,Shop by Designer],[Clothing, Shoes & Jewelry,Timeless Designer Jewelry],[Clothing, Shoes & Jewelry,Women,Jewelry,Fashion,Bracelets,Link],[Clothing, Shoes & Jewelry,Novelty, Costumes & More,Novelty]]"
4216,237127,Nautica Women's Variegated Stripe Belted Dress,"[[Clothing, Shoes & Jewelry,N,Nautica],[Clothing, Shoes & Jewelry,Women,Clothing,Dresses,Casual]]"
4217,237128,Twenty8Twelve Women's Marguerite Printed Cap Sleeve Dress,"[[Clothing, Shoes & Jewelry,Women,Clothing,Dresses,Casual],[Clothing, Shoes & Jewelry,Women,Clothing,Dresses,Wear to Work],[Clothing, Shoes & Jewelry,Women's Luxury Brands]]"
4218,237129,Alice &amp; Trixie Women's Taylor Playa Prism 3/4 Sleeve Tunic Dress,"[[Clothing, Shoes & Jewelry,Women,Clothing,Dresses,Casual],[Clothing, Shoes & Jewelry,Women's Luxury Brands]]"
4219,237130,Nanette Lepore Women's Chantway Mezcal Print Sleeveless V-Neck Dress,"[[Clothing, Shoes & Jewelry,N,Nanette Lepore],[Clothing, Shoes & Jewelry,Women,Clothing,Dresses,Casual],[Clothing, Shoes & Jewelry,Women's Luxury Brands]]"
4220,237131,Calvin Klein Women's Skirt with Faux Leather Pockets,"[[Clothing, Shoes & Jewelry,C,Calvin Klein],[Clothing, Shoes & Jewelry,Women,Clothing,Skirts,Night Out & Special Occasion]]"
4221,237134,Silly yogi fuzzy boot sleeve-Black-One size,"[[Clothing, Shoes & Jewelry,Novelty, Costumes & More,Costumes & Accessories,Shoes,Women]]"
4222,237135,Silly yogi multi color unending scarf,"[[Clothing, Shoes & Jewelry,Women,Accessories,Scarves & Wraps,Cold Weather Scarves & Wraps]]"
4223,237136,"SilberDream Glitter Charm shamrock with white Czech crystals 925 Sterling Silver Charms Pendant with Lobster Clasp for Charms Bracelet, Necklace or Earring GSC513W","[[Clothing, Shoes & Jewelry,Women,Jewelry,Fine,Charms & Charm Bracelets,Charms,Clasp],[Clothing, Shoes & Jewelry,Novelty, Costumes & More,Novelty]]"
4224,237137,"SilberDream Glitter Charm seahorse with lightblue Czech crystals 925 Sterling Silver Charms Pendant with Lobster Clasp for Charms Bracelet, Necklace or Earring GSC519H","[[Clothing, Shoes & Jewelry,Women],[Clothing, Shoes & Jewelry,Novelty, Costumes & More,Novelty]]"
4225,237138,"SilberDream Charm owl with eyes of white zirconia, 925 Sterling Silver Charms Pendant with Lobster Clasp for Charms Bracelet, Necklace or Earring FC725W","[[Clothing, Shoes & Jewelry,Women],[Clothing, Shoes & Jewelry,Novelty, Costumes & More,Novelty]]"
4226,237139,Three Dots Red Women's Silk Trim Hanky Dress,"[[Clothing, Shoes & Jewelry,Women,Clothing,Dresses,Casual],[Clothing, Shoes & Jewelry,Women's Luxury Brands]]"
4227,237140,Columbia Men's CA077220 Fieldmaster II Large Analog Brown Leather Strap Watch,"[[Clothing, Shoes & Jewelry,New Arrivals],[Clothing, Shoes & Jewelry,Jewelry: International Shipping Available],[Clothing, Shoes & Jewelry,Available for International Shipping],[Clothing, Shoes & Jewelry,C,Columbia],[Clothing, Shoes & Jewelry,Men,Watches,Wrist Watches],[Clothing, Shoes & Jewelry,Men,Surf, Skate & Street,Watches,Wrist Watches]]"
4228,237141,Seiko Men's SUN010 Kinetic Flight Computer Watch,"[[Sports & Outdoors,Accessories,Sport Watches],[Clothing, Shoes & Jewelry,New Arrivals],[Clothing, Shoes & Jewelry,Sport Watches],[Clothing, Shoes & Jewelry,Seiko Watches]]"
4229,237142,Two In Love! I Love My Wife (Red Heart Design) Adult T-Shirt,"[[Clothing, Shoes & Jewelry,Men,Big & Tall],[Clothing, Shoes & Jewelry,Novelty, Costumes & More,Novelty,Clothing,Men,Shirts,T-Shirts]]"
4230,237143,"I Love My Husband T-shirt (XXX-Large, Black)","[[Clothing, Shoes & Jewelry,Men,Clothing,Shirts,T-Shirts],[Clothing, Shoes & Jewelry,Men,Big & Tall]]"
4231,237147,Bamboo Parksville-12 Chestnut Women Casual Boots,"[[Clothing, Shoes & Jewelry,Women,Shoes,Boots]]"
4232,237149,Lavishy Black Vegan Love Forever Birds Tattooed Embroidered Kiss Lock Coin Purse,"[[Clothing, Shoes & Jewelry,Women,Accessories,Wallets, Card Cases & Money Organizers,Coin Purses & Pouches]]"
4233,237150,Lavishy Red Bird Vegan Cosmetics Travel Pouch,"[[Clothing, Shoes & Jewelry,Women,Handbags & Wallets,Clutches]]"
4234,237154,House of Harley Men's Bar &amp; Shield Logo T-Shirt-LIMITED EDITION. All Cotton. Harley-Davidson Graphics. White. 302900320,"[[Clothing, Shoes & Jewelry,H,Harley-Davidson],[Clothing, Shoes & Jewelry,Men],[Clothing, Shoes & Jewelry,Novelty, Costumes & More,Novelty,Clothing,Men,Shirts,T-Shirts]]"
4235,237159,Hanes Tagless 100% ComfortSoft Cotton Long Sleeve T-Shirt,"[[Clothing, Shoes & Jewelry,Men,Clothing,Shirts,T-Shirts]]"
4236,237160,Diamond Droplets Microfiber Clip On Tie,"[[Clothing, Shoes & Jewelry,Men,Accessories,Neckties]]"
4237,237161,Pre-tied Zipper Tie in Black One Size,"[[Clothing, Shoes & Jewelry,Men,Accessories,Neckties]]"
4238,237162,"Jogal Men's Vintage Top Fashion Solid Color One Button Casual Jacket Blazer Suit (XXL, White)","[[Clothing, Shoes & Jewelry,Men,Clothing,Suits & Sport Coats,Tuxedos]]"
4239,237172,"Joe Browns Women's Joyful Jersey Skirt, Teal Multi, (12/14)","[[Clothing, Shoes & Jewelry,Women,Clothing,Skirts,Casual]]"
4240,237175,CafePress Je t'aime Paris Women's Dark Pajamas Women's Dark Pajamas,"[[Clothing, Shoes & Jewelry,Women],[Clothing, Shoes & Jewelry,Novelty, Costumes & More,Novelty,Clothing,Women,Sleep & Lounge,Sets]]"
4241,237176,CafePress I LOVE PARIS Sweatshirt dark,"[[Clothing, Shoes & Jewelry,Men],[Clothing, Shoes & Jewelry,Novelty, Costumes & More,Novelty,Clothing,Men]]"
4242,237177,Freedom Is Not Free Boots Small Hat Pin,"[[Clothing, Shoes & Jewelry,Novelty, Costumes & More,Work Wear & Uniforms,Clothing,Military,Men,Accessories],[Clothing, Shoes & Jewelry,Novelty, Costumes & More,Band & Music Fan,Accessories],[Clothing, Shoes & Jewelry,Novelty, Costumes & More,Costumes & Accessories,Hats & Caps,Men]]"
4243,237179,The Big Bang Theory Bazinga Cape Socks Superman,"[[Clothing, Shoes & Jewelry,Novelty, Costumes & More,Novelty,Clothing,Women,Socks & Hosiery,Socks]]"
4244,237180,SockShop Men's 1 Pair Batman Cape Socks,"[[Clothing, Shoes & Jewelry,Men,Clothing,Socks,Casual Socks]]"
4245,237182,&quot;Nothing Tastes As Good&quot; Crewneck T-Shirt,"[[Clothing, Shoes & Jewelry,Women],[Clothing, Shoes & Jewelry,Novelty, Costumes & More,Novelty,Clothing,Women,Tops & Tees,T-Shirts]]"
4246,237184,Brinley Co Women's Seamless Textured Leggings,"[[Clothing, Shoes & Jewelry,Women,Clothing,Leggings]]"
4247,237185,Star Wars Kanji Poster Men's Black T-shirt,"[[Clothing, Shoes & Jewelry,Men],[Clothing, Shoes & Jewelry,Novelty, Costumes & More,Novelty,Clothing,Men,Shirts,T-Shirts]]"
4248,237186,Ladies Leopard Print Bow Tie Detail Polyester Strap Summer Straw Braided Hat,"[[Clothing, Shoes & Jewelry,Women,Accessories,Hats & Caps,Sun Hats]]"
4249,237187,"Reebok Women's EasyTone Trend II Walking Shoe,White/Champagne,8 M US","[[Clothing, Shoes & Jewelry,Shoes & Accessories: International Shipping Available],[Clothing, Shoes & Jewelry,R,Reebok],[Clothing, Shoes & Jewelry,Women,Shoes,Athletic,Walking]]"
4250,237188,Dasein Large Quilted White Polka Dotted Tote w/ Ribbon Accents -Black,"[[Clothing, Shoes & Jewelry,Women,Handbags & Wallets,Shoulder Bags]]"
4251,237189,Dasein Soft satchel bag with color block -Black Gray White,"[[Clothing, Shoes & Jewelry,Women,Handbags & Wallets,Top-Handle Bags],[Clothing, Shoes & Jewelry,Women,Handbags & Wallets,Shoulder Bags]]"
4252,237190,"Sheinside Grey V Neck Long Sleeve Hollow Sweater (M, Grey)","[[Clothing, Shoes & Jewelry,Women,Clothing,Sweaters,Pullovers]]"
4253,237192,Modern Vice Women's Capri Fashion Sneaker,"[[Clothing, Shoes & Jewelry,Shoes & Accessories: International Shipping Available],[Clothing, Shoes & Jewelry,Women,Shoes,Fashion Sneakers]]"
4254,237194,GILDAN Missy Fit Heavy Cotton Fit Long-Sleeve T-Shirt 5400L,"[[Clothing, Shoes & Jewelry,Women,Clothing,Tops & Tees,Knits & Tees]]"
4255,237195,Roar Men's Sarge II,"[[Clothing, Shoes & Jewelry,Men,Clothing,Shirts,Casual Button-Down Shirts],[Clothing, Shoes & Jewelry,Men,Surf, Skate & Street,Clothing,Shirts,Casual Button-Down Shirts]]"
4256,237196,"JUNK FOOD CLOTHING Men's Let's Do Lunch T-Shirt, Liberty, Large","[[Clothing, Shoes & Jewelry,Men,Clothing,Shirts,T-Shirts],[Clothing, Shoes & Jewelry,Men,Big & Tall]]"
4257,237197,JUNK FOOD CLOTHING Men's Superman Is Now Single T-Shirt,"[[Clothing, Shoes & Jewelry,Men,Clothing,Shirts,T-Shirts]]"
4258,237200,Onlineshoe Women's Diamante Crystal Jewelled Bow High Heel Diamante Pump,"[[Clothing, Shoes & Jewelry,Women,Shoes,Pumps],[Clothing, Shoes & Jewelry,Women,Shoes,Sandals]]"
4259,237201,"Humangear HG0127 GoToob 3oz Travel Bottle, Sky Blue","[[Clothing, Shoes & Jewelry,Luggage & Travel Gear,Travel Accessories,Packing Organizers]]"
4260,237205,Vitamins Baby-Girls Newborn Sleepy Bear Girl Pajama Set,"[[Clothing, Shoes & Jewelry,Baby,Baby Girls,Clothing,Layette Sets]]"
4261,237206,Carter's Baby-girls Heart Sleep N Play Romper and Cap Set,"[[Clothing, Shoes & Jewelry,Baby,Baby Girls,Clothing,Sleepwear & Robes,Blanket Sleepers]]"
4262,237208,Metal Mulisha Men's Re-Load T-Shirt,"[[Clothing, Shoes & Jewelry,Men,Clothing,Shirts,T-Shirts],[Clothing, Shoes & Jewelry,Men,Surf, Skate & Street,Clothing,Shirts,T-Shirts]]"
4263,237209,Metal Mulisha Men's Ride T-Shirt,"[[Clothing, Shoes & Jewelry,Men,Clothing,Shirts,T-Shirts],[Clothing, Shoes & Jewelry,Men,Surf, Skate & Street,Clothing,Shirts,T-Shirts]]"
4264,237210,Michael Antonio Women's Lannon-Leo Pump,"[[Clothing, Shoes & Jewelry,Shoes & Accessories: International Shipping Available],[Clothing, Shoes & Jewelry,M,Michael Antonio],[Clothing, Shoes & Jewelry,Women,Shoes,Pumps]]"
4265,237211,Sterling Silver Square Citrine Cubic Zirconia Earrings Studs 3 mm Yellow 1/5 carat/pair,"[[Clothing, Shoes & Jewelry,Women],[Clothing, Shoes & Jewelry,Novelty, Costumes & More,Novelty,Jewelry,Earrings]]"
4266,237212,Yazilind Bracelet Alloy Bracelet Plated Silver with Rhinestone Diameter:2.2In,"[[Clothing, Shoes & Jewelry,Women],[Clothing, Shoes & Jewelry,Novelty, Costumes & More,Novelty,Jewelry,Earrings]]"
4267,237213,Girls Letters Pattern Purple Pink Fabric Purse Cards Keys Pouch Holder,"[[Clothing, Shoes & Jewelry,Women,Accessories,Wallets, Card Cases & Money Organizers,Wallets],[Clothing, Shoes & Jewelry,Novelty, Costumes & More,Band & Music Fan,Accessories]]"
4268,237214,Lady Gray White Black Polyester Leopard Pattern Coin Purses Wallet Bag,"[[Clothing, Shoes & Jewelry,Women,Accessories,Wallets, Card Cases & Money Organizers,Wallets],[Clothing, Shoes & Jewelry,Novelty, Costumes & More,Band & Music Fan,Accessories]]"
4269,237215,Michael Kors Fulton Tangerine Leather Flap Continental Wallet,"[[Clothing, Shoes & Jewelry,Women,Shoes]]"
4270,237218,Sterling Silver Green Amber Drop Pendant,"[[Clothing, Shoes & Jewelry,Antique & Estate Jewelry,Contemporary,Necklaces & Pendants],[Clothing, Shoes & Jewelry,Women],[Clothing, Shoes & Jewelry,Novelty, Costumes & More,Novelty,Jewelry,Necklaces & Pendants]]"
4271,237220,Western Express Men's Large Silver Engraved Boot Tips with Genuine Turquouse,"[[Clothing, Shoes & Jewelry,Men,Clothing,Shirts,T-Shirts],[Clothing, Shoes & Jewelry,Novelty, Costumes & More,Band & Music Fan,Accessories]]"
4272,237221,"Womens Red Pvc Bustier Corset Us Size 6-8 , 8-10 , 10-12 , 12-14","[[Clothing, Shoes & Jewelry,Women],[Clothing, Shoes & Jewelry,Novelty, Costumes & More,Exotic Apparel,Women,Bustiers & Corsets]]"
4273,237222,Biker Boots Boot Chains Black Topgrain Cowhide Leather with Cast Skulls,"[[Clothing, Shoes & Jewelry,Boot Shop,Men,Fashion,Motorcycle],[Clothing, Shoes & Jewelry,Men,Shoes,Boots]]"
4274,237223,Jack Juniors Azura Dress,"[[Clothing, Shoes & Jewelry,Women,Clothing,Dresses,Night Out & Cocktail],[Clothing, Shoes & Jewelry,Women,Juniors,Dresses,Night Out & Cocktail],[Clothing, Shoes & Jewelry,Women,Petite,Dresses,Night Out & Cocktail]]"
4275,237227,Chhabra 555 Womens Crimson Nylon Suit Dupatta,"[[Clothing, Shoes & Jewelry,Women],[Clothing, Shoes & Jewelry,Novelty, Costumes & More,World Apparel]]"
4276,237228,WOMEN NEW DUPATTA STOLE GEORGETTE SCARF EMBROIDERED VEIL FLORAL GREEN BROWN,"[[Clothing, Shoes & Jewelry,Women,Accessories,Scarves & Wraps,Fashion Scarves]]"
4277,237230,Mandarin Collar Stone &amp; Beads Work Ladies Blouse Tunic Top Kurta Kurti,"[[Clothing, Shoes & Jewelry,Men],[Clothing, Shoes & Jewelry,Novelty, Costumes & More,World Apparel]]"
4278,237233,Lucky Top Pack-72K Girls Military Lace Up Mid Calf Boot,"[[Clothing, Shoes & Jewelry,Girls,Shoes,Boots]]"
4279,237234,"Marc Ecko Cut &amp; Sew Men's Case Study, Black, X-Large","[[Clothing, Shoes & Jewelry,Men],[Clothing, Shoes & Jewelry,Novelty, Costumes & More,Novelty,Clothing,Men,Shirts,T-Shirts]]"
4280,237237,Buckle Rage Adorable Sexy Pink Cupcake Retro Cute Girly Belt Buckle Pink One Size,"[[Clothing, Shoes & Jewelry,Women,Accessories,Belts]]"
4281,237238,Bone Beige Leatherette Studded Spike Strappy Ankle Strap Platform Heels Earth,"[[Clothing, Shoes & Jewelry,Women,Shoes,Pumps]]"
4282,237239,Confederate Flag Tongue Ring - Confederate Flag Surgical Steel Tongue Ring,"[[Clothing, Shoes & Jewelry,Novelty, Costumes & More,Novelty,Jewelry],[Clothing, Shoes & Jewelry,Novelty, Costumes & More,Body Jewelry,Piercing Jewelry,Barbells]]"
4283,237240,Large Dangle Circle Butterfly Earrings,"[[Clothing, Shoes & Jewelry,Women],[Clothing, Shoes & Jewelry,Novelty, Costumes & More,Novelty,Jewelry,Earrings]]"
4284,237241,2 Pairs of Ladies Metallic Silver Dangling Discs Style 5 Inch Clip-On Earrings,"[[Clothing, Shoes & Jewelry,Novelty, Costumes & More,Novelty,Jewelry,Earrings]]"
4285,237242,Tasty Threads - You Had Me At Steak - Adult T-Shirt,"[[Clothing, Shoes & Jewelry,Men,Big & Tall],[Clothing, Shoes & Jewelry,Novelty, Costumes & More,Novelty,Clothing,Men,Shirts,T-Shirts]]"
4286,237243,Superman Man of Steel All Over Print Men's Black Sleep Pant Medium,"[[Clothing, Shoes & Jewelry,Men,Clothing,Sleep & Lounge,Sleep Bottoms]]"
4287,237245,Swiss Legend Men's 80040-01-BB Sprint Racer Collection Chronograph Black Rubber Watch,"[[Clothing, Shoes & Jewelry,New Arrivals],[Clothing, Shoes & Jewelry,Jewelry: International Shipping Available],[Clothing, Shoes & Jewelry,Fashion Watches],[Clothing, Shoes & Jewelry,Available for International Shipping],[Clothing, Shoes & Jewelry,Men,Watches,Wrist Watches]]"
4288,237246,Offshore Men's OFF009PRI Tornade Yellow Gold PVD Black Dial CZ Chronograph Watch,"[[Sports & Outdoors,Accessories,Sport Watches],[Clothing, Shoes & Jewelry,New Arrivals],[Clothing, Shoes & Jewelry,Jewelry: International Shipping Available],[Clothing, Shoes & Jewelry,Available for International Shipping],[Clothing, Shoes & Jewelry,Sport Watches],[Clothing, Shoes & Jewelry,Men,Watches,Wrist Watches]]"
4289,237247,Invicta Men's 6548 Subaqua Noma IV Collection Chronograph Two-Tone Watch,"[[Sports & Outdoors,Accessories,Sport Watches],[Clothing, Shoes & Jewelry,New Arrivals],[Clothing, Shoes & Jewelry,Jewelry: International Shipping Available],[Clothing, Shoes & Jewelry,Fashion Watches],[Clothing, Shoes & Jewelry,Available for International Shipping],[Clothing, Shoes & Jewelry,Sport Watches],[Clothing, Shoes & Jewelry,Invicta],[Clothing, Shoes & Jewelry,Men,Watches,Wrist Watches]]"
4290,237248,Invicta Men's 6726 Lupah Collection Chronograph Black Ion-Plated Yellow Rubber Watch,"[[Clothing, Shoes & Jewelry,New Arrivals],[Clothing, Shoes & Jewelry,Jewelry: International Shipping Available],[Clothing, Shoes & Jewelry,Fashion Watches],[Clothing, Shoes & Jewelry,Available for International Shipping],[Clothing, Shoes & Jewelry,Invicta],[Clothing, Shoes & Jewelry,Men,Watches,Wrist Watches]]"
4291,237249,Invicta Men's 6643 S1 Collection GMT Red Rubber Watch,"[[Clothing, Shoes & Jewelry,New Arrivals],[Clothing, Shoes & Jewelry,Jewelry: International Shipping Available],[Clothing, Shoes & Jewelry,Fashion Watches],[Clothing, Shoes & Jewelry,Available for International Shipping],[Clothing, Shoes & Jewelry,Invicta],[Clothing, Shoes & Jewelry,Men,Watches,Wrist Watches]]"
4292,237250,Invicta Men's 6509 Subaqua Noma III Collection GMT 18k Gold-Plated Stainless Steel Watch,"[[Sports & Outdoors,Accessories,Sport Watches],[Clothing, Shoes & Jewelry,New Arrivals],[Clothing, Shoes & Jewelry,Jewelry: International Shipping Available],[Clothing, Shoes & Jewelry,Fashion Watches],[Clothing, Shoes & Jewelry,Available for International Shipping],[Clothing, Shoes & Jewelry,Sport Watches],[Clothing, Shoes & Jewelry,Invicta],[Clothing, Shoes & Jewelry,Men,Watches,Wrist Watches]]"
4293,237251,Invicta Men's 6511 Subaqua Noma III Collection 18k Gold-Plated Watch,"[[Sports & Outdoors,Accessories,Sport Watches],[Clothing, Shoes & Jewelry,New Arrivals],[Clothing, Shoes & Jewelry,Jewelry: International Shipping Available],[Clothing, Shoes & Jewelry,Fashion Watches],[Clothing, Shoes & Jewelry,Available for International Shipping],[Clothing, Shoes & Jewelry,Sport Watches],[Clothing, Shoes & Jewelry,Invicta],[Clothing, Shoes & Jewelry,Men,Watches,Wrist Watches]]"
4294,237252,Invicta Men's 6310 Reserve Collection Chronograph Stainless Steel and Black Rubber Watch,"[[Clothing, Shoes & Jewelry,New Arrivals],[Clothing, Shoes & Jewelry,Jewelry: International Shipping Available],[Clothing, Shoes & Jewelry,Fashion Watches],[Clothing, Shoes & Jewelry,Available for International Shipping],[Clothing, Shoes & Jewelry,Invicta],[Clothing, Shoes & Jewelry,Men,Watches,Wrist Watches]]"
4295,237253,Alpine Mountaineer Liskamm LK-RD Men's Design Highlight,"[[Clothing, Shoes & Jewelry,Men,Watches,Wrist Watches]]"
4296,237254,Match K|G Mens Basic T-shirts Series Sexy Deep V-neck/Long sleeve/Slim fit #ST805,"[[Clothing, Shoes & Jewelry,Men,Clothing,Shirts,T-Shirts]]"
4297,237255,Hee Grand Men's Short Sport Pant,"[[Sports & Outdoors,Clothing,Men,Pants],[Clothing, Shoes & Jewelry,Men,Clothing,Active,Active Pants]]"
4298,237256,Diesel Men's Smutsu-S Sweatshirt,"[[Clothing, Shoes & Jewelry,D,Diesel],[Clothing, Shoes & Jewelry,Men,Clothing,Fashion Hoodies & Sweatshirts],[Clothing, Shoes & Jewelry,Men,Surf, Skate & Street,Clothing,Fashion Hoodies & Sweatshirts],[Clothing, Shoes & Jewelry,Women's Luxury Brands]]"
4299,237259,U.S. POLO ASSN. Girls 2-6X Skinny Stretch Jeans with Rhine Stud Details,"[[Clothing, Shoes & Jewelry,Girls,Clothing,Jeans]]"
4300,237263,Lee Girls 2-6X Emily Straight Jean,"[[Clothing, Shoes & Jewelry,Girls,Clothing,Jeans]]"
4301,237264,Curio+Kind Girls 7-16 Diamond Party Skirt,"[[Clothing, Shoes & Jewelry,Girls,Clothing,Skirts, Scooters & Skorts]]"
4302,237265,One Step Up Girls 2-6X Toddler Print Shrug,"[[Clothing, Shoes & Jewelry,Girls,Clothing,Tops & Tees,Tees]]"
4303,237267,Lauren Ralph Lauren Petite Women's Ruffle Top Black White Stripes,"[[Clothing, Shoes & Jewelry,Women,Clothing,Tops & Tees,Knits & Tees],[Clothing, Shoes & Jewelry,Women,Petite,Tops & Tees,Knits & Tees]]"
4304,237269,Kenneth Cole New York Women's Color Block Textured Trench Coat,"[[Clothing, Shoes & Jewelry,K,Kenneth Cole New York],[Clothing, Shoes & Jewelry,Women,Clothing,Coats & Jackets,Trench & Rain]]"
4305,237270,OutofGas Clothing Women's V-Neck Cable Knit Long Stretch Cricket Jumper Pullover,"[[Clothing, Shoes & Jewelry,Women,Clothing,Sweaters,Pullovers]]"
4306,237271,Volcom Men's Graham Crew Shirt,"[[Sports & Outdoors,Clothing,Men,Sweatshirts],[Clothing, Shoes & Jewelry,Men,Clothing,Active,Active Sweatshirts],[Clothing, Shoes & Jewelry,Men,Surf, Skate & Street,Clothing,Active,Active Sweatshirts]]"
4307,237272,Girls Dress Pink Rose Flower Wedding Pageant Child Clothes,"[[Clothing, Shoes & Jewelry,Girls,Clothing,Dresses,Special Occasion]]"
4308,237273,Gossip Girl 7-16 Paw Wow Shirt Dress Cover Up,"[[Clothing, Shoes & Jewelry,Girls,Clothing,Dresses,Playwear]]"
4309,237276,Ruum Big Girls' 5-14 Heart Print Dress Cerulean 8,"[[Clothing, Shoes & Jewelry,Girls,Clothing,Dresses,Playwear]]"
4310,237281,Genuine Sherling Gloves Womens Winter Tan (XL),"[[Clothing, Shoes & Jewelry,Women,Accessories,Gloves & Mittens,Cold Weather Gloves],[Clothing, Shoes & Jewelry,Men,Accessories,Gloves & Mittens,Cold Weather Gloves]]"
4311,237282,maxandcleo Women's Halter Neck Lace Dress,"[[Clothing, Shoes & Jewelry,Women,Clothing,Dresses,Casual]]"
4312,237283,1veMoon Women's Round-neck Long-sleeve Color Block Bodycon Chiffon Dress,"[[Clothing, Shoes & Jewelry,Women,Clothing,Dresses,Night Out & Cocktail]]"
4313,237285,Laura Womens Tank Top Shorts Set Fucshia Comfortable Pajama #525045 (XL),"[[Clothing, Shoes & Jewelry,Women,Clothing,Lingerie, Sleep & Lounge,Sleep & Lounge,Sets]]"
4314,237287,Dallas Cowboys Women's Cowboy Up Tank Navy Small,"[[Sports & Outdoors,Fan Shop],[Clothing, Shoes & Jewelry,Women],[Clothing, Shoes & Jewelry,Novelty, Costumes & More,Band & Music Fan,T-Shirts],[Clothing, Shoes & Jewelry,Novelty, Costumes & More,Movie & TV Fan,Tops & Tees,Tank Tops]]"
4315,237288,Reflex Grey Football White Dial Boys - Kids Watch KID-0053A,"[[Clothing, Shoes & Jewelry,Boys]]"
4316,237299,Ring of Shocker Quotes T-Shirt,"[[Clothing, Shoes & Jewelry,Men,Clothing,Shirts,T-Shirts]]"
4317,237301,Embroidered Aum (Om) Shelf Camisole Yoga Top,"[[Clothing, Shoes & Jewelry,Women],[Clothing, Shoes & Jewelry,Novelty, Costumes & More,Novelty,Clothing,Women,Tops & Tees,Tanks & Camis]]"
4318,237302,Shy by Sydney Evan Diamond Bezel Fierce Bracelet,"[[Clothing, Shoes & Jewelry,Diamonds],[Clothing, Shoes & Jewelry,Jewelry: International Shipping Available],[Clothing, Shoes & Jewelry,Shop by Designer],[Clothing, Shoes & Jewelry,Women,Jewelry,Fine,Bracelets],[Clothing, Shoes & Jewelry,Women,Jewelry,Fashion,Bracelets],[Clothing, Shoes & Jewelry,Novelty, Costumes & More,Novelty]]"
4319,237303,Shy by Sydney Evan Diamond Bezel Angel Necklace,"[[Clothing, Shoes & Jewelry,Diamonds],[Clothing, Shoes & Jewelry,Jewelry: International Shipping Available],[Clothing, Shoes & Jewelry,Shop by Designer],[Clothing, Shoes & Jewelry,Women,Jewelry,Fine,Necklaces],[Clothing, Shoes & Jewelry,Women,Jewelry,Fashion,Necklaces],[Clothing, Shoes & Jewelry,Women,Jewelry,Religious,Necklaces & Pendants],[Clothing, Shoes & Jewelry,Novelty, Costumes & More,Novelty]]"
4320,237312,INC International Concepts Women's Cosma Tall Boots in Winter Taupe,"[[Clothing, Shoes & Jewelry,Boot Shop,Women,Fashion],[Clothing, Shoes & Jewelry,Women,Shoes,Boots]]"
4321,237314,"Soft Mix Knit Sweater Dress (Small, Oatmeal)","[[Clothing, Shoes & Jewelry,Women,Clothing,Sweaters,Pullovers]]"
4322,237315,MOD 20 Women's Wool Knitted Patches Sweater Dress Khaki S(CD11558),"[[Clothing, Shoes & Jewelry,Women,Clothing,Sweaters,Pullovers]]"
4323,237316,D 13626 BG Cashmere Blend Cowl Neck Beige Ladies Long Tunic/Dress,"[[Clothing, Shoes & Jewelry,Women,Clothing,Sweaters,Pullovers]]"
4324,237319,Saint Christine Blue Flowers &amp; Free Shape Crystal Pendant Necklace for Women and Girls,"[[Clothing, Shoes & Jewelry,Women],[Clothing, Shoes & Jewelry,Novelty, Costumes & More,Novelty,Jewelry]]"
4325,237320,2 Rows 8-9mm Lavender Hand-pick Genuine Cultured Freshwater Pearl High Luster Necklace 17&quot;-18&quot; Length. Pearls is June Birthstones,"[[Clothing, Shoes & Jewelry,Pearl Jewelry],[Clothing, Shoes & Jewelry,Jewelry Outlet],[Clothing, Shoes & Jewelry,Women,Jewelry,Fine,Necklaces,Pearl Strands],[Clothing, Shoes & Jewelry,Novelty, Costumes & More,Novelty]]"
4326,237322,"PILGRIM Skanderborg, Denmark Crystal Women Necklace. Total Item weight 14.8 g.","[[Clothing, Shoes & Jewelry,Women],[Clothing, Shoes & Jewelry,Novelty, Costumes & More,Novelty,Jewelry,Necklaces & Pendants]]"
4327,237323,Floral &amp; Drop Pendant w/Pink Sapphire &amp; White CZs,"[[Clothing, Shoes & Jewelry,Women,Jewelry,Fashion,Necklaces,Pendants],[Clothing, Shoes & Jewelry,Novelty, Costumes & More,Novelty]]"
4328,237324,Timberland Men's Earthkeeper Warm Lined Boot,"[[Clothing, Shoes & Jewelry,Shoes & Accessories: International Shipping Available],[Clothing, Shoes & Jewelry,T,Timberland],[Clothing, Shoes & Jewelry,Boot Shop,Men,Fashion,Combat],[Clothing, Shoes & Jewelry,Men,Shoes,Boots]]"
4329,237325,"ECCO Men's Race Sneaker,Shadow White/White,42 EU/8-8.5 M US","[[Clothing, Shoes & Jewelry,Shoes & Accessories: International Shipping Available],[Clothing, Shoes & Jewelry,E,ECCO],[Clothing, Shoes & Jewelry,Comfort Shoes],[Clothing, Shoes & Jewelry,Men,Shoes,Fashion Sneakers]]"
4330,237328,"Timberland Men's Earthkeepers Moc-Toe Chukka Boot,Cactus Roughcut,10.5 W US","[[Clothing, Shoes & Jewelry,Shoes & Accessories: International Shipping Available],[Clothing, Shoes & Jewelry,T,Timberland],[Clothing, Shoes & Jewelry,Men,Shoes,Boots]]"
4331,237329,14 KT Yellow Gold Green Jade Teardrop 14k Dangle Post Earrings,"[[Clothing, Shoes & Jewelry,Gemstones],[Clothing, Shoes & Jewelry,Women],[Clothing, Shoes & Jewelry,Novelty, Costumes & More,Novelty,Jewelry,Earrings]]"
4332,237330,Sorrelli &quot;Tropical&quot; Floral Crystal Cluster Gold-Tone Earrings,"[[Clothing, Shoes & Jewelry,Jewelry: International Shipping Available],[Clothing, Shoes & Jewelry,Shop by Designer],[Clothing, Shoes & Jewelry,Boutique Designer Jewelry],[Clothing, Shoes & Jewelry,Women,Jewelry,Fashion,Earrings,Stud],[Clothing, Shoes & Jewelry,Novelty, Costumes & More,Novelty]]"
4333,237331,TRENDY FASHION PATRIOTIC STAR LINK EARRINGS BY FASHION DESTINATION | (Gold),"[[Clothing, Shoes & Jewelry,Men],[Clothing, Shoes & Jewelry,Novelty, Costumes & More,Novelty,Jewelry,Earrings]]"
4334,237332,Turquoise Jewelry Navajo American Indian Ring Size 8-1/2 AW75075,"[[Clothing, Shoes & Jewelry,Women],[Clothing, Shoes & Jewelry,Novelty, Costumes & More,Novelty,Jewelry,Rings]]"
4335,237333,Sienna Sky Long Happy New Year Hat and Champagne Glass Earrings 1499,"[[Clothing, Shoes & Jewelry,Women,Jewelry,Fashion,Earrings,Drop & Dangle],[Clothing, Shoes & Jewelry,Novelty, Costumes & More,Novelty],[Clothing, Shoes & Jewelry,Novelty, Costumes & More,Costumes & Accessories]]"
4336,237334,Girls Bobby Soxer 50s Costume - Child Large,"[[Clothing, Shoes & Jewelry,Novelty, Costumes & More,Costumes & Accessories,Costumes,Kids & Baby,Girls]]"
4337,237336,"Caterpillar Men's Oberon Lace-up Shoe,Black,11.5 M US","[[Clothing, Shoes & Jewelry,Shoes & Accessories: International Shipping Available],[Clothing, Shoes & Jewelry,C,Caterpillar],[Clothing, Shoes & Jewelry,Men,Shoes,Oxfords],[Clothing, Shoes & Jewelry,Novelty, Costumes & More,Exotic Apparel]]"
4338,237337,Caterpillar Mens Cordell Steel-Toe Oak Boots US 9 NIB,"[[Clothing, Shoes & Jewelry,C,Caterpillar],[Clothing, Shoes & Jewelry,Men,Shoes,Boots]]"
4339,237341,Micro Bees Tie By Alynn Novelty In Silk,"[[Clothing, Shoes & Jewelry,Men],[Clothing, Shoes & Jewelry,Novelty, Costumes & More,Novelty,Clothing,Men,Accessories,Neckties],[Clothing, Shoes & Jewelry,Novelty, Costumes & More,Band & Music Fan,Accessories]]"
4340,237346,Luxurious Purple Small Mesh With Floral Silicon Garter - Hold Ups,"[[Clothing, Shoes & Jewelry,Women,Clothing,Socks & Hosiery,Hosiery]]"
4341,237347,"Pamela Mann Cat Outline Tights, M, XL, XXL, XXXL","[[Clothing, Shoes & Jewelry,Women,Clothing,Socks & Hosiery,Tights]]"
4342,237348,Ozone Women's Otk Tatters,"[[Clothing, Shoes & Jewelry,Women,Clothing,Socks & Hosiery,Casual Socks]]"
4343,237349,Living Dead Souls Womens Black Faux Fur Skirt,"[[Clothing, Shoes & Jewelry,Women],[Clothing, Shoes & Jewelry,Novelty, Costumes & More,Exotic Apparel,Women]]"
4344,237350,"Timberland Little Harbor Sandal (Toddler),Pink Rose,4 M US Toddler","[[Clothing, Shoes & Jewelry,Shoes & Accessories: International Shipping Available],[Clothing, Shoes & Jewelry,T,Timberland],[Clothing, Shoes & Jewelry,Girls],[Clothing, Shoes & Jewelry,Boys],[Clothing, Shoes & Jewelry,Baby,Baby Girls]]"
4345,237351,"Disney Gang Mickey, Minnie, Donald, Daisy, Pluto &amp; Goofy Tee for women","[[Clothing, Shoes & Jewelry,Women],[Clothing, Shoes & Jewelry,Novelty, Costumes & More,Novelty,Clothing,Women,Tops & Tees,T-Shirts]]"
4346,237352,Men's Dress Vest NeckTie Light BROWN Neck Tie Set for Suit or Tuxedo,"[[Clothing, Shoes & Jewelry,Men,Clothing,Suits & Sport Coats,Vests],[Clothing, Shoes & Jewelry,Men,Big & Tall]]"
4347,237353,New Balance Tonic 220 Pant,"[[Clothing, Shoes & Jewelry,Novelty, Costumes & More,Work Wear & Uniforms,Clothing,Medical]]"
4348,237354,New Balance Healthcare Women's Gazelle Top,"[[Clothing, Shoes & Jewelry,Novelty, Costumes & More,Work Wear & Uniforms,Clothing,Medical]]"
4349,237355,Buenos Ninos Baby-girls Petti Skirt,"[[Clothing, Shoes & Jewelry,Baby,Baby Girls,Clothing]]"
4350,237356,"Zutano Boys 2-7 Multistripe Long Sleeve T-Shirt, Gray/Mandarin, 3T","[[Clothing, Shoes & Jewelry,Boys,Clothing,Tops & Tees,Tees]]"
4351,237359,RNT23 JEANS Men's Allover Stitch Denim Jeans,"[[Clothing, Shoes & Jewelry,Men,Clothing,Jeans]]"
4352,237360,Green Turtle - Coco Made Me Do It Black Large Women T-Shirt,"[[Clothing, Shoes & Jewelry,Women],[Clothing, Shoes & Jewelry,Novelty, Costumes & More,Novelty,Clothing,Women,Tops & Tees,T-Shirts]]"
4353,237361,Italian Style Gold Love Screw Bracelet Cartier (Yellow Gold),"[[Clothing, Shoes & Jewelry,Novelty, Costumes & More,Novelty,Jewelry,Bracelets]]"
4354,237362,Coated High-Waisted Jeans,"[[Clothing, Shoes & Jewelry,Women,Clothing,Jeans]]"
4355,237363,Tumi Luggage Arrive' De Gaulle International Carry On,"[[Clothing, Shoes & Jewelry,T,TUMI],[Clothing, Shoes & Jewelry,Luggage & Travel Gear,Luggage,Carry-Ons]]"
4356,237366,Fun World Mens 'Cardinal' Adult Costume,"[[Clothing, Shoes & Jewelry,Novelty, Costumes & More,Band & Music Fan,Accessories],[Clothing, Shoes & Jewelry,Novelty, Costumes & More,Costumes & Accessories,Costumes,Men]]"
4357,237367,Kuhl Rydr Men's Pant - Graphite 36W x 30L,"[[Clothing, Shoes & Jewelry,Men,Clothing,Active,Active Pants]]"
4358,237369,"Rothco Mountain Patrol Polar Fleece Jacket, Black","[[Clothing, Shoes & Jewelry,Novelty, Costumes & More,Work Wear & Uniforms,Clothing,Military,Men,Outerwear]]"
4359,237372,"ABSORBA Baby-Boys Infant Cars Blanket Sleeper, Blue, 18 Months","[[Clothing, Shoes & Jewelry,Baby,Baby Boys,Clothing,Sleepwear & Robes,Blanket Sleepers]]"
4360,237373,Elizabeth Brady Women's Julia Pump,"[[Clothing, Shoes & Jewelry,Shoes & Accessories: International Shipping Available],[Clothing, Shoes & Jewelry,Women,Shoes,Pumps]]"
4361,237374,Men Fashion Long Sleeve Color Patch V Neck Button Down Stripes Shirt,"[[Clothing, Shoes & Jewelry,Men,Clothing,Shirts,Casual Button-Down Shirts]]"
4362,237377,"KANZ Baby-girls Newborn Wrap Bodysuit 1/1 Sleeve, Rouge Melange, 3 Months","[[Clothing, Shoes & Jewelry,Baby,Baby Girls,Clothing,Bodysuits]]"
4363,237379,"YMI Juniors Rip and Tear Rigid Denim Jean, Deep Royal Blue, 7","[[Clothing, Shoes & Jewelry,Women,Clothing,Jeans],[Clothing, Shoes & Jewelry,Women,Juniors,Jeans],[Clothing, Shoes & Jewelry,Women,Petite,Jeans]]"
4364,237380,"Lipo in a Box &quot;Original Firm Control&quot; High Waist Thong, Nude 2X","[[Clothing, Shoes & Jewelry,Women,Clothing,Lingerie, Sleep & Lounge,Intimates,Shapewear,Control Panties],[Clothing, Shoes & Jewelry,Women,Petite,Intimates,Shapewear,Control Panties],[Clothing, Shoes & Jewelry,Women,Plus-Size]]"
4365,237381,"Sligo Men's Plaid Shorts, Arctic Plaid, 34","[[Clothing, Shoes & Jewelry,Men,Clothing,Active,Active Shorts]]"
4366,237382,"Sligo Men's Plaid Shorts, Fire Plaid, 34","[[Clothing, Shoes & Jewelry,Men,Clothing,Active,Active Shorts]]"
4367,237385,"adidas Women's adiBase Capri, Black/Black, Small","[[Clothing, Shoes & Jewelry,Women,Clothing,Active,Active Pants]]"
4368,237387,Pink Blue 2 Pack Geneva Crystal Rhinestone Large Face Watch with Silicone Jelly Link Band,"[[Clothing, Shoes & Jewelry,Fashion Watches],[Clothing, Shoes & Jewelry,Women,Watches,Wrist Watches]]"
4369,237388,"Geneva Platinum CZ Accented Silicone Link Watch, Large Face","[[Clothing, Shoes & Jewelry,Women,Watches,Wrist Watches]]"
4370,237389,Vintage Antique Inspired Costume Jewelry Emerald Frog Toad Finger Ring size 7,"[[Clothing, Shoes & Jewelry,Women],[Clothing, Shoes & Jewelry,Novelty, Costumes & More,Novelty,Jewelry,Rings]]"
4371,237390,Hematite Skull Ring Bracelet,"[[Clothing, Shoes & Jewelry,Novelty, Costumes & More,Novelty,Jewelry,Bracelets]]"
4372,237393,Orient #FEM65002D Men's Blue Mako Stainless Steel 200M Diver Watch,"[[Clothing, Shoes & Jewelry,Orient],[Clothing, Shoes & Jewelry,Men,Watches,Wrist Watches]]"
4373,237394,20mm Premium Nylon Military Watchband Watch Strap PVD Black/Gray/Blue,"[[Clothing, Shoes & Jewelry,Women]]"
4374,237396,Request Girls 7-16 Stretch Denim Bermuda Short,"[[Clothing, Shoes & Jewelry,Girls,Clothing,Shorts]]"
4375,237398,Zupers Girls Faux Wrap Dress,"[[Clothing, Shoes & Jewelry,Girls,Clothing,Dresses,Playwear]]"
4376,237399,Dream Girl DG7789 WHAT'S SHAKIN',"[[Clothing, Shoes & Jewelry,Women],[Clothing, Shoes & Jewelry,Novelty, Costumes & More,Exotic Apparel,Women,Accessories]]"
4377,237400,Anna-Kaci S/M Fit White All Over Floral Crochet Net Lace Mini Fringe Hem Shorts,"[[Clothing, Shoes & Jewelry,Women,Clothing,Shorts,Dress]]"
4378,237401,Charades Women's Groovin Hippie Costume,"[[Clothing, Shoes & Jewelry,Novelty, Costumes & More,Costumes & Accessories],[Clothing, Shoes & Jewelry,Novelty, Costumes & More,Exotic Apparel,Women,Costumes]]"
4379,237402,Sexy Halloween Costumes Hippied Go 70s 60s Costume M Womens U.S. Medium (8-10),"[[Clothing, Shoes & Jewelry,Novelty, Costumes & More,Costumes & Accessories,Costumes,Women],[Clothing, Shoes & Jewelry,Novelty, Costumes & More,Exotic Apparel]]"
4380,237403,Nannette Girls 2-6x 2 Piece Knit Halter Top and Short,"[[Clothing, Shoes & Jewelry,Girls,Clothing,Clothing Sets,Short Sets]]"
4381,237404,Strawberry Shortcake &quot;Tiny Dancer&quot; 2-Piece Pajamas,"[[Clothing, Shoes & Jewelry,Girls,Clothing,Sleepwear & Robes,Pajama Sets]]"
4382,237406,"Morris Custumes Women's Monster Feet, Flesh","[[Clothing, Shoes & Jewelry,Novelty, Costumes & More,Band & Music Fan,Accessories],[Clothing, Shoes & Jewelry,Novelty, Costumes & More,Costumes & Accessories,More Accessories,Men]]"
4383,237412,Kenneth Cole New York Women's Jacquelyn Dress,"[[Clothing, Shoes & Jewelry,K,Kenneth Cole New York],[Clothing, Shoes & Jewelry,Women,Clothing,Dresses,Wear to Work]]"
4384,237413,Kenneth Cole New York Women's Juliet Skirt,"[[Clothing, Shoes & Jewelry,K,Kenneth Cole New York],[Clothing, Shoes & Jewelry,Women,Clothing,Skirts,Night Out & Special Occasion]]"
4385,237415,Nautica Girls 2-6X High/Low Top with Twill Short,"[[Clothing, Shoes & Jewelry,N,Nautica],[Clothing, Shoes & Jewelry,Girls,Clothing,Clothing Sets,Short Sets]]"
4386,237416,Nautica Boys 2-7 2 Piece Striped Polo and Short Set,"[[Clothing, Shoes & Jewelry,N,Nautica],[Clothing, Shoes & Jewelry,Boys,Clothing,Clothing Sets,Pant Sets]]"
4387,237419,Vaenait Baby Kids Boys 2 Pieces Shortsleeve Top and Shorts Outfits Set Short Zoo,"[[Clothing, Shoes & Jewelry,Boys,Clothing,Clothing Sets]]"
4388,237421,Sexy Pencil Oriental Neck Dress Short Sleeves Knee Length 654,"[[Clothing, Shoes & Jewelry,Women,Clothing,Dresses,Night Out & Cocktail]]"
4389,237424,DJTees Texas Blues T-shirt (XX-Large Black/Print),"[[Clothing, Shoes & Jewelry,Men,Clothing,Shirts,T-Shirts],[Clothing, Shoes & Jewelry,Men,Big & Tall]]"
4390,237425,DJTees Eric Clapton 66 T-shirt (XX-Large Black/Print),"[[Clothing, Shoes & Jewelry,Novelty, Costumes & More,Novelty,Clothing,Women,Tops & Tees,T-Shirts],[Clothing, Shoes & Jewelry,Novelty, Costumes & More,Novelty,Clothing,Men,Shirts,T-Shirts]]"
4391,237426,Lucky Bean Charm Forever Inspiration Powers Amulet Blue Goldstone Eternity Positive Good Luck Energy Pendant on 18&quot; Necklace,"[[Clothing, Shoes & Jewelry,Women,Jewelry,Fashion,Necklaces,Pendants],[Clothing, Shoes & Jewelry,Women,Jewelry,Religious,Necklaces & Pendants,Pendants],[Clothing, Shoes & Jewelry,Novelty, Costumes & More,Novelty]]"
4392,237428,Baby Gear Girls Floral Bodysuit &amp; Shoe Set,"[[Clothing, Shoes & Jewelry,Baby,Baby Girls,Clothing,Clothing Sets]]"
4393,237429,Baby Gear Girls Little Lady Bodysuit &amp; Shoe Set 0-3 Mo Red/black,"[[Clothing, Shoes & Jewelry,Baby,Baby Girls,Clothing,Clothing Sets,Pant Sets]]"
4394,237433,Mondaynoon Swarovski Elements Austrian Crystal Earrings &quot;Sweet&quot;,"[[Clothing, Shoes & Jewelry,Pearl Jewelry],[Clothing, Shoes & Jewelry,Girls],[Clothing, Shoes & Jewelry,Novelty, Costumes & More,Novelty]]"
4395,237436,"Coclico Women's Fujita Sandal,Caramel,37.5 EU/7 M US","[[Clothing, Shoes & Jewelry,Shoes & Accessories: International Shipping Available],[Clothing, Shoes & Jewelry,C,Coclico],[Clothing, Shoes & Jewelry,Comfort Shoes],[Clothing, Shoes & Jewelry,Women,Shoes,Sandals],[Clothing, Shoes & Jewelry,Designer Shoes & Handbags],[Clothing, Shoes & Jewelry,Women's Luxury Brands]]"
4396,237439,Simple Collection Honey Amber Sterling Silver Small Oval Pendant Rolo Chain 18 Inches,"[[Clothing, Shoes & Jewelry,Antique & Estate Jewelry,Contemporary,Necklaces & Pendants],[Clothing, Shoes & Jewelry,Women,Jewelry,Fashion,Necklaces,Pendants],[Clothing, Shoes & Jewelry,Novelty, Costumes & More,Novelty]]"
4397,237443,Pearlz Ocean Picasso Jasper Journey Bracelet with Sterling Silver Clasp,"[[Clothing, Shoes & Jewelry,Gemstones],[Clothing, Shoes & Jewelry,Women,Jewelry,Fashion,Bracelets,Strand],[Clothing, Shoes & Jewelry,Novelty, Costumes & More,Novelty]]"
4398,237448,Pair Hematite Double Flared Stone Plugs 10mm 00 Gauge,"[[Clothing, Shoes & Jewelry,Women],[Clothing, Shoes & Jewelry,Novelty, Costumes & More,Novelty,Jewelry],[Clothing, Shoes & Jewelry,Novelty, Costumes & More,Body Jewelry,Piercing Jewelry,Plugs]]"
4399,237454,Doublju Mens Collar &amp; Cuffs Pointed T-shirts,"[[Clothing, Shoes & Jewelry,Men,Clothing,Shirts,T-Shirts]]"
4400,237459,K Mega Jewelry 2 Tones Stainless Steel Gold Silver Colour Matted Hoop Mens Earrings,"[[Clothing, Shoes & Jewelry,Jewelry Outlet],[Clothing, Shoes & Jewelry,Men,Jewelry,Earrings],[Clothing, Shoes & Jewelry,Novelty, Costumes & More,Novelty]]"
4401,237460,Tim Burton's Alice in Wonderland Cheshire Cat Necklace WDN0016 [Apparel],"[[Clothing, Shoes & Jewelry,Women],[Clothing, Shoes & Jewelry,Novelty, Costumes & More,Novelty,Jewelry,Necklaces & Pendants],[Clothing, Shoes & Jewelry,Novelty, Costumes & More,Band & Music Fan]]"
4402,237461,Wild Azalea Murano Glass and Solid 925 Sterling Silver Core Bead fits European Charm Bracelet,"[[Clothing, Shoes & Jewelry,Women],[Clothing, Shoes & Jewelry,Novelty, Costumes & More,Novelty,Jewelry,Charms]]"
4403,237464,Sterling Silver Stackable Ring in Bali Design,"[[Clothing, Shoes & Jewelry,Women,Jewelry,Fine,Rings,Stacking],[Clothing, Shoes & Jewelry,Novelty, Costumes & More,Novelty]]"
4404,237465,Icon Fashion Floral Print Scarf for Women Cute Winter Scarves,"[[Clothing, Shoes & Jewelry,Women,Accessories,Scarves & Wraps,Cold Weather Scarves & Wraps]]"
4405,237472,Wheel House Designs Pug Dog Blue Cotton Ladies (9-11) Socks,"[[Clothing, Shoes & Jewelry,Women,Clothing,Socks & Hosiery,Casual Socks]]"
4406,237473,"Basset Hound Dog Gray Cotton Ladies Socks, Adults 9-11","[[Pet Supplies,Dogs,Apparel & Accessories],[Clothing, Shoes & Jewelry,Women],[Clothing, Shoes & Jewelry,Novelty, Costumes & More,Novelty,Clothing,Women,Socks & Hosiery,Socks]]"
4407,237479,"Nicole Miller Girls 7-16  Sleeveless Crinkle Chiffon Dress with Cascade Ruffles, Fuchsia Purple, X-Large","[[Clothing, Shoes & Jewelry,Girls,Clothing,Dresses,Special Occasion]]"
4408,237480,"PUMA Girls 7-16 Allover Printed Woven Short, White, X-Large","[[Sports & Outdoors,Clothing,Women,Shorts],[Sports & Outdoors,Clothing,Girls,Shorts],[Clothing, Shoes & Jewelry,P,Puma],[Clothing, Shoes & Jewelry,Women],[Clothing, Shoes & Jewelry,Girls]]"
4409,237486,"Cadet FLEX Childs Rubber Boot, Black, 2","[[Sports & Outdoors,Equestrian Sports,Riding Boots],[Clothing, Shoes & Jewelry,Girls,Shoes,Athletic,Equestrian Sport Boots],[Clothing, Shoes & Jewelry,Boys,Shoes,Athletic,Equestrian Sport Boots]]"
4410,237488,Gold plated Necklace. Chunky Chain link with Crystal studded Infinity Symbol.,"[[Clothing, Shoes & Jewelry,Women,Jewelry,Religious,Necklaces & Pendants,Pendants],[Clothing, Shoes & Jewelry,Women,Jewelry,Religious,Necklaces & Pendants,Strands],[Clothing, Shoes & Jewelry,Novelty, Costumes & More,Novelty]]"
4411,237489,14K White Gold 4 mm Garnet Square Stud Earrings 1/2 cttw January Birthstone,"[[Clothing, Shoes & Jewelry,Gemstones],[Clothing, Shoes & Jewelry,Women,Jewelry,Fine,Earrings,Stud],[Clothing, Shoes & Jewelry,Novelty, Costumes & More,Novelty]]"
4412,237490,14K White Gold 4 mm Garnet Stud Earrings 1/2 cttw January Birthstone,"[[Clothing, Shoes & Jewelry,Gemstones],[Clothing, Shoes & Jewelry,Women,Jewelry,Fine,Earrings,Stud],[Clothing, Shoes & Jewelry,Novelty, Costumes & More,Novelty]]"
4413,237491,925 Sterling Silver 4mm Natural Purple Amethyst Ball Stud Post Earrings,"[[Clothing, Shoes & Jewelry,Gemstones],[Clothing, Shoes & Jewelry,Women],[Clothing, Shoes & Jewelry,Novelty, Costumes & More,Novelty,Jewelry,Earrings]]"
4414,237492,.925 Sterling Silver Rhodium Plated 3mm Diameter Onyx Stud earrings with Screw-back for Children,"[[Clothing, Shoes & Jewelry,Girls],[Clothing, Shoes & Jewelry,Novelty, Costumes & More,Novelty]]"
4415,237498,Yazilind Jewelry Queen of Nightclub Dark Green Oval Rhinestone Hangle Black Tassels Chain Dangle Earrings,"[[Clothing, Shoes & Jewelry,Women],[Clothing, Shoes & Jewelry,Novelty, Costumes & More,Novelty,Jewelry,Earrings]]"
4416,237502,Natural Uniforms - Women's Mock Wrap/Flare Pant Medical Scrubs Set,"[[Clothing, Shoes & Jewelry,Women,Clothing],[Clothing, Shoes & Jewelry,Novelty, Costumes & More,Work Wear & Uniforms,Clothing,Medical,Women,Scrub Sets]]"
4417,237507,PrettyGuide Women's Shoulder Skull Button Military Double Breasted Big Hem Dress,"[[Clothing, Shoes & Jewelry,Women,Clothing,Dresses,Casual]]"
4418,237508,AxParis Women's Chiffon Sequin Waist Skater Dress,"[[Clothing, Shoes & Jewelry,Women,Clothing,Dresses,Night Out & Cocktail]]"
4419,237514,Dumb Ways To Die Characters Slim-Fit T-Shirt Size : Small,"[[Clothing, Shoes & Jewelry,Men,Clothing,Shirts,T-Shirts]]"
4420,237515,Red Hot Chili Peppers &quot;Asterisk Youth&quot; Logo Black T-Shirt New Kids Youth,"[[Clothing, Shoes & Jewelry,Boys,Clothing,Tops & Tees,Tees]]"
4421,237520,Mystic &amp; White Topaz 925 Sterling Silver Heart Filigree Band Ring SZ,"[[Clothing, Shoes & Jewelry,Novelty, Costumes & More,Novelty]]"
4422,237521,Sterling Silver Cz Infinity Promise Ring Sizes 5-9,"[[Clothing, Shoes & Jewelry,Novelty, Costumes & More,Novelty,Jewelry,Wedding & Engagement Rings,Promise Rings]]"
4423,237522,Sterling Silver Four-Prong Simulated Tanzanite Ring With Lab Created Blue Opals,"[[Clothing, Shoes & Jewelry,Novelty, Costumes & More,Novelty,Jewelry,Rings]]"
4424,237523,Lab Created White Opal Fashion .925 Sterling Silver Ring Sizes 5-9,"[[Clothing, Shoes & Jewelry,Novelty, Costumes & More,Novelty,Jewelry,Rings]]"
4425,237524,Sterling Silver Cubic Zirconia Infinity Ring,"[[Clothing, Shoes & Jewelry,Novelty, Costumes & More,Novelty,Jewelry,Rings]]"
4426,237525,"Tribal Print Pencil Skirt in Black, Large","[[Clothing, Shoes & Jewelry,Women,Clothing,Skirts,Casual]]"
4427,237527,Barbie Mariposa Fancy Slippers,"[[Clothing, Shoes & Jewelry,Novelty, Costumes & More,Costumes & Accessories,More Accessories,Kids & Baby]]"
4428,237532,"Rough Square Colorful Gemstone Necklace, Raw Natural Look","[[Clothing, Shoes & Jewelry,Women],[Clothing, Shoes & Jewelry,Novelty, Costumes & More,Novelty,Jewelry,Necklaces & Pendants]]"
4429,237535,Sorrelli &quot;Sweet Heart&quot; Shades of Pink Crystal Pave Heart Adjustable Ring,"[[Clothing, Shoes & Jewelry,Jewelry: International Shipping Available],[Clothing, Shoes & Jewelry,Shop by Designer],[Clothing, Shoes & Jewelry,Boutique Designer Jewelry],[Clothing, Shoes & Jewelry,Women,Jewelry,Fashion,Rings,Statement],[Clothing, Shoes & Jewelry,Novelty, Costumes & More,Novelty]]"
4430,237538,"DL1961 Women's Toni Cropped Jean in Rivington, Rivington, 29","[[Clothing, Shoes & Jewelry,Women,Clothing,Jeans],[Clothing, Shoes & Jewelry,Women's Luxury Brands]]"
4431,237540,DL1961 Women's Angel Skinny Ankle Jean in Iris,"[[Clothing, Shoes & Jewelry,Women,Clothing,Jeans],[Clothing, Shoes & Jewelry,Women,Petite,Jeans],[Clothing, Shoes & Jewelry,Women's Luxury Brands]]"
4432,237542,Chili Pepper Cufflinks,"[[Clothing, Shoes & Jewelry,Men,Jewelry,Cuff Links],[Clothing, Shoes & Jewelry,Novelty, Costumes & More,Novelty,Jewelry]]"
4433,237543,Red Skull Guns &amp; Roses Top Hat Pewter Cameo Cufflinks,"[[Clothing, Shoes & Jewelry,Men,Jewelry,Cuff Links],[Clothing, Shoes & Jewelry,Novelty, Costumes & More,Novelty,Jewelry],[Clothing, Shoes & Jewelry,Novelty, Costumes & More,Costumes & Accessories,Hats & Caps,Men]]"
4434,237552,Kariss Horizontal Lace Trim Chiffon Sleeveless Button Down Collared Trapeze Style Loose Fitting Blouse Coral Small,"[[Clothing, Shoes & Jewelry,Women,Clothing,Tops & Tees,Blouses & Button-Down Shirts],[Clothing, Shoes & Jewelry,Women,Petite,Tops & Tees,Blouses & Button-Down Shirts,Blouses]]"
4435,237567,Gregg Homme Kenya Thong (100104),"[[Clothing, Shoes & Jewelry,Men],[Clothing, Shoes & Jewelry,Novelty, Costumes & More,Exotic Apparel,Men,G-Strings & Thongs]]"
4436,237571,Kidteez Baby-Girls Despicable Me It's So Fluffy! One Piece,"[[Clothing, Shoes & Jewelry,Baby,Baby Girls],[Clothing, Shoes & Jewelry,Baby,Baby Boys],[Clothing, Shoes & Jewelry,Novelty, Costumes & More,Novelty,Clothing,Baby,Baby Girls,Bodysuits],[Clothing, Shoes & Jewelry,Novelty, Costumes & More,Novelty,Clothing,Baby,Baby Boys,Bodysuits]]"
4437,237572,"Leg Warmers, Lime and Green Polka Dots","[[Clothing, Shoes & Jewelry,Baby,Baby Girls,Accessories,Leg Warmers]]"
4438,237579,8 Pieces of Ladies Vintage Gold with Black Stoned Mesh Owl Head Pendant with a 28 Inch Link Chain Necklace &amp; Matching Stud Earrings Jewelry Set,"[[Clothing, Shoes & Jewelry,Women],[Clothing, Shoes & Jewelry,Novelty, Costumes & More,Novelty,Jewelry]]"
4439,237580,Octopus Paul Blue Austrian Crystal Brooch Gold-Tone A07547-4,"[[Clothing, Shoes & Jewelry,Women],[Clothing, Shoes & Jewelry,Novelty, Costumes & More,Novelty,Jewelry,Brooches & Pins]]"
4440,237581,5.5 Inch Flower Bud Black Austrian Crystal Brooch,"[[Clothing, Shoes & Jewelry,Women],[Clothing, Shoes & Jewelry,Novelty, Costumes & More,Novelty,Jewelry,Brooches & Pins]]"
4441,237582,Gold-Tone 4 Inch Big Peacock Brooch Austrian Crystal Multicolor A06499-6,"[[Clothing, Shoes & Jewelry,Women,Jewelry,Fashion,Brooches & Pins],[Clothing, Shoes & Jewelry,Novelty, Costumes & More,Novelty]]"
4442,237583,Flower Teardrop Red Austrian Crystal Pendant Brooch,"[[Clothing, Shoes & Jewelry,Women],[Clothing, Shoes & Jewelry,Novelty, Costumes & More,Novelty,Jewelry,Brooches & Pins]]"
4443,237584,Vogue Flower Parrot Multicolor Austrian Crystal Enamel Brooch Pin A13625-10,"[[Clothing, Shoes & Jewelry,Women],[Clothing, Shoes & Jewelry,Novelty, Costumes & More,Novelty,Jewelry,Brooches & Pins]]"
4444,237585,Gold -Tone Flower Teardrop Brooch Green Austrian Crystal Pendant,"[[Clothing, Shoes & Jewelry,Women],[Clothing, Shoes & Jewelry,Novelty, Costumes & More,Novelty,Jewelry,Brooches & Pins]]"
4445,237586,Gold-Tone Pond Frog Lotus Brooch Brown w/ Green Austrian Crystal A09509-1,"[[Clothing, Shoes & Jewelry,Women,Jewelry,Fashion,Brooches & Pins],[Clothing, Shoes & Jewelry,Women,Jewelry,Religious,Brooches & Pins],[Clothing, Shoes & Jewelry,Novelty, Costumes & More,Novelty]]"
4446,237587,Gold-Tone Elephant Teardrop Brooch Austrian Crystal Pink N01677-2,"[[Clothing, Shoes & Jewelry,Women],[Clothing, Shoes & Jewelry,Novelty, Costumes & More,Novelty,Jewelry,Brooches & Pins]]"
4447,237588,YouYouPifa New Hours Luxury Style 2 Dial Stainless Steel Case Leather strap Quartz Watch (White),"[[Clothing, Shoes & Jewelry,Women],[Clothing, Shoes & Jewelry,Men]]"
4448,237589,Youyoupifa Rubber Strap Creative LED Wrist Watch (White),"[[Clothing, Shoes & Jewelry,Women],[Clothing, Shoes & Jewelry,Men]]"
4449,237592,Buffalo Boys 8-20 Nibam,"[[Clothing, Shoes & Jewelry,Boys,Clothing,Tops & Tees,Tees]]"
4450,237593,Quiksilver Kids Expiration Date Tee Shirt for Boys (8-20 Years),"[[Clothing, Shoes & Jewelry,Q,Quiksilver],[Clothing, Shoes & Jewelry,Boys],[Clothing, Shoes & Jewelry,Novelty, Costumes & More,Novelty,Clothing,Boys,Tops & Tees,T-Shirts]]"
4451,237595,Pair Aqua Glitter Pyrex Glass Drop 4g 4 gauge 5mm,"[[Clothing, Shoes & Jewelry,Women],[Clothing, Shoes & Jewelry,Novelty, Costumes & More,Novelty,Jewelry],[Clothing, Shoes & Jewelry,Novelty, Costumes & More,Body Jewelry,Piercing Jewelry,Plugs]]"
4452,237597,JBlue Jewelry Men's Large Heavy Stainless Steel Pendant Necklace Silver Gold Greek Cross Cable Vintage Polished-with 23 inch Chain (with Gift Bag),"[[Clothing, Shoes & Jewelry,Men,Jewelry,Necklaces],[Clothing, Shoes & Jewelry,Novelty, Costumes & More,Novelty]]"
4453,237599,Stainless Steel Silver-Tone Mens Religious Cross Link Chain Bracelet with Clasp,"[[Clothing, Shoes & Jewelry,Men],[Clothing, Shoes & Jewelry,Novelty, Costumes & More,Novelty,Jewelry,Bracelets]]"
4454,237601,Sterling Silver Gold Gilded Hand Engraved Egg Necklace Pendant Egg Sterling Silver Chain 18&quot; Easter Gift,"[[Clothing, Shoes & Jewelry,Women],[Clothing, Shoes & Jewelry,Novelty, Costumes & More,Novelty]]"
4455,237602,"Sanctuary Clothing Buddha Tee, White Gold, Large","[[Clothing, Shoes & Jewelry,Women,Clothing,Tops & Tees,Knits & Tees]]"
4456,237603,"Women's Sheer Jersey Long Sleeve V-Neck Tee, Black, Small","[[Clothing, Shoes & Jewelry,Women,Clothing,Tops & Tees,Knits & Tees],[Clothing, Shoes & Jewelry,Women,Petite,Tops & Tees,Knits & Tees],[Clothing, Shoes & Jewelry,Novelty, Costumes & More,Band & Music Fan,T-Shirts]]"
4457,237606,Bronze Stone Egyptian Scarab Pendant Necklace,"[[Clothing, Shoes & Jewelry,Women,Jewelry,Fashion,Necklaces,Pendants],[Clothing, Shoes & Jewelry,Women,Jewelry,Religious,Necklaces & Pendants,Pendants],[Clothing, Shoes & Jewelry,Novelty, Costumes & More,Novelty]]"
4458,237607,Nine West Vintage America Silver Ox Trio Earrings Set,"[[Clothing, Shoes & Jewelry,Jewelry: International Shipping Available],[Clothing, Shoes & Jewelry,Shop by Designer],[Clothing, Shoes & Jewelry,Women,Jewelry,Fashion,Earrings,Stud],[Clothing, Shoes & Jewelry,Novelty, Costumes & More,Novelty]]"
4459,237611,Hemalyke Gothic Cross Choker Necklace,"[[Clothing, Shoes & Jewelry,Women],[Clothing, Shoes & Jewelry,Novelty, Costumes & More,Novelty,Jewelry,Necklaces & Pendants]]"
4460,237613,Hemalyke Crucifix Cross Choker Necklace,"[[Clothing, Shoes & Jewelry,Women],[Clothing, Shoes & Jewelry,Novelty, Costumes & More,Novelty,Jewelry,Necklaces & Pendants]]"
4461,237616,Handcrafted Black Shell Oriental Choker Necklace,"[[Clothing, Shoes & Jewelry,Women],[Clothing, Shoes & Jewelry,Novelty, Costumes & More,Novelty,Jewelry,Necklaces & Pendants]]"
4462,237617,Handcrafted Gothic Cross Hammershell Choker Necklace,"[[Clothing, Shoes & Jewelry,Women],[Clothing, Shoes & Jewelry,Novelty, Costumes & More,Novelty,Jewelry,Necklaces & Pendants]]"
4463,237618,Handcrafted Blue Flower Hammershell Choker Necklace,"[[Clothing, Shoes & Jewelry,Women],[Clothing, Shoes & Jewelry,Novelty, Costumes & More,Novelty,Jewelry,Necklaces & Pendants]]"
4464,237620,"AME Sleepwear Boys Angry Birds Sling Shot, Black/Red, 6","[[Clothing, Shoes & Jewelry,Boys,Clothing,Sleepwear & Robes,Pajama Sets]]"
4465,237622,JanSport Right Pack- Originals - Yarn Dyed (Limited Time Offer) - Black/White Gingham,"[[Clothing, Shoes & Jewelry,Luggage & Travel Gear,Backpacks,Casual Daypacks]]"
4466,237624,LIOR - box Sterling Silver chain 925 -,"[[Clothing, Shoes & Jewelry,Women,Jewelry,Fine,Necklaces,Chains],[Clothing, Shoes & Jewelry,Novelty, Costumes & More,Novelty]]"
4467,237625,0.6mm 14K Rose Gold Classic Box Chain,"[[Clothing, Shoes & Jewelry,Women,Jewelry,Fine,Necklaces,Chains],[Clothing, Shoes & Jewelry,Novelty, Costumes & More,Novelty]]"
4468,237626,Sterling Silver Family Necklace Mother Father and Child 18&quot; Italian Chain - GIFT BOXED,"[[Clothing, Shoes & Jewelry,Heart-Shaped Jewelry],[Clothing, Shoes & Jewelry,Girls],[Clothing, Shoes & Jewelry,Boys],[Clothing, Shoes & Jewelry,Novelty, Costumes & More,Novelty,Jewelry,Necklaces & Pendants]]"
4469,237627,Amulet Crown Bail White New Jade Crystal Point Natural Energy Evil Eye Protection Powers Pendant on 22&quot; Stainless Steel Necklace,"[[Clothing, Shoes & Jewelry,Gemstones],[Clothing, Shoes & Jewelry,Women,Jewelry,Fashion,Necklaces,Pendants],[Clothing, Shoes & Jewelry,Novelty, Costumes & More,Novelty]]"
4470,237629,Women's Sheer Firm Support Knee Highs,"[[Clothing, Shoes & Jewelry,Women,Clothing,Socks & Hosiery,Hosiery],[Clothing, Shoes & Jewelry,Women,Petite,Socks & Hosiery,Hosiery]]"
4471,237630,Womens Mikarose Mustard Lace Shoulders Top Short Sleeve - Sizes XS-2XL (0-20),"[[Clothing, Shoes & Jewelry,Women,Clothing,Tops & Tees,Blouses & Button-Down Shirts]]"
4472,237635,SCJ Sterling Silver Charm Pendant Wishbone with Four Leaf Clover,"[[Clothing, Shoes & Jewelry,Women,Jewelry,Religious,Necklaces & Pendants],[Clothing, Shoes & Jewelry,Novelty, Costumes & More,Novelty]]"
4473,237637,Pewter Large Monarch Pin,"[[Clothing, Shoes & Jewelry,Women],[Clothing, Shoes & Jewelry,Novelty, Costumes & More,Novelty,Jewelry,Brooches & Pins]]"
4474,237638,Gold Coin Medallion Necklace,"[[Clothing, Shoes & Jewelry,Novelty, Costumes & More,Novelty,Jewelry,Necklaces & Pendants]]"
4475,237640,"Wrangler Women's Rock 47 Ultra Low Rise Southwest Color Belt Bootcut Jean, Southwest Color Belt, 11X34","[[Clothing, Shoes & Jewelry,Women,Clothing,Jeans]]"
4476,237641,"DKNY Jeans Women's Double Layer Drape Front, Noir, Medium","[[Clothing, Shoes & Jewelry,Women,Clothing,Tops & Tees,Tanks & Camis]]"
4477,237642,Habitual Denim Women's Alice Skinny Signature Jean in Python/Dark Taupe,"[[Clothing, Shoes & Jewelry,Women,Clothing,Jeans],[Clothing, Shoes & Jewelry,Women's Luxury Brands]]"
4478,237646,"UV Acrylic Plug (Red,Neon Green,Black) Set - 0G - Sold as 3 Pairs","[[Clothing, Shoes & Jewelry,Women],[Clothing, Shoes & Jewelry,Novelty, Costumes & More,Novelty,Jewelry],[Clothing, Shoes & Jewelry,Novelty, Costumes & More,Body Jewelry,Piercing Jewelry,Plugs]]"
4479,237648,1 Pair of 0 Gauge (0G - 8mm) Single Flared Cross Plugs / Ear Gauges,"[[Clothing, Shoes & Jewelry,Women],[Clothing, Shoes & Jewelry,Novelty, Costumes & More,Novelty,Jewelry],[Clothing, Shoes & Jewelry,Novelty, Costumes & More,Body Jewelry,Piercing Jewelry,Plugs]]"
4480,237651,Classic Gunmetal Color 10mm Faux Pearl Stud Earrings (Silver),"[[Clothing, Shoes & Jewelry,Women],[Clothing, Shoes & Jewelry,Novelty, Costumes & More,Novelty,Jewelry,Earrings]]"
4481,237654,Supermarine Spitfire Aeroplane Cufflinks - WW2,"[[Clothing, Shoes & Jewelry,Men,Jewelry,Cuff Links],[Clothing, Shoes & Jewelry,Novelty, Costumes & More,Novelty]]"
4482,237655,Double Sided Spitfire Cufflinks,"[[Clothing, Shoes & Jewelry,Men,Jewelry,Cuff Links],[Clothing, Shoes & Jewelry,Novelty, Costumes & More,Novelty]]"
4483,237656,"Red, White, &amp; Blue Sailboat Cufflinks with Gift Box","[[Clothing, Shoes & Jewelry,Men,Jewelry,Cuff Links],[Clothing, Shoes & Jewelry,Novelty, Costumes & More,Novelty]]"
4484,237658,Cowgirl Bootie,"[[Clothing, Shoes & Jewelry,Women,Shoes,Boots]]"
4485,237659,Le Donne Leather Cross Body Town Bag,"[[Clothing, Shoes & Jewelry,Luggage & Travel Gear,Messenger Bags]]"
4486,237660,Le Donne Leather L-Zip Crossbody,"[[Clothing, Shoes & Jewelry,Women,Handbags & Wallets,Cross-Body Bags]]"
